request_id,client_id,tenant_id,slo_class,session_id,round_index,prefix_group,prefix_length,streaming,input_tokens,output_tokens,text_tokens,image_tokens,audio_tokens,video_tokens,reason_ratio,model,deadline_us,server_input_tokens,arrival_time_us,send_time_us,first_chunk_time_us,last_chunk_time_us,num_chunks,status,error_message,finish_reason
0,,,,alecthomas__voluptuous.a7a55f83.func_pm_op_swap__ik9k7pih.zlr2c8bz,0,alecthomas__voluptuous.a7a55f83.func_pm_op_swap__ik9k7pih.zlr2c8bz,978,true,608,101,0,0,0,0,0,,0,0,0,0,0,0,0,ok,,
1,,,,alecthomas__voluptuous.a7a55f83.func_pm_op_swap__ik9k7pih.zlr2c8bz,1,alecthomas__voluptuous.a7a55f83.func_pm_op_swap__ik9k7pih.zlr2c8bz,1687,true,76,54,0,0,0,0,0,,0,0,30000000,30000000,0,0,0,ok,,
2,,,,alecthomas__voluptuous.a7a55f83.func_pm_op_swap__ik9k7pih.zlr2c8bz,2,alecthomas__voluptuous.a7a55f83.func_pm_op_swap__ik9k7pih.zlr2c8bz,1818,true,756,66,0,0,0,0,0,,0,0,60000000,60000000,0,0,0,ok,,
3,,,,alecthomas__voluptuous.a7a55f83.func_pm_op_swap__ik9k7pih.zlr2c8bz,3,alecthomas__voluptuous.a7a55f83.func_pm_op_swap__ik9k7pih.zlr2c8bz,2641,true,4270,42,0,0,0,0,0,,0,0,90000000,90000000,0,0,0,ok,,
4,,,,alecthomas__voluptuous.a7a55f83.func_pm_op_swap__ik9k7pih.zlr2c8bz,4,alecthomas__voluptuous.a7a55f83.func_pm_op_swap__ik9k7pih.zlr2c8bz,6953,true,9,60,0,0,0,0,0,,0,0,120000000,120000000,0,0,0,ok,,
5,,,,alecthomas__voluptuous.a7a55f83.func_pm_op_swap__ik9k7pih.zlr2c8bz,5,alecthomas__voluptuous.a7a55f83.func_pm_op_swap__ik9k7pih.zlr2c8bz,7023,true,576,57,0,0,0,0,0,,0,0,150000000,150000000,0,0,0,ok,,
6,,,,alecthomas__voluptuous.a7a55f83.func_pm_op_swap__ik9k7pih.zlr2c8bz,6,alecthomas__voluptuous.a7a55f83.func_pm_op_swap__ik9k7pih.zlr2c8bz,7657,true,610,323,0,0,0,0,0,,0,0,180000000,180000000,0,0,0,ok,,
7,,,,alecthomas__voluptuous.a7a55f83.func_pm_op_swap__ik9k7pih.zlr2c8bz,7,alecthomas__voluptuous.a7a55f83.func_pm_op_swap__ik9k7pih.zlr2c8bz,8590,true,17,35,0,0,0,0,0,,0,0,210000000,210000000,0,0,0,ok,,
8,,,,alecthomas__voluptuous.a7a55f83.func_pm_op_swap__ik9k7pih.zlr2c8bz,8,alecthomas__voluptuous.a7a55f83.func_pm_op_swap__ik9k7pih.zlr2c8bz,8643,true,38,443,0,0,0,0,0,,0,0,240000000,240000000,0,0,0,ok,,
9,,,,alecthomas__voluptuous.a7a55f83.func_pm_op_swap__ik9k7pih.zlr2c8bz,9,alecthomas__voluptuous.a7a55f83.func_pm_op_swap__ik9k7pih.zlr2c8bz,9125,true,353,40,0,0,0,0,0,,0,0,270000000,270000000,0,0,0,ok,,
10,,,,alecthomas__voluptuous.a7a55f83.func_pm_op_swap__ik9k7pih.zlr2c8bz,10,alecthomas__voluptuous.a7a55f83.func_pm_op_swap__ik9k7pih.zlr2c8bz,9519,true,55,312,0,0,0,0,0,,0,0,300000000,300000000,0,0,0,ok,,
11,,,,alecthomas__voluptuous.a7a55f83.func_pm_op_swap__ik9k7pih.zlr2c8bz,11,alecthomas__voluptuous.a7a55f83.func_pm_op_swap__ik9k7pih.zlr2c8bz,9887,true,220,612,0,0,0,0,0,,0,0,330000000,330000000,0,0,0,ok,,
12,,,,alecthomas__voluptuous.a7a55f83.func_pm_op_swap__ik9k7pih.zlr2c8bz,12,alecthomas__voluptuous.a7a55f83.func_pm_op_swap__ik9k7pih.zlr2c8bz,10719,true,17,32,0,0,0,0,0,,0,0,360000000,360000000,0,0,0,ok,,
13,,,,alecthomas__voluptuous.a7a55f83.func_pm_op_swap__ik9k7pih.zlr2c8bz,13,alecthomas__voluptuous.a7a55f83.func_pm_op_swap__ik9k7pih.zlr2c8bz,10769,true,288,125,0,0,0,0,0,,0,0,390000000,390000000,0,0,0,ok,,
14,,,,alecthomas__voluptuous.a7a55f83.func_pm_op_swap__ik9k7pih.zlr2c8bz,14,alecthomas__voluptuous.a7a55f83.func_pm_op_swap__ik9k7pih.zlr2c8bz,11182,true,211,219,0,0,0,0,0,,0,0,420000000,420000000,0,0,0,ok,,
15,,,,alecthomas__voluptuous.a7a55f83.func_pm_op_swap__ik9k7pih.zlr2c8bz,15,alecthomas__voluptuous.a7a55f83.func_pm_op_swap__ik9k7pih.zlr2c8bz,11614,true,185,31,0,0,0,0,0,,0,0,450000000,450000000,0,0,0,ok,,
16,,,,alecthomas__voluptuous.a7a55f83.func_pm_op_swap__ik9k7pih.zlr2c8bz,16,alecthomas__voluptuous.a7a55f83.func_pm_op_swap__ik9k7pih.zlr2c8bz,11830,true,310,56,0,0,0,0,0,,0,0,480000000,480000000,0,0,0,ok,,
17,,,,alecthomas__voluptuous.a7a55f83.func_pm_op_swap__ik9k7pih.zlr2c8bz,17,alecthomas__voluptuous.a7a55f83.func_pm_op_swap__ik9k7pih.zlr2c8bz,12197,true,55,226,0,0,0,0,0,,0,0,510000000,510000000,0,0,0,ok,,
18,,,,alecthomas__voluptuous.a7a55f83.func_pm_op_swap__ik9k7pih.zlr2c8bz,18,alecthomas__voluptuous.a7a55f83.func_pm_op_swap__ik9k7pih.zlr2c8bz,12478,true,1347,39,0,0,0,0,0,,0,0,540000000,540000000,0,0,0,ok,,
19,,,,alecthomas__voluptuous.a7a55f83.func_pm_op_swap__ik9k7pih.zlr2c8bz,19,alecthomas__voluptuous.a7a55f83.func_pm_op_swap__ik9k7pih.zlr2c8bz,13865,true,15,13,0,0,0,0,0,,0,0,570000000,570000000,0,0,0,ok,,
20,,,,marshmallow-code__apispec.8b421526.lm_rewrite__lbt9ngyl.j8q4nrht,0,marshmallow-code__apispec.8b421526.lm_rewrite__lbt9ngyl.j8q4nrht,978,true,691,112,0,0,0,0,0,,0,0,0,0,0,0,0,ok,,
21,,,,marshmallow-code__apispec.8b421526.lm_rewrite__lbt9ngyl.j8q4nrht,1,marshmallow-code__apispec.8b421526.lm_rewrite__lbt9ngyl.j8q4nrht,1782,true,228,104,0,0,0,0,0,,0,0,30000000,30000000,0,0,0,ok,,
22,,,,marshmallow-code__apispec.8b421526.lm_rewrite__lbt9ngyl.j8q4nrht,2,marshmallow-code__apispec.8b421526.lm_rewrite__lbt9ngyl.j8q4nrht,2115,true,1727,80,0,0,0,0,0,,0,0,60000000,60000000,0,0,0,ok,,
23,,,,marshmallow-code__apispec.8b421526.lm_rewrite__lbt9ngyl.j8q4nrht,3,marshmallow-code__apispec.8b421526.lm_rewrite__lbt9ngyl.j8q4nrht,3922,true,147,69,0,0,0,0,0,,0,0,90000000,90000000,0,0,0,ok,,
24,,,,marshmallow-code__apispec.8b421526.lm_rewrite__lbt9ngyl.j8q4nrht,4,marshmallow-code__apispec.8b421526.lm_rewrite__lbt9ngyl.j8q4nrht,4138,true,150,63,0,0,0,0,0,,0,0,120000000,120000000,0,0,0,ok,,
25,,,,marshmallow-code__apispec.8b421526.lm_rewrite__lbt9ngyl.j8q4nrht,5,marshmallow-code__apispec.8b421526.lm_rewrite__lbt9ngyl.j8q4nrht,4352,true,447,60,0,0,0,0,0,,0,0,150000000,150000000,0,0,0,ok,,
26,,,,marshmallow-code__apispec.8b421526.lm_rewrite__lbt9ngyl.j8q4nrht,6,marshmallow-code__apispec.8b421526.lm_rewrite__lbt9ngyl.j8q4nrht,4860,true,2767,60,0,0,0,0,0,,0,0,180000000,180000000,0,0,0,ok,,
27,,,,marshmallow-code__apispec.8b421526.lm_rewrite__lbt9ngyl.j8q4nrht,7,marshmallow-code__apispec.8b421526.lm_rewrite__lbt9ngyl.j8q4nrht,7687,true,516,65,0,0,0,0,0,,0,0,210000000,210000000,0,0,0,ok,,
28,,,,marshmallow-code__apispec.8b421526.lm_rewrite__lbt9ngyl.j8q4nrht,8,marshmallow-code__apispec.8b421526.lm_rewrite__lbt9ngyl.j8q4nrht,8269,true,644,187,0,0,0,0,0,,0,0,240000000,240000000,0,0,0,ok,,
29,,,,marshmallow-code__apispec.8b421526.lm_rewrite__lbt9ngyl.j8q4nrht,9,marshmallow-code__apispec.8b421526.lm_rewrite__lbt9ngyl.j8q4nrht,9101,true,17,35,0,0,0,0,0,,0,0,270000000,270000000,0,0,0,ok,,
30,,,,marshmallow-code__apispec.8b421526.lm_rewrite__lbt9ngyl.j8q4nrht,10,marshmallow-code__apispec.8b421526.lm_rewrite__lbt9ngyl.j8q4nrht,9154,true,63,376,0,0,0,0,0,,0,0,300000000,300000000,0,0,0,ok,,
31,,,,marshmallow-code__apispec.8b421526.lm_rewrite__lbt9ngyl.j8q4nrht,11,marshmallow-code__apispec.8b421526.lm_rewrite__lbt9ngyl.j8q4nrht,9594,true,288,70,0,0,0,0,0,,0,0,330000000,330000000,0,0,0,ok,,
32,,,,marshmallow-code__apispec.8b421526.lm_rewrite__lbt9ngyl.j8q4nrht,12,marshmallow-code__apispec.8b421526.lm_rewrite__lbt9ngyl.j8q4nrht,9952,true,58,189,0,0,0,0,0,,0,0,360000000,360000000,0,0,0,ok,,
33,,,,marshmallow-code__apispec.8b421526.lm_rewrite__lbt9ngyl.j8q4nrht,13,marshmallow-code__apispec.8b421526.lm_rewrite__lbt9ngyl.j8q4nrht,10200,true,17,24,0,0,0,0,0,,0,0,390000000,390000000,0,0,0,ok,,
34,,,,marshmallow-code__apispec.8b421526.lm_rewrite__lbt9ngyl.j8q4nrht,14,marshmallow-code__apispec.8b421526.lm_rewrite__lbt9ngyl.j8q4nrht,10243,true,67,250,0,0,0,0,0,,0,0,420000000,420000000,0,0,0,ok,,
35,,,,marshmallow-code__apispec.8b421526.lm_rewrite__lbt9ngyl.j8q4nrht,15,marshmallow-code__apispec.8b421526.lm_rewrite__lbt9ngyl.j8q4nrht,10560,true,17,25,0,0,0,0,0,,0,0,450000000,450000000,0,0,0,ok,,
36,,,,marshmallow-code__apispec.8b421526.lm_rewrite__lbt9ngyl.j8q4nrht,16,marshmallow-code__apispec.8b421526.lm_rewrite__lbt9ngyl.j8q4nrht,10603,true,67,333,0,0,0,0,0,,0,0,480000000,480000000,0,0,0,ok,,
37,,,,marshmallow-code__apispec.8b421526.lm_rewrite__lbt9ngyl.j8q4nrht,17,marshmallow-code__apispec.8b421526.lm_rewrite__lbt9ngyl.j8q4nrht,11004,true,19,27,0,0,0,0,0,,0,0,510000000,510000000,0,0,0,ok,,
38,,,,marshmallow-code__apispec.8b421526.lm_rewrite__lbt9ngyl.j8q4nrht,18,marshmallow-code__apispec.8b421526.lm_rewrite__lbt9ngyl.j8q4nrht,11050,true,102,135,0,0,0,0,0,,0,0,540000000,540000000,0,0,0,ok,,
39,,,,marshmallow-code__apispec.8b421526.lm_rewrite__lbt9ngyl.j8q4nrht,19,marshmallow-code__apispec.8b421526.lm_rewrite__lbt9ngyl.j8q4nrht,11288,true,438,813,0,0,0,0,0,,0,0,570000000,570000000,0,0,0,ok,,
40,,,,marshmallow-code__apispec.8b421526.lm_rewrite__lbt9ngyl.j8q4nrht,20,marshmallow-code__apispec.8b421526.lm_rewrite__lbt9ngyl.j8q4nrht,12539,true,611,45,0,0,0,0,0,,0,0,600000000,600000000,0,0,0,ok,,
41,,,,marshmallow-code__apispec.8b421526.lm_rewrite__lbt9ngyl.j8q4nrht,21,marshmallow-code__apispec.8b421526.lm_rewrite__lbt9ngyl.j8q4nrht,13196,true,92,85,0,0,0,0,0,,0,0,630000000,630000000,0,0,0,ok,,
42,,,,marshmallow-code__apispec.8b421526.lm_rewrite__lbt9ngyl.j8q4nrht,22,marshmallow-code__apispec.8b421526.lm_rewrite__lbt9ngyl.j8q4nrht,13374,true,58,145,0,0,0,0,0,,0,0,660000000,660000000,0,0,0,ok,,
43,,,,marshmallow-code__apispec.8b421526.lm_rewrite__lbt9ngyl.j8q4nrht,23,marshmallow-code__apispec.8b421526.lm_rewrite__lbt9ngyl.j8q4nrht,13578,true,1296,56,0,0,0,0,0,,0,0,690000000,690000000,0,0,0,ok,,
44,,,,marshmallow-code__apispec.8b421526.lm_rewrite__lbt9ngyl.j8q4nrht,24,marshmallow-code__apispec.8b421526.lm_rewrite__lbt9ngyl.j8q4nrht,14931,true,15,16,0,0,0,0,0,,0,0,720000000,720000000,0,0,0,ok,,
45,,,,weaveworks__grafanalib.5c3b17ed.72.9fd7ja1z,0,weaveworks__grafanalib.5c3b17ed.72.9fd7ja1z,978,true,536,78,0,0,0,0,0,,0,0,0,0,0,0,0,ok,,
46,,,,weaveworks__grafanalib.5c3b17ed.72.9fd7ja1z,1,weaveworks__grafanalib.5c3b17ed.72.9fd7ja1z,1593,true,5117,48,0,0,0,0,0,,0,0,30000000,30000000,0,0,0,ok,,
47,,,,weaveworks__grafanalib.5c3b17ed.72.9fd7ja1z,2,weaveworks__grafanalib.5c3b17ed.72.9fd7ja1z,6758,true,11,56,0,0,0,0,0,,0,0,60000000,60000000,0,0,0,ok,,
48,,,,weaveworks__grafanalib.5c3b17ed.72.9fd7ja1z,3,weaveworks__grafanalib.5c3b17ed.72.9fd7ja1z,6825,true,193,377,0,0,0,0,0,,0,0,90000000,90000000,0,0,0,ok,,
49,,,,weaveworks__grafanalib.5c3b17ed.72.9fd7ja1z,4,weaveworks__grafanalib.5c3b17ed.72.9fd7ja1z,7397,true,16,30,0,0,0,0,0,,0,0,120000000,120000000,0,0,0,ok,,
50,,,,weaveworks__grafanalib.5c3b17ed.72.9fd7ja1z,5,weaveworks__grafanalib.5c3b17ed.72.9fd7ja1z,7443,true,15,158,0,0,0,0,0,,0,0,150000000,150000000,0,0,0,ok,,
51,,,,weaveworks__grafanalib.5c3b17ed.72.9fd7ja1z,6,weaveworks__grafanalib.5c3b17ed.72.9fd7ja1z,7617,true,125,108,0,0,0,0,0,,0,0,180000000,180000000,0,0,0,ok,,
52,,,,weaveworks__grafanalib.5c3b17ed.72.9fd7ja1z,7,weaveworks__grafanalib.5c3b17ed.72.9fd7ja1z,7850,true,118,40,0,0,0,0,0,,0,0,210000000,210000000,0,0,0,ok,,
53,,,,weaveworks__grafanalib.5c3b17ed.72.9fd7ja1z,8,weaveworks__grafanalib.5c3b17ed.72.9fd7ja1z,8009,true,15,133,0,0,0,0,0,,0,0,240000000,240000000,0,0,0,ok,,
54,,,,weaveworks__grafanalib.5c3b17ed.72.9fd7ja1z,9,weaveworks__grafanalib.5c3b17ed.72.9fd7ja1z,8157,true,53,52,0,0,0,0,0,,0,0,270000000,270000000,0,0,0,ok,,
55,,,,weaveworks__grafanalib.5c3b17ed.72.9fd7ja1z,10,weaveworks__grafanalib.5c3b17ed.72.9fd7ja1z,8262,true,5201,44,0,0,0,0,0,,0,0,300000000,300000000,0,0,0,ok,,
56,,,,weaveworks__grafanalib.5c3b17ed.72.9fd7ja1z,11,weaveworks__grafanalib.5c3b17ed.72.9fd7ja1z,13508,true,10,47,0,0,0,0,0,,0,0,330000000,330000000,0,0,0,ok,,
57,,,,weaveworks__grafanalib.5c3b17ed.72.9fd7ja1z,12,weaveworks__grafanalib.5c3b17ed.72.9fd7ja1z,13565,true,76,210,0,0,0,0,0,,0,0,360000000,360000000,0,0,0,ok,,
58,,,,weaveworks__grafanalib.5c3b17ed.72.9fd7ja1z,13,weaveworks__grafanalib.5c3b17ed.72.9fd7ja1z,13852,true,186,40,0,0,0,0,0,,0,0,390000000,390000000,0,0,0,ok,,
59,,,,weaveworks__grafanalib.5c3b17ed.72.9fd7ja1z,14,weaveworks__grafanalib.5c3b17ed.72.9fd7ja1z,14078,true,15,15,0,0,0,0,0,,0,0,420000000,420000000,0,0,0,ok,,
60,,,,tox-dev__pipdeptree.c31b6418.4.zxns78oz,0,tox-dev__pipdeptree.c31b6418.4.zxns78oz,978,true,673,81,0,0,0,0,0,,0,0,0,0,0,0,0,ok,,
61,,,,tox-dev__pipdeptree.c31b6418.4.zxns78oz,1,tox-dev__pipdeptree.c31b6418.4.zxns78oz,1732,true,196,75,0,0,0,0,0,,0,0,30000000,30000000,0,0,0,ok,,
62,,,,tox-dev__pipdeptree.c31b6418.4.zxns78oz,2,tox-dev__pipdeptree.c31b6418.4.zxns78oz,2004,true,2632,57,0,0,0,0,0,,0,0,60000000,60000000,0,0,0,ok,,
63,,,,tox-dev__pipdeptree.c31b6418.4.zxns78oz,3,tox-dev__pipdeptree.c31b6418.4.zxns78oz,4694,true,920,222,0,0,0,0,0,,0,0,90000000,90000000,0,0,0,ok,,
64,,,,tox-dev__pipdeptree.c31b6418.4.zxns78oz,4,tox-dev__pipdeptree.c31b6418.4.zxns78oz,5837,true,16,32,0,0,0,0,0,,0,0,120000000,120000000,0,0,0,ok,,
65,,,,tox-dev__pipdeptree.c31b6418.4.zxns78oz,5,tox-dev__pipdeptree.c31b6418.4.zxns78oz,5886,true,334,234,0,0,0,0,0,,0,0,150000000,150000000,0,0,0,ok,,
66,,,,tox-dev__pipdeptree.c31b6418.4.zxns78oz,6,tox-dev__pipdeptree.c31b6418.4.zxns78oz,6454,true,178,34,0,0,0,0,0,,0,0,180000000,180000000,0,0,0,ok,,
67,,,,tox-dev__pipdeptree.c31b6418.4.zxns78oz,7,tox-dev__pipdeptree.c31b6418.4.zxns78oz,6666,true,8,196,0,0,0,0,0,,0,0,210000000,210000000,0,0,0,ok,,
68,,,,tox-dev__pipdeptree.c31b6418.4.zxns78oz,8,tox-dev__pipdeptree.c31b6418.4.zxns78oz,6872,true,178,39,0,0,0,0,0,,0,0,240000000,240000000,0,0,0,ok,,
69,,,,tox-dev__pipdeptree.c31b6418.4.zxns78oz,9,tox-dev__pipdeptree.c31b6418.4.zxns78oz,7090,true,8,329,0,0,0,0,0,,0,0,270000000,270000000,0,0,0,ok,,
70,,,,un33k__python-slugify.872b3750.33.7zctgmw9,0,un33k__python-slugify.872b3750.33.7zctgmw9,978,true,623,59,0,0,0,0,0,,0,0,0,0,0,0,0,ok,,
71,,,,un33k__python-slugify.872b3750.33.7zctgmw9,1,un33k__python-slugify.872b3750.33.7zctgmw9,1660,true,176,49,0,0,0,0,0,,0,0,30000000,30000000,0,0,0,ok,,
72,,,,un33k__python-slugify.872b3750.33.7zctgmw9,2,un33k__python-slugify.872b3750.33.7zctgmw9,1887,true,124,45,0,0,0,0,0,,0,0,60000000,60000000,0,0,0,ok,,
73,,,,un33k__python-slugify.872b3750.33.7zctgmw9,3,un33k__python-slugify.872b3750.33.7zctgmw9,2057,true,4279,41,0,0,0,0,0,,0,0,90000000,90000000,0,0,0,ok,,
74,,,,un33k__python-slugify.872b3750.33.7zctgmw9,4,un33k__python-slugify.872b3750.33.7zctgmw9,6377,true,23,53,0,0,0,0,0,,0,0,120000000,120000000,0,0,0,ok,,
75,,,,un33k__python-slugify.872b3750.33.7zctgmw9,5,un33k__python-slugify.872b3750.33.7zctgmw9,6454,true,79,41,0,0,0,0,0,,0,0,150000000,150000000,0,0,0,ok,,
76,,,,un33k__python-slugify.872b3750.33.7zctgmw9,6,un33k__python-slugify.872b3750.33.7zctgmw9,6575,true,84,48,0,0,0,0,0,,0,0,180000000,180000000,0,0,0,ok,,
77,,,,un33k__python-slugify.872b3750.33.7zctgmw9,7,un33k__python-slugify.872b3750.33.7zctgmw9,6708,true,1542,107,0,0,0,0,0,,0,0,210000000,210000000,0,0,0,ok,,
78,,,,un33k__python-slugify.872b3750.33.7zctgmw9,8,un33k__python-slugify.872b3750.33.7zctgmw9,8358,true,16,27,0,0,0,0,0,,0,0,240000000,240000000,0,0,0,ok,,
79,,,,un33k__python-slugify.872b3750.33.7zctgmw9,9,un33k__python-slugify.872b3750.33.7zctgmw9,8401,true,18,214,0,0,0,0,0,,0,0,270000000,270000000,0,0,0,ok,,
80,,,,un33k__python-slugify.872b3750.33.7zctgmw9,10,un33k__python-slugify.872b3750.33.7zctgmw9,8634,true,153,28,0,0,0,0,0,,0,0,300000000,300000000,0,0,0,ok,,
81,,,,un33k__python-slugify.872b3750.33.7zctgmw9,11,un33k__python-slugify.872b3750.33.7zctgmw9,8815,true,46,281,0,0,0,0,0,,0,0,330000000,330000000,0,0,0,ok,,
82,,,,un33k__python-slugify.872b3750.33.7zctgmw9,12,un33k__python-slugify.872b3750.33.7zctgmw9,9144,true,16,31,0,0,0,0,0,,0,0,360000000,360000000,0,0,0,ok,,
83,,,,un33k__python-slugify.872b3750.33.7zctgmw9,13,un33k__python-slugify.872b3750.33.7zctgmw9,9191,true,15,13,0,0,0,0,0,,0,0,390000000,390000000,0,0,0,ok,,
84,,,,un33k__python-slugify.872b3750.33.7zctgmw9,14,un33k__python-slugify.872b3750.33.7zctgmw9,9219,true,437,82,0,0,0,0,0,,0,0,420000000,420000000,0,0,0,ok,,
85,,,,jd__tenacity.0d40e76f.pr_484.akdur6uf,0,jd__tenacity.0d40e76f.pr_484.akdur6uf,978,true,411,71,0,0,0,0,0,,0,0,0,0,0,0,0,ok,,
86,,,,jd__tenacity.0d40e76f.pr_484.akdur6uf,1,jd__tenacity.0d40e76f.pr_484.akdur6uf,1461,true,235,75,0,0,0,0,0,,0,0,30000000,30000000,0,0,0,ok,,
87,,,,jd__tenacity.0d40e76f.pr_484.akdur6uf,2,jd__tenacity.0d40e76f.pr_484.akdur6uf,1772,true,2832,33,0,0,0,0,0,,0,0,60000000,60000000,0,0,0,ok,,
88,,,,jd__tenacity.0d40e76f.pr_484.akdur6uf,3,jd__tenacity.0d40e76f.pr_484.akdur6uf,4639,true,4257,145,0,0,0,0,0,,0,0,90000000,90000000,0,0,0,ok,,
89,,,,jd__tenacity.0d40e76f.pr_484.akdur6uf,4,jd__tenacity.0d40e76f.pr_484.akdur6uf,9041,true,2502,232,0,0,0,0,0,,0,0,120000000,120000000,0,0,0,ok,,
90,,,,jd__tenacity.0d40e76f.pr_484.akdur6uf,5,jd__tenacity.0d40e76f.pr_484.akdur6uf,11776,true,16,30,0,0,0,0,0,,0,0,150000000,150000000,0,0,0,ok,,
91,,,,jd__tenacity.0d40e76f.pr_484.akdur6uf,6,jd__tenacity.0d40e76f.pr_484.akdur6uf,11822,true,31,128,0,0,0,0,0,,0,0,180000000,180000000,0,0,0,ok,,
92,,,,jd__tenacity.0d40e76f.pr_484.akdur6uf,7,jd__tenacity.0d40e76f.pr_484.akdur6uf,11982,true,102,340,0,0,0,0,0,,0,0,210000000,210000000,0,0,0,ok,,
93,,,,jd__tenacity.0d40e76f.pr_484.akdur6uf,8,jd__tenacity.0d40e76f.pr_484.akdur6uf,12424,true,309,601,0,0,0,0,0,,0,0,240000000,240000000,0,0,0,ok,,
94,,,,jd__tenacity.0d40e76f.pr_484.akdur6uf,9,jd__tenacity.0d40e76f.pr_484.akdur6uf,13335,true,439,884,0,0,0,0,0,,0,0,270000000,270000000,0,0,0,ok,,
95,,,,jd__tenacity.0d40e76f.pr_484.akdur6uf,10,jd__tenacity.0d40e76f.pr_484.akdur6uf,14659,true,635,242,0,0,0,0,0,,0,0,300000000,300000000,0,0,0,ok,,
96,,,,jd__tenacity.0d40e76f.pr_484.akdur6uf,11,jd__tenacity.0d40e76f.pr_484.akdur6uf,15536,true,15,26,0,0,0,0,0,,0,0,330000000,330000000,0,0,0,ok,,
97,,,,jd__tenacity.0d40e76f.pr_484.akdur6uf,12,jd__tenacity.0d40e76f.pr_484.akdur6uf,15579,true,44,37,0,0,0,0,0,,0,0,360000000,360000000,0,0,0,ok,,
98,,,,facebookresearch__hydra.0f03eb60.func_pm_remove_cond__u5bb7kvg.wmrhm9fb,0,facebookresearch__hydra.0f03eb60.func_pm_remove_cond__u5bb7kvg.wmrhm9fb,978,true,582,99,0,0,0,0,0,,0,0,0,0,0,0,0,ok,,
99,,,,facebookresearch__hydra.0f03eb60.func_pm_remove_cond__u5bb7kvg.wmrhm9fb,1,facebookresearch__hydra.0f03eb60.func_pm_remove_cond__u5bb7kvg.wmrhm9fb,1659,true,6926,106,0,0,0,0,0,,0,0,30000000,30000000,0,0,0,ok,,
100,,,,facebookresearch__hydra.0f03eb60.func_pm_remove_cond__u5bb7kvg.wmrhm9fb,2,facebookresearch__hydra.0f03eb60.func_pm_remove_cond__u5bb7kvg.wmrhm9fb,8692,true,122,54,0,0,0,0,0,,0,0,60000000,60000000,0,0,0,ok,,
101,,,,facebookresearch__hydra.0f03eb60.func_pm_remove_cond__u5bb7kvg.wmrhm9fb,3,facebookresearch__hydra.0f03eb60.func_pm_remove_cond__u5bb7kvg.wmrhm9fb,8870,true,10,42,0,0,0,0,0,,0,0,90000000,90000000,0,0,0,ok,,
102,,,,facebookresearch__hydra.0f03eb60.func_pm_remove_cond__u5bb7kvg.wmrhm9fb,4,facebookresearch__hydra.0f03eb60.func_pm_remove_cond__u5bb7kvg.wmrhm9fb,8922,true,3213,224,0,0,0,0,0,,0,0,120000000,120000000,0,0,0,ok,,
103,,,,facebookresearch__hydra.0f03eb60.func_pm_remove_cond__u5bb7kvg.wmrhm9fb,5,facebookresearch__hydra.0f03eb60.func_pm_remove_cond__u5bb7kvg.wmrhm9fb,12360,true,17,68,0,0,0,0,0,,0,0,150000000,150000000,0,0,0,ok,,
104,,,,facebookresearch__hydra.0f03eb60.func_pm_remove_cond__u5bb7kvg.wmrhm9fb,6,facebookresearch__hydra.0f03eb60.func_pm_remove_cond__u5bb7kvg.wmrhm9fb,12446,true,15,52,0,0,0,0,0,,0,0,180000000,180000000,0,0,0,ok,,
105,,,,facebookresearch__hydra.0f03eb60.func_pm_remove_cond__u5bb7kvg.wmrhm9fb,7,facebookresearch__hydra.0f03eb60.func_pm_remove_cond__u5bb7kvg.wmrhm9fb,12514,true,151,684,0,0,0,0,0,,0,0,210000000,210000000,0,0,0,ok,,
106,,,,facebookresearch__hydra.0f03eb60.func_pm_remove_cond__u5bb7kvg.wmrhm9fb,8,facebookresearch__hydra.0f03eb60.func_pm_remove_cond__u5bb7kvg.wmrhm9fb,13349,true,494,107,0,0,0,0,0,,0,0,240000000,240000000,0,0,0,ok,,
107,,,,facebookresearch__hydra.0f03eb60.func_pm_remove_cond__u5bb7kvg.wmrhm9fb,9,facebookresearch__hydra.0f03eb60.func_pm_remove_cond__u5bb7kvg.wmrhm9fb,13951,true,35,70,0,0,0,0,0,,0,0,270000000,270000000,0,0,0,ok,,
108,,,,facebookresearch__hydra.0f03eb60.func_pm_remove_cond__u5bb7kvg.wmrhm9fb,10,facebookresearch__hydra.0f03eb60.func_pm_remove_cond__u5bb7kvg.wmrhm9fb,14057,true,35,80,0,0,0,0,0,,0,0,300000000,300000000,0,0,0,ok,,
109,,,,facebookresearch__hydra.0f03eb60.func_pm_remove_cond__u5bb7kvg.wmrhm9fb,11,facebookresearch__hydra.0f03eb60.func_pm_remove_cond__u5bb7kvg.wmrhm9fb,14172,true,18,76,0,0,0,0,0,,0,0,330000000,330000000,0,0,0,ok,,
110,,,,facebookresearch__hydra.0f03eb60.func_pm_remove_cond__u5bb7kvg.wmrhm9fb,12,facebookresearch__hydra.0f03eb60.func_pm_remove_cond__u5bb7kvg.wmrhm9fb,14268,true,1070,74,0,0,0,0,0,,0,0,360000000,360000000,0,0,0,ok,,
111,,,,facebookresearch__hydra.0f03eb60.func_pm_remove_cond__u5bb7kvg.wmrhm9fb,13,facebookresearch__hydra.0f03eb60.func_pm_remove_cond__u5bb7kvg.wmrhm9fb,15412,true,18,81,0,0,0,0,0,,0,0,390000000,390000000,0,0,0,ok,,
112,,,,facebookresearch__hydra.0f03eb60.func_pm_remove_cond__u5bb7kvg.wmrhm9fb,14,facebookresearch__hydra.0f03eb60.func_pm_remove_cond__u5bb7kvg.wmrhm9fb,15512,true,1070,370,0,0,0,0,0,,0,0,420000000,420000000,0,0,0,ok,,
113,,,,facebookresearch__hydra.0f03eb60.func_pm_remove_cond__u5bb7kvg.wmrhm9fb,15,facebookresearch__hydra.0f03eb60.func_pm_remove_cond__u5bb7kvg.wmrhm9fb,16952,true,546,42,0,0,0,0,0,,0,0,450000000,450000000,0,0,0,ok,,
114,,,,facebookresearch__hydra.0f03eb60.func_pm_remove_cond__u5bb7kvg.wmrhm9fb,16,facebookresearch__hydra.0f03eb60.func_pm_remove_cond__u5bb7kvg.wmrhm9fb,17540,true,15,7,0,0,0,0,0,,0,0,480000000,480000000,0,0,0,ok,,
115,,,,paramiko__paramiko.23f92003.func_pm_ctrl_shuffle__4vo13hd4.6x6y4jjz,0,paramiko__paramiko.23f92003.func_pm_ctrl_shuffle__4vo13hd4.6x6y4jjz,978,true,621,113,0,0,0,0,0,,0,0,0,0,0,0,0,ok,,
116,,,,paramiko__paramiko.23f92003.func_pm_ctrl_shuffle__4vo13hd4.6x6y4jjz,1,paramiko__paramiko.23f92003.func_pm_ctrl_shuffle__4vo13hd4.6x6y4jjz,1712,true,661,78,0,0,0,0,0,,0,0,30000000,30000000,0,0,0,ok,,
117,,,,paramiko__paramiko.23f92003.func_pm_ctrl_shuffle__4vo13hd4.6x6y4jjz,2,paramiko__paramiko.23f92003.func_pm_ctrl_shuffle__4vo13hd4.6x6y4jjz,2452,true,3176,228,0,0,0,0,0,,0,0,60000000,60000000,0,0,0,ok,,
118,,,,paramiko__paramiko.23f92003.func_pm_ctrl_shuffle__4vo13hd4.6x6y4jjz,3,paramiko__paramiko.23f92003.func_pm_ctrl_shuffle__4vo13hd4.6x6y4jjz,5856,true,17,37,0,0,0,0,0,,0,0,90000000,90000000,0,0,0,ok,,
119,,,,paramiko__paramiko.23f92003.func_pm_ctrl_shuffle__4vo13hd4.6x6y4jjz,4,paramiko__paramiko.23f92003.func_pm_ctrl_shuffle__4vo13hd4.6x6y4jjz,5911,true,88,538,0,0,0,0,0,,0,0,120000000,120000000,0,0,0,ok,,
120,,,,paramiko__paramiko.23f92003.func_pm_ctrl_shuffle__4vo13hd4.6x6y4jjz,5,paramiko__paramiko.23f92003.func_pm_ctrl_shuffle__4vo13hd4.6x6y4jjz,6537,true,424,38,0,0,0,0,0,,0,0,150000000,150000000,0,0,0,ok,,
121,,,,paramiko__paramiko.23f92003.func_pm_ctrl_shuffle__4vo13hd4.6x6y4jjz,6,paramiko__paramiko.23f92003.func_pm_ctrl_shuffle__4vo13hd4.6x6y4jjz,6999,true,93,423,0,0,0,0,0,,0,0,180000000,180000000,0,0,0,ok,,
122,,,,paramiko__paramiko.23f92003.func_pm_ctrl_shuffle__4vo13hd4.6x6y4jjz,7,paramiko__paramiko.23f92003.func_pm_ctrl_shuffle__4vo13hd4.6x6y4jjz,7516,true,318,160,0,0,0,0,0,,0,0,210000000,210000000,0,0,0,ok,,
123,,,,paramiko__paramiko.23f92003.func_pm_ctrl_shuffle__4vo13hd4.6x6y4jjz,8,paramiko__paramiko.23f92003.func_pm_ctrl_shuffle__4vo13hd4.6x6y4jjz,7995,true,15,676,0,0,0,0,0,,0,0,240000000,240000000,0,0,0,ok,,
124,,,,paramiko__paramiko.23f92003.func_pm_ctrl_shuffle__4vo13hd4.6x6y4jjz,9,paramiko__paramiko.23f92003.func_pm_ctrl_shuffle__4vo13hd4.6x6y4jjz,8687,true,18,34,0,0,0,0,0,,0,0,270000000,270000000,0,0,0,ok,,
125,,,,paramiko__paramiko.23f92003.func_pm_ctrl_shuffle__4vo13hd4.6x6y4jjz,10,paramiko__paramiko.23f92003.func_pm_ctrl_shuffle__4vo13hd4.6x6y4jjz,8740,true,47,276,0,0,0,0,0,,0,0,300000000,300000000,0,0,0,ok,,
126,,,,paramiko__paramiko.23f92003.func_pm_ctrl_shuffle__4vo13hd4.6x6y4jjz,11,paramiko__paramiko.23f92003.func_pm_ctrl_shuffle__4vo13hd4.6x6y4jjz,9064,true,1317,42,0,0,0,0,0,,0,0,330000000,330000000,0,0,0,ok,,
127,,,,paramiko__paramiko.23f92003.func_pm_ctrl_shuffle__4vo13hd4.6x6y4jjz,12,paramiko__paramiko.23f92003.func_pm_ctrl_shuffle__4vo13hd4.6x6y4jjz,10424,true,15,7,0,0,0,0,0,,0,0,360000000,360000000,0,0,0,ok,,
128,,,,HIPS__autograd.ac044f0d.lm_rewrite__zmt92fhi.uatmi41d,0,HIPS__autograd.ac044f0d.lm_rewrite__zmt92fhi.uatmi41d,978,true,627,100,0,0,0,0,0,,0,0,0,0,0,0,0,ok,,
129,,,,HIPS__autograd.ac044f0d.lm_rewrite__zmt92fhi.uatmi41d,1,HIPS__autograd.ac044f0d.lm_rewrite__zmt92fhi.uatmi41d,1706,true,918,52,0,0,0,0,0,,0,0,30000000,30000000,0,0,0,ok,,
130,,,,HIPS__autograd.ac044f0d.lm_rewrite__zmt92fhi.uatmi41d,2,HIPS__autograd.ac044f0d.lm_rewrite__zmt92fhi.uatmi41d,2677,true,84,66,0,0,0,0,0,,0,0,60000000,60000000,0,0,0,ok,,
131,,,,HIPS__autograd.ac044f0d.lm_rewrite__zmt92fhi.uatmi41d,3,HIPS__autograd.ac044f0d.lm_rewrite__zmt92fhi.uatmi41d,2828,true,3585,134,0,0,0,0,0,,0,0,90000000,90000000,0,0,0,ok,,
132,,,,HIPS__autograd.ac044f0d.lm_rewrite__zmt92fhi.uatmi41d,4,HIPS__autograd.ac044f0d.lm_rewrite__zmt92fhi.uatmi41d,6547,true,133,213,0,0,0,0,0,,0,0,120000000,120000000,0,0,0,ok,,
133,,,,HIPS__autograd.ac044f0d.lm_rewrite__zmt92fhi.uatmi41d,5,HIPS__autograd.ac044f0d.lm_rewrite__zmt92fhi.uatmi41d,6894,true,17,35,0,0,0,0,0,,0,0,150000000,150000000,0,0,0,ok,,
134,,,,HIPS__autograd.ac044f0d.lm_rewrite__zmt92fhi.uatmi41d,6,HIPS__autograd.ac044f0d.lm_rewrite__zmt92fhi.uatmi41d,6947,true,57,110,0,0,0,0,0,,0,0,180000000,180000000,0,0,0,ok,,
135,,,,HIPS__autograd.ac044f0d.lm_rewrite__zmt92fhi.uatmi41d,7,HIPS__autograd.ac044f0d.lm_rewrite__zmt92fhi.uatmi41d,7114,true,94,32,0,0,0,0,0,,0,0,210000000,210000000,0,0,0,ok,,
136,,,,HIPS__autograd.ac044f0d.lm_rewrite__zmt92fhi.uatmi41d,8,HIPS__autograd.ac044f0d.lm_rewrite__zmt92fhi.uatmi41d,7241,true,17,501,0,0,0,0,0,,0,0,240000000,240000000,0,0,0,ok,,
137,,,,HIPS__autograd.ac044f0d.lm_rewrite__zmt92fhi.uatmi41d,9,HIPS__autograd.ac044f0d.lm_rewrite__zmt92fhi.uatmi41d,7760,true,253,256,0,0,0,0,0,,0,0,270000000,270000000,0,0,0,ok,,
138,,,,HIPS__autograd.ac044f0d.lm_rewrite__zmt92fhi.uatmi41d,10,HIPS__autograd.ac044f0d.lm_rewrite__zmt92fhi.uatmi41d,8270,true,201,53,0,0,0,0,0,,0,0,300000000,300000000,0,0,0,ok,,
139,,,,HIPS__autograd.ac044f0d.lm_rewrite__zmt92fhi.uatmi41d,11,HIPS__autograd.ac044f0d.lm_rewrite__zmt92fhi.uatmi41d,8525,true,13,640,0,0,0,0,0,,0,0,330000000,330000000,0,0,0,ok,,
140,,,,HIPS__autograd.ac044f0d.lm_rewrite__zmt92fhi.uatmi41d,12,HIPS__autograd.ac044f0d.lm_rewrite__zmt92fhi.uatmi41d,9178,true,17,32,0,0,0,0,0,,0,0,360000000,360000000,0,0,0,ok,,
141,,,,HIPS__autograd.ac044f0d.lm_rewrite__zmt92fhi.uatmi41d,13,HIPS__autograd.ac044f0d.lm_rewrite__zmt92fhi.uatmi41d,9228,true,331,128,0,0,0,0,0,,0,0,390000000,390000000,0,0,0,ok,,
142,,,,HIPS__autograd.ac044f0d.lm_rewrite__zmt92fhi.uatmi41d,14,HIPS__autograd.ac044f0d.lm_rewrite__zmt92fhi.uatmi41d,9689,true,114,34,0,0,0,0,0,,0,0,420000000,420000000,0,0,0,ok,,
143,,,,HIPS__autograd.ac044f0d.lm_rewrite__zmt92fhi.uatmi41d,15,HIPS__autograd.ac044f0d.lm_rewrite__zmt92fhi.uatmi41d,9837,true,98,362,0,0,0,0,0,,0,0,450000000,450000000,0,0,0,ok,,
144,,,,HIPS__autograd.ac044f0d.lm_rewrite__zmt92fhi.uatmi41d,16,HIPS__autograd.ac044f0d.lm_rewrite__zmt92fhi.uatmi41d,10298,true,1095,40,0,0,0,0,0,,0,0,480000000,480000000,0,0,0,ok,,
145,,,,HIPS__autograd.ac044f0d.lm_rewrite__zmt92fhi.uatmi41d,17,HIPS__autograd.ac044f0d.lm_rewrite__zmt92fhi.uatmi41d,11433,true,15,13,0,0,0,0,0,,0,0,510000000,510000000,0,0,0,ok,,
146,,,,pyupio__safety.7654596b.lm_rewrite__pp28o0j3.qu8jby3f,0,pyupio__safety.7654596b.lm_rewrite__pp28o0j3.qu8jby3f,978,true,611,137,0,0,0,0,0,,0,0,0,0,0,0,0,ok,,
147,,,,pyupio__safety.7654596b.lm_rewrite__pp28o0j3.qu8jby3f,1,pyupio__safety.7654596b.lm_rewrite__pp28o0j3.qu8jby3f,1726,true,63,72,0,0,0,0,0,,0,0,30000000,30000000,0,0,0,ok,,
148,,,,pyupio__safety.7654596b.lm_rewrite__pp28o0j3.qu8jby3f,2,pyupio__safety.7654596b.lm_rewrite__pp28o0j3.qu8jby3f,1862,true,3572,54,0,0,0,0,0,,0,0,60000000,60000000,0,0,0,ok,,
149,,,,pyupio__safety.7654596b.lm_rewrite__pp28o0j3.qu8jby3f,3,pyupio__safety.7654596b.lm_rewrite__pp28o0j3.qu8jby3f,5489,true,3967,46,0,0,0,0,0,,0,0,90000000,90000000,0,0,0,ok,,
150,,,,pyupio__safety.7654596b.lm_rewrite__pp28o0j3.qu8jby3f,4,pyupio__safety.7654596b.lm_rewrite__pp28o0j3.qu8jby3f,9503,true,2179,57,0,0,0,0,0,,0,0,120000000,120000000,0,0,0,ok,,
151,,,,pyupio__safety.7654596b.lm_rewrite__pp28o0j3.qu8jby3f,5,pyupio__safety.7654596b.lm_rewrite__pp28o0j3.qu8jby3f,11740,true,299,63,0,0,0,0,0,,0,0,150000000,150000000,0,0,0,ok,,
152,,,,pyupio__safety.7654596b.lm_rewrite__pp28o0j3.qu8jby3f,6,pyupio__safety.7654596b.lm_rewrite__pp28o0j3.qu8jby3f,12102,true,474,47,0,0,0,0,0,,0,0,180000000,180000000,0,0,0,ok,,
153,,,,pyupio__safety.7654596b.lm_rewrite__pp28o0j3.qu8jby3f,7,pyupio__safety.7654596b.lm_rewrite__pp28o0j3.qu8jby3f,12624,true,16,43,0,0,0,0,0,,0,0,210000000,210000000,0,0,0,ok,,
154,,,,pyupio__safety.7654596b.lm_rewrite__pp28o0j3.qu8jby3f,8,pyupio__safety.7654596b.lm_rewrite__pp28o0j3.qu8jby3f,12684,true,392,63,0,0,0,0,0,,0,0,240000000,240000000,0,0,0,ok,,
155,,,,pyupio__safety.7654596b.lm_rewrite__pp28o0j3.qu8jby3f,9,pyupio__safety.7654596b.lm_rewrite__pp28o0j3.qu8jby3f,13140,true,657,98,0,0,0,0,0,,0,0,270000000,270000000,0,0,0,ok,,
156,,,,pyupio__safety.7654596b.lm_rewrite__pp28o0j3.qu8jby3f,10,pyupio__safety.7654596b.lm_rewrite__pp28o0j3.qu8jby3f,13895,true,17,50,0,0,0,0,0,,0,0,300000000,300000000,0,0,0,ok,,
157,,,,pyupio__safety.7654596b.lm_rewrite__pp28o0j3.qu8jby3f,11,pyupio__safety.7654596b.lm_rewrite__pp28o0j3.qu8jby3f,13963,true,53,129,0,0,0,0,0,,0,0,330000000,330000000,0,0,0,ok,,
158,,,,pyupio__safety.7654596b.lm_rewrite__pp28o0j3.qu8jby3f,12,pyupio__safety.7654596b.lm_rewrite__pp28o0j3.qu8jby3f,14146,true,17,23,0,0,0,0,0,,0,0,360000000,360000000,0,0,0,ok,,
159,,,,pyupio__safety.7654596b.lm_rewrite__pp28o0j3.qu8jby3f,13,pyupio__safety.7654596b.lm_rewrite__pp28o0j3.qu8jby3f,14187,true,43,150,0,0,0,0,0,,0,0,390000000,390000000,0,0,0,ok,,
160,,,,pyupio__safety.7654596b.lm_rewrite__pp28o0j3.qu8jby3f,14,pyupio__safety.7654596b.lm_rewrite__pp28o0j3.qu8jby3f,14381,true,472,67,0,0,0,0,0,,0,0,420000000,420000000,0,0,0,ok,,
161,,,,pyupio__safety.7654596b.lm_rewrite__pp28o0j3.qu8jby3f,15,pyupio__safety.7654596b.lm_rewrite__pp28o0j3.qu8jby3f,14922,true,392,125,0,0,0,0,0,,0,0,450000000,450000000,0,0,0,ok,,
162,,,,pyupio__safety.7654596b.lm_rewrite__pp28o0j3.qu8jby3f,16,pyupio__safety.7654596b.lm_rewrite__pp28o0j3.qu8jby3f,15439,true,15,44,0,0,0,0,0,,0,0,480000000,480000000,0,0,0,ok,,
163,,,,pyupio__safety.7654596b.lm_rewrite__pp28o0j3.qu8jby3f,17,pyupio__safety.7654596b.lm_rewrite__pp28o0j3.qu8jby3f,15499,true,230,1057,0,0,0,0,0,,0,0,510000000,510000000,0,0,0,ok,,
164,,,,pyupio__safety.7654596b.lm_rewrite__pp28o0j3.qu8jby3f,18,pyupio__safety.7654596b.lm_rewrite__pp28o0j3.qu8jby3f,16786,true,736,180,0,0,0,0,0,,0,0,540000000,540000000,0,0,0,ok,,
165,,,,pyupio__safety.7654596b.lm_rewrite__pp28o0j3.qu8jby3f,19,pyupio__safety.7654596b.lm_rewrite__pp28o0j3.qu8jby3f,17703,true,218,155,0,0,0,0,0,,0,0,570000000,570000000,0,0,0,ok,,
166,,,,pyupio__safety.7654596b.lm_rewrite__pp28o0j3.qu8jby3f,20,pyupio__safety.7654596b.lm_rewrite__pp28o0j3.qu8jby3f,18077,true,15,21,0,0,0,0,0,,0,0,600000000,600000000,0,0,0,ok,,
167,,,,pyupio__safety.7654596b.lm_rewrite__pp28o0j3.qu8jby3f,21,pyupio__safety.7654596b.lm_rewrite__pp28o0j3.qu8jby3f,18114,true,4032,279,0,0,0,0,0,,0,0,630000000,630000000,0,0,0,ok,,
168,,,,pyupio__safety.7654596b.lm_rewrite__pp28o0j3.qu8jby3f,22,pyupio__safety.7654596b.lm_rewrite__pp28o0j3.qu8jby3f,22426,true,17,23,0,0,0,0,0,,0,0,660000000,660000000,0,0,0,ok,,
169,,,,pyupio__safety.7654596b.lm_rewrite__pp28o0j3.qu8jby3f,23,pyupio__safety.7654596b.lm_rewrite__pp28o0j3.qu8jby3f,22467,true,43,245,0,0,0,0,0,,0,0,690000000,690000000,0,0,0,ok,,
170,,,,pyupio__safety.7654596b.lm_rewrite__pp28o0j3.qu8jby3f,24,pyupio__safety.7654596b.lm_rewrite__pp28o0j3.qu8jby3f,22755,true,1405,61,0,0,0,0,0,,0,0,720000000,720000000,0,0,0,ok,,
171,,,,pyupio__safety.7654596b.lm_rewrite__pp28o0j3.qu8jby3f,25,pyupio__safety.7654596b.lm_rewrite__pp28o0j3.qu8jby3f,24222,true,15,7,0,0,0,0,0,,0,0,750000000,750000000,0,0,0,ok,,
172,,,,cookiecutter__cookiecutter.b4451231.lm_rewrite__l5ekmd58.xm1pu0y3,0,cookiecutter__cookiecutter.b4451231.lm_rewrite__l5ekmd58.xm1pu0y3,978,true,753,102,0,0,0,0,0,,0,0,0,0,0,0,0,ok,,
173,,,,cookiecutter__cookiecutter.b4451231.lm_rewrite__l5ekmd58.xm1pu0y3,1,cookiecutter__cookiecutter.b4451231.lm_rewrite__l5ekmd58.xm1pu0y3,1833,true,1049,70,0,0,0,0,0,,0,0,30000000,30000000,0,0,0,ok,,
174,,,,cookiecutter__cookiecutter.b4451231.lm_rewrite__l5ekmd58.xm1pu0y3,2,cookiecutter__cookiecutter.b4451231.lm_rewrite__l5ekmd58.xm1pu0y3,2952,true,2448,61,0,0,0,0,0,,0,0,60000000,60000000,0,0,0,ok,,
175,,,,cookiecutter__cookiecutter.b4451231.lm_rewrite__l5ekmd58.xm1pu0y3,3,cookiecutter__cookiecutter.b4451231.lm_rewrite__l5ekmd58.xm1pu0y3,5462,true,810,58,0,0,0,0,0,,0,0,90000000,90000000,0,0,0,ok,,
176,,,,cookiecutter__cookiecutter.b4451231.lm_rewrite__l5ekmd58.xm1pu0y3,4,cookiecutter__cookiecutter.b4451231.lm_rewrite__l5ekmd58.xm1pu0y3,6331,true,785,281,0,0,0,0,0,,0,0,120000000,120000000,0,0,0,ok,,
177,,,,cookiecutter__cookiecutter.b4451231.lm_rewrite__l5ekmd58.xm1pu0y3,5,cookiecutter__cookiecutter.b4451231.lm_rewrite__l5ekmd58.xm1pu0y3,7398,true,17,34,0,0,0,0,0,,0,0,150000000,150000000,0,0,0,ok,,
178,,,,cookiecutter__cookiecutter.b4451231.lm_rewrite__l5ekmd58.xm1pu0y3,6,cookiecutter__cookiecutter.b4451231.lm_rewrite__l5ekmd58.xm1pu0y3,7450,true,137,332,0,0,0,0,0,,0,0,180000000,180000000,0,0,0,ok,,
179,,,,cookiecutter__cookiecutter.b4451231.lm_rewrite__l5ekmd58.xm1pu0y3,7,cookiecutter__cookiecutter.b4451231.lm_rewrite__l5ekmd58.xm1pu0y3,7919,true,210,32,0,0,0,0,0,,0,0,210000000,210000000,0,0,0,ok,,
180,,,,cookiecutter__cookiecutter.b4451231.lm_rewrite__l5ekmd58.xm1pu0y3,8,cookiecutter__cookiecutter.b4451231.lm_rewrite__l5ekmd58.xm1pu0y3,8162,true,33,406,0,0,0,0,0,,0,0,240000000,240000000,0,0,0,ok,,
181,,,,cookiecutter__cookiecutter.b4451231.lm_rewrite__l5ekmd58.xm1pu0y3,9,cookiecutter__cookiecutter.b4451231.lm_rewrite__l5ekmd58.xm1pu0y3,8601,true,251,32,0,0,0,0,0,,0,0,270000000,270000000,0,0,0,ok,,
182,,,,cookiecutter__cookiecutter.b4451231.lm_rewrite__l5ekmd58.xm1pu0y3,10,cookiecutter__cookiecutter.b4451231.lm_rewrite__l5ekmd58.xm1pu0y3,8885,true,46,1327,0,0,0,0,0,,0,0,300000000,300000000,0,0,0,ok,,
183,,,,cookiecutter__cookiecutter.b4451231.lm_rewrite__l5ekmd58.xm1pu0y3,11,cookiecutter__cookiecutter.b4451231.lm_rewrite__l5ekmd58.xm1pu0y3,10258,true,1019,52,0,0,0,0,0,,0,0,330000000,330000000,0,0,0,ok,,
184,,,,cookiecutter__cookiecutter.b4451231.lm_rewrite__l5ekmd58.xm1pu0y3,12,cookiecutter__cookiecutter.b4451231.lm_rewrite__l5ekmd58.xm1pu0y3,11330,true,46,90,0,0,0,0,0,,0,0,360000000,360000000,0,0,0,ok,,
185,,,,cookiecutter__cookiecutter.b4451231.lm_rewrite__l5ekmd58.xm1pu0y3,13,cookiecutter__cookiecutter.b4451231.lm_rewrite__l5ekmd58.xm1pu0y3,11466,true,67,69,0,0,0,0,0,,0,0,390000000,390000000,0,0,0,ok,,
186,,,,cookiecutter__cookiecutter.b4451231.lm_rewrite__l5ekmd58.xm1pu0y3,14,cookiecutter__cookiecutter.b4451231.lm_rewrite__l5ekmd58.xm1pu0y3,11603,true,391,447,0,0,0,0,0,,0,0,420000000,420000000,0,0,0,ok,,
187,,,,cookiecutter__cookiecutter.b4451231.lm_rewrite__l5ekmd58.xm1pu0y3,15,cookiecutter__cookiecutter.b4451231.lm_rewrite__l5ekmd58.xm1pu0y3,12441,true,325,32,0,0,0,0,0,,0,0,450000000,450000000,0,0,0,ok,,
188,,,,cookiecutter__cookiecutter.b4451231.lm_rewrite__l5ekmd58.xm1pu0y3,16,cookiecutter__cookiecutter.b4451231.lm_rewrite__l5ekmd58.xm1pu0y3,12799,true,55,1540,0,0,0,0,0,,0,0,480000000,480000000,0,0,0,ok,,
189,,,,cookiecutter__cookiecutter.b4451231.lm_rewrite__l5ekmd58.xm1pu0y3,17,cookiecutter__cookiecutter.b4451231.lm_rewrite__l5ekmd58.xm1pu0y3,14395,true,1038,108,0,0,0,0,0,,0,0,510000000,510000000,0,0,0,ok,,
190,,,,cookiecutter__cookiecutter.b4451231.lm_rewrite__l5ekmd58.xm1pu0y3,18,cookiecutter__cookiecutter.b4451231.lm_rewrite__l5ekmd58.xm1pu0y3,15541,true,58,556,0,0,0,0,0,,0,0,540000000,540000000,0,0,0,ok,,
191,,,,cookiecutter__cookiecutter.b4451231.lm_rewrite__l5ekmd58.xm1pu0y3,19,cookiecutter__cookiecutter.b4451231.lm_rewrite__l5ekmd58.xm1pu0y3,16156,true,17,32,0,0,0,0,0,,0,0,570000000,570000000,0,0,0,ok,,
192,,,,cookiecutter__cookiecutter.b4451231.lm_rewrite__l5ekmd58.xm1pu0y3,20,cookiecutter__cookiecutter.b4451231.lm_rewrite__l5ekmd58.xm1pu0y3,16206,true,211,372,0,0,0,0,0,,0,0,600000000,600000000,0,0,0,ok,,
193,,,,cookiecutter__cookiecutter.b4451231.lm_rewrite__l5ekmd58.xm1pu0y3,21,cookiecutter__cookiecutter.b4451231.lm_rewrite__l5ekmd58.xm1pu0y3,16791,true,1898,40,0,0,0,0,0,,0,0,630000000,630000000,0,0,0,ok,,
194,,,,cookiecutter__cookiecutter.b4451231.lm_rewrite__l5ekmd58.xm1pu0y3,22,cookiecutter__cookiecutter.b4451231.lm_rewrite__l5ekmd58.xm1pu0y3,18729,true,15,13,0,0,0,0,0,,0,0,660000000,660000000,0,0,0,ok,,
195,,,,encode__starlette.db5063c2.func_pm_class_rm_base__jwyals4x.juj3zbhw,0,encode__starlette.db5063c2.func_pm_class_rm_base__jwyals4x.juj3zbhw,978,true,619,116,0,0,0,0,0,,0,0,0,0,0,0,0,ok,,
196,,,,encode__starlette.db5063c2.func_pm_class_rm_base__jwyals4x.juj3zbhw,1,encode__starlette.db5063c2.func_pm_class_rm_base__jwyals4x.juj3zbhw,1713,true,621,84,0,0,0,0,0,,0,0,30000000,30000000,0,0,0,ok,,
197,,,,encode__starlette.db5063c2.func_pm_class_rm_base__jwyals4x.juj3zbhw,2,encode__starlette.db5063c2.func_pm_class_rm_base__jwyals4x.juj3zbhw,2419,true,3617,86,0,0,0,0,0,,0,0,60000000,60000000,0,0,0,ok,,
198,,,,encode__starlette.db5063c2.func_pm_class_rm_base__jwyals4x.juj3zbhw,3,encode__starlette.db5063c2.func_pm_class_rm_base__jwyals4x.juj3zbhw,6123,true,140,45,0,0,0,0,0,,0,0,90000000,90000000,0,0,0,ok,,
199,,,,encode__starlette.db5063c2.func_pm_class_rm_base__jwyals4x.juj3zbhw,4,encode__starlette.db5063c2.func_pm_class_rm_base__jwyals4x.juj3zbhw,6309,true,269,45,0,0,0,0,0,,0,0,120000000,120000000,0,0,0,ok,,
200,,,,encode__starlette.db5063c2.func_pm_class_rm_base__jwyals4x.juj3zbhw,5,encode__starlette.db5063c2.func_pm_class_rm_base__jwyals4x.juj3zbhw,6623,true,189,45,0,0,0,0,0,,0,0,150000000,150000000,0,0,0,ok,,
201,,,,encode__starlette.db5063c2.func_pm_class_rm_base__jwyals4x.juj3zbhw,6,encode__starlette.db5063c2.func_pm_class_rm_base__jwyals4x.juj3zbhw,6857,true,216,45,0,0,0,0,0,,0,0,180000000,180000000,0,0,0,ok,,
202,,,,encode__starlette.db5063c2.func_pm_class_rm_base__jwyals4x.juj3zbhw,7,encode__starlette.db5063c2.func_pm_class_rm_base__jwyals4x.juj3zbhw,7119,true,499,119,0,0,0,0,0,,0,0,210000000,210000000,0,0,0,ok,,
203,,,,encode__starlette.db5063c2.func_pm_class_rm_base__jwyals4x.juj3zbhw,8,encode__starlette.db5063c2.func_pm_class_rm_base__jwyals4x.juj3zbhw,7737,true,211,75,0,0,0,0,0,,0,0,240000000,240000000,0,0,0,ok,,
204,,,,encode__starlette.db5063c2.func_pm_class_rm_base__jwyals4x.juj3zbhw,9,encode__starlette.db5063c2.func_pm_class_rm_base__jwyals4x.juj3zbhw,8025,true,112,202,0,0,0,0,0,,0,0,270000000,270000000,0,0,0,ok,,
205,,,,encode__starlette.db5063c2.func_pm_class_rm_base__jwyals4x.juj3zbhw,10,encode__starlette.db5063c2.func_pm_class_rm_base__jwyals4x.juj3zbhw,8340,true,17,34,0,0,0,0,0,,0,0,300000000,300000000,0,0,0,ok,,
206,,,,encode__starlette.db5063c2.func_pm_class_rm_base__jwyals4x.juj3zbhw,11,encode__starlette.db5063c2.func_pm_class_rm_base__jwyals4x.juj3zbhw,8392,true,35,593,0,0,0,0,0,,0,0,330000000,330000000,0,0,0,ok,,
207,,,,encode__starlette.db5063c2.func_pm_class_rm_base__jwyals4x.juj3zbhw,12,encode__starlette.db5063c2.func_pm_class_rm_base__jwyals4x.juj3zbhw,9021,true,521,32,0,0,0,0,0,,0,0,360000000,360000000,0,0,0,ok,,
208,,,,encode__starlette.db5063c2.func_pm_class_rm_base__jwyals4x.juj3zbhw,13,encode__starlette.db5063c2.func_pm_class_rm_base__jwyals4x.juj3zbhw,9574,true,78,471,0,0,0,0,0,,0,0,390000000,390000000,0,0,0,ok,,
209,,,,encode__starlette.db5063c2.func_pm_class_rm_base__jwyals4x.juj3zbhw,14,encode__starlette.db5063c2.func_pm_class_rm_base__jwyals4x.juj3zbhw,10124,true,19,36,0,0,0,0,0,,0,0,420000000,420000000,0,0,0,ok,,
210,,,,encode__starlette.db5063c2.func_pm_class_rm_base__jwyals4x.juj3zbhw,15,encode__starlette.db5063c2.func_pm_class_rm_base__jwyals4x.juj3zbhw,10180,true,27,269,0,0,0,0,0,,0,0,450000000,450000000,0,0,0,ok,,
211,,,,encode__starlette.db5063c2.func_pm_class_rm_base__jwyals4x.juj3zbhw,16,encode__starlette.db5063c2.func_pm_class_rm_base__jwyals4x.juj3zbhw,10477,true,234,59,0,0,0,0,0,,0,0,480000000,480000000,0,0,0,ok,,
212,,,,encode__starlette.db5063c2.func_pm_class_rm_base__jwyals4x.juj3zbhw,17,encode__starlette.db5063c2.func_pm_class_rm_base__jwyals4x.juj3zbhw,10771,true,65,62,0,0,0,0,0,,0,0,510000000,510000000,0,0,0,ok,,
213,,,,encode__starlette.db5063c2.func_pm_class_rm_base__jwyals4x.juj3zbhw,18,encode__starlette.db5063c2.func_pm_class_rm_base__jwyals4x.juj3zbhw,10899,true,76,218,0,0,0,0,0,,0,0,540000000,540000000,0,0,0,ok,,
214,,,,encode__starlette.db5063c2.func_pm_class_rm_base__jwyals4x.juj3zbhw,19,encode__starlette.db5063c2.func_pm_class_rm_base__jwyals4x.juj3zbhw,11194,true,140,45,0,0,0,0,0,,0,0,570000000,570000000,0,0,0,ok,,
215,,,,encode__starlette.db5063c2.func_pm_class_rm_base__jwyals4x.juj3zbhw,20,encode__starlette.db5063c2.func_pm_class_rm_base__jwyals4x.juj3zbhw,11379,true,417,350,0,0,0,0,0,,0,0,600000000,600000000,0,0,0,ok,,
216,,,,encode__starlette.db5063c2.func_pm_class_rm_base__jwyals4x.juj3zbhw,21,encode__starlette.db5063c2.func_pm_class_rm_base__jwyals4x.juj3zbhw,12147,true,17,25,0,0,0,0,0,,0,0,630000000,630000000,0,0,0,ok,,
217,,,,encode__starlette.db5063c2.func_pm_class_rm_base__jwyals4x.juj3zbhw,22,encode__starlette.db5063c2.func_pm_class_rm_base__jwyals4x.juj3zbhw,12190,true,17,221,0,0,0,0,0,,0,0,660000000,660000000,0,0,0,ok,,
218,,,,encode__starlette.db5063c2.func_pm_class_rm_base__jwyals4x.juj3zbhw,23,encode__starlette.db5063c2.func_pm_class_rm_base__jwyals4x.juj3zbhw,12429,true,1382,49,0,0,0,0,0,,0,0,690000000,690000000,0,0,0,ok,,
219,,,,encode__starlette.db5063c2.func_pm_class_rm_base__jwyals4x.juj3zbhw,24,encode__starlette.db5063c2.func_pm_class_rm_base__jwyals4x.juj3zbhw,13861,true,15,7,0,0,0,0,0,,0,0,720000000,720000000,0,0,0,ok,,
220,,,,dbader__schedule.82a43db1.53.8husccdm,0,dbader__schedule.82a43db1.53.8husccdm,978,true,625,63,0,0,0,0,0,,0,0,0,0,0,0,0,ok,,
221,,,,dbader__schedule.82a43db1.53.8husccdm,1,dbader__schedule.82a43db1.53.8husccdm,1667,true,716,41,0,0,0,0,0,,0,0,30000000,30000000,0,0,0,ok,,
222,,,,dbader__schedule.82a43db1.53.8husccdm,2,dbader__schedule.82a43db1.53.8husccdm,2425,true,3214,56,0,0,0,0,0,,0,0,60000000,60000000,0,0,0,ok,,
223,,,,dbader__schedule.82a43db1.53.8husccdm,3,dbader__schedule.82a43db1.53.8husccdm,5695,true,381,96,0,0,0,0,0,,0,0,90000000,90000000,0,0,0,ok,,
224,,,,dbader__schedule.82a43db1.53.8husccdm,4,dbader__schedule.82a43db1.53.8husccdm,6172,true,16,27,0,0,0,0,0,,0,0,120000000,120000000,0,0,0,ok,,
225,,,,dbader__schedule.82a43db1.53.8husccdm,5,dbader__schedule.82a43db1.53.8husccdm,6216,true,99,350,0,0,0,0,0,,0,0,150000000,150000000,0,0,0,ok,,
226,,,,dbader__schedule.82a43db1.53.8husccdm,6,dbader__schedule.82a43db1.53.8husccdm,6666,true,16,30,0,0,0,0,0,,0,0,180000000,180000000,0,0,0,ok,,
227,,,,dbader__schedule.82a43db1.53.8husccdm,7,dbader__schedule.82a43db1.53.8husccdm,6712,true,15,17,0,0,0,0,0,,0,0,210000000,210000000,0,0,0,ok,,
228,,,,dbader__schedule.82a43db1.53.8husccdm,8,dbader__schedule.82a43db1.53.8husccdm,6744,true,506,92,0,0,0,0,0,,0,0,240000000,240000000,0,0,0,ok,,
229,,,,jd__tenacity.0d40e76f.37.wcd3qrni,0,jd__tenacity.0d40e76f.37.wcd3qrni,978,true,760,97,0,0,0,0,0,,0,0,0,0,0,0,0,ok,,
230,,,,jd__tenacity.0d40e76f.37.wcd3qrni,1,jd__tenacity.0d40e76f.37.wcd3qrni,1836,true,235,51,0,0,0,0,0,,0,0,30000000,30000000,0,0,0,ok,,
231,,,,jd__tenacity.0d40e76f.37.wcd3qrni,2,jd__tenacity.0d40e76f.37.wcd3qrni,2123,true,55,57,0,0,0,0,0,,0,0,60000000,60000000,0,0,0,ok,,
232,,,,jd__tenacity.0d40e76f.37.wcd3qrni,3,jd__tenacity.0d40e76f.37.wcd3qrni,2236,true,1335,65,0,0,0,0,0,,0,0,90000000,90000000,0,0,0,ok,,
233,,,,jd__tenacity.0d40e76f.37.wcd3qrni,4,jd__tenacity.0d40e76f.37.wcd3qrni,3637,true,2381,133,0,0,0,0,0,,0,0,120000000,120000000,0,0,0,ok,,
234,,,,jd__tenacity.0d40e76f.37.wcd3qrni,5,jd__tenacity.0d40e76f.37.wcd3qrni,6151,true,4991,45,0,0,0,0,0,,0,0,150000000,150000000,0,0,0,ok,,
235,,,,jd__tenacity.0d40e76f.37.wcd3qrni,6,jd__tenacity.0d40e76f.37.wcd3qrni,11188,true,229,61,0,0,0,0,0,,0,0,180000000,180000000,0,0,0,ok,,
236,,,,jd__tenacity.0d40e76f.37.wcd3qrni,7,jd__tenacity.0d40e76f.37.wcd3qrni,11479,true,54,577,0,0,0,0,0,,0,0,210000000,210000000,0,0,0,ok,,
237,,,,jd__tenacity.0d40e76f.37.wcd3qrni,8,jd__tenacity.0d40e76f.37.wcd3qrni,12111,true,18,34,0,0,0,0,0,,0,0,240000000,240000000,0,0,0,ok,,
238,,,,jd__tenacity.0d40e76f.37.wcd3qrni,9,jd__tenacity.0d40e76f.37.wcd3qrni,12163,true,156,934,0,0,0,0,0,,0,0,270000000,270000000,0,0,0,ok,,
239,,,,jd__tenacity.0d40e76f.37.wcd3qrni,10,jd__tenacity.0d40e76f.37.wcd3qrni,13255,true,654,32,0,0,0,0,0,,0,0,300000000,300000000,0,0,0,ok,,
240,,,,jd__tenacity.0d40e76f.37.wcd3qrni,11,jd__tenacity.0d40e76f.37.wcd3qrni,13941,true,207,1126,0,0,0,0,0,,0,0,330000000,330000000,0,0,0,ok,,
241,,,,jd__tenacity.0d40e76f.37.wcd3qrni,12,jd__tenacity.0d40e76f.37.wcd3qrni,15275,true,708,32,0,0,0,0,0,,0,0,360000000,360000000,0,0,0,ok,,
242,,,,jd__tenacity.0d40e76f.37.wcd3qrni,13,jd__tenacity.0d40e76f.37.wcd3qrni,16015,true,144,149,0,0,0,0,0,,0,0,390000000,390000000,0,0,0,ok,,
243,,,,jd__tenacity.0d40e76f.37.wcd3qrni,14,jd__tenacity.0d40e76f.37.wcd3qrni,16309,true,183,31,0,0,0,0,0,,0,0,420000000,420000000,0,0,0,ok,,
244,,,,jd__tenacity.0d40e76f.37.wcd3qrni,15,jd__tenacity.0d40e76f.37.wcd3qrni,16524,true,44,1061,0,0,0,0,0,,0,0,450000000,450000000,0,0,0,ok,,
245,,,,jd__tenacity.0d40e76f.37.wcd3qrni,16,jd__tenacity.0d40e76f.37.wcd3qrni,17630,true,622,32,0,0,0,0,0,,0,0,480000000,480000000,0,0,0,ok,,
246,,,,jd__tenacity.0d40e76f.37.wcd3qrni,17,jd__tenacity.0d40e76f.37.wcd3qrni,18285,true,100,52,0,0,0,0,0,,0,0,510000000,510000000,0,0,0,ok,,
247,,,,getmoto__moto.694ce1f4.pr_8172.rwia0gr1,0,getmoto__moto.694ce1f4.pr_8172.rwia0gr1,978,true,704,99,0,0,0,0,0,,0,0,0,0,0,0,0,ok,,
248,,,,getmoto__moto.694ce1f4.pr_8172.rwia0gr1,1,getmoto__moto.694ce1f4.pr_8172.rwia0gr1,1781,true,25066,45,0,0,0,0,0,,0,0,30000000,30000000,0,0,0,ok,,
249,,,,getmoto__moto.694ce1f4.pr_8172.rwia0gr1,2,getmoto__moto.694ce1f4.pr_8172.rwia0gr1,26893,true,110,57,0,0,0,0,0,,0,0,60000000,60000000,0,0,0,ok,,
250,,,,getmoto__moto.694ce1f4.pr_8172.rwia0gr1,3,getmoto__moto.694ce1f4.pr_8172.rwia0gr1,27061,true,3097,57,0,0,0,0,0,,0,0,90000000,90000000,0,0,0,ok,,
251,,,,getmoto__moto.694ce1f4.pr_8172.rwia0gr1,4,getmoto__moto.694ce1f4.pr_8172.rwia0gr1,30216,true,1705,60,0,0,0,0,0,,0,0,120000000,120000000,0,0,0,ok,,
252,,,,getmoto__moto.694ce1f4.pr_8172.rwia0gr1,5,getmoto__moto.694ce1f4.pr_8172.rwia0gr1,31981,true,249,62,0,0,0,0,0,,0,0,150000000,150000000,0,0,0,ok,,
253,,,,getmoto__moto.694ce1f4.pr_8172.rwia0gr1,6,getmoto__moto.694ce1f4.pr_8172.rwia0gr1,32292,true,2983,47,0,0,0,0,0,,0,0,180000000,180000000,0,0,0,ok,,
254,,,,getmoto__moto.694ce1f4.pr_8172.rwia0gr1,7,getmoto__moto.694ce1f4.pr_8172.rwia0gr1,35323,true,342,479,0,0,0,0,0,,0,0,210000000,210000000,0,0,0,ok,,
255,,,,getmoto__moto.694ce1f4.pr_8172.rwia0gr1,8,getmoto__moto.694ce1f4.pr_8172.rwia0gr1,36145,true,17,35,0,0,0,0,0,,0,0,240000000,240000000,0,0,0,ok,,
256,,,,getmoto__moto.694ce1f4.pr_8172.rwia0gr1,9,getmoto__moto.694ce1f4.pr_8172.rwia0gr1,36198,true,29,211,0,0,0,0,0,,0,0,270000000,270000000,0,0,0,ok,,
257,,,,getmoto__moto.694ce1f4.pr_8172.rwia0gr1,10,getmoto__moto.694ce1f4.pr_8172.rwia0gr1,36439,true,193,174,0,0,0,0,0,,0,0,300000000,300000000,0,0,0,ok,,
258,,,,getmoto__moto.694ce1f4.pr_8172.rwia0gr1,11,getmoto__moto.694ce1f4.pr_8172.rwia0gr1,36807,true,225,33,0,0,0,0,0,,0,0,330000000,330000000,0,0,0,ok,,
259,,,,getmoto__moto.694ce1f4.pr_8172.rwia0gr1,12,getmoto__moto.694ce1f4.pr_8172.rwia0gr1,37065,true,83,445,0,0,0,0,0,,0,0,360000000,360000000,0,0,0,ok,,
260,,,,getmoto__moto.694ce1f4.pr_8172.rwia0gr1,13,getmoto__moto.694ce1f4.pr_8172.rwia0gr1,37594,true,244,1045,0,0,0,0,0,,0,0,390000000,390000000,0,0,0,ok,,
261,,,,getmoto__moto.694ce1f4.pr_8172.rwia0gr1,14,getmoto__moto.694ce1f4.pr_8172.rwia0gr1,38883,true,907,577,0,0,0,0,0,,0,0,420000000,420000000,0,0,0,ok,,
262,,,,getmoto__moto.694ce1f4.pr_8172.rwia0gr1,15,getmoto__moto.694ce1f4.pr_8172.rwia0gr1,40368,true,479,54,0,0,0,0,0,,0,0,450000000,450000000,0,0,0,ok,,
263,,,,getmoto__moto.694ce1f4.pr_8172.rwia0gr1,16,getmoto__moto.694ce1f4.pr_8172.rwia0gr1,40901,true,86,1022,0,0,0,0,0,,0,0,480000000,480000000,0,0,0,ok,,
264,,,,getmoto__moto.694ce1f4.pr_8172.rwia0gr1,17,getmoto__moto.694ce1f4.pr_8172.rwia0gr1,42010,true,17,32,0,0,0,0,0,,0,0,510000000,510000000,0,0,0,ok,,
265,,,,getmoto__moto.694ce1f4.pr_8172.rwia0gr1,18,getmoto__moto.694ce1f4.pr_8172.rwia0gr1,42060,true,220,802,0,0,0,0,0,,0,0,540000000,540000000,0,0,0,ok,,
266,,,,getmoto__moto.694ce1f4.pr_8172.rwia0gr1,19,getmoto__moto.694ce1f4.pr_8172.rwia0gr1,43083,true,568,235,0,0,0,0,0,,0,0,570000000,570000000,0,0,0,ok,,
267,,,,getmoto__moto.694ce1f4.pr_8172.rwia0gr1,20,getmoto__moto.694ce1f4.pr_8172.rwia0gr1,43886,true,255,41,0,0,0,0,0,,0,0,600000000,600000000,0,0,0,ok,,
268,,,,getmoto__moto.694ce1f4.pr_8172.rwia0gr1,21,getmoto__moto.694ce1f4.pr_8172.rwia0gr1,44183,true,220,250,0,0,0,0,0,,0,0,630000000,630000000,0,0,0,ok,,
269,,,,getmoto__moto.694ce1f4.pr_8172.rwia0gr1,22,getmoto__moto.694ce1f4.pr_8172.rwia0gr1,44654,true,196,110,0,0,0,0,0,,0,0,660000000,660000000,0,0,0,ok,,
270,,,,getmoto__moto.694ce1f4.pr_8172.rwia0gr1,23,getmoto__moto.694ce1f4.pr_8172.rwia0gr1,44961,true,256,34,0,0,0,0,0,,0,0,690000000,690000000,0,0,0,ok,,
271,,,,getmoto__moto.694ce1f4.pr_8172.rwia0gr1,24,getmoto__moto.694ce1f4.pr_8172.rwia0gr1,45252,true,225,60,0,0,0,0,0,,0,0,720000000,720000000,0,0,0,ok,,
272,,,,getmoto__moto.694ce1f4.pr_8172.rwia0gr1,25,getmoto__moto.694ce1f4.pr_8172.rwia0gr1,45537,true,86,35,0,0,0,0,0,,0,0,750000000,750000000,0,0,0,ok,,
273,,,,getmoto__moto.694ce1f4.pr_8172.rwia0gr1,26,getmoto__moto.694ce1f4.pr_8172.rwia0gr1,45660,true,2516,37,0,0,0,0,0,,0,0,780000000,780000000,0,0,0,ok,,
274,,,,getmoto__moto.694ce1f4.pr_8172.rwia0gr1,27,getmoto__moto.694ce1f4.pr_8172.rwia0gr1,48214,true,15,13,0,0,0,0,0,,0,0,810000000,810000000,0,0,0,ok,,
275,,,,jd__tenacity.0d40e76f.lm_rewrite__z0ij0hwj.nf257wgy,0,jd__tenacity.0d40e76f.lm_rewrite__z0ij0hwj.nf257wgy,978,true,765,74,0,0,0,0,0,,0,0,0,0,0,0,0,ok,,
276,,,,jd__tenacity.0d40e76f.lm_rewrite__z0ij0hwj.nf257wgy,1,jd__tenacity.0d40e76f.lm_rewrite__z0ij0hwj.nf257wgy,1818,true,161,81,0,0,0,0,0,,0,0,30000000,30000000,0,0,0,ok,,
277,,,,jd__tenacity.0d40e76f.lm_rewrite__z0ij0hwj.nf257wgy,2,jd__tenacity.0d40e76f.lm_rewrite__z0ij0hwj.nf257wgy,2060,true,545,56,0,0,0,0,0,,0,0,60000000,60000000,0,0,0,ok,,
278,,,,jd__tenacity.0d40e76f.lm_rewrite__z0ij0hwj.nf257wgy,3,jd__tenacity.0d40e76f.lm_rewrite__z0ij0hwj.nf257wgy,2662,true,2832,47,0,0,0,0,0,,0,0,90000000,90000000,0,0,0,ok,,
279,,,,jd__tenacity.0d40e76f.lm_rewrite__z0ij0hwj.nf257wgy,4,jd__tenacity.0d40e76f.lm_rewrite__z0ij0hwj.nf257wgy,5542,true,16,48,0,0,0,0,0,,0,0,120000000,120000000,0,0,0,ok,,
280,,,,jd__tenacity.0d40e76f.lm_rewrite__z0ij0hwj.nf257wgy,5,jd__tenacity.0d40e76f.lm_rewrite__z0ij0hwj.nf257wgy,5607,true,4257,45,0,0,0,0,0,,0,0,150000000,150000000,0,0,0,ok,,
281,,,,jd__tenacity.0d40e76f.lm_rewrite__z0ij0hwj.nf257wgy,6,jd__tenacity.0d40e76f.lm_rewrite__z0ij0hwj.nf257wgy,9910,true,427,151,0,0,0,0,0,,0,0,180000000,180000000,0,0,0,ok,,
282,,,,jd__tenacity.0d40e76f.lm_rewrite__z0ij0hwj.nf257wgy,7,jd__tenacity.0d40e76f.lm_rewrite__z0ij0hwj.nf257wgy,10489,true,17,36,0,0,0,0,0,,0,0,210000000,210000000,0,0,0,ok,,
283,,,,jd__tenacity.0d40e76f.lm_rewrite__z0ij0hwj.nf257wgy,8,jd__tenacity.0d40e76f.lm_rewrite__z0ij0hwj.nf257wgy,10543,true,88,570,0,0,0,0,0,,0,0,240000000,240000000,0,0,0,ok,,
284,,,,jd__tenacity.0d40e76f.lm_rewrite__z0ij0hwj.nf257wgy,9,jd__tenacity.0d40e76f.lm_rewrite__z0ij0hwj.nf257wgy,11202,true,338,40,0,0,0,0,0,,0,0,270000000,270000000,0,0,0,ok,,
285,,,,jd__tenacity.0d40e76f.lm_rewrite__z0ij0hwj.nf257wgy,10,jd__tenacity.0d40e76f.lm_rewrite__z0ij0hwj.nf257wgy,11581,true,85,182,0,0,0,0,0,,0,0,300000000,300000000,0,0,0,ok,,
286,,,,jd__tenacity.0d40e76f.lm_rewrite__z0ij0hwj.nf257wgy,11,jd__tenacity.0d40e76f.lm_rewrite__z0ij0hwj.nf257wgy,11849,true,17,24,0,0,0,0,0,,0,0,330000000,330000000,0,0,0,ok,,
287,,,,jd__tenacity.0d40e76f.lm_rewrite__z0ij0hwj.nf257wgy,12,jd__tenacity.0d40e76f.lm_rewrite__z0ij0hwj.nf257wgy,11891,true,139,623,0,0,0,0,0,,0,0,360000000,360000000,0,0,0,ok,,
288,,,,jd__tenacity.0d40e76f.lm_rewrite__z0ij0hwj.nf257wgy,13,jd__tenacity.0d40e76f.lm_rewrite__z0ij0hwj.nf257wgy,12654,true,477,209,0,0,0,0,0,,0,0,390000000,390000000,0,0,0,ok,,
289,,,,jd__tenacity.0d40e76f.lm_rewrite__z0ij0hwj.nf257wgy,14,jd__tenacity.0d40e76f.lm_rewrite__z0ij0hwj.nf257wgy,13341,true,17,24,0,0,0,0,0,,0,0,420000000,420000000,0,0,0,ok,,
290,,,,jd__tenacity.0d40e76f.lm_rewrite__z0ij0hwj.nf257wgy,15,jd__tenacity.0d40e76f.lm_rewrite__z0ij0hwj.nf257wgy,13382,true,683,224,0,0,0,0,0,,0,0,450000000,450000000,0,0,0,ok,,
291,,,,jd__tenacity.0d40e76f.lm_rewrite__z0ij0hwj.nf257wgy,16,jd__tenacity.0d40e76f.lm_rewrite__z0ij0hwj.nf257wgy,14290,true,16,24,0,0,0,0,0,,0,0,480000000,480000000,0,0,0,ok,,
292,,,,jd__tenacity.0d40e76f.lm_rewrite__z0ij0hwj.nf257wgy,17,jd__tenacity.0d40e76f.lm_rewrite__z0ij0hwj.nf257wgy,14331,true,10,81,0,0,0,0,0,,0,0,510000000,510000000,0,0,0,ok,,
293,,,,jd__tenacity.0d40e76f.lm_rewrite__z0ij0hwj.nf257wgy,18,jd__tenacity.0d40e76f.lm_rewrite__z0ij0hwj.nf257wgy,14423,true,395,39,0,0,0,0,0,,0,0,540000000,540000000,0,0,0,ok,,
294,,,,jd__tenacity.0d40e76f.lm_rewrite__z0ij0hwj.nf257wgy,19,jd__tenacity.0d40e76f.lm_rewrite__z0ij0hwj.nf257wgy,14857,true,15,27,0,0,0,0,0,,0,0,570000000,570000000,0,0,0,ok,,
295,,,,jd__tenacity.0d40e76f.lm_rewrite__z0ij0hwj.nf257wgy,20,jd__tenacity.0d40e76f.lm_rewrite__z0ij0hwj.nf257wgy,14900,true,57,63,0,0,0,0,0,,0,0,600000000,600000000,0,0,0,ok,,
296,,,,jd__tenacity.0d40e76f.lm_rewrite__z0ij0hwj.nf257wgy,21,jd__tenacity.0d40e76f.lm_rewrite__z0ij0hwj.nf257wgy,15020,true,382,321,0,0,0,0,0,,0,0,630000000,630000000,0,0,0,ok,,
297,,,,jd__tenacity.0d40e76f.lm_rewrite__z0ij0hwj.nf257wgy,22,jd__tenacity.0d40e76f.lm_rewrite__z0ij0hwj.nf257wgy,15724,true,222,24,0,0,0,0,0,,0,0,660000000,660000000,0,0,0,ok,,
298,,,,jd__tenacity.0d40e76f.lm_rewrite__z0ij0hwj.nf257wgy,23,jd__tenacity.0d40e76f.lm_rewrite__z0ij0hwj.nf257wgy,15971,true,37,749,0,0,0,0,0,,0,0,690000000,690000000,0,0,0,ok,,
299,,,,jd__tenacity.0d40e76f.lm_rewrite__z0ij0hwj.nf257wgy,24,jd__tenacity.0d40e76f.lm_rewrite__z0ij0hwj.nf257wgy,16758,true,682,265,0,0,0,0,0,,0,0,720000000,720000000,0,0,0,ok,,
300,,,,jd__tenacity.0d40e76f.lm_rewrite__z0ij0hwj.nf257wgy,25,jd__tenacity.0d40e76f.lm_rewrite__z0ij0hwj.nf257wgy,17706,true,19,26,0,0,0,0,0,,0,0,750000000,750000000,0,0,0,ok,,
301,,,,jd__tenacity.0d40e76f.lm_rewrite__z0ij0hwj.nf257wgy,26,jd__tenacity.0d40e76f.lm_rewrite__z0ij0hwj.nf257wgy,17752,true,40,231,0,0,0,0,0,,0,0,780000000,780000000,0,0,0,ok,,
302,,,,jd__tenacity.0d40e76f.lm_rewrite__z0ij0hwj.nf257wgy,27,jd__tenacity.0d40e76f.lm_rewrite__z0ij0hwj.nf257wgy,18024,true,1655,61,0,0,0,0,0,,0,0,810000000,810000000,0,0,0,ok,,
303,,,,jd__tenacity.0d40e76f.lm_rewrite__z0ij0hwj.nf257wgy,28,jd__tenacity.0d40e76f.lm_rewrite__z0ij0hwj.nf257wgy,19741,true,15,13,0,0,0,0,0,,0,0,840000000,840000000,0,0,0,ok,,
304,,,,oauthlib__oauthlib.1fd52536.lm_rewrite__pf6xh62j.i9gumkl7,0,oauthlib__oauthlib.1fd52536.lm_rewrite__pf6xh62j.i9gumkl7,978,true,640,93,0,0,0,0,0,,0,0,0,0,0,0,0,ok,,
305,,,,oauthlib__oauthlib.1fd52536.lm_rewrite__pf6xh62j.i9gumkl7,1,oauthlib__oauthlib.1fd52536.lm_rewrite__pf6xh62j.i9gumkl7,1712,true,2081,81,0,0,0,0,0,,0,0,30000000,30000000,0,0,0,ok,,
306,,,,oauthlib__oauthlib.1fd52536.lm_rewrite__pf6xh62j.i9gumkl7,2,oauthlib__oauthlib.1fd52536.lm_rewrite__pf6xh62j.i9gumkl7,3875,true,1685,72,0,0,0,0,0,,0,0,60000000,60000000,0,0,0,ok,,
307,,,,oauthlib__oauthlib.1fd52536.lm_rewrite__pf6xh62j.i9gumkl7,3,oauthlib__oauthlib.1fd52536.lm_rewrite__pf6xh62j.i9gumkl7,5633,true,462,72,0,0,0,0,0,,0,0,90000000,90000000,0,0,0,ok,,
308,,,,oauthlib__oauthlib.1fd52536.lm_rewrite__pf6xh62j.i9gumkl7,4,oauthlib__oauthlib.1fd52536.lm_rewrite__pf6xh62j.i9gumkl7,6168,true,676,65,0,0,0,0,0,,0,0,120000000,120000000,0,0,0,ok,,
309,,,,oauthlib__oauthlib.1fd52536.lm_rewrite__pf6xh62j.i9gumkl7,5,oauthlib__oauthlib.1fd52536.lm_rewrite__pf6xh62j.i9gumkl7,6910,true,1368,80,0,0,0,0,0,,0,0,150000000,150000000,0,0,0,ok,,
310,,,,oauthlib__oauthlib.1fd52536.lm_rewrite__pf6xh62j.i9gumkl7,6,oauthlib__oauthlib.1fd52536.lm_rewrite__pf6xh62j.i9gumkl7,8359,true,3495,304,0,0,0,0,0,,0,0,180000000,180000000,0,0,0,ok,,
311,,,,oauthlib__oauthlib.1fd52536.lm_rewrite__pf6xh62j.i9gumkl7,7,oauthlib__oauthlib.1fd52536.lm_rewrite__pf6xh62j.i9gumkl7,12159,true,17,36,0,0,0,0,0,,0,0,210000000,210000000,0,0,0,ok,,
312,,,,oauthlib__oauthlib.1fd52536.lm_rewrite__pf6xh62j.i9gumkl7,8,oauthlib__oauthlib.1fd52536.lm_rewrite__pf6xh62j.i9gumkl7,12213,true,52,76,0,0,0,0,0,,0,0,240000000,240000000,0,0,0,ok,,
313,,,,oauthlib__oauthlib.1fd52536.lm_rewrite__pf6xh62j.i9gumkl7,9,oauthlib__oauthlib.1fd52536.lm_rewrite__pf6xh62j.i9gumkl7,12342,true,462,45,0,0,0,0,0,,0,0,270000000,270000000,0,0,0,ok,,
314,,,,oauthlib__oauthlib.1fd52536.lm_rewrite__pf6xh62j.i9gumkl7,10,oauthlib__oauthlib.1fd52536.lm_rewrite__pf6xh62j.i9gumkl7,12849,true,53,511,0,0,0,0,0,,0,0,300000000,300000000,0,0,0,ok,,
315,,,,oauthlib__oauthlib.1fd52536.lm_rewrite__pf6xh62j.i9gumkl7,11,oauthlib__oauthlib.1fd52536.lm_rewrite__pf6xh62j.i9gumkl7,13414,true,350,32,0,0,0,0,0,,0,0,330000000,330000000,0,0,0,ok,,
316,,,,oauthlib__oauthlib.1fd52536.lm_rewrite__pf6xh62j.i9gumkl7,12,oauthlib__oauthlib.1fd52536.lm_rewrite__pf6xh62j.i9gumkl7,13797,true,106,157,0,0,0,0,0,,0,0,360000000,360000000,0,0,0,ok,,
317,,,,oauthlib__oauthlib.1fd52536.lm_rewrite__pf6xh62j.i9gumkl7,13,oauthlib__oauthlib.1fd52536.lm_rewrite__pf6xh62j.i9gumkl7,14061,true,394,139,0,0,0,0,0,,0,0,390000000,390000000,0,0,0,ok,,
318,,,,oauthlib__oauthlib.1fd52536.lm_rewrite__pf6xh62j.i9gumkl7,14,oauthlib__oauthlib.1fd52536.lm_rewrite__pf6xh62j.i9gumkl7,14594,true,462,147,0,0,0,0,0,,0,0,420000000,420000000,0,0,0,ok,,
319,,,,oauthlib__oauthlib.1fd52536.lm_rewrite__pf6xh62j.i9gumkl7,15,oauthlib__oauthlib.1fd52536.lm_rewrite__pf6xh62j.i9gumkl7,15204,true,15,55,0,0,0,0,0,,0,0,450000000,450000000,0,0,0,ok,,
320,,,,oauthlib__oauthlib.1fd52536.lm_rewrite__pf6xh62j.i9gumkl7,16,oauthlib__oauthlib.1fd52536.lm_rewrite__pf6xh62j.i9gumkl7,15275,true,15,215,0,0,0,0,0,,0,0,480000000,480000000,0,0,0,ok,,
321,,,,oauthlib__oauthlib.1fd52536.lm_rewrite__pf6xh62j.i9gumkl7,17,oauthlib__oauthlib.1fd52536.lm_rewrite__pf6xh62j.i9gumkl7,15506,true,37,49,0,0,0,0,0,,0,0,510000000,510000000,0,0,0,ok,,
322,,,,oauthlib__oauthlib.1fd52536.lm_rewrite__pf6xh62j.i9gumkl7,18,oauthlib__oauthlib.1fd52536.lm_rewrite__pf6xh62j.i9gumkl7,15593,true,77,827,0,0,0,0,0,,0,0,540000000,540000000,0,0,0,ok,,
323,,,,oauthlib__oauthlib.1fd52536.lm_rewrite__pf6xh62j.i9gumkl7,19,oauthlib__oauthlib.1fd52536.lm_rewrite__pf6xh62j.i9gumkl7,16499,true,599,32,0,0,0,0,0,,0,0,570000000,570000000,0,0,0,ok,,
324,,,,oauthlib__oauthlib.1fd52536.lm_rewrite__pf6xh62j.i9gumkl7,20,oauthlib__oauthlib.1fd52536.lm_rewrite__pf6xh62j.i9gumkl7,17130,true,176,919,0,0,0,0,0,,0,0,600000000,600000000,0,0,0,ok,,
325,,,,oauthlib__oauthlib.1fd52536.lm_rewrite__pf6xh62j.i9gumkl7,21,oauthlib__oauthlib.1fd52536.lm_rewrite__pf6xh62j.i9gumkl7,18226,true,661,44,0,0,0,0,0,,0,0,630000000,630000000,0,0,0,ok,,
326,,,,oauthlib__oauthlib.1fd52536.lm_rewrite__pf6xh62j.i9gumkl7,22,oauthlib__oauthlib.1fd52536.lm_rewrite__pf6xh62j.i9gumkl7,18933,true,179,241,0,0,0,0,0,,0,0,660000000,660000000,0,0,0,ok,,
327,,,,oauthlib__oauthlib.1fd52536.lm_rewrite__pf6xh62j.i9gumkl7,23,oauthlib__oauthlib.1fd52536.lm_rewrite__pf6xh62j.i9gumkl7,19353,true,16,23,0,0,0,0,0,,0,0,690000000,690000000,0,0,0,ok,,
328,,,,oauthlib__oauthlib.1fd52536.lm_rewrite__pf6xh62j.i9gumkl7,24,oauthlib__oauthlib.1fd52536.lm_rewrite__pf6xh62j.i9gumkl7,19393,true,33,313,0,0,0,0,0,,0,0,720000000,720000000,0,0,0,ok,,
329,,,,oauthlib__oauthlib.1fd52536.lm_rewrite__pf6xh62j.i9gumkl7,25,oauthlib__oauthlib.1fd52536.lm_rewrite__pf6xh62j.i9gumkl7,19740,true,16,23,0,0,0,0,0,,0,0,750000000,750000000,0,0,0,ok,,
330,,,,oauthlib__oauthlib.1fd52536.lm_rewrite__pf6xh62j.i9gumkl7,26,oauthlib__oauthlib.1fd52536.lm_rewrite__pf6xh62j.i9gumkl7,19779,true,99,244,0,0,0,0,0,,0,0,780000000,780000000,0,0,0,ok,,
331,,,,oauthlib__oauthlib.1fd52536.lm_rewrite__pf6xh62j.i9gumkl7,27,oauthlib__oauthlib.1fd52536.lm_rewrite__pf6xh62j.i9gumkl7,20123,true,1450,41,0,0,0,0,0,,0,0,810000000,810000000,0,0,0,ok,,
332,,,,oauthlib__oauthlib.1fd52536.lm_rewrite__pf6xh62j.i9gumkl7,28,oauthlib__oauthlib.1fd52536.lm_rewrite__pf6xh62j.i9gumkl7,21616,true,15,13,0,0,0,0,0,,0,0,840000000,840000000,0,0,0,ok,,
333,,,,andialbrecht__sqlparse.e57923b3.lm_rewrite__scnjth44.q1xsbql3,0,andialbrecht__sqlparse.e57923b3.lm_rewrite__scnjth44.q1xsbql3,978,true,598,107,0,0,0,0,0,,0,0,0,0,0,0,0,ok,,
334,,,,andialbrecht__sqlparse.e57923b3.lm_rewrite__scnjth44.q1xsbql3,1,andialbrecht__sqlparse.e57923b3.lm_rewrite__scnjth44.q1xsbql3,1684,true,301,72,0,0,0,0,0,,0,0,30000000,30000000,0,0,0,ok,,
335,,,,andialbrecht__sqlparse.e57923b3.lm_rewrite__scnjth44.q1xsbql3,2,andialbrecht__sqlparse.e57923b3.lm_rewrite__scnjth44.q1xsbql3,2057,true,4557,52,0,0,0,0,0,,0,0,60000000,60000000,0,0,0,ok,,
336,,,,andialbrecht__sqlparse.e57923b3.lm_rewrite__scnjth44.q1xsbql3,3,andialbrecht__sqlparse.e57923b3.lm_rewrite__scnjth44.q1xsbql3,6668,true,3164,52,0,0,0,0,0,,0,0,90000000,90000000,0,0,0,ok,,
337,,,,andialbrecht__sqlparse.e57923b3.lm_rewrite__scnjth44.q1xsbql3,4,andialbrecht__sqlparse.e57923b3.lm_rewrite__scnjth44.q1xsbql3,9884,true,609,244,0,0,0,0,0,,0,0,120000000,120000000,0,0,0,ok,,
338,,,,andialbrecht__sqlparse.e57923b3.lm_rewrite__scnjth44.q1xsbql3,5,andialbrecht__sqlparse.e57923b3.lm_rewrite__scnjth44.q1xsbql3,10738,true,17,35,0,0,0,0,0,,0,0,150000000,150000000,0,0,0,ok,,
339,,,,andialbrecht__sqlparse.e57923b3.lm_rewrite__scnjth44.q1xsbql3,6,andialbrecht__sqlparse.e57923b3.lm_rewrite__scnjth44.q1xsbql3,10792,true,234,743,0,0,0,0,0,,0,0,180000000,180000000,0,0,0,ok,,
340,,,,andialbrecht__sqlparse.e57923b3.lm_rewrite__scnjth44.q1xsbql3,7,andialbrecht__sqlparse.e57923b3.lm_rewrite__scnjth44.q1xsbql3,11770,true,641,32,0,0,0,0,0,,0,0,210000000,210000000,0,0,0,ok,,
341,,,,andialbrecht__sqlparse.e57923b3.lm_rewrite__scnjth44.q1xsbql3,8,andialbrecht__sqlparse.e57923b3.lm_rewrite__scnjth44.q1xsbql3,12444,true,478,194,0,0,0,0,0,,0,0,240000000,240000000,0,0,0,ok,,
342,,,,andialbrecht__sqlparse.e57923b3.lm_rewrite__scnjth44.q1xsbql3,9,andialbrecht__sqlparse.e57923b3.lm_rewrite__scnjth44.q1xsbql3,13118,true,244,64,0,0,0,0,0,,0,0,270000000,270000000,0,0,0,ok,,
343,,,,andialbrecht__sqlparse.e57923b3.lm_rewrite__scnjth44.q1xsbql3,10,andialbrecht__sqlparse.e57923b3.lm_rewrite__scnjth44.q1xsbql3,13426,true,368,53,0,0,0,0,0,,0,0,300000000,300000000,0,0,0,ok,,
344,,,,andialbrecht__sqlparse.e57923b3.lm_rewrite__scnjth44.q1xsbql3,11,andialbrecht__sqlparse.e57923b3.lm_rewrite__scnjth44.q1xsbql3,13848,true,1139,511,0,0,0,0,0,,0,0,330000000,330000000,0,0,0,ok,,
345,,,,andialbrecht__sqlparse.e57923b3.lm_rewrite__scnjth44.q1xsbql3,12,andialbrecht__sqlparse.e57923b3.lm_rewrite__scnjth44.q1xsbql3,15499,true,351,97,0,0,0,0,0,,0,0,360000000,360000000,0,0,0,ok,,
346,,,,andialbrecht__sqlparse.e57923b3.lm_rewrite__scnjth44.q1xsbql3,13,andialbrecht__sqlparse.e57923b3.lm_rewrite__scnjth44.q1xsbql3,15948,true,478,541,0,0,0,0,0,,0,0,390000000,390000000,0,0,0,ok,,
347,,,,andialbrecht__sqlparse.e57923b3.lm_rewrite__scnjth44.q1xsbql3,14,andialbrecht__sqlparse.e57923b3.lm_rewrite__scnjth44.q1xsbql3,16968,true,17,32,0,0,0,0,0,,0,0,420000000,420000000,0,0,0,ok,,
348,,,,andialbrecht__sqlparse.e57923b3.lm_rewrite__scnjth44.q1xsbql3,15,andialbrecht__sqlparse.e57923b3.lm_rewrite__scnjth44.q1xsbql3,17018,true,2424,781,0,0,0,0,0,,0,0,450000000,450000000,0,0,0,ok,,
349,,,,andialbrecht__sqlparse.e57923b3.lm_rewrite__scnjth44.q1xsbql3,16,andialbrecht__sqlparse.e57923b3.lm_rewrite__scnjth44.q1xsbql3,20224,true,17,33,0,0,0,0,0,,0,0,480000000,480000000,0,0,0,ok,,
350,,,,andialbrecht__sqlparse.e57923b3.lm_rewrite__scnjth44.q1xsbql3,17,andialbrecht__sqlparse.e57923b3.lm_rewrite__scnjth44.q1xsbql3,20274,true,3297,80,0,0,0,0,0,,0,0,510000000,510000000,0,0,0,ok,,
351,,,,andialbrecht__sqlparse.e57923b3.lm_rewrite__scnjth44.q1xsbql3,18,andialbrecht__sqlparse.e57923b3.lm_rewrite__scnjth44.q1xsbql3,23651,true,478,440,0,0,0,0,0,,0,0,540000000,540000000,0,0,0,ok,,
352,,,,andialbrecht__sqlparse.e57923b3.lm_rewrite__scnjth44.q1xsbql3,19,andialbrecht__sqlparse.e57923b3.lm_rewrite__scnjth44.q1xsbql3,24570,true,2196,48,0,0,0,0,0,,0,0,570000000,570000000,0,0,0,ok,,
353,,,,andialbrecht__sqlparse.e57923b3.lm_rewrite__scnjth44.q1xsbql3,20,andialbrecht__sqlparse.e57923b3.lm_rewrite__scnjth44.q1xsbql3,26816,true,15,7,0,0,0,0,0,,0,0,600000000,600000000,0,0,0,ok,,
354,,,,lincolnloop__python-qrcode.456b01d4.129.ahs2t6ty,0,lincolnloop__python-qrcode.456b01d4.129.ahs2t6ty,978,true,624,64,0,0,0,0,0,,0,0,0,0,0,0,0,ok,,
355,,,,lincolnloop__python-qrcode.456b01d4.129.ahs2t6ty,1,lincolnloop__python-qrcode.456b01d4.129.ahs2t6ty,1666,true,487,45,0,0,0,0,0,,0,0,30000000,30000000,0,0,0,ok,,
356,,,,lincolnloop__python-qrcode.456b01d4.129.ahs2t6ty,2,lincolnloop__python-qrcode.456b01d4.129.ahs2t6ty,2199,true,457,44,0,0,0,0,0,,0,0,60000000,60000000,0,0,0,ok,,
357,,,,lincolnloop__python-qrcode.456b01d4.129.ahs2t6ty,3,lincolnloop__python-qrcode.456b01d4.129.ahs2t6ty,2701,true,55,98,0,0,0,0,0,,0,0,90000000,90000000,0,0,0,ok,,
358,,,,lincolnloop__python-qrcode.456b01d4.129.ahs2t6ty,4,lincolnloop__python-qrcode.456b01d4.129.ahs2t6ty,2855,true,16,38,0,0,0,0,0,,0,0,120000000,120000000,0,0,0,ok,,
359,,,,lincolnloop__python-qrcode.456b01d4.129.ahs2t6ty,5,lincolnloop__python-qrcode.456b01d4.129.ahs2t6ty,2909,true,162,347,0,0,0,0,0,,0,0,150000000,150000000,0,0,0,ok,,
360,,,,lincolnloop__python-qrcode.456b01d4.129.ahs2t6ty,6,lincolnloop__python-qrcode.456b01d4.129.ahs2t6ty,3419,true,16,30,0,0,0,0,0,,0,0,180000000,180000000,0,0,0,ok,,
361,,,,lincolnloop__python-qrcode.456b01d4.129.ahs2t6ty,7,lincolnloop__python-qrcode.456b01d4.129.ahs2t6ty,3466,true,15,17,0,0,0,0,0,,0,0,210000000,210000000,0,0,0,ok,,
362,,,,lincolnloop__python-qrcode.456b01d4.129.ahs2t6ty,8,lincolnloop__python-qrcode.456b01d4.129.ahs2t6ty,3499,true,503,34,0,0,0,0,0,,0,0,240000000,240000000,0,0,0,ok,,
363,,,,lincolnloop__python-qrcode.456b01d4.combine_file__svo6amwn.fe05o0l2,0,lincolnloop__python-qrcode.456b01d4.combine_file__svo6amwn.fe05o0l2,978,true,522,102,0,0,0,0,0,,0,0,0,0,0,0,0,ok,,
364,,,,lincolnloop__python-qrcode.456b01d4.combine_file__svo6amwn.fe05o0l2,1,lincolnloop__python-qrcode.456b01d4.combine_file__svo6amwn.fe05o0l2,1602,true,309,70,0,0,0,0,0,,0,0,30000000,30000000,0,0,0,ok,,
365,,,,lincolnloop__python-qrcode.456b01d4.combine_file__svo6amwn.fe05o0l2,2,lincolnloop__python-qrcode.456b01d4.combine_file__svo6amwn.fe05o0l2,1982,true,243,43,0,0,0,0,0,,0,0,60000000,60000000,0,0,0,ok,,
366,,,,lincolnloop__python-qrcode.456b01d4.combine_file__svo6amwn.fe05o0l2,3,lincolnloop__python-qrcode.456b01d4.combine_file__svo6amwn.fe05o0l2,2269,true,1476,55,0,0,0,0,0,,0,0,90000000,90000000,0,0,0,ok,,
367,,,,lincolnloop__python-qrcode.456b01d4.combine_file__svo6amwn.fe05o0l2,4,lincolnloop__python-qrcode.456b01d4.combine_file__svo6amwn.fe05o0l2,3801,true,1953,63,0,0,0,0,0,,0,0,120000000,120000000,0,0,0,ok,,
368,,,,lincolnloop__python-qrcode.456b01d4.combine_file__svo6amwn.fe05o0l2,5,lincolnloop__python-qrcode.456b01d4.combine_file__svo6amwn.fe05o0l2,5818,true,1367,62,0,0,0,0,0,,0,0,150000000,150000000,0,0,0,ok,,
369,,,,lincolnloop__python-qrcode.456b01d4.combine_file__svo6amwn.fe05o0l2,6,lincolnloop__python-qrcode.456b01d4.combine_file__svo6amwn.fe05o0l2,7247,true,2461,310,0,0,0,0,0,,0,0,180000000,180000000,0,0,0,ok,,
370,,,,lincolnloop__python-qrcode.456b01d4.combine_file__svo6amwn.fe05o0l2,7,lincolnloop__python-qrcode.456b01d4.combine_file__svo6amwn.fe05o0l2,10018,true,17,35,0,0,0,0,0,,0,0,210000000,210000000,0,0,0,ok,,
371,,,,lincolnloop__python-qrcode.456b01d4.combine_file__svo6amwn.fe05o0l2,8,lincolnloop__python-qrcode.456b01d4.combine_file__svo6amwn.fe05o0l2,10072,true,197,254,0,0,0,0,0,,0,0,240000000,240000000,0,0,0,ok,,
372,,,,lincolnloop__python-qrcode.456b01d4.combine_file__svo6amwn.fe05o0l2,9,lincolnloop__python-qrcode.456b01d4.combine_file__svo6amwn.fe05o0l2,10524,true,124,99,0,0,0,0,0,,0,0,270000000,270000000,0,0,0,ok,,
373,,,,lincolnloop__python-qrcode.456b01d4.combine_file__svo6amwn.fe05o0l2,10,lincolnloop__python-qrcode.456b01d4.combine_file__svo6amwn.fe05o0l2,10747,true,133,92,0,0,0,0,0,,0,0,300000000,300000000,0,0,0,ok,,
374,,,,lincolnloop__python-qrcode.456b01d4.combine_file__svo6amwn.fe05o0l2,11,lincolnloop__python-qrcode.456b01d4.combine_file__svo6amwn.fe05o0l2,10974,true,113,40,0,0,0,0,0,,0,0,330000000,330000000,0,0,0,ok,,
375,,,,lincolnloop__python-qrcode.456b01d4.combine_file__svo6amwn.fe05o0l2,12,lincolnloop__python-qrcode.456b01d4.combine_file__svo6amwn.fe05o0l2,11127,true,23,276,0,0,0,0,0,,0,0,360000000,360000000,0,0,0,ok,,
376,,,,lincolnloop__python-qrcode.456b01d4.combine_file__svo6amwn.fe05o0l2,13,lincolnloop__python-qrcode.456b01d4.combine_file__svo6amwn.fe05o0l2,11427,true,16,23,0,0,0,0,0,,0,0,390000000,390000000,0,0,0,ok,,
377,,,,lincolnloop__python-qrcode.456b01d4.combine_file__svo6amwn.fe05o0l2,14,lincolnloop__python-qrcode.456b01d4.combine_file__svo6amwn.fe05o0l2,11467,true,30,130,0,0,0,0,0,,0,0,420000000,420000000,0,0,0,ok,,
378,,,,lincolnloop__python-qrcode.456b01d4.combine_file__svo6amwn.fe05o0l2,15,lincolnloop__python-qrcode.456b01d4.combine_file__svo6amwn.fe05o0l2,11629,true,103,43,0,0,0,0,0,,0,0,450000000,450000000,0,0,0,ok,,
379,,,,lincolnloop__python-qrcode.456b01d4.combine_file__svo6amwn.fe05o0l2,16,lincolnloop__python-qrcode.456b01d4.combine_file__svo6amwn.fe05o0l2,11776,true,153,255,0,0,0,0,0,,0,0,480000000,480000000,0,0,0,ok,,
380,,,,lincolnloop__python-qrcode.456b01d4.combine_file__svo6amwn.fe05o0l2,17,lincolnloop__python-qrcode.456b01d4.combine_file__svo6amwn.fe05o0l2,12185,true,213,340,0,0,0,0,0,,0,0,510000000,510000000,0,0,0,ok,,
381,,,,lincolnloop__python-qrcode.456b01d4.combine_file__svo6amwn.fe05o0l2,18,lincolnloop__python-qrcode.456b01d4.combine_file__svo6amwn.fe05o0l2,12738,true,355,40,0,0,0,0,0,,0,0,540000000,540000000,0,0,0,ok,,
382,,,,lincolnloop__python-qrcode.456b01d4.combine_file__svo6amwn.fe05o0l2,19,lincolnloop__python-qrcode.456b01d4.combine_file__svo6amwn.fe05o0l2,13134,true,23,326,0,0,0,0,0,,0,0,570000000,570000000,0,0,0,ok,,
383,,,,lincolnloop__python-qrcode.456b01d4.combine_file__svo6amwn.fe05o0l2,20,lincolnloop__python-qrcode.456b01d4.combine_file__svo6amwn.fe05o0l2,13484,true,17,25,0,0,0,0,0,,0,0,600000000,600000000,0,0,0,ok,,
384,,,,lincolnloop__python-qrcode.456b01d4.combine_file__svo6amwn.fe05o0l2,21,lincolnloop__python-qrcode.456b01d4.combine_file__svo6amwn.fe05o0l2,13527,true,285,330,0,0,0,0,0,,0,0,630000000,630000000,0,0,0,ok,,
385,,,,lincolnloop__python-qrcode.456b01d4.combine_file__svo6amwn.fe05o0l2,22,lincolnloop__python-qrcode.456b01d4.combine_file__svo6amwn.fe05o0l2,14142,true,17,24,0,0,0,0,0,,0,0,660000000,660000000,0,0,0,ok,,
386,,,,lincolnloop__python-qrcode.456b01d4.combine_file__svo6amwn.fe05o0l2,23,lincolnloop__python-qrcode.456b01d4.combine_file__svo6amwn.fe05o0l2,14185,true,120,573,0,0,0,0,0,,0,0,690000000,690000000,0,0,0,ok,,
387,,,,lincolnloop__python-qrcode.456b01d4.combine_file__svo6amwn.fe05o0l2,24,lincolnloop__python-qrcode.456b01d4.combine_file__svo6amwn.fe05o0l2,14879,true,1716,53,0,0,0,0,0,,0,0,720000000,720000000,0,0,0,ok,,
388,,,,lincolnloop__python-qrcode.456b01d4.combine_file__svo6amwn.fe05o0l2,25,lincolnloop__python-qrcode.456b01d4.combine_file__svo6amwn.fe05o0l2,16648,true,15,13,0,0,0,0,0,,0,0,750000000,750000000,0,0,0,ok,,
389,,,,weaveworks__grafanalib.5c3b17ed.52.ta4ovw42,0,weaveworks__grafanalib.5c3b17ed.52.ta4ovw42,978,true,599,75,0,0,0,0,0,,0,0,0,0,0,0,0,ok,,
390,,,,weaveworks__grafanalib.5c3b17ed.52.ta4ovw42,1,weaveworks__grafanalib.5c3b17ed.52.ta4ovw42,1653,true,289,67,0,0,0,0,0,,0,0,30000000,30000000,0,0,0,ok,,
391,,,,weaveworks__grafanalib.5c3b17ed.52.ta4ovw42,2,weaveworks__grafanalib.5c3b17ed.52.ta4ovw42,2010,true,2178,231,0,0,0,0,0,,0,0,60000000,60000000,0,0,0,ok,,
392,,,,weaveworks__grafanalib.5c3b17ed.52.ta4ovw42,3,weaveworks__grafanalib.5c3b17ed.52.ta4ovw42,4420,true,19,68,0,0,0,0,0,,0,0,90000000,90000000,0,0,0,ok,,
393,,,,weaveworks__grafanalib.5c3b17ed.52.ta4ovw42,4,weaveworks__grafanalib.5c3b17ed.52.ta4ovw42,4508,true,109,440,0,0,0,0,0,,0,0,120000000,120000000,0,0,0,ok,,
394,,,,weaveworks__grafanalib.5c3b17ed.52.ta4ovw42,5,weaveworks__grafanalib.5c3b17ed.52.ta4ovw42,5058,true,334,172,0,0,0,0,0,,0,0,150000000,150000000,0,0,0,ok,,
395,,,,weaveworks__grafanalib.5c3b17ed.52.ta4ovw42,6,weaveworks__grafanalib.5c3b17ed.52.ta4ovw42,5564,true,281,61,0,0,0,0,0,,0,0,180000000,180000000,0,0,0,ok,,
396,,,,weaveworks__grafanalib.5c3b17ed.52.ta4ovw42,7,weaveworks__grafanalib.5c3b17ed.52.ta4ovw42,5907,true,15,39,0,0,0,0,0,,0,0,210000000,210000000,0,0,0,ok,,
397,,,,weaveworks__grafanalib.5c3b17ed.52.ta4ovw42,8,weaveworks__grafanalib.5c3b17ed.52.ta4ovw42,5962,true,281,75,0,0,0,0,0,,0,0,240000000,240000000,0,0,0,ok,,
398,,,,weaveworks__grafanalib.5c3b17ed.52.ta4ovw42,9,weaveworks__grafanalib.5c3b17ed.52.ta4ovw42,6318,true,151,66,0,0,0,0,0,,0,0,270000000,270000000,0,0,0,ok,,
399,,,,weaveworks__grafanalib.5c3b17ed.52.ta4ovw42,10,weaveworks__grafanalib.5c3b17ed.52.ta4ovw42,6536,true,73,81,0,0,0,0,0,,0,0,300000000,300000000,0,0,0,ok,,
400,,,,weaveworks__grafanalib.5c3b17ed.52.ta4ovw42,11,weaveworks__grafanalib.5c3b17ed.52.ta4ovw42,6691,true,15,33,0,0,0,0,0,,0,0,330000000,330000000,0,0,0,ok,,
401,,,,mozillazg__python-pinyin.e42dede5.lm_rewrite__0xvqderw.qxzks13s,0,mozillazg__python-pinyin.e42dede5.lm_rewrite__0xvqderw.qxzks13s,978,true,537,119,0,0,0,0,0,,0,0,0,0,0,0,0,ok,,
402,,,,mozillazg__python-pinyin.e42dede5.lm_rewrite__0xvqderw.qxzks13s,1,mozillazg__python-pinyin.e42dede5.lm_rewrite__0xvqderw.qxzks13s,1634,true,574,53,0,0,0,0,0,,0,0,30000000,30000000,0,0,0,ok,,
403,,,,mozillazg__python-pinyin.e42dede5.lm_rewrite__0xvqderw.qxzks13s,2,mozillazg__python-pinyin.e42dede5.lm_rewrite__0xvqderw.qxzks13s,2262,true,548,60,0,0,0,0,0,,0,0,60000000,60000000,0,0,0,ok,,
404,,,,mozillazg__python-pinyin.e42dede5.lm_rewrite__0xvqderw.qxzks13s,3,mozillazg__python-pinyin.e42dede5.lm_rewrite__0xvqderw.qxzks13s,2871,true,4760,65,0,0,0,0,0,,0,0,90000000,90000000,0,0,0,ok,,
405,,,,mozillazg__python-pinyin.e42dede5.lm_rewrite__0xvqderw.qxzks13s,4,mozillazg__python-pinyin.e42dede5.lm_rewrite__0xvqderw.qxzks13s,7697,true,4611,232,0,0,0,0,0,,0,0,120000000,120000000,0,0,0,ok,,
406,,,,mozillazg__python-pinyin.e42dede5.lm_rewrite__0xvqderw.qxzks13s,5,mozillazg__python-pinyin.e42dede5.lm_rewrite__0xvqderw.qxzks13s,12541,true,17,34,0,0,0,0,0,,0,0,150000000,150000000,0,0,0,ok,,
407,,,,mozillazg__python-pinyin.e42dede5.lm_rewrite__0xvqderw.qxzks13s,6,mozillazg__python-pinyin.e42dede5.lm_rewrite__0xvqderw.qxzks13s,12593,true,22,471,0,0,0,0,0,,0,0,180000000,180000000,0,0,0,ok,,
408,,,,mozillazg__python-pinyin.e42dede5.lm_rewrite__0xvqderw.qxzks13s,7,mozillazg__python-pinyin.e42dede5.lm_rewrite__0xvqderw.qxzks13s,13087,true,359,38,0,0,0,0,0,,0,0,210000000,210000000,0,0,0,ok,,
409,,,,mozillazg__python-pinyin.e42dede5.lm_rewrite__0xvqderw.qxzks13s,8,mozillazg__python-pinyin.e42dede5.lm_rewrite__0xvqderw.qxzks13s,13485,true,24,343,0,0,0,0,0,,0,0,240000000,240000000,0,0,0,ok,,
410,,,,mozillazg__python-pinyin.e42dede5.lm_rewrite__0xvqderw.qxzks13s,9,mozillazg__python-pinyin.e42dede5.lm_rewrite__0xvqderw.qxzks13s,13853,true,17,31,0,0,0,0,0,,0,0,270000000,270000000,0,0,0,ok,,
411,,,,mozillazg__python-pinyin.e42dede5.lm_rewrite__0xvqderw.qxzks13s,10,mozillazg__python-pinyin.e42dede5.lm_rewrite__0xvqderw.qxzks13s,13902,true,344,88,0,0,0,0,0,,0,0,300000000,300000000,0,0,0,ok,,
412,,,,mozillazg__python-pinyin.e42dede5.lm_rewrite__0xvqderw.qxzks13s,11,mozillazg__python-pinyin.e42dede5.lm_rewrite__0xvqderw.qxzks13s,14336,true,140,69,0,0,0,0,0,,0,0,330000000,330000000,0,0,0,ok,,
413,,,,mozillazg__python-pinyin.e42dede5.lm_rewrite__0xvqderw.qxzks13s,12,mozillazg__python-pinyin.e42dede5.lm_rewrite__0xvqderw.qxzks13s,14545,true,876,41,0,0,0,0,0,,0,0,360000000,360000000,0,0,0,ok,,
414,,,,mozillazg__python-pinyin.e42dede5.lm_rewrite__0xvqderw.qxzks13s,13,mozillazg__python-pinyin.e42dede5.lm_rewrite__0xvqderw.qxzks13s,15462,true,15,7,0,0,0,0,0,,0,0,390000000,390000000,0,0,0,ok,,
415,,,,pndurette__gTTS.dbcda4f3.pr_440.iu5qrfmd,0,pndurette__gTTS.dbcda4f3.pr_440.iu5qrfmd,978,true,465,74,0,0,0,0,0,,0,0,0,0,0,0,0,ok,,
416,,,,pndurette__gTTS.dbcda4f3.pr_440.iu5qrfmd,1,pndurette__gTTS.dbcda4f3.pr_440.iu5qrfmd,1517,true,208,63,0,0,0,0,0,,0,0,30000000,30000000,0,0,0,ok,,
417,,,,pndurette__gTTS.dbcda4f3.pr_440.iu5qrfmd,2,pndurette__gTTS.dbcda4f3.pr_440.iu5qrfmd,1789,true,66,50,0,0,0,0,0,,0,0,60000000,60000000,0,0,0,ok,,
418,,,,pndurette__gTTS.dbcda4f3.pr_440.iu5qrfmd,3,pndurette__gTTS.dbcda4f3.pr_440.iu5qrfmd,1906,true,29,57,0,0,0,0,0,,0,0,90000000,90000000,0,0,0,ok,,
419,,,,pndurette__gTTS.dbcda4f3.pr_440.iu5qrfmd,4,pndurette__gTTS.dbcda4f3.pr_440.iu5qrfmd,1992,true,3959,42,0,0,0,0,0,,0,0,120000000,120000000,0,0,0,ok,,
420,,,,pndurette__gTTS.dbcda4f3.pr_440.iu5qrfmd,5,pndurette__gTTS.dbcda4f3.pr_440.iu5qrfmd,5993,true,211,64,0,0,0,0,0,,0,0,150000000,150000000,0,0,0,ok,,
421,,,,pndurette__gTTS.dbcda4f3.pr_440.iu5qrfmd,6,pndurette__gTTS.dbcda4f3.pr_440.iu5qrfmd,6270,true,497,45,0,0,0,0,0,,0,0,180000000,180000000,0,0,0,ok,,
422,,,,pndurette__gTTS.dbcda4f3.pr_440.iu5qrfmd,7,pndurette__gTTS.dbcda4f3.pr_440.iu5qrfmd,6812,true,431,45,0,0,0,0,0,,0,0,210000000,210000000,0,0,0,ok,,
423,,,,pndurette__gTTS.dbcda4f3.pr_440.iu5qrfmd,8,pndurette__gTTS.dbcda4f3.pr_440.iu5qrfmd,7289,true,481,45,0,0,0,0,0,,0,0,240000000,240000000,0,0,0,ok,,
424,,,,pndurette__gTTS.dbcda4f3.pr_440.iu5qrfmd,9,pndurette__gTTS.dbcda4f3.pr_440.iu5qrfmd,7816,true,33,45,0,0,0,0,0,,0,0,270000000,270000000,0,0,0,ok,,
425,,,,pndurette__gTTS.dbcda4f3.pr_440.iu5qrfmd,10,pndurette__gTTS.dbcda4f3.pr_440.iu5qrfmd,7895,true,141,232,0,0,0,0,0,,0,0,300000000,300000000,0,0,0,ok,,
426,,,,pndurette__gTTS.dbcda4f3.pr_440.iu5qrfmd,11,pndurette__gTTS.dbcda4f3.pr_440.iu5qrfmd,8269,true,17,34,0,0,0,0,0,,0,0,330000000,330000000,0,0,0,ok,,
427,,,,pndurette__gTTS.dbcda4f3.pr_440.iu5qrfmd,12,pndurette__gTTS.dbcda4f3.pr_440.iu5qrfmd,8321,true,43,71,0,0,0,0,0,,0,0,360000000,360000000,0,0,0,ok,,
428,,,,pndurette__gTTS.dbcda4f3.pr_440.iu5qrfmd,13,pndurette__gTTS.dbcda4f3.pr_440.iu5qrfmd,8436,true,66,410,0,0,0,0,0,,0,0,390000000,390000000,0,0,0,ok,,
429,,,,pndurette__gTTS.dbcda4f3.pr_440.iu5qrfmd,14,pndurette__gTTS.dbcda4f3.pr_440.iu5qrfmd,8913,true,268,31,0,0,0,0,0,,0,0,420000000,420000000,0,0,0,ok,,
430,,,,pndurette__gTTS.dbcda4f3.pr_440.iu5qrfmd,15,pndurette__gTTS.dbcda4f3.pr_440.iu5qrfmd,9212,true,72,202,0,0,0,0,0,,0,0,450000000,450000000,0,0,0,ok,,
431,,,,pndurette__gTTS.dbcda4f3.pr_440.iu5qrfmd,16,pndurette__gTTS.dbcda4f3.pr_440.iu5qrfmd,9486,true,106,926,0,0,0,0,0,,0,0,480000000,480000000,0,0,0,ok,,
432,,,,pndurette__gTTS.dbcda4f3.pr_440.iu5qrfmd,17,pndurette__gTTS.dbcda4f3.pr_440.iu5qrfmd,10519,true,694,172,0,0,0,0,0,,0,0,510000000,510000000,0,0,0,ok,,
433,,,,pndurette__gTTS.dbcda4f3.pr_440.iu5qrfmd,18,pndurette__gTTS.dbcda4f3.pr_440.iu5qrfmd,11386,true,212,42,0,0,0,0,0,,0,0,540000000,540000000,0,0,0,ok,,
434,,,,pndurette__gTTS.dbcda4f3.pr_440.iu5qrfmd,19,pndurette__gTTS.dbcda4f3.pr_440.iu5qrfmd,11641,true,67,1373,0,0,0,0,0,,0,0,570000000,570000000,0,0,0,ok,,
435,,,,pndurette__gTTS.dbcda4f3.pr_440.iu5qrfmd,20,pndurette__gTTS.dbcda4f3.pr_440.iu5qrfmd,13082,true,869,583,0,0,0,0,0,,0,0,600000000,600000000,0,0,0,ok,,
436,,,,pndurette__gTTS.dbcda4f3.pr_440.iu5qrfmd,21,pndurette__gTTS.dbcda4f3.pr_440.iu5qrfmd,14534,true,16,31,0,0,0,0,0,,0,0,630000000,630000000,0,0,0,ok,,
437,,,,pndurette__gTTS.dbcda4f3.pr_440.iu5qrfmd,22,pndurette__gTTS.dbcda4f3.pr_440.iu5qrfmd,14583,true,164,402,0,0,0,0,0,,0,0,660000000,660000000,0,0,0,ok,,
438,,,,pndurette__gTTS.dbcda4f3.pr_440.iu5qrfmd,23,pndurette__gTTS.dbcda4f3.pr_440.iu5qrfmd,15150,true,311,33,0,0,0,0,0,,0,0,690000000,690000000,0,0,0,ok,,
439,,,,pndurette__gTTS.dbcda4f3.pr_440.iu5qrfmd,24,pndurette__gTTS.dbcda4f3.pr_440.iu5qrfmd,15494,true,161,152,0,0,0,0,0,,0,0,720000000,720000000,0,0,0,ok,,
440,,,,pndurette__gTTS.dbcda4f3.pr_440.iu5qrfmd,25,pndurette__gTTS.dbcda4f3.pr_440.iu5qrfmd,15808,true,1474,41,0,0,0,0,0,,0,0,750000000,750000000,0,0,0,ok,,
441,,,,pndurette__gTTS.dbcda4f3.pr_440.iu5qrfmd,26,pndurette__gTTS.dbcda4f3.pr_440.iu5qrfmd,17323,true,15,7,0,0,0,0,0,,0,0,780000000,780000000,0,0,0,ok,,
442,,,,conan-io__conan.86f29e13.pr_17520.e2u62xkm,0,conan-io__conan.86f29e13.pr_17520.e2u62xkm,978,true,666,74,0,0,0,0,0,,0,0,0,0,0,0,0,ok,,
443,,,,conan-io__conan.86f29e13.pr_17520.e2u62xkm,1,conan-io__conan.86f29e13.pr_17520.e2u62xkm,1719,true,13891,56,0,0,0,0,0,,0,0,30000000,30000000,0,0,0,ok,,
444,,,,conan-io__conan.86f29e13.pr_17520.e2u62xkm,2,conan-io__conan.86f29e13.pr_17520.e2u62xkm,15667,true,63,54,0,0,0,0,0,,0,0,60000000,60000000,0,0,0,ok,,
445,,,,conan-io__conan.86f29e13.pr_17520.e2u62xkm,3,conan-io__conan.86f29e13.pr_17520.e2u62xkm,15784,true,1976,36,0,0,0,0,0,,0,0,90000000,90000000,0,0,0,ok,,
446,,,,conan-io__conan.86f29e13.pr_17520.e2u62xkm,4,conan-io__conan.86f29e13.pr_17520.e2u62xkm,17797,true,844,61,0,0,0,0,0,,0,0,120000000,120000000,0,0,0,ok,,
447,,,,conan-io__conan.86f29e13.pr_17520.e2u62xkm,5,conan-io__conan.86f29e13.pr_17520.e2u62xkm,18703,true,2894,836,0,0,0,0,0,,0,0,150000000,150000000,0,0,0,ok,,
448,,,,conan-io__conan.86f29e13.pr_17520.e2u62xkm,6,conan-io__conan.86f29e13.pr_17520.e2u62xkm,22433,true,17,36,0,0,0,0,0,,0,0,180000000,180000000,0,0,0,ok,,
449,,,,conan-io__conan.86f29e13.pr_17520.e2u62xkm,7,conan-io__conan.86f29e13.pr_17520.e2u62xkm,22486,true,62,753,0,0,0,0,0,,0,0,210000000,210000000,0,0,0,ok,,
450,,,,conan-io__conan.86f29e13.pr_17520.e2u62xkm,8,conan-io__conan.86f29e13.pr_17520.e2u62xkm,23302,true,531,949,0,0,0,0,0,,0,0,240000000,240000000,0,0,0,ok,,
451,,,,conan-io__conan.86f29e13.pr_17520.e2u62xkm,9,conan-io__conan.86f29e13.pr_17520.e2u62xkm,24782,true,659,38,0,0,0,0,0,,0,0,270000000,270000000,0,0,0,ok,,
452,,,,conan-io__conan.86f29e13.pr_17520.e2u62xkm,10,conan-io__conan.86f29e13.pr_17520.e2u62xkm,25480,true,92,329,0,0,0,0,0,,0,0,300000000,300000000,0,0,0,ok,,
453,,,,conan-io__conan.86f29e13.pr_17520.e2u62xkm,11,conan-io__conan.86f29e13.pr_17520.e2u62xkm,25901,true,253,86,0,0,0,0,0,,0,0,330000000,330000000,0,0,0,ok,,
454,,,,conan-io__conan.86f29e13.pr_17520.e2u62xkm,12,conan-io__conan.86f29e13.pr_17520.e2u62xkm,26241,true,482,426,0,0,0,0,0,,0,0,360000000,360000000,0,0,0,ok,,
455,,,,conan-io__conan.86f29e13.pr_17520.e2u62xkm,13,conan-io__conan.86f29e13.pr_17520.e2u62xkm,27150,true,318,73,0,0,0,0,0,,0,0,390000000,390000000,0,0,0,ok,,
456,,,,conan-io__conan.86f29e13.pr_17520.e2u62xkm,14,conan-io__conan.86f29e13.pr_17520.e2u62xkm,27541,true,401,76,0,0,0,0,0,,0,0,420000000,420000000,0,0,0,ok,,
457,,,,conan-io__conan.86f29e13.pr_17520.e2u62xkm,15,conan-io__conan.86f29e13.pr_17520.e2u62xkm,28019,true,95,157,0,0,0,0,0,,0,0,450000000,450000000,0,0,0,ok,,
458,,,,conan-io__conan.86f29e13.pr_17520.e2u62xkm,16,conan-io__conan.86f29e13.pr_17520.e2u62xkm,28272,true,264,70,0,0,0,0,0,,0,0,480000000,480000000,0,0,0,ok,,
459,,,,conan-io__conan.86f29e13.pr_17520.e2u62xkm,17,conan-io__conan.86f29e13.pr_17520.e2u62xkm,28608,true,684,408,0,0,0,0,0,,0,0,510000000,510000000,0,0,0,ok,,
460,,,,conan-io__conan.86f29e13.pr_17520.e2u62xkm,18,conan-io__conan.86f29e13.pr_17520.e2u62xkm,29701,true,275,1641,0,0,0,0,0,,0,0,540000000,540000000,0,0,0,ok,,
461,,,,conan-io__conan.86f29e13.pr_17520.e2u62xkm,19,conan-io__conan.86f29e13.pr_17520.e2u62xkm,31618,true,16,32,0,0,0,0,0,,0,0,570000000,570000000,0,0,0,ok,,
462,,,,conan-io__conan.86f29e13.pr_17520.e2u62xkm,20,conan-io__conan.86f29e13.pr_17520.e2u62xkm,31667,true,274,148,0,0,0,0,0,,0,0,600000000,600000000,0,0,0,ok,,
463,,,,conan-io__conan.86f29e13.pr_17520.e2u62xkm,21,conan-io__conan.86f29e13.pr_17520.e2u62xkm,32089,true,48,60,0,0,0,0,0,,0,0,630000000,630000000,0,0,0,ok,,
464,,,,conan-io__conan.86f29e13.pr_17520.e2u62xkm,22,conan-io__conan.86f29e13.pr_17520.e2u62xkm,32197,true,1799,74,0,0,0,0,0,,0,0,660000000,660000000,0,0,0,ok,,
465,,,,conan-io__conan.86f29e13.pr_17520.e2u62xkm,23,conan-io__conan.86f29e13.pr_17520.e2u62xkm,34071,true,15,535,0,0,0,0,0,,0,0,690000000,690000000,0,0,0,ok,,
466,,,,conan-io__conan.86f29e13.pr_17520.e2u62xkm,24,conan-io__conan.86f29e13.pr_17520.e2u62xkm,34622,true,18,34,0,0,0,0,0,,0,0,720000000,720000000,0,0,0,ok,,
467,,,,conan-io__conan.86f29e13.pr_17520.e2u62xkm,25,conan-io__conan.86f29e13.pr_17520.e2u62xkm,34674,true,580,14,0,0,0,0,0,,0,0,750000000,750000000,0,0,0,ok,,
468,,,,conan-io__conan.86f29e13.pr_17520.e2u62xkm,26,conan-io__conan.86f29e13.pr_17520.e2u62xkm,35268,true,5514,54,0,0,0,0,0,,0,0,780000000,780000000,0,0,0,ok,,
469,,,,conan-io__conan.86f29e13.pr_17520.e2u62xkm,27,conan-io__conan.86f29e13.pr_17520.e2u62xkm,40838,true,15,7,0,0,0,0,0,,0,0,810000000,810000000,0,0,0,ok,,
470,,,,paramiko__paramiko.23f92003.lm_rewrite__cfaazphq.pks30azo,0,paramiko__paramiko.23f92003.lm_rewrite__cfaazphq.pks30azo,978,true,626,96,0,0,0,0,0,,0,0,0,0,0,0,0,ok,,
471,,,,paramiko__paramiko.23f92003.lm_rewrite__cfaazphq.pks30azo,1,paramiko__paramiko.23f92003.lm_rewrite__cfaazphq.pks30azo,1700,true,88,57,0,0,0,0,0,,0,0,30000000,30000000,0,0,0,ok,,
472,,,,paramiko__paramiko.23f92003.lm_rewrite__cfaazphq.pks30azo,2,paramiko__paramiko.23f92003.lm_rewrite__cfaazphq.pks30azo,1846,true,1578,69,0,0,0,0,0,,0,0,60000000,60000000,0,0,0,ok,,
473,,,,paramiko__paramiko.23f92003.lm_rewrite__cfaazphq.pks30azo,3,paramiko__paramiko.23f92003.lm_rewrite__cfaazphq.pks30azo,3494,true,264,51,0,0,0,0,0,,0,0,90000000,90000000,0,0,0,ok,,
474,,,,paramiko__paramiko.23f92003.lm_rewrite__cfaazphq.pks30azo,4,paramiko__paramiko.23f92003.lm_rewrite__cfaazphq.pks30azo,3810,true,1260,59,0,0,0,0,0,,0,0,120000000,120000000,0,0,0,ok,,
475,,,,paramiko__paramiko.23f92003.lm_rewrite__cfaazphq.pks30azo,5,paramiko__paramiko.23f92003.lm_rewrite__cfaazphq.pks30azo,5130,true,470,66,0,0,0,0,0,,0,0,150000000,150000000,0,0,0,ok,,
476,,,,paramiko__paramiko.23f92003.lm_rewrite__cfaazphq.pks30azo,6,paramiko__paramiko.23f92003.lm_rewrite__cfaazphq.pks30azo,5667,true,542,55,0,0,0,0,0,,0,0,180000000,180000000,0,0,0,ok,,
477,,,,paramiko__paramiko.23f92003.lm_rewrite__cfaazphq.pks30azo,7,paramiko__paramiko.23f92003.lm_rewrite__cfaazphq.pks30azo,6264,true,187,398,0,0,0,0,0,,0,0,210000000,210000000,0,0,0,ok,,
478,,,,paramiko__paramiko.23f92003.lm_rewrite__cfaazphq.pks30azo,8,paramiko__paramiko.23f92003.lm_rewrite__cfaazphq.pks30azo,6851,true,17,35,0,0,0,0,0,,0,0,240000000,240000000,0,0,0,ok,,
479,,,,paramiko__paramiko.23f92003.lm_rewrite__cfaazphq.pks30azo,9,paramiko__paramiko.23f92003.lm_rewrite__cfaazphq.pks30azo,6904,true,83,112,0,0,0,0,0,,0,0,270000000,270000000,0,0,0,ok,,
480,,,,paramiko__paramiko.23f92003.lm_rewrite__cfaazphq.pks30azo,10,paramiko__paramiko.23f92003.lm_rewrite__cfaazphq.pks30azo,7100,true,142,31,0,0,0,0,0,,0,0,300000000,300000000,0,0,0,ok,,
481,,,,paramiko__paramiko.23f92003.lm_rewrite__cfaazphq.pks30azo,11,paramiko__paramiko.23f92003.lm_rewrite__cfaazphq.pks30azo,7274,true,83,118,0,0,0,0,0,,0,0,330000000,330000000,0,0,0,ok,,
482,,,,paramiko__paramiko.23f92003.lm_rewrite__cfaazphq.pks30azo,12,paramiko__paramiko.23f92003.lm_rewrite__cfaazphq.pks30azo,7475,true,153,31,0,0,0,0,0,,0,0,360000000,360000000,0,0,0,ok,,
483,,,,paramiko__paramiko.23f92003.lm_rewrite__cfaazphq.pks30azo,13,paramiko__paramiko.23f92003.lm_rewrite__cfaazphq.pks30azo,7660,true,86,969,0,0,0,0,0,,0,0,390000000,390000000,0,0,0,ok,,
484,,,,paramiko__paramiko.23f92003.lm_rewrite__cfaazphq.pks30azo,14,paramiko__paramiko.23f92003.lm_rewrite__cfaazphq.pks30azo,8716,true,755,32,0,0,0,0,0,,0,0,420000000,420000000,0,0,0,ok,,
485,,,,paramiko__paramiko.23f92003.lm_rewrite__cfaazphq.pks30azo,15,paramiko__paramiko.23f92003.lm_rewrite__cfaazphq.pks30azo,9503,true,33,101,0,0,0,0,0,,0,0,450000000,450000000,0,0,0,ok,,
486,,,,paramiko__paramiko.23f92003.lm_rewrite__cfaazphq.pks30azo,16,paramiko__paramiko.23f92003.lm_rewrite__cfaazphq.pks30azo,9639,true,264,279,0,0,0,0,0,,0,0,480000000,480000000,0,0,0,ok,,
487,,,,paramiko__paramiko.23f92003.lm_rewrite__cfaazphq.pks30azo,17,paramiko__paramiko.23f92003.lm_rewrite__cfaazphq.pks30azo,10183,true,237,32,0,0,0,0,0,,0,0,510000000,510000000,0,0,0,ok,,
488,,,,paramiko__paramiko.23f92003.lm_rewrite__cfaazphq.pks30azo,18,paramiko__paramiko.23f92003.lm_rewrite__cfaazphq.pks30azo,10452,true,33,142,0,0,0,0,0,,0,0,540000000,540000000,0,0,0,ok,,
489,,,,paramiko__paramiko.23f92003.lm_rewrite__cfaazphq.pks30azo,19,paramiko__paramiko.23f92003.lm_rewrite__cfaazphq.pks30azo,10628,true,187,528,0,0,0,0,0,,0,0,570000000,570000000,0,0,0,ok,,
490,,,,paramiko__paramiko.23f92003.lm_rewrite__cfaazphq.pks30azo,20,paramiko__paramiko.23f92003.lm_rewrite__cfaazphq.pks30azo,11344,true,482,39,0,0,0,0,0,,0,0,600000000,600000000,0,0,0,ok,,
491,,,,paramiko__paramiko.23f92003.lm_rewrite__cfaazphq.pks30azo,21,paramiko__paramiko.23f92003.lm_rewrite__cfaazphq.pks30azo,11867,true,33,1190,0,0,0,0,0,,0,0,630000000,630000000,0,0,0,ok,,
492,,,,paramiko__paramiko.23f92003.lm_rewrite__cfaazphq.pks30azo,22,paramiko__paramiko.23f92003.lm_rewrite__cfaazphq.pks30azo,13090,true,17,32,0,0,0,0,0,,0,0,660000000,660000000,0,0,0,ok,,
493,,,,paramiko__paramiko.23f92003.lm_rewrite__cfaazphq.pks30azo,23,paramiko__paramiko.23f92003.lm_rewrite__cfaazphq.pks30azo,13141,true,294,293,0,0,0,0,0,,0,0,690000000,690000000,0,0,0,ok,,
494,,,,paramiko__paramiko.23f92003.lm_rewrite__cfaazphq.pks30azo,24,paramiko__paramiko.23f92003.lm_rewrite__cfaazphq.pks30azo,13728,true,262,31,0,0,0,0,0,,0,0,720000000,720000000,0,0,0,ok,,
495,,,,paramiko__paramiko.23f92003.lm_rewrite__cfaazphq.pks30azo,25,paramiko__paramiko.23f92003.lm_rewrite__cfaazphq.pks30azo,14022,true,294,291,0,0,0,0,0,,0,0,750000000,750000000,0,0,0,ok,,
496,,,,paramiko__paramiko.23f92003.lm_rewrite__cfaazphq.pks30azo,26,paramiko__paramiko.23f92003.lm_rewrite__cfaazphq.pks30azo,14607,true,2377,41,0,0,0,0,0,,0,0,780000000,780000000,0,0,0,ok,,
497,,,,paramiko__paramiko.23f92003.lm_rewrite__cfaazphq.pks30azo,27,paramiko__paramiko.23f92003.lm_rewrite__cfaazphq.pks30azo,17025,true,15,7,0,0,0,0,0,,0,0,810000000,810000000,0,0,0,ok,,
498,,,,un33k__python-slugify.872b3750.50.70b7ak1t,0,un33k__python-slugify.872b3750.50.70b7ak1t,978,true,664,71,0,0,0,0,0,,0,0,0,0,0,0,0,ok,,
499,,,,un33k__python-slugify.872b3750.50.70b7ak1t,1,un33k__python-slugify.872b3750.50.70b7ak1t,1714,true,124,48,0,0,0,0,0,,0,0,30000000,30000000,0,0,0,ok,,
500,,,,un33k__python-slugify.872b3750.50.70b7ak1t,2,un33k__python-slugify.872b3750.50.70b7ak1t,1887,true,5026,51,0,0,0,0,0,,0,0,60000000,60000000,0,0,0,ok,,
501,,,,un33k__python-slugify.872b3750.50.70b7ak1t,3,un33k__python-slugify.872b3750.50.70b7ak1t,6965,true,44,52,0,0,0,0,0,,0,0,90000000,90000000,0,0,0,ok,,
502,,,,un33k__python-slugify.872b3750.50.70b7ak1t,4,un33k__python-slugify.872b3750.50.70b7ak1t,7061,true,155,49,0,0,0,0,0,,0,0,120000000,120000000,0,0,0,ok,,
503,,,,un33k__python-slugify.872b3750.50.70b7ak1t,5,un33k__python-slugify.872b3750.50.70b7ak1t,7266,true,1961,218,0,0,0,0,0,,0,0,150000000,150000000,0,0,0,ok,,
504,,,,un33k__python-slugify.872b3750.50.70b7ak1t,6,un33k__python-slugify.872b3750.50.70b7ak1t,9446,true,16,21,0,0,0,0,0,,0,0,180000000,180000000,0,0,0,ok,,
505,,,,un33k__python-slugify.872b3750.50.70b7ak1t,7,un33k__python-slugify.872b3750.50.70b7ak1t,9483,true,20,1548,0,0,0,0,0,,0,0,210000000,210000000,0,0,0,ok,,
506,,,,un33k__python-slugify.872b3750.50.70b7ak1t,8,un33k__python-slugify.872b3750.50.70b7ak1t,11052,true,926,158,0,0,0,0,0,,0,0,240000000,240000000,0,0,0,ok,,
507,,,,un33k__python-slugify.872b3750.50.70b7ak1t,9,un33k__python-slugify.872b3750.50.70b7ak1t,12137,true,19,258,0,0,0,0,0,,0,0,270000000,270000000,0,0,0,ok,,
508,,,,un33k__python-slugify.872b3750.50.70b7ak1t,10,un33k__python-slugify.872b3750.50.70b7ak1t,12415,true,239,33,0,0,0,0,0,,0,0,300000000,300000000,0,0,0,ok,,
509,,,,un33k__python-slugify.872b3750.50.70b7ak1t,11,un33k__python-slugify.872b3750.50.70b7ak1t,12688,true,19,379,0,0,0,0,0,,0,0,330000000,330000000,0,0,0,ok,,
510,,,,un33k__python-slugify.872b3750.50.70b7ak1t,12,un33k__python-slugify.872b3750.50.70b7ak1t,13087,true,16,22,0,0,0,0,0,,0,0,360000000,360000000,0,0,0,ok,,
511,,,,un33k__python-slugify.872b3750.50.70b7ak1t,13,un33k__python-slugify.872b3750.50.70b7ak1t,13125,true,126,444,0,0,0,0,0,,0,0,390000000,390000000,0,0,0,ok,,
512,,,,un33k__python-slugify.872b3750.50.70b7ak1t,14,un33k__python-slugify.872b3750.50.70b7ak1t,13696,true,360,36,0,0,0,0,0,,0,0,420000000,420000000,0,0,0,ok,,
513,,,,un33k__python-slugify.872b3750.50.70b7ak1t,15,un33k__python-slugify.872b3750.50.70b7ak1t,14093,true,126,285,0,0,0,0,0,,0,0,450000000,450000000,0,0,0,ok,,
514,,,,pydicom__pydicom.7d361b3d.lm_rewrite__fgjtocjm.pjqa2yv9,0,pydicom__pydicom.7d361b3d.lm_rewrite__fgjtocjm.pjqa2yv9,978,true,737,105,0,0,0,0,0,,0,0,0,0,0,0,0,ok,,
515,,,,pydicom__pydicom.7d361b3d.lm_rewrite__fgjtocjm.pjqa2yv9,1,pydicom__pydicom.7d361b3d.lm_rewrite__fgjtocjm.pjqa2yv9,1820,true,21,67,0,0,0,0,0,,0,0,30000000,30000000,0,0,0,ok,,
516,,,,pydicom__pydicom.7d361b3d.lm_rewrite__fgjtocjm.pjqa2yv9,2,pydicom__pydicom.7d361b3d.lm_rewrite__fgjtocjm.pjqa2yv9,1909,true,1139,60,0,0,0,0,0,,0,0,60000000,60000000,0,0,0,ok,,
517,,,,pydicom__pydicom.7d361b3d.lm_rewrite__fgjtocjm.pjqa2yv9,3,pydicom__pydicom.7d361b3d.lm_rewrite__fgjtocjm.pjqa2yv9,3109,true,949,68,0,0,0,0,0,,0,0,90000000,90000000,0,0,0,ok,,
518,,,,pydicom__pydicom.7d361b3d.lm_rewrite__fgjtocjm.pjqa2yv9,4,pydicom__pydicom.7d361b3d.lm_rewrite__fgjtocjm.pjqa2yv9,4126,true,65,274,0,0,0,0,0,,0,0,120000000,120000000,0,0,0,ok,,
519,,,,pydicom__pydicom.7d361b3d.lm_rewrite__fgjtocjm.pjqa2yv9,5,pydicom__pydicom.7d361b3d.lm_rewrite__fgjtocjm.pjqa2yv9,4465,true,17,35,0,0,0,0,0,,0,0,150000000,150000000,0,0,0,ok,,
520,,,,pydicom__pydicom.7d361b3d.lm_rewrite__fgjtocjm.pjqa2yv9,6,pydicom__pydicom.7d361b3d.lm_rewrite__fgjtocjm.pjqa2yv9,4518,true,44,110,0,0,0,0,0,,0,0,180000000,180000000,0,0,0,ok,,
521,,,,pydicom__pydicom.7d361b3d.lm_rewrite__fgjtocjm.pjqa2yv9,7,pydicom__pydicom.7d361b3d.lm_rewrite__fgjtocjm.pjqa2yv9,4672,true,36,55,0,0,0,0,0,,0,0,210000000,210000000,0,0,0,ok,,
522,,,,pydicom__pydicom.7d361b3d.lm_rewrite__fgjtocjm.pjqa2yv9,8,pydicom__pydicom.7d361b3d.lm_rewrite__fgjtocjm.pjqa2yv9,4764,true,8,356,0,0,0,0,0,,0,0,240000000,240000000,0,0,0,ok,,
523,,,,pydicom__pydicom.7d361b3d.lm_rewrite__fgjtocjm.pjqa2yv9,9,pydicom__pydicom.7d361b3d.lm_rewrite__fgjtocjm.pjqa2yv9,5128,true,209,32,0,0,0,0,0,,0,0,270000000,270000000,0,0,0,ok,,
524,,,,pydicom__pydicom.7d361b3d.lm_rewrite__fgjtocjm.pjqa2yv9,10,pydicom__pydicom.7d361b3d.lm_rewrite__fgjtocjm.pjqa2yv9,5370,true,42,386,0,0,0,0,0,,0,0,300000000,300000000,0,0,0,ok,,
525,,,,pydicom__pydicom.7d361b3d.lm_rewrite__fgjtocjm.pjqa2yv9,11,pydicom__pydicom.7d361b3d.lm_rewrite__fgjtocjm.pjqa2yv9,5799,true,323,57,0,0,0,0,0,,0,0,330000000,330000000,0,0,0,ok,,
526,,,,pydicom__pydicom.7d361b3d.lm_rewrite__fgjtocjm.pjqa2yv9,12,pydicom__pydicom.7d361b3d.lm_rewrite__fgjtocjm.pjqa2yv9,6180,true,44,411,0,0,0,0,0,,0,0,360000000,360000000,0,0,0,ok,,
527,,,,pydicom__pydicom.7d361b3d.lm_rewrite__fgjtocjm.pjqa2yv9,13,pydicom__pydicom.7d361b3d.lm_rewrite__fgjtocjm.pjqa2yv9,6636,true,17,32,0,0,0,0,0,,0,0,390000000,390000000,0,0,0,ok,,
528,,,,pydicom__pydicom.7d361b3d.lm_rewrite__fgjtocjm.pjqa2yv9,14,pydicom__pydicom.7d361b3d.lm_rewrite__fgjtocjm.pjqa2yv9,6686,true,116,229,0,0,0,0,0,,0,0,420000000,420000000,0,0,0,ok,,
529,,,,pydicom__pydicom.7d361b3d.lm_rewrite__fgjtocjm.pjqa2yv9,15,pydicom__pydicom.7d361b3d.lm_rewrite__fgjtocjm.pjqa2yv9,7032,true,916,40,0,0,0,0,0,,0,0,450000000,450000000,0,0,0,ok,,
530,,,,pydicom__pydicom.7d361b3d.lm_rewrite__fgjtocjm.pjqa2yv9,16,pydicom__pydicom.7d361b3d.lm_rewrite__fgjtocjm.pjqa2yv9,7988,true,15,13,0,0,0,0,0,,0,0,480000000,480000000,0,0,0,ok,,
531,,,,Project-MONAI__MONAI.a09c1f08.pr_6560.fxjkd36g,0,Project-MONAI__MONAI.a09c1f08.pr_6560.fxjkd36g,978,true,511,35,0,0,0,0,0,,0,0,0,0,0,0,0,ok,,
532,,,,Project-MONAI__MONAI.a09c1f08.pr_6560.fxjkd36g,1,Project-MONAI__MONAI.a09c1f08.pr_6560.fxjkd36g,1524,true,4222,31,0,0,0,0,0,,0,0,30000000,30000000,0,0,0,ok,,
533,,,,Project-MONAI__MONAI.a09c1f08.pr_6560.fxjkd36g,2,Project-MONAI__MONAI.a09c1f08.pr_6560.fxjkd36g,5778,true,31,46,0,0,0,0,0,,0,0,60000000,60000000,0,0,0,ok,,
534,,,,Project-MONAI__MONAI.a09c1f08.pr_6560.fxjkd36g,3,Project-MONAI__MONAI.a09c1f08.pr_6560.fxjkd36g,5855,true,415,371,0,0,0,0,0,,0,0,90000000,90000000,0,0,0,ok,,
535,,,,Project-MONAI__MONAI.a09c1f08.pr_6560.fxjkd36g,4,Project-MONAI__MONAI.a09c1f08.pr_6560.fxjkd36g,6642,true,186,273,0,0,0,0,0,,0,0,120000000,120000000,0,0,0,ok,,
536,,,,Project-MONAI__MONAI.a09c1f08.pr_6560.fxjkd36g,5,Project-MONAI__MONAI.a09c1f08.pr_6560.fxjkd36g,7101,true,17,23,0,0,0,0,0,,0,0,150000000,150000000,0,0,0,ok,,
537,,,,Project-MONAI__MONAI.a09c1f08.pr_6560.fxjkd36g,6,Project-MONAI__MONAI.a09c1f08.pr_6560.fxjkd36g,7142,true,36,7,0,0,0,0,0,,0,0,180000000,180000000,0,0,0,ok,,
538,,,,conan-io__conan.86f29e13.pr_11654.qb6g2s7e,0,conan-io__conan.86f29e13.pr_11654.qb6g2s7e,978,true,749,101,0,0,0,0,0,,0,0,0,0,0,0,0,ok,,
539,,,,conan-io__conan.86f29e13.pr_11654.qb6g2s7e,1,conan-io__conan.86f29e13.pr_11654.qb6g2s7e,1829,true,46,58,0,0,0,0,0,,0,0,30000000,30000000,0,0,0,ok,,
540,,,,conan-io__conan.86f29e13.pr_11654.qb6g2s7e,2,conan-io__conan.86f29e13.pr_11654.qb6g2s7e,1933,true,1936,70,0,0,0,0,0,,0,0,60000000,60000000,0,0,0,ok,,
541,,,,conan-io__conan.86f29e13.pr_11654.qb6g2s7e,3,conan-io__conan.86f29e13.pr_11654.qb6g2s7e,3940,true,527,370,0,0,0,0,0,,0,0,90000000,90000000,0,0,0,ok,,
542,,,,conan-io__conan.86f29e13.pr_11654.qb6g2s7e,4,conan-io__conan.86f29e13.pr_11654.qb6g2s7e,4837,true,17,53,0,0,0,0,0,,0,0,120000000,120000000,0,0,0,ok,,
543,,,,conan-io__conan.86f29e13.pr_11654.qb6g2s7e,5,conan-io__conan.86f29e13.pr_11654.qb6g2s7e,4908,true,923,35,0,0,0,0,0,,0,0,150000000,150000000,0,0,0,ok,,
544,,,,conan-io__conan.86f29e13.pr_11654.qb6g2s7e,6,conan-io__conan.86f29e13.pr_11654.qb6g2s7e,5866,true,1097,41,0,0,0,0,0,,0,0,180000000,180000000,0,0,0,ok,,
545,,,,conan-io__conan.86f29e13.pr_11654.qb6g2s7e,7,conan-io__conan.86f29e13.pr_11654.qb6g2s7e,7005,true,56,149,0,0,0,0,0,,0,0,210000000,210000000,0,0,0,ok,,
546,,,,conan-io__conan.86f29e13.pr_11654.qb6g2s7e,8,conan-io__conan.86f29e13.pr_11654.qb6g2s7e,7211,true,162,37,0,0,0,0,0,,0,0,240000000,240000000,0,0,0,ok,,
547,,,,conan-io__conan.86f29e13.pr_11654.qb6g2s7e,9,conan-io__conan.86f29e13.pr_11654.qb6g2s7e,7411,true,153,736,0,0,0,0,0,,0,0,270000000,270000000,0,0,0,ok,,
548,,,,conan-io__conan.86f29e13.pr_11654.qb6g2s7e,10,conan-io__conan.86f29e13.pr_11654.qb6g2s7e,8302,true,597,32,0,0,0,0,0,,0,0,300000000,300000000,0,0,0,ok,,
549,,,,conan-io__conan.86f29e13.pr_11654.qb6g2s7e,11,conan-io__conan.86f29e13.pr_11654.qb6g2s7e,8931,true,48,889,0,0,0,0,0,,0,0,330000000,330000000,0,0,0,ok,,
550,,,,conan-io__conan.86f29e13.pr_11654.qb6g2s7e,12,conan-io__conan.86f29e13.pr_11654.qb6g2s7e,9869,true,521,32,0,0,0,0,0,,0,0,360000000,360000000,0,0,0,ok,,
551,,,,conan-io__conan.86f29e13.pr_11654.qb6g2s7e,13,conan-io__conan.86f29e13.pr_11654.qb6g2s7e,10423,true,321,653,0,0,0,0,0,,0,0,390000000,390000000,0,0,0,ok,,
552,,,,conan-io__conan.86f29e13.pr_11654.qb6g2s7e,14,conan-io__conan.86f29e13.pr_11654.qb6g2s7e,11397,true,489,117,0,0,0,0,0,,0,0,420000000,420000000,0,0,0,ok,,
553,,,,conan-io__conan.86f29e13.pr_11654.qb6g2s7e,15,conan-io__conan.86f29e13.pr_11654.qb6g2s7e,12004,true,156,650,0,0,0,0,0,,0,0,450000000,450000000,0,0,0,ok,,
554,,,,conan-io__conan.86f29e13.pr_11654.qb6g2s7e,16,conan-io__conan.86f29e13.pr_11654.qb6g2s7e,12810,true,19,35,0,0,0,0,0,,0,0,480000000,480000000,0,0,0,ok,,
555,,,,conan-io__conan.86f29e13.pr_11654.qb6g2s7e,17,conan-io__conan.86f29e13.pr_11654.qb6g2s7e,12865,true,265,662,0,0,0,0,0,,0,0,510000000,510000000,0,0,0,ok,,
556,,,,conan-io__conan.86f29e13.pr_11654.qb6g2s7e,18,conan-io__conan.86f29e13.pr_11654.qb6g2s7e,13792,true,525,368,0,0,0,0,0,,0,0,540000000,540000000,0,0,0,ok,,
557,,,,conan-io__conan.86f29e13.pr_11654.qb6g2s7e,19,conan-io__conan.86f29e13.pr_11654.qb6g2s7e,14686,true,354,46,0,0,0,0,0,,0,0,570000000,570000000,0,0,0,ok,,
558,,,,conan-io__conan.86f29e13.pr_11654.qb6g2s7e,20,conan-io__conan.86f29e13.pr_11654.qb6g2s7e,15087,true,156,55,0,0,0,0,0,,0,0,600000000,600000000,0,0,0,ok,,
559,,,,conan-io__conan.86f29e13.pr_11654.qb6g2s7e,21,conan-io__conan.86f29e13.pr_11654.qb6g2s7e,15299,true,156,464,0,0,0,0,0,,0,0,630000000,630000000,0,0,0,ok,,
560,,,,conan-io__conan.86f29e13.pr_11654.qb6g2s7e,22,conan-io__conan.86f29e13.pr_11654.qb6g2s7e,15919,true,18,25,0,0,0,0,0,,0,0,660000000,660000000,0,0,0,ok,,
561,,,,conan-io__conan.86f29e13.pr_11654.qb6g2s7e,23,conan-io__conan.86f29e13.pr_11654.qb6g2s7e,15963,true,89,238,0,0,0,0,0,,0,0,690000000,690000000,0,0,0,ok,,
562,,,,conan-io__conan.86f29e13.pr_11654.qb6g2s7e,24,conan-io__conan.86f29e13.pr_11654.qb6g2s7e,16291,true,2148,46,0,0,0,0,0,,0,0,720000000,720000000,0,0,0,ok,,
563,,,,conan-io__conan.86f29e13.pr_11654.qb6g2s7e,25,conan-io__conan.86f29e13.pr_11654.qb6g2s7e,18486,true,15,13,0,0,0,0,0,,0,0,750000000,750000000,0,0,0,ok,,
564,,,,pydantic__pydantic.acb0f10f.func_pm_remove_assign__077gtphd.dcw69p46,0,pydantic__pydantic.acb0f10f.func_pm_remove_assign__077gtphd.dcw69p46,978,true,627,102,0,0,0,0,0,,0,0,0,0,0,0,0,ok,,
565,,,,pydantic__pydantic.acb0f10f.func_pm_remove_assign__077gtphd.dcw69p46,1,pydantic__pydantic.acb0f10f.func_pm_remove_assign__077gtphd.dcw69p46,1708,true,25066,51,0,0,0,0,0,,0,0,30000000,30000000,0,0,0,ok,,
566,,,,pydantic__pydantic.acb0f10f.func_pm_remove_assign__077gtphd.dcw69p46,2,pydantic__pydantic.acb0f10f.func_pm_remove_assign__077gtphd.dcw69p46,26826,true,2935,54,0,0,0,0,0,,0,0,60000000,60000000,0,0,0,ok,,
567,,,,pydantic__pydantic.acb0f10f.func_pm_remove_assign__077gtphd.dcw69p46,3,pydantic__pydantic.acb0f10f.func_pm_remove_assign__077gtphd.dcw69p46,29815,true,1206,51,0,0,0,0,0,,0,0,90000000,90000000,0,0,0,ok,,
568,,,,pydantic__pydantic.acb0f10f.func_pm_remove_assign__077gtphd.dcw69p46,4,pydantic__pydantic.acb0f10f.func_pm_remove_assign__077gtphd.dcw69p46,31073,true,4297,67,0,0,0,0,0,,0,0,120000000,120000000,0,0,0,ok,,
569,,,,pydantic__pydantic.acb0f10f.func_pm_remove_assign__077gtphd.dcw69p46,5,pydantic__pydantic.acb0f10f.func_pm_remove_assign__077gtphd.dcw69p46,35438,true,422,57,0,0,0,0,0,,0,0,150000000,150000000,0,0,0,ok,,
570,,,,pydantic__pydantic.acb0f10f.func_pm_remove_assign__077gtphd.dcw69p46,6,pydantic__pydantic.acb0f10f.func_pm_remove_assign__077gtphd.dcw69p46,35917,true,4244,67,0,0,0,0,0,,0,0,180000000,180000000,0,0,0,ok,,
571,,,,pydantic__pydantic.acb0f10f.func_pm_remove_assign__077gtphd.dcw69p46,7,pydantic__pydantic.acb0f10f.func_pm_remove_assign__077gtphd.dcw69p46,40230,true,465,49,0,0,0,0,0,,0,0,210000000,210000000,0,0,0,ok,,
572,,,,pydantic__pydantic.acb0f10f.func_pm_remove_assign__077gtphd.dcw69p46,8,pydantic__pydantic.acb0f10f.func_pm_remove_assign__077gtphd.dcw69p46,40744,true,33,60,0,0,0,0,0,,0,0,240000000,240000000,0,0,0,ok,,
573,,,,pydantic__pydantic.acb0f10f.func_pm_remove_assign__077gtphd.dcw69p46,9,pydantic__pydantic.acb0f10f.func_pm_remove_assign__077gtphd.dcw69p46,40838,true,230,60,0,0,0,0,0,,0,0,270000000,270000000,0,0,0,ok,,
574,,,,pydantic__pydantic.acb0f10f.func_pm_remove_assign__077gtphd.dcw69p46,10,pydantic__pydantic.acb0f10f.func_pm_remove_assign__077gtphd.dcw69p46,41129,true,521,301,0,0,0,0,0,,0,0,300000000,300000000,0,0,0,ok,,
575,,,,pydantic__pydantic.acb0f10f.func_pm_remove_assign__077gtphd.dcw69p46,11,pydantic__pydantic.acb0f10f.func_pm_remove_assign__077gtphd.dcw69p46,41952,true,16,32,0,0,0,0,0,,0,0,330000000,330000000,0,0,0,ok,,
576,,,,pydantic__pydantic.acb0f10f.func_pm_remove_assign__077gtphd.dcw69p46,12,pydantic__pydantic.acb0f10f.func_pm_remove_assign__077gtphd.dcw69p46,42001,true,136,33,0,0,0,0,0,,0,0,360000000,360000000,0,0,0,ok,,
577,,,,pydantic__pydantic.acb0f10f.func_pm_remove_assign__077gtphd.dcw69p46,13,pydantic__pydantic.acb0f10f.func_pm_remove_assign__077gtphd.dcw69p46,42171,true,571,30,0,0,0,0,0,,0,0,390000000,390000000,0,0,0,ok,,
578,,,,pydantic__pydantic.acb0f10f.func_pm_remove_assign__077gtphd.dcw69p46,14,pydantic__pydantic.acb0f10f.func_pm_remove_assign__077gtphd.dcw69p46,42772,true,612,414,0,0,0,0,0,,0,0,420000000,420000000,0,0,0,ok,,
579,,,,pydantic__pydantic.acb0f10f.func_pm_remove_assign__077gtphd.dcw69p46,15,pydantic__pydantic.acb0f10f.func_pm_remove_assign__077gtphd.dcw69p46,43798,true,278,29,0,0,0,0,0,,0,0,450000000,450000000,0,0,0,ok,,
580,,,,pydantic__pydantic.acb0f10f.func_pm_remove_assign__077gtphd.dcw69p46,16,pydantic__pydantic.acb0f10f.func_pm_remove_assign__077gtphd.dcw69p46,44105,true,612,74,0,0,0,0,0,,0,0,480000000,480000000,0,0,0,ok,,
581,,,,pydantic__pydantic.acb0f10f.func_pm_remove_assign__077gtphd.dcw69p46,17,pydantic__pydantic.acb0f10f.func_pm_remove_assign__077gtphd.dcw69p46,44792,true,465,932,0,0,0,0,0,,0,0,510000000,510000000,0,0,0,ok,,
582,,,,pydantic__pydantic.acb0f10f.func_pm_remove_assign__077gtphd.dcw69p46,18,pydantic__pydantic.acb0f10f.func_pm_remove_assign__077gtphd.dcw69p46,46189,true,693,38,0,0,0,0,0,,0,0,540000000,540000000,0,0,0,ok,,
583,,,,pydantic__pydantic.acb0f10f.func_pm_remove_assign__077gtphd.dcw69p46,19,pydantic__pydantic.acb0f10f.func_pm_remove_assign__077gtphd.dcw69p46,46921,true,219,481,0,0,0,0,0,,0,0,570000000,570000000,0,0,0,ok,,
584,,,,pydantic__pydantic.acb0f10f.func_pm_remove_assign__077gtphd.dcw69p46,20,pydantic__pydantic.acb0f10f.func_pm_remove_assign__077gtphd.dcw69p46,47622,true,316,29,0,0,0,0,0,,0,0,600000000,600000000,0,0,0,ok,,
585,,,,pydantic__pydantic.acb0f10f.func_pm_remove_assign__077gtphd.dcw69p46,21,pydantic__pydantic.acb0f10f.func_pm_remove_assign__077gtphd.dcw69p46,47968,true,226,699,0,0,0,0,0,,0,0,630000000,630000000,0,0,0,ok,,
586,,,,pydantic__pydantic.acb0f10f.func_pm_remove_assign__077gtphd.dcw69p46,22,pydantic__pydantic.acb0f10f.func_pm_remove_assign__077gtphd.dcw69p46,48894,true,513,29,0,0,0,0,0,,0,0,660000000,660000000,0,0,0,ok,,
587,,,,pydantic__pydantic.acb0f10f.func_pm_remove_assign__077gtphd.dcw69p46,23,pydantic__pydantic.acb0f10f.func_pm_remove_assign__077gtphd.dcw69p46,49437,true,454,978,0,0,0,0,0,,0,0,690000000,690000000,0,0,0,ok,,
588,,,,pydantic__pydantic.acb0f10f.func_pm_remove_assign__077gtphd.dcw69p46,24,pydantic__pydantic.acb0f10f.func_pm_remove_assign__077gtphd.dcw69p46,50869,true,695,29,0,0,0,0,0,,0,0,720000000,720000000,0,0,0,ok,,
589,,,,pydantic__pydantic.acb0f10f.func_pm_remove_assign__077gtphd.dcw69p46,25,pydantic__pydantic.acb0f10f.func_pm_remove_assign__077gtphd.dcw69p46,51594,true,493,420,0,0,0,0,0,,0,0,750000000,750000000,0,0,0,ok,,
590,,,,pydantic__pydantic.acb0f10f.func_pm_remove_assign__077gtphd.dcw69p46,26,pydantic__pydantic.acb0f10f.func_pm_remove_assign__077gtphd.dcw69p46,52508,true,1122,35,0,0,0,0,0,,0,0,780000000,780000000,0,0,0,ok,,
591,,,,pydantic__pydantic.acb0f10f.func_pm_remove_assign__077gtphd.dcw69p46,27,pydantic__pydantic.acb0f10f.func_pm_remove_assign__077gtphd.dcw69p46,53666,true,15,7,0,0,0,0,0,,0,0,810000000,810000000,0,0,0,ok,,
592,,,,luozhouyang__python-string-similarity.115acaac.func_pm_remove_cond__gch4emzr.zdndyajb,0,luozhouyang__python-string-similarity.115acaac.func_pm_remove_cond__gch4emzr.zdndyajb,978,true,647,99,0,0,0,0,0,,0,0,0,0,0,0,0,ok,,
593,,,,luozhouyang__python-string-similarity.115acaac.func_pm_remove_cond__gch4emzr.zdndyajb,1,luozhouyang__python-string-similarity.115acaac.func_pm_remove_cond__gch4emzr.zdndyajb,1725,true,331,57,0,0,0,0,0,,0,0,30000000,30000000,0,0,0,ok,,
594,,,,luozhouyang__python-string-similarity.115acaac.func_pm_remove_cond__gch4emzr.zdndyajb,2,luozhouyang__python-string-similarity.115acaac.func_pm_remove_cond__gch4emzr.zdndyajb,2114,true,2222,54,0,0,0,0,0,,0,0,60000000,60000000,0,0,0,ok,,
595,,,,luozhouyang__python-string-similarity.115acaac.func_pm_remove_cond__gch4emzr.zdndyajb,3,luozhouyang__python-string-similarity.115acaac.func_pm_remove_cond__gch4emzr.zdndyajb,4391,true,204,249,0,0,0,0,0,,0,0,90000000,90000000,0,0,0,ok,,
596,,,,luozhouyang__python-string-similarity.115acaac.func_pm_remove_cond__gch4emzr.zdndyajb,4,luozhouyang__python-string-similarity.115acaac.func_pm_remove_cond__gch4emzr.zdndyajb,4845,true,19,38,0,0,0,0,0,,0,0,120000000,120000000,0,0,0,ok,,
597,,,,luozhouyang__python-string-similarity.115acaac.func_pm_remove_cond__gch4emzr.zdndyajb,5,luozhouyang__python-string-similarity.115acaac.func_pm_remove_cond__gch4emzr.zdndyajb,4902,true,83,489,0,0,0,0,0,,0,0,150000000,150000000,0,0,0,ok,,
598,,,,luozhouyang__python-string-similarity.115acaac.func_pm_remove_cond__gch4emzr.zdndyajb,6,luozhouyang__python-string-similarity.115acaac.func_pm_remove_cond__gch4emzr.zdndyajb,5475,true,370,156,0,0,0,0,0,,0,0,180000000,180000000,0,0,0,ok,,
599,,,,luozhouyang__python-string-similarity.115acaac.func_pm_remove_cond__gch4emzr.zdndyajb,7,luozhouyang__python-string-similarity.115acaac.func_pm_remove_cond__gch4emzr.zdndyajb,6002,true,163,55,0,0,0,0,0,,0,0,210000000,210000000,0,0,0,ok,,
600,,,,luozhouyang__python-string-similarity.115acaac.func_pm_remove_cond__gch4emzr.zdndyajb,8,luozhouyang__python-string-similarity.115acaac.func_pm_remove_cond__gch4emzr.zdndyajb,6220,true,83,1372,0,0,0,0,0,,0,0,240000000,240000000,0,0,0,ok,,
601,,,,luozhouyang__python-string-similarity.115acaac.func_pm_remove_cond__gch4emzr.zdndyajb,9,luozhouyang__python-string-similarity.115acaac.func_pm_remove_cond__gch4emzr.zdndyajb,7675,true,873,40,0,0,0,0,0,,0,0,270000000,270000000,0,0,0,ok,,
602,,,,luozhouyang__python-string-similarity.115acaac.func_pm_remove_cond__gch4emzr.zdndyajb,10,luozhouyang__python-string-similarity.115acaac.func_pm_remove_cond__gch4emzr.zdndyajb,8589,true,83,1784,0,0,0,0,0,,0,0,300000000,300000000,0,0,0,ok,,
603,,,,luozhouyang__python-string-similarity.115acaac.func_pm_remove_cond__gch4emzr.zdndyajb,11,luozhouyang__python-string-similarity.115acaac.func_pm_remove_cond__gch4emzr.zdndyajb,10456,true,1339,53,0,0,0,0,0,,0,0,330000000,330000000,0,0,0,ok,,
604,,,,luozhouyang__python-string-similarity.115acaac.func_pm_remove_cond__gch4emzr.zdndyajb,12,luozhouyang__python-string-similarity.115acaac.func_pm_remove_cond__gch4emzr.zdndyajb,11849,true,84,43,0,0,0,0,0,,0,0,360000000,360000000,0,0,0,ok,,
605,,,,luozhouyang__python-string-similarity.115acaac.func_pm_remove_cond__gch4emzr.zdndyajb,13,luozhouyang__python-string-similarity.115acaac.func_pm_remove_cond__gch4emzr.zdndyajb,11977,true,28,2374,0,0,0,0,0,,0,0,390000000,390000000,0,0,0,ok,,
606,,,,luozhouyang__python-string-similarity.115acaac.func_pm_remove_cond__gch4emzr.zdndyajb,14,luozhouyang__python-string-similarity.115acaac.func_pm_remove_cond__gch4emzr.zdndyajb,14380,true,1575,38,0,0,0,0,0,,0,0,420000000,420000000,0,0,0,ok,,
607,,,,luozhouyang__python-string-similarity.115acaac.func_pm_remove_cond__gch4emzr.zdndyajb,15,luozhouyang__python-string-similarity.115acaac.func_pm_remove_cond__gch4emzr.zdndyajb,15993,true,84,40,0,0,0,0,0,,0,0,450000000,450000000,0,0,0,ok,,
608,,,,luozhouyang__python-string-similarity.115acaac.func_pm_remove_cond__gch4emzr.zdndyajb,16,luozhouyang__python-string-similarity.115acaac.func_pm_remove_cond__gch4emzr.zdndyajb,16117,true,28,526,0,0,0,0,0,,0,0,480000000,480000000,0,0,0,ok,,
609,,,,luozhouyang__python-string-similarity.115acaac.func_pm_remove_cond__gch4emzr.zdndyajb,17,luozhouyang__python-string-similarity.115acaac.func_pm_remove_cond__gch4emzr.zdndyajb,16672,true,19,38,0,0,0,0,0,,0,0,510000000,510000000,0,0,0,ok,,
610,,,,luozhouyang__python-string-similarity.115acaac.func_pm_remove_cond__gch4emzr.zdndyajb,18,luozhouyang__python-string-similarity.115acaac.func_pm_remove_cond__gch4emzr.zdndyajb,16729,true,202,2652,0,0,0,0,0,,0,0,540000000,540000000,0,0,0,ok,,
611,,,,luozhouyang__python-string-similarity.115acaac.func_pm_remove_cond__gch4emzr.zdndyajb,19,luozhouyang__python-string-similarity.115acaac.func_pm_remove_cond__gch4emzr.zdndyajb,19584,true,1613,35,0,0,0,0,0,,0,0,570000000,570000000,0,0,0,ok,,
612,,,,luozhouyang__python-string-similarity.115acaac.func_pm_remove_cond__gch4emzr.zdndyajb,20,luozhouyang__python-string-similarity.115acaac.func_pm_remove_cond__gch4emzr.zdndyajb,21233,true,202,44,0,0,0,0,0,,0,0,600000000,600000000,0,0,0,ok,,
613,,,,luozhouyang__python-string-similarity.115acaac.func_pm_remove_cond__gch4emzr.zdndyajb,21,luozhouyang__python-string-similarity.115acaac.func_pm_remove_cond__gch4emzr.zdndyajb,21480,true,28,304,0,0,0,0,0,,0,0,630000000,630000000,0,0,0,ok,,
614,,,,luozhouyang__python-string-similarity.115acaac.func_pm_remove_cond__gch4emzr.zdndyajb,22,luozhouyang__python-string-similarity.115acaac.func_pm_remove_cond__gch4emzr.zdndyajb,21813,true,2440,43,0,0,0,0,0,,0,0,660000000,660000000,0,0,0,ok,,
615,,,,luozhouyang__python-string-similarity.115acaac.func_pm_remove_cond__gch4emzr.zdndyajb,23,luozhouyang__python-string-similarity.115acaac.func_pm_remove_cond__gch4emzr.zdndyajb,24296,true,15,13,0,0,0,0,0,,0,0,690000000,690000000,0,0,0,ok,,
616,,,,conan-io__conan.86f29e13.pr_12752.jhdjfm3r,0,conan-io__conan.86f29e13.pr_12752.jhdjfm3r,978,true,589,99,0,0,0,0,0,,0,0,0,0,0,0,0,ok,,
617,,,,conan-io__conan.86f29e13.pr_12752.jhdjfm3r,1,conan-io__conan.86f29e13.pr_12752.jhdjfm3r,1667,true,13891,85,0,0,0,0,0,,0,0,30000000,30000000,0,0,0,ok,,
618,,,,conan-io__conan.86f29e13.pr_12752.jhdjfm3r,2,conan-io__conan.86f29e13.pr_12752.jhdjfm3r,15643,true,3283,48,0,0,0,0,0,,0,0,60000000,60000000,0,0,0,ok,,
619,,,,conan-io__conan.86f29e13.pr_12752.jhdjfm3r,3,conan-io__conan.86f29e13.pr_12752.jhdjfm3r,18975,true,1291,80,0,0,0,0,0,,0,0,90000000,90000000,0,0,0,ok,,
620,,,,conan-io__conan.86f29e13.pr_12752.jhdjfm3r,4,conan-io__conan.86f29e13.pr_12752.jhdjfm3r,20347,true,243,64,0,0,0,0,0,,0,0,120000000,120000000,0,0,0,ok,,
621,,,,conan-io__conan.86f29e13.pr_12752.jhdjfm3r,5,conan-io__conan.86f29e13.pr_12752.jhdjfm3r,20654,true,109,356,0,0,0,0,0,,0,0,150000000,150000000,0,0,0,ok,,
622,,,,conan-io__conan.86f29e13.pr_12752.jhdjfm3r,6,conan-io__conan.86f29e13.pr_12752.jhdjfm3r,21120,true,17,35,0,0,0,0,0,,0,0,180000000,180000000,0,0,0,ok,,
623,,,,conan-io__conan.86f29e13.pr_12752.jhdjfm3r,7,conan-io__conan.86f29e13.pr_12752.jhdjfm3r,21173,true,52,70,0,0,0,0,0,,0,0,210000000,210000000,0,0,0,ok,,
624,,,,conan-io__conan.86f29e13.pr_12752.jhdjfm3r,8,conan-io__conan.86f29e13.pr_12752.jhdjfm3r,21296,true,147,39,0,0,0,0,0,,0,0,240000000,240000000,0,0,0,ok,,
625,,,,conan-io__conan.86f29e13.pr_12752.jhdjfm3r,9,conan-io__conan.86f29e13.pr_12752.jhdjfm3r,21482,true,14,39,0,0,0,0,0,,0,0,270000000,270000000,0,0,0,ok,,
626,,,,conan-io__conan.86f29e13.pr_12752.jhdjfm3r,10,conan-io__conan.86f29e13.pr_12752.jhdjfm3r,21536,true,19,116,0,0,0,0,0,,0,0,300000000,300000000,0,0,0,ok,,
627,,,,conan-io__conan.86f29e13.pr_12752.jhdjfm3r,11,conan-io__conan.86f29e13.pr_12752.jhdjfm3r,21672,true,105,32,0,0,0,0,0,,0,0,330000000,330000000,0,0,0,ok,,
628,,,,conan-io__conan.86f29e13.pr_12752.jhdjfm3r,12,conan-io__conan.86f29e13.pr_12752.jhdjfm3r,21809,true,55,542,0,0,0,0,0,,0,0,360000000,360000000,0,0,0,ok,,
629,,,,conan-io__conan.86f29e13.pr_12752.jhdjfm3r,13,conan-io__conan.86f29e13.pr_12752.jhdjfm3r,22407,true,336,55,0,0,0,0,0,,0,0,390000000,390000000,0,0,0,ok,,
630,,,,conan-io__conan.86f29e13.pr_12752.jhdjfm3r,14,conan-io__conan.86f29e13.pr_12752.jhdjfm3r,22799,true,42,1077,0,0,0,0,0,,0,0,420000000,420000000,0,0,0,ok,,
631,,,,conan-io__conan.86f29e13.pr_12752.jhdjfm3r,15,conan-io__conan.86f29e13.pr_12752.jhdjfm3r,23919,true,17,32,0,0,0,0,0,,0,0,450000000,450000000,0,0,0,ok,,
632,,,,conan-io__conan.86f29e13.pr_12752.jhdjfm3r,16,conan-io__conan.86f29e13.pr_12752.jhdjfm3r,23969,true,78,35,0,0,0,0,0,,0,0,480000000,480000000,0,0,0,ok,,
633,,,,conan-io__conan.86f29e13.pr_12752.jhdjfm3r,17,conan-io__conan.86f29e13.pr_12752.jhdjfm3r,24083,true,1721,41,0,0,0,0,0,,0,0,510000000,510000000,0,0,0,ok,,
634,,,,conan-io__conan.86f29e13.pr_12752.jhdjfm3r,18,conan-io__conan.86f29e13.pr_12752.jhdjfm3r,25847,true,15,7,0,0,0,0,0,,0,0,540000000,540000000,0,0,0,ok,,
635,,,,marshmallow-code__apispec.8b421526.func_pm_ctrl_shuffle__smncs4i8.myobw605,0,marshmallow-code__apispec.8b421526.func_pm_ctrl_shuffle__smncs4i8.myobw605,978,true,609,115,0,0,0,0,0,,0,0,0,0,0,0,0,ok,,
636,,,,marshmallow-code__apispec.8b421526.func_pm_ctrl_shuffle__smncs4i8.myobw605,1,marshmallow-code__apispec.8b421526.func_pm_ctrl_shuffle__smncs4i8.myobw605,1703,true,228,60,0,0,0,0,0,,0,0,30000000,30000000,0,0,0,ok,,
637,,,,marshmallow-code__apispec.8b421526.func_pm_ctrl_shuffle__smncs4i8.myobw605,2,marshmallow-code__apispec.8b421526.func_pm_ctrl_shuffle__smncs4i8.myobw605,1992,true,46,61,0,0,0,0,0,,0,0,60000000,60000000,0,0,0,ok,,
638,,,,marshmallow-code__apispec.8b421526.func_pm_ctrl_shuffle__smncs4i8.myobw605,3,marshmallow-code__apispec.8b421526.func_pm_ctrl_shuffle__smncs4i8.myobw605,2100,true,1730,66,0,0,0,0,0,,0,0,90000000,90000000,0,0,0,ok,,
639,,,,marshmallow-code__apispec.8b421526.func_pm_ctrl_shuffle__smncs4i8.myobw605,4,marshmallow-code__apispec.8b421526.func_pm_ctrl_shuffle__smncs4i8.myobw605,3897,true,159,124,0,0,0,0,0,,0,0,120000000,120000000,0,0,0,ok,,
640,,,,marshmallow-code__apispec.8b421526.func_pm_ctrl_shuffle__smncs4i8.myobw605,5,marshmallow-code__apispec.8b421526.func_pm_ctrl_shuffle__smncs4i8.myobw605,4180,true,150,264,0,0,0,0,0,,0,0,150000000,150000000,0,0,0,ok,,
641,,,,marshmallow-code__apispec.8b421526.func_pm_ctrl_shuffle__smncs4i8.myobw605,6,marshmallow-code__apispec.8b421526.func_pm_ctrl_shuffle__smncs4i8.myobw605,4595,true,16,35,0,0,0,0,0,,0,0,180000000,180000000,0,0,0,ok,,
642,,,,marshmallow-code__apispec.8b421526.func_pm_ctrl_shuffle__smncs4i8.myobw605,7,marshmallow-code__apispec.8b421526.func_pm_ctrl_shuffle__smncs4i8.myobw605,4646,true,26,361,0,0,0,0,0,,0,0,210000000,210000000,0,0,0,ok,,
643,,,,marshmallow-code__apispec.8b421526.func_pm_ctrl_shuffle__smncs4i8.myobw605,8,marshmallow-code__apispec.8b421526.func_pm_ctrl_shuffle__smncs4i8.myobw605,5033,true,292,52,0,0,0,0,0,,0,0,240000000,240000000,0,0,0,ok,,
644,,,,marshmallow-code__apispec.8b421526.func_pm_ctrl_shuffle__smncs4i8.myobw605,9,marshmallow-code__apispec.8b421526.func_pm_ctrl_shuffle__smncs4i8.myobw605,5377,true,30,442,0,0,0,0,0,,0,0,270000000,270000000,0,0,0,ok,,
645,,,,marshmallow-code__apispec.8b421526.func_pm_ctrl_shuffle__smncs4i8.myobw605,10,marshmallow-code__apispec.8b421526.func_pm_ctrl_shuffle__smncs4i8.myobw605,5851,true,17,31,0,0,0,0,0,,0,0,300000000,300000000,0,0,0,ok,,
646,,,,marshmallow-code__apispec.8b421526.func_pm_ctrl_shuffle__smncs4i8.myobw605,11,marshmallow-code__apispec.8b421526.func_pm_ctrl_shuffle__smncs4i8.myobw605,5899,true,74,328,0,0,0,0,0,,0,0,330000000,330000000,0,0,0,ok,,
647,,,,marshmallow-code__apispec.8b421526.func_pm_ctrl_shuffle__smncs4i8.myobw605,12,marshmallow-code__apispec.8b421526.func_pm_ctrl_shuffle__smncs4i8.myobw605,6302,true,17,30,0,0,0,0,0,,0,0,360000000,360000000,0,0,0,ok,,
648,,,,marshmallow-code__apispec.8b421526.func_pm_ctrl_shuffle__smncs4i8.myobw605,13,marshmallow-code__apispec.8b421526.func_pm_ctrl_shuffle__smncs4i8.myobw605,6349,true,58,35,0,0,0,0,0,,0,0,390000000,390000000,0,0,0,ok,,
649,,,,marshmallow-code__apispec.8b421526.func_pm_ctrl_shuffle__smncs4i8.myobw605,14,marshmallow-code__apispec.8b421526.func_pm_ctrl_shuffle__smncs4i8.myobw605,6443,true,1276,45,0,0,0,0,0,,0,0,420000000,420000000,0,0,0,ok,,
650,,,,marshmallow-code__apispec.8b421526.func_pm_ctrl_shuffle__smncs4i8.myobw605,15,marshmallow-code__apispec.8b421526.func_pm_ctrl_shuffle__smncs4i8.myobw605,7764,true,15,13,0,0,0,0,0,,0,0,450000000,450000000,0,0,0,ok,,
651,,,,scrapy__scrapy.35212ec5.lm_rewrite__0x23rybz.x90to3jr,0,scrapy__scrapy.35212ec5.lm_rewrite__0x23rybz.x90to3jr,978,true,611,110,0,0,0,0,0,,0,0,0,0,0,0,0,ok,,
652,,,,scrapy__scrapy.35212ec5.lm_rewrite__0x23rybz.x90to3jr,1,scrapy__scrapy.35212ec5.lm_rewrite__0x23rybz.x90to3jr,1700,true,20,54,0,0,0,0,0,,0,0,30000000,30000000,0,0,0,ok,,
653,,,,scrapy__scrapy.35212ec5.lm_rewrite__0x23rybz.x90to3jr,2,scrapy__scrapy.35212ec5.lm_rewrite__0x23rybz.x90to3jr,1774,true,2294,61,0,0,0,0,0,,0,0,60000000,60000000,0,0,0,ok,,
654,,,,scrapy__scrapy.35212ec5.lm_rewrite__0x23rybz.x90to3jr,3,scrapy__scrapy.35212ec5.lm_rewrite__0x23rybz.x90to3jr,4130,true,9,42,0,0,0,0,0,,0,0,90000000,90000000,0,0,0,ok,,
655,,,,scrapy__scrapy.35212ec5.lm_rewrite__0x23rybz.x90to3jr,4,scrapy__scrapy.35212ec5.lm_rewrite__0x23rybz.x90to3jr,4182,true,2355,201,0,0,0,0,0,,0,0,120000000,120000000,0,0,0,ok,,
656,,,,scrapy__scrapy.35212ec5.lm_rewrite__0x23rybz.x90to3jr,5,scrapy__scrapy.35212ec5.lm_rewrite__0x23rybz.x90to3jr,6739,true,17,37,0,0,0,0,0,,0,0,150000000,150000000,0,0,0,ok,,
657,,,,scrapy__scrapy.35212ec5.lm_rewrite__0x23rybz.x90to3jr,6,scrapy__scrapy.35212ec5.lm_rewrite__0x23rybz.x90to3jr,6793,true,82,678,0,0,0,0,0,,0,0,180000000,180000000,0,0,0,ok,,
658,,,,scrapy__scrapy.35212ec5.lm_rewrite__0x23rybz.x90to3jr,7,scrapy__scrapy.35212ec5.lm_rewrite__0x23rybz.x90to3jr,7554,true,481,44,0,0,0,0,0,,0,0,210000000,210000000,0,0,0,ok,,
659,,,,scrapy__scrapy.35212ec5.lm_rewrite__0x23rybz.x90to3jr,8,scrapy__scrapy.35212ec5.lm_rewrite__0x23rybz.x90to3jr,8080,true,83,623,0,0,0,0,0,,0,0,240000000,240000000,0,0,0,ok,,
660,,,,scrapy__scrapy.35212ec5.lm_rewrite__0x23rybz.x90to3jr,9,scrapy__scrapy.35212ec5.lm_rewrite__0x23rybz.x90to3jr,8786,true,509,33,0,0,0,0,0,,0,0,270000000,270000000,0,0,0,ok,,
661,,,,scrapy__scrapy.35212ec5.lm_rewrite__0x23rybz.x90to3jr,10,scrapy__scrapy.35212ec5.lm_rewrite__0x23rybz.x90to3jr,9329,true,301,929,0,0,0,0,0,,0,0,300000000,300000000,0,0,0,ok,,
662,,,,scrapy__scrapy.35212ec5.lm_rewrite__0x23rybz.x90to3jr,11,scrapy__scrapy.35212ec5.lm_rewrite__0x23rybz.x90to3jr,10560,true,717,45,0,0,0,0,0,,0,0,330000000,330000000,0,0,0,ok,,
663,,,,scrapy__scrapy.35212ec5.lm_rewrite__0x23rybz.x90to3jr,12,scrapy__scrapy.35212ec5.lm_rewrite__0x23rybz.x90to3jr,11322,true,313,314,0,0,0,0,0,,0,0,360000000,360000000,0,0,0,ok,,
664,,,,scrapy__scrapy.35212ec5.lm_rewrite__0x23rybz.x90to3jr,13,scrapy__scrapy.35212ec5.lm_rewrite__0x23rybz.x90to3jr,11950,true,90,44,0,0,0,0,0,,0,0,390000000,390000000,0,0,0,ok,,
665,,,,scrapy__scrapy.35212ec5.lm_rewrite__0x23rybz.x90to3jr,14,scrapy__scrapy.35212ec5.lm_rewrite__0x23rybz.x90to3jr,12084,true,470,278,0,0,0,0,0,,0,0,420000000,420000000,0,0,0,ok,,
666,,,,scrapy__scrapy.35212ec5.lm_rewrite__0x23rybz.x90to3jr,15,scrapy__scrapy.35212ec5.lm_rewrite__0x23rybz.x90to3jr,12832,true,88,846,0,0,0,0,0,,0,0,450000000,450000000,0,0,0,ok,,
667,,,,scrapy__scrapy.35212ec5.lm_rewrite__0x23rybz.x90to3jr,16,scrapy__scrapy.35212ec5.lm_rewrite__0x23rybz.x90to3jr,13767,true,378,214,0,0,0,0,0,,0,0,480000000,480000000,0,0,0,ok,,
668,,,,scrapy__scrapy.35212ec5.lm_rewrite__0x23rybz.x90to3jr,17,scrapy__scrapy.35212ec5.lm_rewrite__0x23rybz.x90to3jr,14359,true,18,31,0,0,0,0,0,,0,0,510000000,510000000,0,0,0,ok,,
669,,,,scrapy__scrapy.35212ec5.lm_rewrite__0x23rybz.x90to3jr,18,scrapy__scrapy.35212ec5.lm_rewrite__0x23rybz.x90to3jr,14409,true,110,1091,0,0,0,0,0,,0,0,540000000,540000000,0,0,0,ok,,
670,,,,scrapy__scrapy.35212ec5.lm_rewrite__0x23rybz.x90to3jr,19,scrapy__scrapy.35212ec5.lm_rewrite__0x23rybz.x90to3jr,15611,true,717,49,0,0,0,0,0,,0,0,570000000,570000000,0,0,0,ok,,
671,,,,scrapy__scrapy.35212ec5.lm_rewrite__0x23rybz.x90to3jr,20,scrapy__scrapy.35212ec5.lm_rewrite__0x23rybz.x90to3jr,16378,true,421,438,0,0,0,0,0,,0,0,600000000,600000000,0,0,0,ok,,
672,,,,scrapy__scrapy.35212ec5.lm_rewrite__0x23rybz.x90to3jr,21,scrapy__scrapy.35212ec5.lm_rewrite__0x23rybz.x90to3jr,17237,true,18,31,0,0,0,0,0,,0,0,630000000,630000000,0,0,0,ok,,
673,,,,scrapy__scrapy.35212ec5.lm_rewrite__0x23rybz.x90to3jr,22,scrapy__scrapy.35212ec5.lm_rewrite__0x23rybz.x90to3jr,17287,true,317,266,0,0,0,0,0,,0,0,660000000,660000000,0,0,0,ok,,
674,,,,scrapy__scrapy.35212ec5.lm_rewrite__0x23rybz.x90to3jr,23,scrapy__scrapy.35212ec5.lm_rewrite__0x23rybz.x90to3jr,17871,true,25066,45,0,0,0,0,0,,0,0,690000000,690000000,0,0,0,ok,,
675,,,,scrapy__scrapy.35212ec5.lm_rewrite__0x23rybz.x90to3jr,24,scrapy__scrapy.35212ec5.lm_rewrite__0x23rybz.x90to3jr,42983,true,15,15,0,0,0,0,0,,0,0,720000000,720000000,0,0,0,ok,,
676,,,,dask__dask.5f61e423.lm_rewrite__wf7wp5ae.z8nktsty,0,dask__dask.5f61e423.lm_rewrite__wf7wp5ae.z8nktsty,978,true,858,73,0,0,0,0,0,,0,0,0,0,0,0,0,ok,,
677,,,,dask__dask.5f61e423.lm_rewrite__wf7wp5ae.z8nktsty,1,dask__dask.5f61e423.lm_rewrite__wf7wp5ae.z8nktsty,1909,true,11,60,0,0,0,0,0,,0,0,30000000,30000000,0,0,0,ok,,
678,,,,dask__dask.5f61e423.lm_rewrite__wf7wp5ae.z8nktsty,2,dask__dask.5f61e423.lm_rewrite__wf7wp5ae.z8nktsty,1981,true,3682,318,0,0,0,0,0,,0,0,60000000,60000000,0,0,0,ok,,
679,,,,dask__dask.5f61e423.lm_rewrite__wf7wp5ae.z8nktsty,3,dask__dask.5f61e423.lm_rewrite__wf7wp5ae.z8nktsty,5981,true,17,37,0,0,0,0,0,,0,0,90000000,90000000,0,0,0,ok,,
680,,,,dask__dask.5f61e423.lm_rewrite__wf7wp5ae.z8nktsty,4,dask__dask.5f61e423.lm_rewrite__wf7wp5ae.z8nktsty,6037,true,86,1032,0,0,0,0,0,,0,0,120000000,120000000,0,0,0,ok,,
681,,,,dask__dask.5f61e423.lm_rewrite__wf7wp5ae.z8nktsty,5,dask__dask.5f61e423.lm_rewrite__wf7wp5ae.z8nktsty,7156,true,836,308,0,0,0,0,0,,0,0,150000000,150000000,0,0,0,ok,,
682,,,,dask__dask.5f61e423.lm_rewrite__wf7wp5ae.z8nktsty,6,dask__dask.5f61e423.lm_rewrite__wf7wp5ae.z8nktsty,8301,true,341,42,0,0,0,0,0,,0,0,180000000,180000000,0,0,0,ok,,
683,,,,dask__dask.5f61e423.lm_rewrite__wf7wp5ae.z8nktsty,7,dask__dask.5f61e423.lm_rewrite__wf7wp5ae.z8nktsty,8685,true,89,1033,0,0,0,0,0,,0,0,210000000,210000000,0,0,0,ok,,
684,,,,dask__dask.5f61e423.lm_rewrite__wf7wp5ae.z8nktsty,8,dask__dask.5f61e423.lm_rewrite__wf7wp5ae.z8nktsty,9808,true,18,34,0,0,0,0,0,,0,0,240000000,240000000,0,0,0,ok,,
685,,,,dask__dask.5f61e423.lm_rewrite__wf7wp5ae.z8nktsty,9,dask__dask.5f61e423.lm_rewrite__wf7wp5ae.z8nktsty,9861,true,380,666,0,0,0,0,0,,0,0,270000000,270000000,0,0,0,ok,,
686,,,,dask__dask.5f61e423.lm_rewrite__wf7wp5ae.z8nktsty,10,dask__dask.5f61e423.lm_rewrite__wf7wp5ae.z8nktsty,10908,true,527,319,0,0,0,0,0,,0,0,300000000,300000000,0,0,0,ok,,
687,,,,dask__dask.5f61e423.lm_rewrite__wf7wp5ae.z8nktsty,11,dask__dask.5f61e423.lm_rewrite__wf7wp5ae.z8nktsty,11755,true,292,37,0,0,0,0,0,,0,0,330000000,330000000,0,0,0,ok,,
688,,,,dask__dask.5f61e423.lm_rewrite__wf7wp5ae.z8nktsty,12,dask__dask.5f61e423.lm_rewrite__wf7wp5ae.z8nktsty,12084,true,381,598,0,0,0,0,0,,0,0,360000000,360000000,0,0,0,ok,,
689,,,,dask__dask.5f61e423.lm_rewrite__wf7wp5ae.z8nktsty,13,dask__dask.5f61e423.lm_rewrite__wf7wp5ae.z8nktsty,13063,true,15,30,0,0,0,0,0,,0,0,390000000,390000000,0,0,0,ok,,
690,,,,dask__dask.5f61e423.lm_rewrite__wf7wp5ae.z8nktsty,14,dask__dask.5f61e423.lm_rewrite__wf7wp5ae.z8nktsty,13109,true,180,132,0,0,0,0,0,,0,0,420000000,420000000,0,0,0,ok,,
691,,,,dask__dask.5f61e423.lm_rewrite__wf7wp5ae.z8nktsty,15,dask__dask.5f61e423.lm_rewrite__wf7wp5ae.z8nktsty,13422,true,3038,46,0,0,0,0,0,,0,0,450000000,450000000,0,0,0,ok,,
692,,,,dask__dask.5f61e423.lm_rewrite__wf7wp5ae.z8nktsty,16,dask__dask.5f61e423.lm_rewrite__wf7wp5ae.z8nktsty,16506,true,15,13,0,0,0,0,0,,0,0,480000000,480000000,0,0,0,ok,,
693,,,,chardet__chardet.9630f238.158.l9fqji36,0,chardet__chardet.9630f238.158.l9fqji36,978,true,675,73,0,0,0,0,0,,0,0,0,0,0,0,0,ok,,
694,,,,chardet__chardet.9630f238.158.l9fqji36,1,chardet__chardet.9630f238.158.l9fqji36,1727,true,19,46,0,0,0,0,0,,0,0,30000000,30000000,0,0,0,ok,,
695,,,,chardet__chardet.9630f238.158.l9fqji36,2,chardet__chardet.9630f238.158.l9fqji36,1793,true,2600,348,0,0,0,0,0,,0,0,60000000,60000000,0,0,0,ok,,
696,,,,chardet__chardet.9630f238.158.l9fqji36,3,chardet__chardet.9630f238.158.l9fqji36,4742,true,19,35,0,0,0,0,0,,0,0,90000000,90000000,0,0,0,ok,,
697,,,,chardet__chardet.9630f238.158.l9fqji36,4,chardet__chardet.9630f238.158.l9fqji36,4796,true,102,197,0,0,0,0,0,,0,0,120000000,120000000,0,0,0,ok,,
698,,,,chardet__chardet.9630f238.158.l9fqji36,5,chardet__chardet.9630f238.158.l9fqji36,5095,true,154,47,0,0,0,0,0,,0,0,150000000,150000000,0,0,0,ok,,
699,,,,chardet__chardet.9630f238.158.l9fqji36,6,chardet__chardet.9630f238.158.l9fqji36,5297,true,102,362,0,0,0,0,0,,0,0,180000000,180000000,0,0,0,ok,,
700,,,,msiemens__tinydb.10644a0e.func_pm_ctrl_shuffle__twt15ie9.jg2novk6,0,msiemens__tinydb.10644a0e.func_pm_ctrl_shuffle__twt15ie9.jg2novk6,978,true,590,98,0,0,0,0,0,,0,0,0,0,0,0,0,ok,,
701,,,,msiemens__tinydb.10644a0e.func_pm_ctrl_shuffle__twt15ie9.jg2novk6,1,msiemens__tinydb.10644a0e.func_pm_ctrl_shuffle__twt15ie9.jg2novk6,1666,true,163,98,0,0,0,0,0,,0,0,30000000,30000000,0,0,0,ok,,
702,,,,msiemens__tinydb.10644a0e.func_pm_ctrl_shuffle__twt15ie9.jg2novk6,2,msiemens__tinydb.10644a0e.func_pm_ctrl_shuffle__twt15ie9.jg2novk6,1928,true,2748,61,0,0,0,0,0,,0,0,60000000,60000000,0,0,0,ok,,
703,,,,msiemens__tinydb.10644a0e.func_pm_ctrl_shuffle__twt15ie9.jg2novk6,3,msiemens__tinydb.10644a0e.func_pm_ctrl_shuffle__twt15ie9.jg2novk6,4737,true,1865,67,0,0,0,0,0,,0,0,90000000,90000000,0,0,0,ok,,
704,,,,msiemens__tinydb.10644a0e.func_pm_ctrl_shuffle__twt15ie9.jg2novk6,4,msiemens__tinydb.10644a0e.func_pm_ctrl_shuffle__twt15ie9.jg2novk6,6670,true,1048,70,0,0,0,0,0,,0,0,120000000,120000000,0,0,0,ok,,
705,,,,msiemens__tinydb.10644a0e.func_pm_ctrl_shuffle__twt15ie9.jg2novk6,5,msiemens__tinydb.10644a0e.func_pm_ctrl_shuffle__twt15ie9.jg2novk6,7788,true,510,193,0,0,0,0,0,,0,0,150000000,150000000,0,0,0,ok,,
706,,,,msiemens__tinydb.10644a0e.func_pm_ctrl_shuffle__twt15ie9.jg2novk6,6,msiemens__tinydb.10644a0e.func_pm_ctrl_shuffle__twt15ie9.jg2novk6,8492,true,17,35,0,0,0,0,0,,0,0,180000000,180000000,0,0,0,ok,,
707,,,,msiemens__tinydb.10644a0e.func_pm_ctrl_shuffle__twt15ie9.jg2novk6,7,msiemens__tinydb.10644a0e.func_pm_ctrl_shuffle__twt15ie9.jg2novk6,8545,true,121,578,0,0,0,0,0,,0,0,210000000,210000000,0,0,0,ok,,
708,,,,msiemens__tinydb.10644a0e.func_pm_ctrl_shuffle__twt15ie9.jg2novk6,8,msiemens__tinydb.10644a0e.func_pm_ctrl_shuffle__twt15ie9.jg2novk6,9245,true,421,40,0,0,0,0,0,,0,0,240000000,240000000,0,0,0,ok,,
709,,,,msiemens__tinydb.10644a0e.func_pm_ctrl_shuffle__twt15ie9.jg2novk6,9,msiemens__tinydb.10644a0e.func_pm_ctrl_shuffle__twt15ie9.jg2novk6,9706,true,15,49,0,0,0,0,0,,0,0,270000000,270000000,0,0,0,ok,,
710,,,,msiemens__tinydb.10644a0e.func_pm_ctrl_shuffle__twt15ie9.jg2novk6,10,msiemens__tinydb.10644a0e.func_pm_ctrl_shuffle__twt15ie9.jg2novk6,9771,true,51,195,0,0,0,0,0,,0,0,300000000,300000000,0,0,0,ok,,
711,,,,msiemens__tinydb.10644a0e.func_pm_ctrl_shuffle__twt15ie9.jg2novk6,11,msiemens__tinydb.10644a0e.func_pm_ctrl_shuffle__twt15ie9.jg2novk6,10018,true,16,23,0,0,0,0,0,,0,0,330000000,330000000,0,0,0,ok,,
712,,,,msiemens__tinydb.10644a0e.func_pm_ctrl_shuffle__twt15ie9.jg2novk6,12,msiemens__tinydb.10644a0e.func_pm_ctrl_shuffle__twt15ie9.jg2novk6,10059,true,25,552,0,0,0,0,0,,0,0,360000000,360000000,0,0,0,ok,,
713,,,,msiemens__tinydb.10644a0e.func_pm_ctrl_shuffle__twt15ie9.jg2novk6,13,msiemens__tinydb.10644a0e.func_pm_ctrl_shuffle__twt15ie9.jg2novk6,10636,true,17,24,0,0,0,0,0,,0,0,390000000,390000000,0,0,0,ok,,
714,,,,msiemens__tinydb.10644a0e.func_pm_ctrl_shuffle__twt15ie9.jg2novk6,14,msiemens__tinydb.10644a0e.func_pm_ctrl_shuffle__twt15ie9.jg2novk6,10678,true,238,140,0,0,0,0,0,,0,0,420000000,420000000,0,0,0,ok,,
715,,,,msiemens__tinydb.10644a0e.func_pm_ctrl_shuffle__twt15ie9.jg2novk6,15,msiemens__tinydb.10644a0e.func_pm_ctrl_shuffle__twt15ie9.jg2novk6,11058,true,1483,54,0,0,0,0,0,,0,0,450000000,450000000,0,0,0,ok,,
716,,,,msiemens__tinydb.10644a0e.func_pm_ctrl_shuffle__twt15ie9.jg2novk6,16,msiemens__tinydb.10644a0e.func_pm_ctrl_shuffle__twt15ie9.jg2novk6,12595,true,15,7,0,0,0,0,0,,0,0,480000000,480000000,0,0,0,ok,,
717,,,,cookiecutter__cookiecutter.b4451231.pr_2029.rtajh04w,0,cookiecutter__cookiecutter.b4451231.pr_2029.rtajh04w,978,true,520,75,0,0,0,0,0,,0,0,0,0,0,0,0,ok,,
718,,,,cookiecutter__cookiecutter.b4451231.pr_2029.rtajh04w,1,cookiecutter__cookiecutter.b4451231.pr_2029.rtajh04w,1574,true,1147,117,0,0,0,0,0,,0,0,30000000,30000000,0,0,0,ok,,
719,,,,cookiecutter__cookiecutter.b4451231.pr_2029.rtajh04w,2,cookiecutter__cookiecutter.b4451231.pr_2029.rtajh04w,2839,true,2518,33,0,0,0,0,0,,0,0,60000000,60000000,0,0,0,ok,,
720,,,,cookiecutter__cookiecutter.b4451231.pr_2029.rtajh04w,3,cookiecutter__cookiecutter.b4451231.pr_2029.rtajh04w,5391,true,2458,57,0,0,0,0,0,,0,0,90000000,90000000,0,0,0,ok,,
721,,,,cookiecutter__cookiecutter.b4451231.pr_2029.rtajh04w,4,cookiecutter__cookiecutter.b4451231.pr_2029.rtajh04w,7907,true,4564,565,0,0,0,0,0,,0,0,120000000,120000000,0,0,0,ok,,
722,,,,cookiecutter__cookiecutter.b4451231.pr_2029.rtajh04w,5,cookiecutter__cookiecutter.b4451231.pr_2029.rtajh04w,13037,true,16,32,0,0,0,0,0,,0,0,150000000,150000000,0,0,0,ok,,
723,,,,cookiecutter__cookiecutter.b4451231.pr_2029.rtajh04w,6,cookiecutter__cookiecutter.b4451231.pr_2029.rtajh04w,13086,true,24,443,0,0,0,0,0,,0,0,180000000,180000000,0,0,0,ok,,
724,,,,cookiecutter__cookiecutter.b4451231.pr_2029.rtajh04w,7,cookiecutter__cookiecutter.b4451231.pr_2029.rtajh04w,13554,true,389,41,0,0,0,0,0,,0,0,210000000,210000000,0,0,0,ok,,
725,,,,cookiecutter__cookiecutter.b4451231.pr_2029.rtajh04w,8,cookiecutter__cookiecutter.b4451231.pr_2029.rtajh04w,13985,true,24,109,0,0,0,0,0,,0,0,240000000,240000000,0,0,0,ok,,
726,,,,cookiecutter__cookiecutter.b4451231.pr_2029.rtajh04w,9,cookiecutter__cookiecutter.b4451231.pr_2029.rtajh04w,14120,true,856,46,0,0,0,0,0,,0,0,270000000,270000000,0,0,0,ok,,
727,,,,cookiecutter__cookiecutter.b4451231.pr_2029.rtajh04w,10,cookiecutter__cookiecutter.b4451231.pr_2029.rtajh04w,15022,true,586,45,0,0,0,0,0,,0,0,300000000,300000000,0,0,0,ok,,
728,,,,cookiecutter__cookiecutter.b4451231.pr_2029.rtajh04w,11,cookiecutter__cookiecutter.b4451231.pr_2029.rtajh04w,15655,true,754,279,0,0,0,0,0,,0,0,330000000,330000000,0,0,0,ok,,
729,,,,cookiecutter__cookiecutter.b4451231.pr_2029.rtajh04w,12,cookiecutter__cookiecutter.b4451231.pr_2029.rtajh04w,16689,true,291,42,0,0,0,0,0,,0,0,360000000,360000000,0,0,0,ok,,
730,,,,cookiecutter__cookiecutter.b4451231.pr_2029.rtajh04w,13,cookiecutter__cookiecutter.b4451231.pr_2029.rtajh04w,17023,true,20,581,0,0,0,0,0,,0,0,390000000,390000000,0,0,0,ok,,
731,,,,cookiecutter__cookiecutter.b4451231.pr_2029.rtajh04w,14,cookiecutter__cookiecutter.b4451231.pr_2029.rtajh04w,17624,true,17,23,0,0,0,0,0,,0,0,420000000,420000000,0,0,0,ok,,
732,,,,cookiecutter__cookiecutter.b4451231.pr_2029.rtajh04w,15,cookiecutter__cookiecutter.b4451231.pr_2029.rtajh04w,17665,true,293,36,0,0,0,0,0,,0,0,450000000,450000000,0,0,0,ok,,
733,,,,agronholm__typeguard.b6a7e438.func_pm_op_break_chains__ceb4s3n3.b1bx5fmv,0,agronholm__typeguard.b6a7e438.func_pm_op_break_chains__ceb4s3n3.b1bx5fmv,978,true,623,106,0,0,0,0,0,,0,0,0,0,0,0,0,ok,,
734,,,,agronholm__typeguard.b6a7e438.func_pm_op_break_chains__ceb4s3n3.b1bx5fmv,1,agronholm__typeguard.b6a7e438.func_pm_op_break_chains__ceb4s3n3.b1bx5fmv,1708,true,281,51,0,0,0,0,0,,0,0,30000000,30000000,0,0,0,ok,,
735,,,,agronholm__typeguard.b6a7e438.func_pm_op_break_chains__ceb4s3n3.b1bx5fmv,2,agronholm__typeguard.b6a7e438.func_pm_op_break_chains__ceb4s3n3.b1bx5fmv,2041,true,645,77,0,0,0,0,0,,0,0,60000000,60000000,0,0,0,ok,,
736,,,,agronholm__typeguard.b6a7e438.func_pm_op_break_chains__ceb4s3n3.b1bx5fmv,3,agronholm__typeguard.b6a7e438.func_pm_op_break_chains__ceb4s3n3.b1bx5fmv,2764,true,406,38,0,0,0,0,0,,0,0,90000000,90000000,0,0,0,ok,,
737,,,,agronholm__typeguard.b6a7e438.func_pm_op_break_chains__ceb4s3n3.b1bx5fmv,4,agronholm__typeguard.b6a7e438.func_pm_op_break_chains__ceb4s3n3.b1bx5fmv,3209,true,497,61,0,0,0,0,0,,0,0,120000000,120000000,0,0,0,ok,,
738,,,,agronholm__typeguard.b6a7e438.func_pm_op_break_chains__ceb4s3n3.b1bx5fmv,5,agronholm__typeguard.b6a7e438.func_pm_op_break_chains__ceb4s3n3.b1bx5fmv,3767,true,2363,47,0,0,0,0,0,,0,0,150000000,150000000,0,0,0,ok,,
739,,,,agronholm__typeguard.b6a7e438.func_pm_op_break_chains__ceb4s3n3.b1bx5fmv,6,agronholm__typeguard.b6a7e438.func_pm_op_break_chains__ceb4s3n3.b1bx5fmv,6177,true,456,47,0,0,0,0,0,,0,0,180000000,180000000,0,0,0,ok,,
740,,,,agronholm__typeguard.b6a7e438.func_pm_op_break_chains__ceb4s3n3.b1bx5fmv,7,agronholm__typeguard.b6a7e438.func_pm_op_break_chains__ceb4s3n3.b1bx5fmv,6681,true,602,62,0,0,0,0,0,,0,0,210000000,210000000,0,0,0,ok,,
741,,,,agronholm__typeguard.b6a7e438.func_pm_op_break_chains__ceb4s3n3.b1bx5fmv,8,agronholm__typeguard.b6a7e438.func_pm_op_break_chains__ceb4s3n3.b1bx5fmv,7345,true,3165,180,0,0,0,0,0,,0,0,240000000,240000000,0,0,0,ok,,
742,,,,agronholm__typeguard.b6a7e438.func_pm_op_break_chains__ceb4s3n3.b1bx5fmv,9,agronholm__typeguard.b6a7e438.func_pm_op_break_chains__ceb4s3n3.b1bx5fmv,10690,true,17,34,0,0,0,0,0,,0,0,270000000,270000000,0,0,0,ok,,
743,,,,agronholm__typeguard.b6a7e438.func_pm_op_break_chains__ceb4s3n3.b1bx5fmv,10,agronholm__typeguard.b6a7e438.func_pm_op_break_chains__ceb4s3n3.b1bx5fmv,10742,true,10,277,0,0,0,0,0,,0,0,300000000,300000000,0,0,0,ok,,
744,,,,agronholm__typeguard.b6a7e438.func_pm_op_break_chains__ceb4s3n3.b1bx5fmv,11,agronholm__typeguard.b6a7e438.func_pm_op_break_chains__ceb4s3n3.b1bx5fmv,11030,true,201,32,0,0,0,0,0,,0,0,330000000,330000000,0,0,0,ok,,
745,,,,agronholm__typeguard.b6a7e438.func_pm_op_break_chains__ceb4s3n3.b1bx5fmv,12,agronholm__typeguard.b6a7e438.func_pm_op_break_chains__ceb4s3n3.b1bx5fmv,11264,true,15,510,0,0,0,0,0,,0,0,360000000,360000000,0,0,0,ok,,
746,,,,agronholm__typeguard.b6a7e438.func_pm_op_break_chains__ceb4s3n3.b1bx5fmv,13,agronholm__typeguard.b6a7e438.func_pm_op_break_chains__ceb4s3n3.b1bx5fmv,11790,true,379,52,0,0,0,0,0,,0,0,390000000,390000000,0,0,0,ok,,
747,,,,agronholm__typeguard.b6a7e438.func_pm_op_break_chains__ceb4s3n3.b1bx5fmv,14,agronholm__typeguard.b6a7e438.func_pm_op_break_chains__ceb4s3n3.b1bx5fmv,12222,true,10,108,0,0,0,0,0,,0,0,420000000,420000000,0,0,0,ok,,
748,,,,agronholm__typeguard.b6a7e438.func_pm_op_break_chains__ceb4s3n3.b1bx5fmv,15,agronholm__typeguard.b6a7e438.func_pm_op_break_chains__ceb4s3n3.b1bx5fmv,12341,true,277,40,0,0,0,0,0,,0,0,450000000,450000000,0,0,0,ok,,
749,,,,agronholm__typeguard.b6a7e438.func_pm_op_break_chains__ceb4s3n3.b1bx5fmv,16,agronholm__typeguard.b6a7e438.func_pm_op_break_chains__ceb4s3n3.b1bx5fmv,12659,true,472,335,0,0,0,0,0,,0,0,480000000,480000000,0,0,0,ok,,
750,,,,agronholm__typeguard.b6a7e438.func_pm_op_break_chains__ceb4s3n3.b1bx5fmv,17,agronholm__typeguard.b6a7e438.func_pm_op_break_chains__ceb4s3n3.b1bx5fmv,13466,true,17,32,0,0,0,0,0,,0,0,510000000,510000000,0,0,0,ok,,
751,,,,agronholm__typeguard.b6a7e438.func_pm_op_break_chains__ceb4s3n3.b1bx5fmv,18,agronholm__typeguard.b6a7e438.func_pm_op_break_chains__ceb4s3n3.b1bx5fmv,13517,true,27,662,0,0,0,0,0,,0,0,540000000,540000000,0,0,0,ok,,
752,,,,agronholm__typeguard.b6a7e438.func_pm_op_break_chains__ceb4s3n3.b1bx5fmv,19,agronholm__typeguard.b6a7e438.func_pm_op_break_chains__ceb4s3n3.b1bx5fmv,14206,true,548,34,0,0,0,0,0,,0,0,570000000,570000000,0,0,0,ok,,
753,,,,agronholm__typeguard.b6a7e438.func_pm_op_break_chains__ceb4s3n3.b1bx5fmv,20,agronholm__typeguard.b6a7e438.func_pm_op_break_chains__ceb4s3n3.b1bx5fmv,14789,true,52,310,0,0,0,0,0,,0,0,600000000,600000000,0,0,0,ok,,
754,,,,agronholm__typeguard.b6a7e438.func_pm_op_break_chains__ceb4s3n3.b1bx5fmv,21,agronholm__typeguard.b6a7e438.func_pm_op_break_chains__ceb4s3n3.b1bx5fmv,15152,true,1095,40,0,0,0,0,0,,0,0,630000000,630000000,0,0,0,ok,,
755,,,,agronholm__typeguard.b6a7e438.func_pm_op_break_chains__ceb4s3n3.b1bx5fmv,22,agronholm__typeguard.b6a7e438.func_pm_op_break_chains__ceb4s3n3.b1bx5fmv,16287,true,15,7,0,0,0,0,0,,0,0,660000000,660000000,0,0,0,ok,,
756,,,,getmoto__moto.694ce1f4.pr_8368.sq2ohx7r,0,getmoto__moto.694ce1f4.pr_8368.sq2ohx7r,978,true,708,74,0,0,0,0,0,,0,0,0,0,0,0,0,ok,,
757,,,,getmoto__moto.694ce1f4.pr_8368.sq2ohx7r,1,getmoto__moto.694ce1f4.pr_8368.sq2ohx7r,1761,true,25066,50,0,0,0,0,0,,0,0,30000000,30000000,0,0,0,ok,,
758,,,,getmoto__moto.694ce1f4.pr_8368.sq2ohx7r,2,getmoto__moto.694ce1f4.pr_8368.sq2ohx7r,26877,true,358,62,0,0,0,0,0,,0,0,60000000,60000000,0,0,0,ok,,
759,,,,getmoto__moto.694ce1f4.pr_8368.sq2ohx7r,3,getmoto__moto.694ce1f4.pr_8368.sq2ohx7r,27298,true,3095,59,0,0,0,0,0,,0,0,90000000,90000000,0,0,0,ok,,
760,,,,getmoto__moto.694ce1f4.pr_8368.sq2ohx7r,4,getmoto__moto.694ce1f4.pr_8368.sq2ohx7r,30453,true,161,52,0,0,0,0,0,,0,0,120000000,120000000,0,0,0,ok,,
761,,,,getmoto__moto.694ce1f4.pr_8368.sq2ohx7r,5,getmoto__moto.694ce1f4.pr_8368.sq2ohx7r,30667,true,3178,58,0,0,0,0,0,,0,0,150000000,150000000,0,0,0,ok,,
762,,,,getmoto__moto.694ce1f4.pr_8368.sq2ohx7r,6,getmoto__moto.694ce1f4.pr_8368.sq2ohx7r,33903,true,546,59,0,0,0,0,0,,0,0,180000000,180000000,0,0,0,ok,,
763,,,,getmoto__moto.694ce1f4.pr_8368.sq2ohx7r,7,getmoto__moto.694ce1f4.pr_8368.sq2ohx7r,34509,true,466,225,0,0,0,0,0,,0,0,210000000,210000000,0,0,0,ok,,
764,,,,getmoto__moto.694ce1f4.pr_8368.sq2ohx7r,8,getmoto__moto.694ce1f4.pr_8368.sq2ohx7r,35202,true,17,35,0,0,0,0,0,,0,0,240000000,240000000,0,0,0,ok,,
765,,,,getmoto__moto.694ce1f4.pr_8368.sq2ohx7r,9,getmoto__moto.694ce1f4.pr_8368.sq2ohx7r,35255,true,61,85,0,0,0,0,0,,0,0,270000000,270000000,0,0,0,ok,,
766,,,,getmoto__moto.694ce1f4.pr_8368.sq2ohx7r,10,getmoto__moto.694ce1f4.pr_8368.sq2ohx7r,35402,true,135,33,0,0,0,0,0,,0,0,300000000,300000000,0,0,0,ok,,
767,,,,getmoto__moto.694ce1f4.pr_8368.sq2ohx7r,11,getmoto__moto.694ce1f4.pr_8368.sq2ohx7r,35570,true,279,366,0,0,0,0,0,,0,0,330000000,330000000,0,0,0,ok,,
768,,,,getmoto__moto.694ce1f4.pr_8368.sq2ohx7r,12,getmoto__moto.694ce1f4.pr_8368.sq2ohx7r,36216,true,421,32,0,0,0,0,0,,0,0,360000000,360000000,0,0,0,ok,,
769,,,,getmoto__moto.694ce1f4.pr_8368.sq2ohx7r,13,getmoto__moto.694ce1f4.pr_8368.sq2ohx7r,36670,true,18,441,0,0,0,0,0,,0,0,390000000,390000000,0,0,0,ok,,
770,,,,getmoto__moto.694ce1f4.pr_8368.sq2ohx7r,14,getmoto__moto.694ce1f4.pr_8368.sq2ohx7r,37129,true,409,293,0,0,0,0,0,,0,0,420000000,420000000,0,0,0,ok,,
771,,,,getmoto__moto.694ce1f4.pr_8368.sq2ohx7r,15,getmoto__moto.694ce1f4.pr_8368.sq2ohx7r,37832,true,287,40,0,0,0,0,0,,0,0,450000000,450000000,0,0,0,ok,,
772,,,,getmoto__moto.694ce1f4.pr_8368.sq2ohx7r,16,getmoto__moto.694ce1f4.pr_8368.sq2ohx7r,38159,true,8,565,0,0,0,0,0,,0,0,480000000,480000000,0,0,0,ok,,
773,,,,getmoto__moto.694ce1f4.pr_8368.sq2ohx7r,17,getmoto__moto.694ce1f4.pr_8368.sq2ohx7r,38733,true,659,39,0,0,0,0,0,,0,0,510000000,510000000,0,0,0,ok,,
774,,,,getmoto__moto.694ce1f4.pr_8368.sq2ohx7r,18,getmoto__moto.694ce1f4.pr_8368.sq2ohx7r,39431,true,57,422,0,0,0,0,0,,0,0,540000000,540000000,0,0,0,ok,,
775,,,,getmoto__moto.694ce1f4.pr_8368.sq2ohx7r,19,getmoto__moto.694ce1f4.pr_8368.sq2ohx7r,39912,true,453,32,0,0,0,0,0,,0,0,570000000,570000000,0,0,0,ok,,
776,,,,getmoto__moto.694ce1f4.pr_8368.sq2ohx7r,20,getmoto__moto.694ce1f4.pr_8368.sq2ohx7r,40397,true,89,199,0,0,0,0,0,,0,0,600000000,600000000,0,0,0,ok,,
777,,,,getmoto__moto.694ce1f4.pr_8368.sq2ohx7r,21,getmoto__moto.694ce1f4.pr_8368.sq2ohx7r,40686,true,1766,32,0,0,0,0,0,,0,0,630000000,630000000,0,0,0,ok,,
778,,,,getmoto__moto.694ce1f4.pr_8368.sq2ohx7r,22,getmoto__moto.694ce1f4.pr_8368.sq2ohx7r,42484,true,15,13,0,0,0,0,0,,0,0,660000000,660000000,0,0,0,ok,,
779,,,,facelessuser__soupsieve.a8080d97.func_pm_ctrl_shuffle__5f6carsb.do3j3vyf,0,facelessuser__soupsieve.a8080d97.func_pm_ctrl_shuffle__5f6carsb.do3j3vyf,978,true,556,100,0,0,0,0,0,,0,0,0,0,0,0,0,ok,,
780,,,,facelessuser__soupsieve.a8080d97.func_pm_ctrl_shuffle__5f6carsb.do3j3vyf,1,facelessuser__soupsieve.a8080d97.func_pm_ctrl_shuffle__5f6carsb.do3j3vyf,1635,true,1065,73,0,0,0,0,0,,0,0,30000000,30000000,0,0,0,ok,,
781,,,,facelessuser__soupsieve.a8080d97.func_pm_ctrl_shuffle__5f6carsb.do3j3vyf,2,facelessuser__soupsieve.a8080d97.func_pm_ctrl_shuffle__5f6carsb.do3j3vyf,2774,true,66,69,0,0,0,0,0,,0,0,60000000,60000000,0,0,0,ok,,
782,,,,facelessuser__soupsieve.a8080d97.func_pm_ctrl_shuffle__5f6carsb.do3j3vyf,3,facelessuser__soupsieve.a8080d97.func_pm_ctrl_shuffle__5f6carsb.do3j3vyf,2910,true,4260,45,0,0,0,0,0,,0,0,90000000,90000000,0,0,0,ok,,
783,,,,facelessuser__soupsieve.a8080d97.func_pm_ctrl_shuffle__5f6carsb.do3j3vyf,4,facelessuser__soupsieve.a8080d97.func_pm_ctrl_shuffle__5f6carsb.do3j3vyf,7215,true,53,59,0,0,0,0,0,,0,0,120000000,120000000,0,0,0,ok,,
784,,,,facelessuser__soupsieve.a8080d97.func_pm_ctrl_shuffle__5f6carsb.do3j3vyf,5,facelessuser__soupsieve.a8080d97.func_pm_ctrl_shuffle__5f6carsb.do3j3vyf,7328,true,107,64,0,0,0,0,0,,0,0,150000000,150000000,0,0,0,ok,,
785,,,,facelessuser__soupsieve.a8080d97.func_pm_ctrl_shuffle__5f6carsb.do3j3vyf,6,facelessuser__soupsieve.a8080d97.func_pm_ctrl_shuffle__5f6carsb.do3j3vyf,7500,true,156,50,0,0,0,0,0,,0,0,180000000,180000000,0,0,0,ok,,
786,,,,facelessuser__soupsieve.a8080d97.func_pm_ctrl_shuffle__5f6carsb.do3j3vyf,7,facelessuser__soupsieve.a8080d97.func_pm_ctrl_shuffle__5f6carsb.do3j3vyf,7707,true,97,105,0,0,0,0,0,,0,0,210000000,210000000,0,0,0,ok,,
787,,,,facelessuser__soupsieve.a8080d97.func_pm_ctrl_shuffle__5f6carsb.do3j3vyf,8,facelessuser__soupsieve.a8080d97.func_pm_ctrl_shuffle__5f6carsb.do3j3vyf,7910,true,216,359,0,0,0,0,0,,0,0,240000000,240000000,0,0,0,ok,,
788,,,,facelessuser__soupsieve.a8080d97.func_pm_ctrl_shuffle__5f6carsb.do3j3vyf,9,facelessuser__soupsieve.a8080d97.func_pm_ctrl_shuffle__5f6carsb.do3j3vyf,8485,true,16,32,0,0,0,0,0,,0,0,270000000,270000000,0,0,0,ok,,
789,,,,facelessuser__soupsieve.a8080d97.func_pm_ctrl_shuffle__5f6carsb.do3j3vyf,10,facelessuser__soupsieve.a8080d97.func_pm_ctrl_shuffle__5f6carsb.do3j3vyf,8534,true,487,267,0,0,0,0,0,,0,0,300000000,300000000,0,0,0,ok,,
790,,,,facelessuser__soupsieve.a8080d97.func_pm_ctrl_shuffle__5f6carsb.do3j3vyf,11,facelessuser__soupsieve.a8080d97.func_pm_ctrl_shuffle__5f6carsb.do3j3vyf,9289,true,248,153,0,0,0,0,0,,0,0,330000000,330000000,0,0,0,ok,,
791,,,,facelessuser__soupsieve.a8080d97.func_pm_ctrl_shuffle__5f6carsb.do3j3vyf,12,facelessuser__soupsieve.a8080d97.func_pm_ctrl_shuffle__5f6carsb.do3j3vyf,9691,true,168,52,0,0,0,0,0,,0,0,360000000,360000000,0,0,0,ok,,
792,,,,facelessuser__soupsieve.a8080d97.func_pm_ctrl_shuffle__5f6carsb.do3j3vyf,13,facelessuser__soupsieve.a8080d97.func_pm_ctrl_shuffle__5f6carsb.do3j3vyf,9912,true,58,558,0,0,0,0,0,,0,0,390000000,390000000,0,0,0,ok,,
793,,,,facelessuser__soupsieve.a8080d97.func_pm_ctrl_shuffle__5f6carsb.do3j3vyf,14,facelessuser__soupsieve.a8080d97.func_pm_ctrl_shuffle__5f6carsb.do3j3vyf,10528,true,16,30,0,0,0,0,0,,0,0,420000000,420000000,0,0,0,ok,,
794,,,,facelessuser__soupsieve.a8080d97.func_pm_ctrl_shuffle__5f6carsb.do3j3vyf,15,facelessuser__soupsieve.a8080d97.func_pm_ctrl_shuffle__5f6carsb.do3j3vyf,10575,true,387,91,0,0,0,0,0,,0,0,450000000,450000000,0,0,0,ok,,
795,,,,facelessuser__soupsieve.a8080d97.func_pm_ctrl_shuffle__5f6carsb.do3j3vyf,16,facelessuser__soupsieve.a8080d97.func_pm_ctrl_shuffle__5f6carsb.do3j3vyf,11054,true,267,255,0,0,0,0,0,,0,0,480000000,480000000,0,0,0,ok,,
796,,,,facelessuser__soupsieve.a8080d97.func_pm_ctrl_shuffle__5f6carsb.do3j3vyf,17,facelessuser__soupsieve.a8080d97.func_pm_ctrl_shuffle__5f6carsb.do3j3vyf,11577,true,1124,38,0,0,0,0,0,,0,0,510000000,510000000,0,0,0,ok,,
797,,,,facelessuser__soupsieve.a8080d97.func_pm_ctrl_shuffle__5f6carsb.do3j3vyf,18,facelessuser__soupsieve.a8080d97.func_pm_ctrl_shuffle__5f6carsb.do3j3vyf,12740,true,15,7,0,0,0,0,0,,0,0,540000000,540000000,0,0,0,ok,,
798,,,,pdfminer__pdfminer.six.1a8bd2f7.lm_rewrite__7dg3yyhh.o09owfzc,0,pdfminer__pdfminer.six.1a8bd2f7.lm_rewrite__7dg3yyhh.o09owfzc,978,true,670,89,0,0,0,0,0,,0,0,0,0,0,0,0,ok,,
799,,,,pdfminer__pdfminer.six.1a8bd2f7.lm_rewrite__7dg3yyhh.o09owfzc,1,pdfminer__pdfminer.six.1a8bd2f7.lm_rewrite__7dg3yyhh.o09owfzc,1738,true,19,61,0,0,0,0,0,,0,0,30000000,30000000,0,0,0,ok,,
800,,,,pdfminer__pdfminer.six.1a8bd2f7.lm_rewrite__7dg3yyhh.o09owfzc,2,pdfminer__pdfminer.six.1a8bd2f7.lm_rewrite__7dg3yyhh.o09owfzc,1818,true,4242,47,0,0,0,0,0,,0,0,60000000,60000000,0,0,0,ok,,
801,,,,pdfminer__pdfminer.six.1a8bd2f7.lm_rewrite__7dg3yyhh.o09owfzc,3,pdfminer__pdfminer.six.1a8bd2f7.lm_rewrite__7dg3yyhh.o09owfzc,6108,true,32,61,0,0,0,0,0,,0,0,90000000,90000000,0,0,0,ok,,
802,,,,pdfminer__pdfminer.six.1a8bd2f7.lm_rewrite__7dg3yyhh.o09owfzc,4,pdfminer__pdfminer.six.1a8bd2f7.lm_rewrite__7dg3yyhh.o09owfzc,6202,true,133,53,0,0,0,0,0,,0,0,120000000,120000000,0,0,0,ok,,
803,,,,pdfminer__pdfminer.six.1a8bd2f7.lm_rewrite__7dg3yyhh.o09owfzc,5,pdfminer__pdfminer.six.1a8bd2f7.lm_rewrite__7dg3yyhh.o09owfzc,6389,true,122,284,0,0,0,0,0,,0,0,150000000,150000000,0,0,0,ok,,
804,,,,pdfminer__pdfminer.six.1a8bd2f7.lm_rewrite__7dg3yyhh.o09owfzc,6,pdfminer__pdfminer.six.1a8bd2f7.lm_rewrite__7dg3yyhh.o09owfzc,6795,true,17,34,0,0,0,0,0,,0,0,180000000,180000000,0,0,0,ok,,
805,,,,pdfminer__pdfminer.six.1a8bd2f7.lm_rewrite__7dg3yyhh.o09owfzc,7,pdfminer__pdfminer.six.1a8bd2f7.lm_rewrite__7dg3yyhh.o09owfzc,6847,true,100,202,0,0,0,0,0,,0,0,210000000,210000000,0,0,0,ok,,
806,,,,pdfminer__pdfminer.six.1a8bd2f7.lm_rewrite__7dg3yyhh.o09owfzc,8,pdfminer__pdfminer.six.1a8bd2f7.lm_rewrite__7dg3yyhh.o09owfzc,7150,true,161,30,0,0,0,0,0,,0,0,240000000,240000000,0,0,0,ok,,
807,,,,pdfminer__pdfminer.six.1a8bd2f7.lm_rewrite__7dg3yyhh.o09owfzc,9,pdfminer__pdfminer.six.1a8bd2f7.lm_rewrite__7dg3yyhh.o09owfzc,7341,true,71,197,0,0,0,0,0,,0,0,270000000,270000000,0,0,0,ok,,
808,,,,pdfminer__pdfminer.six.1a8bd2f7.lm_rewrite__7dg3yyhh.o09owfzc,10,pdfminer__pdfminer.six.1a8bd2f7.lm_rewrite__7dg3yyhh.o09owfzc,7609,true,170,30,0,0,0,0,0,,0,0,300000000,300000000,0,0,0,ok,,
809,,,,pdfminer__pdfminer.six.1a8bd2f7.lm_rewrite__7dg3yyhh.o09owfzc,11,pdfminer__pdfminer.six.1a8bd2f7.lm_rewrite__7dg3yyhh.o09owfzc,7811,true,12,479,0,0,0,0,0,,0,0,330000000,330000000,0,0,0,ok,,
810,,,,pdfminer__pdfminer.six.1a8bd2f7.lm_rewrite__7dg3yyhh.o09owfzc,12,pdfminer__pdfminer.six.1a8bd2f7.lm_rewrite__7dg3yyhh.o09owfzc,8303,true,344,105,0,0,0,0,0,,0,0,360000000,360000000,0,0,0,ok,,
811,,,,pdfminer__pdfminer.six.1a8bd2f7.lm_rewrite__7dg3yyhh.o09owfzc,13,pdfminer__pdfminer.six.1a8bd2f7.lm_rewrite__7dg3yyhh.o09owfzc,8752,true,12,679,0,0,0,0,0,,0,0,390000000,390000000,0,0,0,ok,,
812,,,,pdfminer__pdfminer.six.1a8bd2f7.lm_rewrite__7dg3yyhh.o09owfzc,14,pdfminer__pdfminer.six.1a8bd2f7.lm_rewrite__7dg3yyhh.o09owfzc,9444,true,16,29,0,0,0,0,0,,0,0,420000000,420000000,0,0,0,ok,,
813,,,,pdfminer__pdfminer.six.1a8bd2f7.lm_rewrite__7dg3yyhh.o09owfzc,15,pdfminer__pdfminer.six.1a8bd2f7.lm_rewrite__7dg3yyhh.o09owfzc,9490,true,158,414,0,0,0,0,0,,0,0,450000000,450000000,0,0,0,ok,,
814,,,,pdfminer__pdfminer.six.1a8bd2f7.lm_rewrite__7dg3yyhh.o09owfzc,16,pdfminer__pdfminer.six.1a8bd2f7.lm_rewrite__7dg3yyhh.o09owfzc,10062,true,953,41,0,0,0,0,0,,0,0,480000000,480000000,0,0,0,ok,,
815,,,,pdfminer__pdfminer.six.1a8bd2f7.lm_rewrite__7dg3yyhh.o09owfzc,17,pdfminer__pdfminer.six.1a8bd2f7.lm_rewrite__7dg3yyhh.o09owfzc,11057,true,15,7,0,0,0,0,0,,0,0,510000000,510000000,0,0,0,ok,,
816,,,,theskumar__python-dotenv.2b8635b7.lm_rewrite__gklwunnc.g25l0zlv,0,theskumar__python-dotenv.2b8635b7.lm_rewrite__gklwunnc.g25l0zlv,978,true,618,74,0,0,0,0,0,,0,0,0,0,0,0,0,ok,,
817,,,,theskumar__python-dotenv.2b8635b7.lm_rewrite__gklwunnc.g25l0zlv,1,theskumar__python-dotenv.2b8635b7.lm_rewrite__gklwunnc.g25l0zlv,1670,true,139,61,0,0,0,0,0,,0,0,30000000,30000000,0,0,0,ok,,
818,,,,theskumar__python-dotenv.2b8635b7.lm_rewrite__gklwunnc.g25l0zlv,2,theskumar__python-dotenv.2b8635b7.lm_rewrite__gklwunnc.g25l0zlv,1870,true,3822,54,0,0,0,0,0,,0,0,60000000,60000000,0,0,0,ok,,
819,,,,theskumar__python-dotenv.2b8635b7.lm_rewrite__gklwunnc.g25l0zlv,3,theskumar__python-dotenv.2b8635b7.lm_rewrite__gklwunnc.g25l0zlv,5747,true,444,269,0,0,0,0,0,,0,0,90000000,90000000,0,0,0,ok,,
820,,,,theskumar__python-dotenv.2b8635b7.lm_rewrite__gklwunnc.g25l0zlv,4,theskumar__python-dotenv.2b8635b7.lm_rewrite__gklwunnc.g25l0zlv,6461,true,17,35,0,0,0,0,0,,0,0,120000000,120000000,0,0,0,ok,,
821,,,,theskumar__python-dotenv.2b8635b7.lm_rewrite__gklwunnc.g25l0zlv,5,theskumar__python-dotenv.2b8635b7.lm_rewrite__gklwunnc.g25l0zlv,6514,true,35,561,0,0,0,0,0,,0,0,150000000,150000000,0,0,0,ok,,
822,,,,theskumar__python-dotenv.2b8635b7.lm_rewrite__gklwunnc.g25l0zlv,6,theskumar__python-dotenv.2b8635b7.lm_rewrite__gklwunnc.g25l0zlv,7111,true,398,47,0,0,0,0,0,,0,0,180000000,180000000,0,0,0,ok,,
823,,,,theskumar__python-dotenv.2b8635b7.lm_rewrite__gklwunnc.g25l0zlv,7,theskumar__python-dotenv.2b8635b7.lm_rewrite__gklwunnc.g25l0zlv,7557,true,68,265,0,0,0,0,0,,0,0,210000000,210000000,0,0,0,ok,,
824,,,,theskumar__python-dotenv.2b8635b7.lm_rewrite__gklwunnc.g25l0zlv,8,theskumar__python-dotenv.2b8635b7.lm_rewrite__gklwunnc.g25l0zlv,7891,true,246,376,0,0,0,0,0,,0,0,240000000,240000000,0,0,0,ok,,
825,,,,theskumar__python-dotenv.2b8635b7.lm_rewrite__gklwunnc.g25l0zlv,9,theskumar__python-dotenv.2b8635b7.lm_rewrite__gklwunnc.g25l0zlv,8514,true,17,24,0,0,0,0,0,,0,0,270000000,270000000,0,0,0,ok,,
826,,,,theskumar__python-dotenv.2b8635b7.lm_rewrite__gklwunnc.g25l0zlv,10,theskumar__python-dotenv.2b8635b7.lm_rewrite__gklwunnc.g25l0zlv,8556,true,176,377,0,0,0,0,0,,0,0,300000000,300000000,0,0,0,ok,,
827,,,,theskumar__python-dotenv.2b8635b7.lm_rewrite__gklwunnc.g25l0zlv,11,theskumar__python-dotenv.2b8635b7.lm_rewrite__gklwunnc.g25l0zlv,9109,true,303,34,0,0,0,0,0,,0,0,330000000,330000000,0,0,0,ok,,
828,,,,theskumar__python-dotenv.2b8635b7.lm_rewrite__gklwunnc.g25l0zlv,12,theskumar__python-dotenv.2b8635b7.lm_rewrite__gklwunnc.g25l0zlv,9447,true,104,129,0,0,0,0,0,,0,0,360000000,360000000,0,0,0,ok,,
829,,,,theskumar__python-dotenv.2b8635b7.lm_rewrite__gklwunnc.g25l0zlv,13,theskumar__python-dotenv.2b8635b7.lm_rewrite__gklwunnc.g25l0zlv,9681,true,68,276,0,0,0,0,0,,0,0,390000000,390000000,0,0,0,ok,,
830,,,,theskumar__python-dotenv.2b8635b7.lm_rewrite__gklwunnc.g25l0zlv,14,theskumar__python-dotenv.2b8635b7.lm_rewrite__gklwunnc.g25l0zlv,10025,true,1175,40,0,0,0,0,0,,0,0,420000000,420000000,0,0,0,ok,,
831,,,,theskumar__python-dotenv.2b8635b7.lm_rewrite__gklwunnc.g25l0zlv,15,theskumar__python-dotenv.2b8635b7.lm_rewrite__gklwunnc.g25l0zlv,11240,true,15,7,0,0,0,0,0,,0,0,450000000,450000000,0,0,0,ok,,
832,,,,conan-io__conan.86f29e13.pr_16451.ak36apks,0,conan-io__conan.86f29e13.pr_16451.ak36apks,978,true,624,70,0,0,0,0,0,,0,0,0,0,0,0,0,ok,,
833,,,,conan-io__conan.86f29e13.pr_16451.ak36apks,1,conan-io__conan.86f29e13.pr_16451.ak36apks,1673,true,285,101,0,0,0,0,0,,0,0,30000000,30000000,0,0,0,ok,,
834,,,,conan-io__conan.86f29e13.pr_16451.ak36apks,2,conan-io__conan.86f29e13.pr_16451.ak36apks,2060,true,387,60,0,0,0,0,0,,0,0,60000000,60000000,0,0,0,ok,,
835,,,,conan-io__conan.86f29e13.pr_16451.ak36apks,3,conan-io__conan.86f29e13.pr_16451.ak36apks,2507,true,1122,59,0,0,0,0,0,,0,0,90000000,90000000,0,0,0,ok,,
836,,,,conan-io__conan.86f29e13.pr_16451.ak36apks,4,conan-io__conan.86f29e13.pr_16451.ak36apks,3689,true,280,47,0,0,0,0,0,,0,0,120000000,120000000,0,0,0,ok,,
837,,,,conan-io__conan.86f29e13.pr_16451.ak36apks,5,conan-io__conan.86f29e13.pr_16451.ak36apks,4017,true,2105,66,0,0,0,0,0,,0,0,150000000,150000000,0,0,0,ok,,
838,,,,conan-io__conan.86f29e13.pr_16451.ak36apks,6,conan-io__conan.86f29e13.pr_16451.ak36apks,6188,true,3001,399,0,0,0,0,0,,0,0,180000000,180000000,0,0,0,ok,,
839,,,,conan-io__conan.86f29e13.pr_16451.ak36apks,7,conan-io__conan.86f29e13.pr_16451.ak36apks,9589,true,16,25,0,0,0,0,0,,0,0,210000000,210000000,0,0,0,ok,,
840,,,,conan-io__conan.86f29e13.pr_16451.ak36apks,8,conan-io__conan.86f29e13.pr_16451.ak36apks,9630,true,181,374,0,0,0,0,0,,0,0,240000000,240000000,0,0,0,ok,,
841,,,,conan-io__conan.86f29e13.pr_16451.ak36apks,9,conan-io__conan.86f29e13.pr_16451.ak36apks,10186,true,131,244,0,0,0,0,0,,0,0,270000000,270000000,0,0,0,ok,,
842,,,,conan-io__conan.86f29e13.pr_16451.ak36apks,10,conan-io__conan.86f29e13.pr_16451.ak36apks,10562,true,221,470,0,0,0,0,0,,0,0,300000000,300000000,0,0,0,ok,,
843,,,,conan-io__conan.86f29e13.pr_16451.ak36apks,11,conan-io__conan.86f29e13.pr_16451.ak36apks,11254,true,369,34,0,0,0,0,0,,0,0,330000000,330000000,0,0,0,ok,,
844,,,,conan-io__conan.86f29e13.pr_16451.ak36apks,12,conan-io__conan.86f29e13.pr_16451.ak36apks,11658,true,211,428,0,0,0,0,0,,0,0,360000000,360000000,0,0,0,ok,,
845,,,,scanny__python-pptx.278b47b1.func_pm_ctrl_shuffle__h23sbi0k.gi4e5mix,0,scanny__python-pptx.278b47b1.func_pm_ctrl_shuffle__h23sbi0k.gi4e5mix,978,true,564,105,0,0,0,0,0,,0,0,0,0,0,0,0,ok,,
846,,,,scanny__python-pptx.278b47b1.func_pm_ctrl_shuffle__h23sbi0k.gi4e5mix,1,scanny__python-pptx.278b47b1.func_pm_ctrl_shuffle__h23sbi0k.gi4e5mix,1648,true,20,51,0,0,0,0,0,,0,0,30000000,30000000,0,0,0,ok,,
847,,,,scanny__python-pptx.278b47b1.func_pm_ctrl_shuffle__h23sbi0k.gi4e5mix,2,scanny__python-pptx.278b47b1.func_pm_ctrl_shuffle__h23sbi0k.gi4e5mix,1720,true,3229,253,0,0,0,0,0,,0,0,60000000,60000000,0,0,0,ok,,
848,,,,scanny__python-pptx.278b47b1.func_pm_ctrl_shuffle__h23sbi0k.gi4e5mix,3,scanny__python-pptx.278b47b1.func_pm_ctrl_shuffle__h23sbi0k.gi4e5mix,5202,true,17,35,0,0,0,0,0,,0,0,90000000,90000000,0,0,0,ok,,
849,,,,scanny__python-pptx.278b47b1.func_pm_ctrl_shuffle__h23sbi0k.gi4e5mix,4,scanny__python-pptx.278b47b1.func_pm_ctrl_shuffle__h23sbi0k.gi4e5mix,5255,true,18,389,0,0,0,0,0,,0,0,120000000,120000000,0,0,0,ok,,
850,,,,scanny__python-pptx.278b47b1.func_pm_ctrl_shuffle__h23sbi0k.gi4e5mix,5,scanny__python-pptx.278b47b1.func_pm_ctrl_shuffle__h23sbi0k.gi4e5mix,5664,true,255,118,0,0,0,0,0,,0,0,150000000,150000000,0,0,0,ok,,
851,,,,scanny__python-pptx.278b47b1.func_pm_ctrl_shuffle__h23sbi0k.gi4e5mix,6,scanny__python-pptx.278b47b1.func_pm_ctrl_shuffle__h23sbi0k.gi4e5mix,6038,true,8,458,0,0,0,0,0,,0,0,180000000,180000000,0,0,0,ok,,
852,,,,scanny__python-pptx.278b47b1.func_pm_ctrl_shuffle__h23sbi0k.gi4e5mix,7,scanny__python-pptx.278b47b1.func_pm_ctrl_shuffle__h23sbi0k.gi4e5mix,6504,true,17,32,0,0,0,0,0,,0,0,210000000,210000000,0,0,0,ok,,
853,,,,scanny__python-pptx.278b47b1.func_pm_ctrl_shuffle__h23sbi0k.gi4e5mix,8,scanny__python-pptx.278b47b1.func_pm_ctrl_shuffle__h23sbi0k.gi4e5mix,6554,true,73,73,0,0,0,0,0,,0,0,240000000,240000000,0,0,0,ok,,
854,,,,scanny__python-pptx.278b47b1.func_pm_ctrl_shuffle__h23sbi0k.gi4e5mix,9,scanny__python-pptx.278b47b1.func_pm_ctrl_shuffle__h23sbi0k.gi4e5mix,6700,true,138,295,0,0,0,0,0,,0,0,270000000,270000000,0,0,0,ok,,
855,,,,scanny__python-pptx.278b47b1.func_pm_ctrl_shuffle__h23sbi0k.gi4e5mix,10,scanny__python-pptx.278b47b1.func_pm_ctrl_shuffle__h23sbi0k.gi4e5mix,7134,true,259,35,0,0,0,0,0,,0,0,300000000,300000000,0,0,0,ok,,
856,,,,scanny__python-pptx.278b47b1.func_pm_ctrl_shuffle__h23sbi0k.gi4e5mix,11,scanny__python-pptx.278b47b1.func_pm_ctrl_shuffle__h23sbi0k.gi4e5mix,7428,true,79,232,0,0,0,0,0,,0,0,330000000,330000000,0,0,0,ok,,
857,,,,scanny__python-pptx.278b47b1.func_pm_ctrl_shuffle__h23sbi0k.gi4e5mix,12,scanny__python-pptx.278b47b1.func_pm_ctrl_shuffle__h23sbi0k.gi4e5mix,7741,true,215,34,0,0,0,0,0,,0,0,360000000,360000000,0,0,0,ok,,
858,,,,scanny__python-pptx.278b47b1.func_pm_ctrl_shuffle__h23sbi0k.gi4e5mix,13,scanny__python-pptx.278b47b1.func_pm_ctrl_shuffle__h23sbi0k.gi4e5mix,7991,true,73,149,0,0,0,0,0,,0,0,390000000,390000000,0,0,0,ok,,
859,,,,scanny__python-pptx.278b47b1.func_pm_ctrl_shuffle__h23sbi0k.gi4e5mix,14,scanny__python-pptx.278b47b1.func_pm_ctrl_shuffle__h23sbi0k.gi4e5mix,8214,true,8,192,0,0,0,0,0,,0,0,420000000,420000000,0,0,0,ok,,
860,,,,scanny__python-pptx.278b47b1.func_pm_ctrl_shuffle__h23sbi0k.gi4e5mix,15,scanny__python-pptx.278b47b1.func_pm_ctrl_shuffle__h23sbi0k.gi4e5mix,8414,true,1035,40,0,0,0,0,0,,0,0,450000000,450000000,0,0,0,ok,,
861,,,,scanny__python-pptx.278b47b1.func_pm_ctrl_shuffle__h23sbi0k.gi4e5mix,16,scanny__python-pptx.278b47b1.func_pm_ctrl_shuffle__h23sbi0k.gi4e5mix,9489,true,15,13,0,0,0,0,0,,0,0,480000000,480000000,0,0,0,ok,,
862,,,,oauthlib__oauthlib.1fd52536.func_pm_class_rm_funcs__ks5l2gdj.cno02rgq,0,oauthlib__oauthlib.1fd52536.func_pm_class_rm_funcs__ks5l2gdj.cno02rgq,978,true,627,96,0,0,0,0,0,,0,0,0,0,0,0,0,ok,,
863,,,,oauthlib__oauthlib.1fd52536.func_pm_class_rm_funcs__ks5l2gdj.cno02rgq,1,oauthlib__oauthlib.1fd52536.func_pm_class_rm_funcs__ks5l2gdj.cno02rgq,1702,true,46,65,0,0,0,0,0,,0,0,30000000,30000000,0,0,0,ok,,
864,,,,oauthlib__oauthlib.1fd52536.func_pm_class_rm_funcs__ks5l2gdj.cno02rgq,2,oauthlib__oauthlib.1fd52536.func_pm_class_rm_funcs__ks5l2gdj.cno02rgq,1814,true,2436,46,0,0,0,0,0,,0,0,60000000,60000000,0,0,0,ok,,
865,,,,oauthlib__oauthlib.1fd52536.func_pm_class_rm_funcs__ks5l2gdj.cno02rgq,3,oauthlib__oauthlib.1fd52536.func_pm_class_rm_funcs__ks5l2gdj.cno02rgq,4297,true,72,59,0,0,0,0,0,,0,0,90000000,90000000,0,0,0,ok,,
866,,,,oauthlib__oauthlib.1fd52536.func_pm_class_rm_funcs__ks5l2gdj.cno02rgq,4,oauthlib__oauthlib.1fd52536.func_pm_class_rm_funcs__ks5l2gdj.cno02rgq,4429,true,123,44,0,0,0,0,0,,0,0,120000000,120000000,0,0,0,ok,,
867,,,,oauthlib__oauthlib.1fd52536.func_pm_class_rm_funcs__ks5l2gdj.cno02rgq,5,oauthlib__oauthlib.1fd52536.func_pm_class_rm_funcs__ks5l2gdj.cno02rgq,4597,true,167,52,0,0,0,0,0,,0,0,150000000,150000000,0,0,0,ok,,
868,,,,oauthlib__oauthlib.1fd52536.func_pm_class_rm_funcs__ks5l2gdj.cno02rgq,6,oauthlib__oauthlib.1fd52536.func_pm_class_rm_funcs__ks5l2gdj.cno02rgq,4817,true,369,189,0,0,0,0,0,,0,0,180000000,180000000,0,0,0,ok,,
869,,,,oauthlib__oauthlib.1fd52536.func_pm_class_rm_funcs__ks5l2gdj.cno02rgq,7,oauthlib__oauthlib.1fd52536.func_pm_class_rm_funcs__ks5l2gdj.cno02rgq,5376,true,17,36,0,0,0,0,0,,0,0,210000000,210000000,0,0,0,ok,,
870,,,,oauthlib__oauthlib.1fd52536.func_pm_class_rm_funcs__ks5l2gdj.cno02rgq,8,oauthlib__oauthlib.1fd52536.func_pm_class_rm_funcs__ks5l2gdj.cno02rgq,5430,true,60,1358,0,0,0,0,0,,0,0,240000000,240000000,0,0,0,ok,,
871,,,,oauthlib__oauthlib.1fd52536.func_pm_class_rm_funcs__ks5l2gdj.cno02rgq,9,oauthlib__oauthlib.1fd52536.func_pm_class_rm_funcs__ks5l2gdj.cno02rgq,6848,true,1113,56,0,0,0,0,0,,0,0,270000000,270000000,0,0,0,ok,,
872,,,,oauthlib__oauthlib.1fd52536.func_pm_class_rm_funcs__ks5l2gdj.cno02rgq,10,oauthlib__oauthlib.1fd52536.func_pm_class_rm_funcs__ks5l2gdj.cno02rgq,8018,true,17,660,0,0,0,0,0,,0,0,300000000,300000000,0,0,0,ok,,
873,,,,oauthlib__oauthlib.1fd52536.func_pm_class_rm_funcs__ks5l2gdj.cno02rgq,11,oauthlib__oauthlib.1fd52536.func_pm_class_rm_funcs__ks5l2gdj.cno02rgq,8696,true,17,33,0,0,0,0,0,,0,0,330000000,330000000,0,0,0,ok,,
874,,,,oauthlib__oauthlib.1fd52536.func_pm_class_rm_funcs__ks5l2gdj.cno02rgq,12,oauthlib__oauthlib.1fd52536.func_pm_class_rm_funcs__ks5l2gdj.cno02rgq,8747,true,160,319,0,0,0,0,0,,0,0,360000000,360000000,0,0,0,ok,,
875,,,,oauthlib__oauthlib.1fd52536.func_pm_class_rm_funcs__ks5l2gdj.cno02rgq,13,oauthlib__oauthlib.1fd52536.func_pm_class_rm_funcs__ks5l2gdj.cno02rgq,9226,true,1711,41,0,0,0,0,0,,0,0,390000000,390000000,0,0,0,ok,,
876,,,,oauthlib__oauthlib.1fd52536.func_pm_class_rm_funcs__ks5l2gdj.cno02rgq,14,oauthlib__oauthlib.1fd52536.func_pm_class_rm_funcs__ks5l2gdj.cno02rgq,10979,true,15,7,0,0,0,0,0,,0,0,420000000,420000000,0,0,0,ok,,
877,,,,chardet__chardet.9630f238.16.mt0f773l,0,chardet__chardet.9630f238.16.mt0f773l,978,true,674,84,0,0,0,0,0,,0,0,0,0,0,0,0,ok,,
878,,,,chardet__chardet.9630f238.16.mt0f773l,1,chardet__chardet.9630f238.16.mt0f773l,1737,true,3054,44,0,0,0,0,0,,0,0,30000000,30000000,0,0,0,ok,,
879,,,,chardet__chardet.9630f238.16.mt0f773l,2,chardet__chardet.9630f238.16.mt0f773l,4836,true,4503,41,0,0,0,0,0,,0,0,60000000,60000000,0,0,0,ok,,
880,,,,chardet__chardet.9630f238.16.mt0f773l,3,chardet__chardet.9630f238.16.mt0f773l,9380,true,18,55,0,0,0,0,0,,0,0,90000000,90000000,0,0,0,ok,,
881,,,,chardet__chardet.9630f238.16.mt0f773l,4,chardet__chardet.9630f238.16.mt0f773l,9454,true,274,64,0,0,0,0,0,,0,0,120000000,120000000,0,0,0,ok,,
882,,,,chardet__chardet.9630f238.16.mt0f773l,5,chardet__chardet.9630f238.16.mt0f773l,9792,true,61,244,0,0,0,0,0,,0,0,150000000,150000000,0,0,0,ok,,
883,,,,chardet__chardet.9630f238.16.mt0f773l,6,chardet__chardet.9630f238.16.mt0f773l,10098,true,16,30,0,0,0,0,0,,0,0,180000000,180000000,0,0,0,ok,,
884,,,,chardet__chardet.9630f238.16.mt0f773l,7,chardet__chardet.9630f238.16.mt0f773l,10144,true,3,199,0,0,0,0,0,,0,0,210000000,210000000,0,0,0,ok,,
885,,,,chardet__chardet.9630f238.16.mt0f773l,8,chardet__chardet.9630f238.16.mt0f773l,10348,true,188,31,0,0,0,0,0,,0,0,240000000,240000000,0,0,0,ok,,
886,,,,chardet__chardet.9630f238.16.mt0f773l,9,chardet__chardet.9630f238.16.mt0f773l,10568,true,3,54,0,0,0,0,0,,0,0,270000000,270000000,0,0,0,ok,,
887,,,,chardet__chardet.9630f238.16.mt0f773l,10,chardet__chardet.9630f238.16.mt0f773l,10625,true,4503,34,0,0,0,0,0,,0,0,300000000,300000000,0,0,0,ok,,
888,,,,chardet__chardet.9630f238.16.mt0f773l,11,chardet__chardet.9630f238.16.mt0f773l,15162,true,28,225,0,0,0,0,0,,0,0,330000000,330000000,0,0,0,ok,,
889,,,,chardet__chardet.9630f238.16.mt0f773l,12,chardet__chardet.9630f238.16.mt0f773l,15416,true,3,213,0,0,0,0,0,,0,0,360000000,360000000,0,0,0,ok,,
890,,,,chardet__chardet.9630f238.16.mt0f773l,13,chardet__chardet.9630f238.16.mt0f773l,15633,true,73,159,0,0,0,0,0,,0,0,390000000,390000000,0,0,0,ok,,
891,,,,chardet__chardet.9630f238.16.mt0f773l,14,chardet__chardet.9630f238.16.mt0f773l,15866,true,73,55,0,0,0,0,0,,0,0,420000000,420000000,0,0,0,ok,,
892,,,,chardet__chardet.9630f238.16.mt0f773l,15,chardet__chardet.9630f238.16.mt0f773l,15995,true,93,462,0,0,0,0,0,,0,0,450000000,450000000,0,0,0,ok,,
893,,,,chardet__chardet.9630f238.16.mt0f773l,16,chardet__chardet.9630f238.16.mt0f773l,16551,true,400,25,0,0,0,0,0,,0,0,480000000,480000000,0,0,0,ok,,
894,,,,chardet__chardet.9630f238.16.mt0f773l,17,chardet__chardet.9630f238.16.mt0f773l,16977,true,86,482,0,0,0,0,0,,0,0,510000000,510000000,0,0,0,ok,,
895,,,,chardet__chardet.9630f238.16.mt0f773l,18,chardet__chardet.9630f238.16.mt0f773l,17545,true,367,503,0,0,0,0,0,,0,0,540000000,540000000,0,0,0,ok,,
896,,,,chardet__chardet.9630f238.16.mt0f773l,19,chardet__chardet.9630f238.16.mt0f773l,18415,true,391,25,0,0,0,0,0,,0,0,570000000,570000000,0,0,0,ok,,
897,,,,chardet__chardet.9630f238.16.mt0f773l,20,chardet__chardet.9630f238.16.mt0f773l,18831,true,197,270,0,0,0,0,0,,0,0,600000000,600000000,0,0,0,ok,,
898,,,,chardet__chardet.9630f238.16.mt0f773l,21,chardet__chardet.9630f238.16.mt0f773l,19299,true,186,249,0,0,0,0,0,,0,0,630000000,630000000,0,0,0,ok,,
899,,,,chardet__chardet.9630f238.16.mt0f773l,22,chardet__chardet.9630f238.16.mt0f773l,19735,true,285,30,0,0,0,0,0,,0,0,660000000,660000000,0,0,0,ok,,
900,,,,chardet__chardet.9630f238.16.mt0f773l,23,chardet__chardet.9630f238.16.mt0f773l,20051,true,194,197,0,0,0,0,0,,0,0,690000000,690000000,0,0,0,ok,,
901,,,,oauthlib__oauthlib.1fd52536.lm_rewrite__dgs720r4.htri7jsw,0,oauthlib__oauthlib.1fd52536.lm_rewrite__dgs720r4.htri7jsw,978,true,623,103,0,0,0,0,0,,0,0,0,0,0,0,0,ok,,
902,,,,oauthlib__oauthlib.1fd52536.lm_rewrite__dgs720r4.htri7jsw,1,oauthlib__oauthlib.1fd52536.lm_rewrite__dgs720r4.htri7jsw,1705,true,2081,76,0,0,0,0,0,,0,0,30000000,30000000,0,0,0,ok,,
903,,,,oauthlib__oauthlib.1fd52536.lm_rewrite__dgs720r4.htri7jsw,2,oauthlib__oauthlib.1fd52536.lm_rewrite__dgs720r4.htri7jsw,3863,true,3470,61,0,0,0,0,0,,0,0,60000000,60000000,0,0,0,ok,,
904,,,,oauthlib__oauthlib.1fd52536.lm_rewrite__dgs720r4.htri7jsw,3,oauthlib__oauthlib.1fd52536.lm_rewrite__dgs720r4.htri7jsw,7395,true,4239,174,0,0,0,0,0,,0,0,90000000,90000000,0,0,0,ok,,
905,,,,oauthlib__oauthlib.1fd52536.lm_rewrite__dgs720r4.htri7jsw,4,oauthlib__oauthlib.1fd52536.lm_rewrite__dgs720r4.htri7jsw,11809,true,17,36,0,0,0,0,0,,0,0,120000000,120000000,0,0,0,ok,,
906,,,,oauthlib__oauthlib.1fd52536.lm_rewrite__dgs720r4.htri7jsw,5,oauthlib__oauthlib.1fd52536.lm_rewrite__dgs720r4.htri7jsw,11863,true,5,431,0,0,0,0,0,,0,0,150000000,150000000,0,0,0,ok,,
907,,,,oauthlib__oauthlib.1fd52536.lm_rewrite__dgs720r4.htri7jsw,6,oauthlib__oauthlib.1fd52536.lm_rewrite__dgs720r4.htri7jsw,12300,true,324,54,0,0,0,0,0,,0,0,180000000,180000000,0,0,0,ok,,
908,,,,oauthlib__oauthlib.1fd52536.lm_rewrite__dgs720r4.htri7jsw,7,oauthlib__oauthlib.1fd52536.lm_rewrite__dgs720r4.htri7jsw,12679,true,6,463,0,0,0,0,0,,0,0,210000000,210000000,0,0,0,ok,,
909,,,,oauthlib__oauthlib.1fd52536.lm_rewrite__dgs720r4.htri7jsw,8,oauthlib__oauthlib.1fd52536.lm_rewrite__dgs720r4.htri7jsw,13149,true,17,33,0,0,0,0,0,,0,0,240000000,240000000,0,0,0,ok,,
910,,,,oauthlib__oauthlib.1fd52536.lm_rewrite__dgs720r4.htri7jsw,9,oauthlib__oauthlib.1fd52536.lm_rewrite__dgs720r4.htri7jsw,13200,true,134,474,0,0,0,0,0,,0,0,270000000,270000000,0,0,0,ok,,
911,,,,oauthlib__oauthlib.1fd52536.lm_rewrite__dgs720r4.htri7jsw,10,oauthlib__oauthlib.1fd52536.lm_rewrite__dgs720r4.htri7jsw,13808,true,337,40,0,0,0,0,0,,0,0,300000000,300000000,0,0,0,ok,,
912,,,,oauthlib__oauthlib.1fd52536.lm_rewrite__dgs720r4.htri7jsw,11,oauthlib__oauthlib.1fd52536.lm_rewrite__dgs720r4.htri7jsw,14186,true,133,207,0,0,0,0,0,,0,0,330000000,330000000,0,0,0,ok,,
913,,,,oauthlib__oauthlib.1fd52536.lm_rewrite__dgs720r4.htri7jsw,12,oauthlib__oauthlib.1fd52536.lm_rewrite__dgs720r4.htri7jsw,14528,true,189,33,0,0,0,0,0,,0,0,360000000,360000000,0,0,0,ok,,
914,,,,oauthlib__oauthlib.1fd52536.lm_rewrite__dgs720r4.htri7jsw,13,oauthlib__oauthlib.1fd52536.lm_rewrite__dgs720r4.htri7jsw,14751,true,133,52,0,0,0,0,0,,0,0,390000000,390000000,0,0,0,ok,,
915,,,,oauthlib__oauthlib.1fd52536.lm_rewrite__dgs720r4.htri7jsw,14,oauthlib__oauthlib.1fd52536.lm_rewrite__dgs720r4.htri7jsw,14937,true,6,241,0,0,0,0,0,,0,0,420000000,420000000,0,0,0,ok,,
916,,,,oauthlib__oauthlib.1fd52536.lm_rewrite__dgs720r4.htri7jsw,15,oauthlib__oauthlib.1fd52536.lm_rewrite__dgs720r4.htri7jsw,15185,true,1024,41,0,0,0,0,0,,0,0,450000000,450000000,0,0,0,ok,,
917,,,,oauthlib__oauthlib.1fd52536.lm_rewrite__dgs720r4.htri7jsw,16,oauthlib__oauthlib.1fd52536.lm_rewrite__dgs720r4.htri7jsw,16251,true,15,7,0,0,0,0,0,,0,0,480000000,480000000,0,0,0,ok,,
918,,,,tox-dev__pipdeptree.c31b6418.func_pm_op_change_const__cjhb6rf5.3hm9gs46,0,tox-dev__pipdeptree.c31b6418.func_pm_op_change_const__cjhb6rf5.3hm9gs46,978,true,777,106,0,0,0,0,0,,0,0,0,0,0,0,0,ok,,
919,,,,tox-dev__pipdeptree.c31b6418.func_pm_op_change_const__cjhb6rf5.3hm9gs46,1,tox-dev__pipdeptree.c31b6418.func_pm_op_change_const__cjhb6rf5.3hm9gs46,1861,true,337,87,0,0,0,0,0,,0,0,30000000,30000000,0,0,0,ok,,
920,,,,tox-dev__pipdeptree.c31b6418.func_pm_op_change_const__cjhb6rf5.3hm9gs46,2,tox-dev__pipdeptree.c31b6418.func_pm_op_change_const__cjhb6rf5.3hm9gs46,2287,true,1608,57,0,0,0,0,0,,0,0,60000000,60000000,0,0,0,ok,,
921,,,,tox-dev__pipdeptree.c31b6418.func_pm_op_change_const__cjhb6rf5.3hm9gs46,3,tox-dev__pipdeptree.c31b6418.func_pm_op_change_const__cjhb6rf5.3hm9gs46,3953,true,2428,54,0,0,0,0,0,,0,0,90000000,90000000,0,0,0,ok,,
922,,,,tox-dev__pipdeptree.c31b6418.func_pm_op_change_const__cjhb6rf5.3hm9gs46,4,tox-dev__pipdeptree.c31b6418.func_pm_op_change_const__cjhb6rf5.3hm9gs46,6435,true,740,57,0,0,0,0,0,,0,0,120000000,120000000,0,0,0,ok,,
923,,,,tox-dev__pipdeptree.c31b6418.func_pm_op_change_const__cjhb6rf5.3hm9gs46,5,tox-dev__pipdeptree.c31b6418.func_pm_op_change_const__cjhb6rf5.3hm9gs46,7233,true,376,381,0,0,0,0,0,,0,0,150000000,150000000,0,0,0,ok,,
924,,,,tox-dev__pipdeptree.c31b6418.func_pm_op_change_const__cjhb6rf5.3hm9gs46,6,tox-dev__pipdeptree.c31b6418.func_pm_op_change_const__cjhb6rf5.3hm9gs46,7990,true,17,34,0,0,0,0,0,,0,0,180000000,180000000,0,0,0,ok,,
925,,,,tox-dev__pipdeptree.c31b6418.func_pm_op_change_const__cjhb6rf5.3hm9gs46,7,tox-dev__pipdeptree.c31b6418.func_pm_op_change_const__cjhb6rf5.3hm9gs46,8043,true,79,65,0,0,0,0,0,,0,0,210000000,210000000,0,0,0,ok,,
926,,,,tox-dev__pipdeptree.c31b6418.func_pm_op_change_const__cjhb6rf5.3hm9gs46,8,tox-dev__pipdeptree.c31b6418.func_pm_op_change_const__cjhb6rf5.3hm9gs46,8187,true,247,403,0,0,0,0,0,,0,0,240000000,240000000,0,0,0,ok,,
927,,,,tox-dev__pipdeptree.c31b6418.func_pm_op_change_const__cjhb6rf5.3hm9gs46,9,tox-dev__pipdeptree.c31b6418.func_pm_op_change_const__cjhb6rf5.3hm9gs46,8838,true,249,119,0,0,0,0,0,,0,0,270000000,270000000,0,0,0,ok,,
928,,,,tox-dev__pipdeptree.c31b6418.func_pm_op_change_const__cjhb6rf5.3hm9gs46,10,tox-dev__pipdeptree.c31b6418.func_pm_op_change_const__cjhb6rf5.3hm9gs46,9207,true,130,330,0,0,0,0,0,,0,0,300000000,300000000,0,0,0,ok,,
929,,,,tox-dev__pipdeptree.c31b6418.func_pm_op_change_const__cjhb6rf5.3hm9gs46,11,tox-dev__pipdeptree.c31b6418.func_pm_op_change_const__cjhb6rf5.3hm9gs46,9668,true,224,35,0,0,0,0,0,,0,0,330000000,330000000,0,0,0,ok,,
930,,,,tox-dev__pipdeptree.c31b6418.func_pm_op_change_const__cjhb6rf5.3hm9gs46,12,tox-dev__pipdeptree.c31b6418.func_pm_op_change_const__cjhb6rf5.3hm9gs46,9928,true,11,704,0,0,0,0,0,,0,0,360000000,360000000,0,0,0,ok,,
931,,,,tox-dev__pipdeptree.c31b6418.func_pm_op_change_const__cjhb6rf5.3hm9gs46,13,tox-dev__pipdeptree.c31b6418.func_pm_op_change_const__cjhb6rf5.3hm9gs46,10644,true,699,34,0,0,0,0,0,,0,0,390000000,390000000,0,0,0,ok,,
932,,,,tox-dev__pipdeptree.c31b6418.func_pm_op_change_const__cjhb6rf5.3hm9gs46,14,tox-dev__pipdeptree.c31b6418.func_pm_op_change_const__cjhb6rf5.3hm9gs46,11378,true,61,1503,0,0,0,0,0,,0,0,420000000,420000000,0,0,0,ok,,
933,,,,tox-dev__pipdeptree.c31b6418.func_pm_op_change_const__cjhb6rf5.3hm9gs46,15,tox-dev__pipdeptree.c31b6418.func_pm_op_change_const__cjhb6rf5.3hm9gs46,12942,true,902,187,0,0,0,0,0,,0,0,450000000,450000000,0,0,0,ok,,
934,,,,tox-dev__pipdeptree.c31b6418.func_pm_op_change_const__cjhb6rf5.3hm9gs46,16,tox-dev__pipdeptree.c31b6418.func_pm_op_change_const__cjhb6rf5.3hm9gs46,14032,true,58,682,0,0,0,0,0,,0,0,480000000,480000000,0,0,0,ok,,
935,,,,tox-dev__pipdeptree.c31b6418.func_pm_op_change_const__cjhb6rf5.3hm9gs46,17,tox-dev__pipdeptree.c31b6418.func_pm_op_change_const__cjhb6rf5.3hm9gs46,14772,true,25,590,0,0,0,0,0,,0,0,510000000,510000000,0,0,0,ok,,
936,,,,tox-dev__pipdeptree.c31b6418.func_pm_op_change_const__cjhb6rf5.3hm9gs46,18,tox-dev__pipdeptree.c31b6418.func_pm_op_change_const__cjhb6rf5.3hm9gs46,15388,true,19,35,0,0,0,0,0,,0,0,540000000,540000000,0,0,0,ok,,
937,,,,tox-dev__pipdeptree.c31b6418.func_pm_op_change_const__cjhb6rf5.3hm9gs46,19,tox-dev__pipdeptree.c31b6418.func_pm_op_change_const__cjhb6rf5.3hm9gs46,15442,true,64,665,0,0,0,0,0,,0,0,570000000,570000000,0,0,0,ok,,
938,,,,tox-dev__pipdeptree.c31b6418.func_pm_op_change_const__cjhb6rf5.3hm9gs46,20,tox-dev__pipdeptree.c31b6418.func_pm_op_change_const__cjhb6rf5.3hm9gs46,16172,true,20,37,0,0,0,0,0,,0,0,600000000,600000000,0,0,0,ok,,
939,,,,tox-dev__pipdeptree.c31b6418.func_pm_op_change_const__cjhb6rf5.3hm9gs46,21,tox-dev__pipdeptree.c31b6418.func_pm_op_change_const__cjhb6rf5.3hm9gs46,16230,true,71,535,0,0,0,0,0,,0,0,630000000,630000000,0,0,0,ok,,
940,,,,tox-dev__pipdeptree.c31b6418.func_pm_op_change_const__cjhb6rf5.3hm9gs46,22,tox-dev__pipdeptree.c31b6418.func_pm_op_change_const__cjhb6rf5.3hm9gs46,16837,true,19,35,0,0,0,0,0,,0,0,660000000,660000000,0,0,0,ok,,
941,,,,tox-dev__pipdeptree.c31b6418.func_pm_op_change_const__cjhb6rf5.3hm9gs46,23,tox-dev__pipdeptree.c31b6418.func_pm_op_change_const__cjhb6rf5.3hm9gs46,16892,true,20,295,0,0,0,0,0,,0,0,690000000,690000000,0,0,0,ok,,
942,,,,tox-dev__pipdeptree.c31b6418.func_pm_op_change_const__cjhb6rf5.3hm9gs46,24,tox-dev__pipdeptree.c31b6418.func_pm_op_change_const__cjhb6rf5.3hm9gs46,17207,true,3047,62,0,0,0,0,0,,0,0,720000000,720000000,0,0,0,ok,,
943,,,,tox-dev__pipdeptree.c31b6418.func_pm_op_change_const__cjhb6rf5.3hm9gs46,25,tox-dev__pipdeptree.c31b6418.func_pm_op_change_const__cjhb6rf5.3hm9gs46,20317,true,15,7,0,0,0,0,0,,0,0,750000000,750000000,0,0,0,ok,,
944,,,,python-hyper__h11.bed0dd4a.17.f1s7sskf,0,python-hyper__h11.bed0dd4a.17.f1s7sskf,978,true,694,71,0,0,0,0,0,,0,0,0,0,0,0,0,ok,,
945,,,,python-hyper__h11.bed0dd4a.17.f1s7sskf,1,python-hyper__h11.bed0dd4a.17.f1s7sskf,1744,true,301,50,0,0,0,0,0,,0,0,30000000,30000000,0,0,0,ok,,
946,,,,python-hyper__h11.bed0dd4a.17.f1s7sskf,2,python-hyper__h11.bed0dd4a.17.f1s7sskf,2095,true,1498,453,0,0,0,0,0,,0,0,60000000,60000000,0,0,0,ok,,
947,,,,python-hyper__h11.bed0dd4a.17.f1s7sskf,3,python-hyper__h11.bed0dd4a.17.f1s7sskf,4048,true,17,31,0,0,0,0,0,,0,0,90000000,90000000,0,0,0,ok,,
948,,,,python-hyper__h11.bed0dd4a.17.f1s7sskf,4,python-hyper__h11.bed0dd4a.17.f1s7sskf,4096,true,92,442,0,0,0,0,0,,0,0,120000000,120000000,0,0,0,ok,,
949,,,,python-hyper__h11.bed0dd4a.17.f1s7sskf,5,python-hyper__h11.bed0dd4a.17.f1s7sskf,4631,true,221,38,0,0,0,0,0,,0,0,150000000,150000000,0,0,0,ok,,
950,,,,python-hyper__h11.bed0dd4a.17.f1s7sskf,6,python-hyper__h11.bed0dd4a.17.f1s7sskf,4890,true,102,35,0,0,0,0,0,,0,0,180000000,180000000,0,0,0,ok,,
951,,,,tox-dev__pipdeptree.c31b6418.func_pm_ctrl_invert_if__0qedlj6j.v0y4x7i1,0,tox-dev__pipdeptree.c31b6418.func_pm_ctrl_invert_if__0qedlj6j.v0y4x7i1,978,true,700,98,0,0,0,0,0,,0,0,0,0,0,0,0,ok,,
952,,,,tox-dev__pipdeptree.c31b6418.func_pm_ctrl_invert_if__0qedlj6j.v0y4x7i1,1,tox-dev__pipdeptree.c31b6418.func_pm_ctrl_invert_if__0qedlj6j.v0y4x7i1,1777,true,337,79,0,0,0,0,0,,0,0,30000000,30000000,0,0,0,ok,,
953,,,,tox-dev__pipdeptree.c31b6418.func_pm_ctrl_invert_if__0qedlj6j.v0y4x7i1,2,tox-dev__pipdeptree.c31b6418.func_pm_ctrl_invert_if__0qedlj6j.v0y4x7i1,2193,true,2619,50,0,0,0,0,0,,0,0,60000000,60000000,0,0,0,ok,,
954,,,,tox-dev__pipdeptree.c31b6418.func_pm_ctrl_invert_if__0qedlj6j.v0y4x7i1,3,tox-dev__pipdeptree.c31b6418.func_pm_ctrl_invert_if__0qedlj6j.v0y4x7i1,4862,true,564,44,0,0,0,0,0,,0,0,90000000,90000000,0,0,0,ok,,
955,,,,tox-dev__pipdeptree.c31b6418.func_pm_ctrl_invert_if__0qedlj6j.v0y4x7i1,4,tox-dev__pipdeptree.c31b6418.func_pm_ctrl_invert_if__0qedlj6j.v0y4x7i1,5472,true,3411,353,0,0,0,0,0,,0,0,120000000,120000000,0,0,0,ok,,
956,,,,tox-dev__pipdeptree.c31b6418.func_pm_ctrl_invert_if__0qedlj6j.v0y4x7i1,5,tox-dev__pipdeptree.c31b6418.func_pm_ctrl_invert_if__0qedlj6j.v0y4x7i1,9237,true,17,35,0,0,0,0,0,,0,0,150000000,150000000,0,0,0,ok,,
957,,,,tox-dev__pipdeptree.c31b6418.func_pm_ctrl_invert_if__0qedlj6j.v0y4x7i1,6,tox-dev__pipdeptree.c31b6418.func_pm_ctrl_invert_if__0qedlj6j.v0y4x7i1,9289,true,82,763,0,0,0,0,0,,0,0,180000000,180000000,0,0,0,ok,,
958,,,,tox-dev__pipdeptree.c31b6418.func_pm_ctrl_invert_if__0qedlj6j.v0y4x7i1,7,tox-dev__pipdeptree.c31b6418.func_pm_ctrl_invert_if__0qedlj6j.v0y4x7i1,10134,true,555,32,0,0,0,0,0,,0,0,210000000,210000000,0,0,0,ok,,
959,,,,tox-dev__pipdeptree.c31b6418.func_pm_ctrl_invert_if__0qedlj6j.v0y4x7i1,8,tox-dev__pipdeptree.c31b6418.func_pm_ctrl_invert_if__0qedlj6j.v0y4x7i1,10721,true,45,821,0,0,0,0,0,,0,0,240000000,240000000,0,0,0,ok,,
960,,,,tox-dev__pipdeptree.c31b6418.func_pm_ctrl_invert_if__0qedlj6j.v0y4x7i1,9,tox-dev__pipdeptree.c31b6418.func_pm_ctrl_invert_if__0qedlj6j.v0y4x7i1,11588,true,503,32,0,0,0,0,0,,0,0,270000000,270000000,0,0,0,ok,,
961,,,,tox-dev__pipdeptree.c31b6418.func_pm_ctrl_invert_if__0qedlj6j.v0y4x7i1,10,tox-dev__pipdeptree.c31b6418.func_pm_ctrl_invert_if__0qedlj6j.v0y4x7i1,12124,true,147,611,0,0,0,0,0,,0,0,300000000,300000000,0,0,0,ok,,
962,,,,tox-dev__pipdeptree.c31b6418.func_pm_ctrl_invert_if__0qedlj6j.v0y4x7i1,11,tox-dev__pipdeptree.c31b6418.func_pm_ctrl_invert_if__0qedlj6j.v0y4x7i1,12882,true,102,59,0,0,0,0,0,,0,0,330000000,330000000,0,0,0,ok,,
963,,,,tox-dev__pipdeptree.c31b6418.func_pm_ctrl_invert_if__0qedlj6j.v0y4x7i1,12,tox-dev__pipdeptree.c31b6418.func_pm_ctrl_invert_if__0qedlj6j.v0y4x7i1,13044,true,287,241,0,0,0,0,0,,0,0,360000000,360000000,0,0,0,ok,,
964,,,,tox-dev__pipdeptree.c31b6418.func_pm_ctrl_invert_if__0qedlj6j.v0y4x7i1,13,tox-dev__pipdeptree.c31b6418.func_pm_ctrl_invert_if__0qedlj6j.v0y4x7i1,13573,true,264,52,0,0,0,0,0,,0,0,390000000,390000000,0,0,0,ok,,
965,,,,tox-dev__pipdeptree.c31b6418.func_pm_ctrl_invert_if__0qedlj6j.v0y4x7i1,14,tox-dev__pipdeptree.c31b6418.func_pm_ctrl_invert_if__0qedlj6j.v0y4x7i1,13889,true,148,805,0,0,0,0,0,,0,0,420000000,420000000,0,0,0,ok,,
966,,,,tox-dev__pipdeptree.c31b6418.func_pm_ctrl_invert_if__0qedlj6j.v0y4x7i1,15,tox-dev__pipdeptree.c31b6418.func_pm_ctrl_invert_if__0qedlj6j.v0y4x7i1,14843,true,17,32,0,0,0,0,0,,0,0,450000000,450000000,0,0,0,ok,,
967,,,,tox-dev__pipdeptree.c31b6418.func_pm_ctrl_invert_if__0qedlj6j.v0y4x7i1,16,tox-dev__pipdeptree.c31b6418.func_pm_ctrl_invert_if__0qedlj6j.v0y4x7i1,14893,true,17,1285,0,0,0,0,0,,0,0,480000000,480000000,0,0,0,ok,,
968,,,,tox-dev__pipdeptree.c31b6418.func_pm_ctrl_invert_if__0qedlj6j.v0y4x7i1,17,tox-dev__pipdeptree.c31b6418.func_pm_ctrl_invert_if__0qedlj6j.v0y4x7i1,16195,true,776,34,0,0,0,0,0,,0,0,510000000,510000000,0,0,0,ok,,
969,,,,tox-dev__pipdeptree.c31b6418.func_pm_ctrl_invert_if__0qedlj6j.v0y4x7i1,18,tox-dev__pipdeptree.c31b6418.func_pm_ctrl_invert_if__0qedlj6j.v0y4x7i1,17006,true,321,329,0,0,0,0,0,,0,0,540000000,540000000,0,0,0,ok,,
970,,,,tox-dev__pipdeptree.c31b6418.func_pm_ctrl_invert_if__0qedlj6j.v0y4x7i1,19,tox-dev__pipdeptree.c31b6418.func_pm_ctrl_invert_if__0qedlj6j.v0y4x7i1,17656,true,1557,41,0,0,0,0,0,,0,0,570000000,570000000,0,0,0,ok,,
971,,,,tox-dev__pipdeptree.c31b6418.func_pm_ctrl_invert_if__0qedlj6j.v0y4x7i1,20,tox-dev__pipdeptree.c31b6418.func_pm_ctrl_invert_if__0qedlj6j.v0y4x7i1,19255,true,15,7,0,0,0,0,0,,0,0,600000000,600000000,0,0,0,ok,,
972,,,,sloria__environs.73c372df.lm_rewrite__j1p3c330.33mke0ao,0,sloria__environs.73c372df.lm_rewrite__j1p3c330.33mke0ao,978,true,702,99,0,0,0,0,0,,0,0,0,0,0,0,0,ok,,
973,,,,sloria__environs.73c372df.lm_rewrite__j1p3c330.33mke0ao,1,sloria__environs.73c372df.lm_rewrite__j1p3c330.33mke0ao,1780,true,107,52,0,0,0,0,0,,0,0,30000000,30000000,0,0,0,ok,,
974,,,,sloria__environs.73c372df.lm_rewrite__j1p3c330.33mke0ao,2,sloria__environs.73c372df.lm_rewrite__j1p3c330.33mke0ao,1940,true,3277,104,0,0,0,0,0,,0,0,60000000,60000000,0,0,0,ok,,
975,,,,sloria__environs.73c372df.lm_rewrite__j1p3c330.33mke0ao,3,sloria__environs.73c372df.lm_rewrite__j1p3c330.33mke0ao,5321,true,1169,58,0,0,0,0,0,,0,0,90000000,90000000,0,0,0,ok,,
976,,,,sloria__environs.73c372df.lm_rewrite__j1p3c330.33mke0ao,4,sloria__environs.73c372df.lm_rewrite__j1p3c330.33mke0ao,6548,true,183,60,0,0,0,0,0,,0,0,120000000,120000000,0,0,0,ok,,
977,,,,sloria__environs.73c372df.lm_rewrite__j1p3c330.33mke0ao,5,sloria__environs.73c372df.lm_rewrite__j1p3c330.33mke0ao,6792,true,223,44,0,0,0,0,0,,0,0,150000000,150000000,0,0,0,ok,,
978,,,,sloria__environs.73c372df.lm_rewrite__j1p3c330.33mke0ao,6,sloria__environs.73c372df.lm_rewrite__j1p3c330.33mke0ao,7059,true,1245,185,0,0,0,0,0,,0,0,180000000,180000000,0,0,0,ok,,
979,,,,sloria__environs.73c372df.lm_rewrite__j1p3c330.33mke0ao,7,sloria__environs.73c372df.lm_rewrite__j1p3c330.33mke0ao,8490,true,17,35,0,0,0,0,0,,0,0,210000000,210000000,0,0,0,ok,,
980,,,,sloria__environs.73c372df.lm_rewrite__j1p3c330.33mke0ao,8,sloria__environs.73c372df.lm_rewrite__j1p3c330.33mke0ao,8543,true,52,94,0,0,0,0,0,,0,0,240000000,240000000,0,0,0,ok,,
981,,,,sloria__environs.73c372df.lm_rewrite__j1p3c330.33mke0ao,9,sloria__environs.73c372df.lm_rewrite__j1p3c330.33mke0ao,8690,true,104,551,0,0,0,0,0,,0,0,270000000,270000000,0,0,0,ok,,
982,,,,sloria__environs.73c372df.lm_rewrite__j1p3c330.33mke0ao,10,sloria__environs.73c372df.lm_rewrite__j1p3c330.33mke0ao,9346,true,419,40,0,0,0,0,0,,0,0,300000000,300000000,0,0,0,ok,,
983,,,,sloria__environs.73c372df.lm_rewrite__j1p3c330.33mke0ao,11,sloria__environs.73c372df.lm_rewrite__j1p3c330.33mke0ao,9806,true,16,358,0,0,0,0,0,,0,0,330000000,330000000,0,0,0,ok,,
984,,,,sloria__environs.73c372df.lm_rewrite__j1p3c330.33mke0ao,12,sloria__environs.73c372df.lm_rewrite__j1p3c330.33mke0ao,10180,true,17,24,0,0,0,0,0,,0,0,360000000,360000000,0,0,0,ok,,
985,,,,sloria__environs.73c372df.lm_rewrite__j1p3c330.33mke0ao,13,sloria__environs.73c372df.lm_rewrite__j1p3c330.33mke0ao,10222,true,304,147,0,0,0,0,0,,0,0,390000000,390000000,0,0,0,ok,,
986,,,,sloria__environs.73c372df.lm_rewrite__j1p3c330.33mke0ao,14,sloria__environs.73c372df.lm_rewrite__j1p3c330.33mke0ao,10674,true,186,32,0,0,0,0,0,,0,0,420000000,420000000,0,0,0,ok,,
987,,,,sloria__environs.73c372df.lm_rewrite__j1p3c330.33mke0ao,15,sloria__environs.73c372df.lm_rewrite__j1p3c330.33mke0ao,10892,true,85,384,0,0,0,0,0,,0,0,450000000,450000000,0,0,0,ok,,
988,,,,sloria__environs.73c372df.lm_rewrite__j1p3c330.33mke0ao,16,sloria__environs.73c372df.lm_rewrite__j1p3c330.33mke0ao,11362,true,18,25,0,0,0,0,0,,0,0,480000000,480000000,0,0,0,ok,,
989,,,,sloria__environs.73c372df.lm_rewrite__j1p3c330.33mke0ao,17,sloria__environs.73c372df.lm_rewrite__j1p3c330.33mke0ao,11405,true,82,286,0,0,0,0,0,,0,0,510000000,510000000,0,0,0,ok,,
990,,,,sloria__environs.73c372df.lm_rewrite__j1p3c330.33mke0ao,18,sloria__environs.73c372df.lm_rewrite__j1p3c330.33mke0ao,11774,true,1389,47,0,0,0,0,0,,0,0,540000000,540000000,0,0,0,ok,,
991,,,,sloria__environs.73c372df.lm_rewrite__j1p3c330.33mke0ao,19,sloria__environs.73c372df.lm_rewrite__j1p3c330.33mke0ao,13210,true,15,13,0,0,0,0,0,,0,0,570000000,570000000,0,0,0,ok,,
992,,,,jaraco__inflect.c079a96a.10.tm4cbqs4,0,jaraco__inflect.c079a96a.10.tm4cbqs4,978,true,691,72,0,0,0,0,0,,0,0,0,0,0,0,0,ok,,
993,,,,jaraco__inflect.c079a96a.10.tm4cbqs4,1,jaraco__inflect.c079a96a.10.tm4cbqs4,1742,true,33,51,0,0,0,0,0,,0,0,30000000,30000000,0,0,0,ok,,
994,,,,jaraco__inflect.c079a96a.10.tm4cbqs4,2,jaraco__inflect.c079a96a.10.tm4cbqs4,1827,true,5773,44,0,0,0,0,0,,0,0,60000000,60000000,0,0,0,ok,,
995,,,,jaraco__inflect.c079a96a.10.tm4cbqs4,3,jaraco__inflect.c079a96a.10.tm4cbqs4,7644,true,11,62,0,0,0,0,0,,0,0,90000000,90000000,0,0,0,ok,,
996,,,,jaraco__inflect.c079a96a.10.tm4cbqs4,4,jaraco__inflect.c079a96a.10.tm4cbqs4,7718,true,38,342,0,0,0,0,0,,0,0,120000000,120000000,0,0,0,ok,,
997,,,,jaraco__inflect.c079a96a.10.tm4cbqs4,5,jaraco__inflect.c079a96a.10.tm4cbqs4,8100,true,16,30,0,0,0,0,0,,0,0,150000000,150000000,0,0,0,ok,,
998,,,,jaraco__inflect.c079a96a.10.tm4cbqs4,6,jaraco__inflect.c079a96a.10.tm4cbqs4,8146,true,170,156,0,0,0,0,0,,0,0,180000000,180000000,0,0,0,ok,,
999,,,,jaraco__inflect.c079a96a.10.tm4cbqs4,7,jaraco__inflect.c079a96a.10.tm4cbqs4,8474,true,126,43,0,0,0,0,0,,0,0,210000000,210000000,0,0,0,ok,,
1000,,,,jaraco__inflect.c079a96a.10.tm4cbqs4,8,jaraco__inflect.c079a96a.10.tm4cbqs4,8644,true,37,266,0,0,0,0,0,,0,0,240000000,240000000,0,0,0,ok,,
1001,,,,pyupio__safety.7654596b.combine_file__m92kensw.91axqqsx,0,pyupio__safety.7654596b.combine_file__m92kensw.91axqqsx,978,true,625,74,0,0,0,0,0,,0,0,0,0,0,0,0,ok,,
1002,,,,pyupio__safety.7654596b.combine_file__m92kensw.91axqqsx,1,pyupio__safety.7654596b.combine_file__m92kensw.91axqqsx,1678,true,705,92,0,0,0,0,0,,0,0,30000000,30000000,0,0,0,ok,,
1003,,,,pyupio__safety.7654596b.combine_file__m92kensw.91axqqsx,2,pyupio__safety.7654596b.combine_file__m92kensw.91axqqsx,2475,true,2179,57,0,0,0,0,0,,0,0,60000000,60000000,0,0,0,ok,,
1004,,,,pyupio__safety.7654596b.combine_file__m92kensw.91axqqsx,3,pyupio__safety.7654596b.combine_file__m92kensw.91axqqsx,4712,true,1207,83,0,0,0,0,0,,0,0,90000000,90000000,0,0,0,ok,,
1005,,,,pyupio__safety.7654596b.combine_file__m92kensw.91axqqsx,4,pyupio__safety.7654596b.combine_file__m92kensw.91axqqsx,6003,true,237,72,0,0,0,0,0,,0,0,120000000,120000000,0,0,0,ok,,
1006,,,,pyupio__safety.7654596b.combine_file__m92kensw.91axqqsx,5,pyupio__safety.7654596b.combine_file__m92kensw.91axqqsx,6312,true,310,68,0,0,0,0,0,,0,0,150000000,150000000,0,0,0,ok,,
1007,,,,pyupio__safety.7654596b.combine_file__m92kensw.91axqqsx,6,pyupio__safety.7654596b.combine_file__m92kensw.91axqqsx,6690,true,451,61,0,0,0,0,0,,0,0,180000000,180000000,0,0,0,ok,,
1008,,,,pyupio__safety.7654596b.combine_file__m92kensw.91axqqsx,7,pyupio__safety.7654596b.combine_file__m92kensw.91axqqsx,7203,true,1642,49,0,0,0,0,0,,0,0,210000000,210000000,0,0,0,ok,,
1009,,,,pyupio__safety.7654596b.combine_file__m92kensw.91axqqsx,8,pyupio__safety.7654596b.combine_file__m92kensw.91axqqsx,8894,true,2678,137,0,0,0,0,0,,0,0,240000000,240000000,0,0,0,ok,,
1010,,,,pyupio__safety.7654596b.combine_file__m92kensw.91axqqsx,9,pyupio__safety.7654596b.combine_file__m92kensw.91axqqsx,11711,true,17,51,0,0,0,0,0,,0,0,270000000,270000000,0,0,0,ok,,
1011,,,,pyupio__safety.7654596b.combine_file__m92kensw.91axqqsx,10,pyupio__safety.7654596b.combine_file__m92kensw.91axqqsx,11779,true,53,61,0,0,0,0,0,,0,0,300000000,300000000,0,0,0,ok,,
1012,,,,pyupio__safety.7654596b.combine_file__m92kensw.91axqqsx,11,pyupio__safety.7654596b.combine_file__m92kensw.91axqqsx,11894,true,15,160,0,0,0,0,0,,0,0,330000000,330000000,0,0,0,ok,,
1013,,,,pyupio__safety.7654596b.combine_file__m92kensw.91axqqsx,12,pyupio__safety.7654596b.combine_file__m92kensw.91axqqsx,12070,true,26,546,0,0,0,0,0,,0,0,360000000,360000000,0,0,0,ok,,
1014,,,,pyupio__safety.7654596b.combine_file__m92kensw.91axqqsx,13,pyupio__safety.7654596b.combine_file__m92kensw.91axqqsx,12643,true,328,558,0,0,0,0,0,,0,0,390000000,390000000,0,0,0,ok,,
1015,,,,pyupio__safety.7654596b.combine_file__m92kensw.91axqqsx,14,pyupio__safety.7654596b.combine_file__m92kensw.91axqqsx,13530,true,456,76,0,0,0,0,0,,0,0,420000000,420000000,0,0,0,ok,,
1016,,,,pyupio__safety.7654596b.combine_file__m92kensw.91axqqsx,15,pyupio__safety.7654596b.combine_file__m92kensw.91axqqsx,14063,true,758,45,0,0,0,0,0,,0,0,450000000,450000000,0,0,0,ok,,
1017,,,,pyupio__safety.7654596b.combine_file__m92kensw.91axqqsx,16,pyupio__safety.7654596b.combine_file__m92kensw.91axqqsx,14867,true,750,45,0,0,0,0,0,,0,0,480000000,480000000,0,0,0,ok,,
1018,,,,pyupio__safety.7654596b.combine_file__m92kensw.91axqqsx,17,pyupio__safety.7654596b.combine_file__m92kensw.91axqqsx,15663,true,376,296,0,0,0,0,0,,0,0,510000000,510000000,0,0,0,ok,,
1019,,,,pyupio__safety.7654596b.combine_file__m92kensw.91axqqsx,18,pyupio__safety.7654596b.combine_file__m92kensw.91axqqsx,16335,true,292,165,0,0,0,0,0,,0,0,540000000,540000000,0,0,0,ok,,
1020,,,,pyupio__safety.7654596b.combine_file__m92kensw.91axqqsx,19,pyupio__safety.7654596b.combine_file__m92kensw.91axqqsx,16793,true,219,65,0,0,0,0,0,,0,0,570000000,570000000,0,0,0,ok,,
1021,,,,pyupio__safety.7654596b.combine_file__m92kensw.91axqqsx,20,pyupio__safety.7654596b.combine_file__m92kensw.91axqqsx,17078,true,15,96,0,0,0,0,0,,0,0,600000000,600000000,0,0,0,ok,,
1022,,,,pyupio__safety.7654596b.combine_file__m92kensw.91axqqsx,21,pyupio__safety.7654596b.combine_file__m92kensw.91axqqsx,17189,true,26,58,0,0,0,0,0,,0,0,630000000,630000000,0,0,0,ok,,
1023,,,,pyupio__safety.7654596b.combine_file__m92kensw.91axqqsx,22,pyupio__safety.7654596b.combine_file__m92kensw.91axqqsx,17274,true,251,401,0,0,0,0,0,,0,0,660000000,660000000,0,0,0,ok,,
1024,,,,pyupio__safety.7654596b.combine_file__m92kensw.91axqqsx,23,pyupio__safety.7654596b.combine_file__m92kensw.91axqqsx,17927,true,17,24,0,0,0,0,0,,0,0,690000000,690000000,0,0,0,ok,,
1025,,,,pyupio__safety.7654596b.combine_file__m92kensw.91axqqsx,24,pyupio__safety.7654596b.combine_file__m92kensw.91axqqsx,17969,true,261,271,0,0,0,0,0,,0,0,720000000,720000000,0,0,0,ok,,
1026,,,,pyupio__safety.7654596b.combine_file__m92kensw.91axqqsx,25,pyupio__safety.7654596b.combine_file__m92kensw.91axqqsx,18501,true,262,24,0,0,0,0,0,,0,0,750000000,750000000,0,0,0,ok,,
1027,,,,pyupio__safety.7654596b.combine_file__m92kensw.91axqqsx,26,pyupio__safety.7654596b.combine_file__m92kensw.91axqqsx,18788,true,150,227,0,0,0,0,0,,0,0,780000000,780000000,0,0,0,ok,,
1028,,,,pyupio__safety.7654596b.combine_file__m92kensw.91axqqsx,27,pyupio__safety.7654596b.combine_file__m92kensw.91axqqsx,19166,true,1358,41,0,0,0,0,0,,0,0,810000000,810000000,0,0,0,ok,,
1029,,,,pyupio__safety.7654596b.combine_file__m92kensw.91axqqsx,28,pyupio__safety.7654596b.combine_file__m92kensw.91axqqsx,20565,true,15,7,0,0,0,0,0,,0,0,840000000,840000000,0,0,0,ok,,
1030,,,,getnikola__nikola.0f4c230e.lm_rewrite__agmf7x4k.459osl2e,0,getnikola__nikola.0f4c230e.lm_rewrite__agmf7x4k.459osl2e,978,true,663,99,0,0,0,0,0,,0,0,0,0,0,0,0,ok,,
1031,,,,getnikola__nikola.0f4c230e.lm_rewrite__agmf7x4k.459osl2e,1,getnikola__nikola.0f4c230e.lm_rewrite__agmf7x4k.459osl2e,1740,true,9,50,0,0,0,0,0,,0,0,30000000,30000000,0,0,0,ok,,
1032,,,,getnikola__nikola.0f4c230e.lm_rewrite__agmf7x4k.459osl2e,2,getnikola__nikola.0f4c230e.lm_rewrite__agmf7x4k.459osl2e,1800,true,4256,51,0,0,0,0,0,,0,0,60000000,60000000,0,0,0,ok,,
1033,,,,getnikola__nikola.0f4c230e.lm_rewrite__agmf7x4k.459osl2e,3,getnikola__nikola.0f4c230e.lm_rewrite__agmf7x4k.459osl2e,6107,true,13,54,0,0,0,0,0,,0,0,90000000,90000000,0,0,0,ok,,
1034,,,,getnikola__nikola.0f4c230e.lm_rewrite__agmf7x4k.459osl2e,4,getnikola__nikola.0f4c230e.lm_rewrite__agmf7x4k.459osl2e,6175,true,346,67,0,0,0,0,0,,0,0,120000000,120000000,0,0,0,ok,,
1035,,,,getnikola__nikola.0f4c230e.lm_rewrite__agmf7x4k.459osl2e,5,getnikola__nikola.0f4c230e.lm_rewrite__agmf7x4k.459osl2e,6589,true,294,59,0,0,0,0,0,,0,0,150000000,150000000,0,0,0,ok,,
1036,,,,getnikola__nikola.0f4c230e.lm_rewrite__agmf7x4k.459osl2e,6,getnikola__nikola.0f4c230e.lm_rewrite__agmf7x4k.459osl2e,6943,true,67,42,0,0,0,0,0,,0,0,180000000,180000000,0,0,0,ok,,
1037,,,,getnikola__nikola.0f4c230e.lm_rewrite__agmf7x4k.459osl2e,7,getnikola__nikola.0f4c230e.lm_rewrite__agmf7x4k.459osl2e,7052,true,395,905,0,0,0,0,0,,0,0,210000000,210000000,0,0,0,ok,,
1038,,,,getnikola__nikola.0f4c230e.lm_rewrite__agmf7x4k.459osl2e,8,getnikola__nikola.0f4c230e.lm_rewrite__agmf7x4k.459osl2e,8352,true,17,49,0,0,0,0,0,,0,0,240000000,240000000,0,0,0,ok,,
1039,,,,getnikola__nikola.0f4c230e.lm_rewrite__agmf7x4k.459osl2e,9,getnikola__nikola.0f4c230e.lm_rewrite__agmf7x4k.459osl2e,8419,true,227,1074,0,0,0,0,0,,0,0,270000000,270000000,0,0,0,ok,,
1040,,,,getnikola__nikola.0f4c230e.lm_rewrite__agmf7x4k.459osl2e,10,getnikola__nikola.0f4c230e.lm_rewrite__agmf7x4k.459osl2e,9720,true,858,52,0,0,0,0,0,,0,0,300000000,300000000,0,0,0,ok,,
1041,,,,getnikola__nikola.0f4c230e.lm_rewrite__agmf7x4k.459osl2e,11,getnikola__nikola.0f4c230e.lm_rewrite__agmf7x4k.459osl2e,10631,true,198,718,0,0,0,0,0,,0,0,330000000,330000000,0,0,0,ok,,
1042,,,,getnikola__nikola.0f4c230e.lm_rewrite__agmf7x4k.459osl2e,12,getnikola__nikola.0f4c230e.lm_rewrite__agmf7x4k.459osl2e,11548,true,772,38,0,0,0,0,0,,0,0,360000000,360000000,0,0,0,ok,,
1043,,,,getnikola__nikola.0f4c230e.lm_rewrite__agmf7x4k.459osl2e,13,getnikola__nikola.0f4c230e.lm_rewrite__agmf7x4k.459osl2e,12359,true,248,1550,0,0,0,0,0,,0,0,390000000,390000000,0,0,0,ok,,
1044,,,,getnikola__nikola.0f4c230e.lm_rewrite__agmf7x4k.459osl2e,14,getnikola__nikola.0f4c230e.lm_rewrite__agmf7x4k.459osl2e,14158,true,1051,42,0,0,0,0,0,,0,0,420000000,420000000,0,0,0,ok,,
1045,,,,getnikola__nikola.0f4c230e.lm_rewrite__agmf7x4k.459osl2e,15,getnikola__nikola.0f4c230e.lm_rewrite__agmf7x4k.459osl2e,15251,true,248,1471,0,0,0,0,0,,0,0,450000000,450000000,0,0,0,ok,,
1046,,,,getnikola__nikola.0f4c230e.lm_rewrite__agmf7x4k.459osl2e,16,getnikola__nikola.0f4c230e.lm_rewrite__agmf7x4k.459osl2e,16971,true,1315,40,0,0,0,0,0,,0,0,480000000,480000000,0,0,0,ok,,
1047,,,,getnikola__nikola.0f4c230e.lm_rewrite__agmf7x4k.459osl2e,17,getnikola__nikola.0f4c230e.lm_rewrite__agmf7x4k.459osl2e,18326,true,281,1363,0,0,0,0,0,,0,0,510000000,510000000,0,0,0,ok,,
1048,,,,getnikola__nikola.0f4c230e.lm_rewrite__agmf7x4k.459osl2e,18,getnikola__nikola.0f4c230e.lm_rewrite__agmf7x4k.459osl2e,19971,true,1078,38,0,0,0,0,0,,0,0,540000000,540000000,0,0,0,ok,,
1049,,,,getnikola__nikola.0f4c230e.lm_rewrite__agmf7x4k.459osl2e,19,getnikola__nikola.0f4c230e.lm_rewrite__agmf7x4k.459osl2e,21089,true,314,415,0,0,0,0,0,,0,0,570000000,570000000,0,0,0,ok,,
1050,,,,getnikola__nikola.0f4c230e.lm_rewrite__agmf7x4k.459osl2e,20,getnikola__nikola.0f4c230e.lm_rewrite__agmf7x4k.459osl2e,21818,true,3513,36,0,0,0,0,0,,0,0,600000000,600000000,0,0,0,ok,,
1051,,,,getnikola__nikola.0f4c230e.lm_rewrite__agmf7x4k.459osl2e,21,getnikola__nikola.0f4c230e.lm_rewrite__agmf7x4k.459osl2e,25368,true,15,7,0,0,0,0,0,,0,0,630000000,630000000,0,0,0,ok,,
1052,,,,cknd__stackprinter.219fcc52.lm_rewrite__4yfvlq78.rdgzt1d6,0,cknd__stackprinter.219fcc52.lm_rewrite__4yfvlq78.rdgzt1d6,978,true,603,121,0,0,0,0,0,,0,0,0,0,0,0,0,ok,,
1053,,,,cknd__stackprinter.219fcc52.lm_rewrite__4yfvlq78.rdgzt1d6,1,cknd__stackprinter.219fcc52.lm_rewrite__4yfvlq78.rdgzt1d6,1703,true,217,69,0,0,0,0,0,,0,0,30000000,30000000,0,0,0,ok,,
1054,,,,cknd__stackprinter.219fcc52.lm_rewrite__4yfvlq78.rdgzt1d6,2,cknd__stackprinter.219fcc52.lm_rewrite__4yfvlq78.rdgzt1d6,1990,true,2433,222,0,0,0,0,0,,0,0,60000000,60000000,0,0,0,ok,,
1055,,,,cknd__stackprinter.219fcc52.lm_rewrite__4yfvlq78.rdgzt1d6,3,cknd__stackprinter.219fcc52.lm_rewrite__4yfvlq78.rdgzt1d6,4646,true,17,36,0,0,0,0,0,,0,0,90000000,90000000,0,0,0,ok,,
1056,,,,cknd__stackprinter.219fcc52.lm_rewrite__4yfvlq78.rdgzt1d6,4,cknd__stackprinter.219fcc52.lm_rewrite__4yfvlq78.rdgzt1d6,4700,true,541,279,0,0,0,0,0,,0,0,120000000,120000000,0,0,0,ok,,
1057,,,,cknd__stackprinter.219fcc52.lm_rewrite__4yfvlq78.rdgzt1d6,5,cknd__stackprinter.219fcc52.lm_rewrite__4yfvlq78.rdgzt1d6,5520,true,19,36,0,0,0,0,0,,0,0,150000000,150000000,0,0,0,ok,,
1058,,,,cknd__stackprinter.219fcc52.lm_rewrite__4yfvlq78.rdgzt1d6,6,cknd__stackprinter.219fcc52.lm_rewrite__4yfvlq78.rdgzt1d6,5576,true,2018,296,0,0,0,0,0,,0,0,180000000,180000000,0,0,0,ok,,
1059,,,,cknd__stackprinter.219fcc52.lm_rewrite__4yfvlq78.rdgzt1d6,7,cknd__stackprinter.219fcc52.lm_rewrite__4yfvlq78.rdgzt1d6,7891,true,19,34,0,0,0,0,0,,0,0,210000000,210000000,0,0,0,ok,,
1060,,,,cknd__stackprinter.219fcc52.lm_rewrite__4yfvlq78.rdgzt1d6,8,cknd__stackprinter.219fcc52.lm_rewrite__4yfvlq78.rdgzt1d6,7945,true,3883,133,0,0,0,0,0,,0,0,240000000,240000000,0,0,0,ok,,
1061,,,,cknd__stackprinter.219fcc52.lm_rewrite__4yfvlq78.rdgzt1d6,9,cknd__stackprinter.219fcc52.lm_rewrite__4yfvlq78.rdgzt1d6,11962,true,421,43,0,0,0,0,0,,0,0,270000000,270000000,0,0,0,ok,,
1062,,,,cknd__stackprinter.219fcc52.lm_rewrite__4yfvlq78.rdgzt1d6,10,cknd__stackprinter.219fcc52.lm_rewrite__4yfvlq78.rdgzt1d6,12426,true,754,142,0,0,0,0,0,,0,0,300000000,300000000,0,0,0,ok,,
1063,,,,cknd__stackprinter.219fcc52.lm_rewrite__4yfvlq78.rdgzt1d6,11,cknd__stackprinter.219fcc52.lm_rewrite__4yfvlq78.rdgzt1d6,13323,true,891,1680,0,0,0,0,0,,0,0,330000000,330000000,0,0,0,ok,,
1064,,,,cknd__stackprinter.219fcc52.lm_rewrite__4yfvlq78.rdgzt1d6,12,cknd__stackprinter.219fcc52.lm_rewrite__4yfvlq78.rdgzt1d6,15894,true,1056,209,0,0,0,0,0,,0,0,360000000,360000000,0,0,0,ok,,
1065,,,,cknd__stackprinter.219fcc52.lm_rewrite__4yfvlq78.rdgzt1d6,13,cknd__stackprinter.219fcc52.lm_rewrite__4yfvlq78.rdgzt1d6,17160,true,3883,136,0,0,0,0,0,,0,0,390000000,390000000,0,0,0,ok,,
1066,,,,cknd__stackprinter.219fcc52.lm_rewrite__4yfvlq78.rdgzt1d6,14,cknd__stackprinter.219fcc52.lm_rewrite__4yfvlq78.rdgzt1d6,21179,true,183,1794,0,0,0,0,0,,0,0,420000000,420000000,0,0,0,ok,,
1067,,,,cknd__stackprinter.219fcc52.lm_rewrite__4yfvlq78.rdgzt1d6,15,cknd__stackprinter.219fcc52.lm_rewrite__4yfvlq78.rdgzt1d6,23157,true,1193,188,0,0,0,0,0,,0,0,450000000,450000000,0,0,0,ok,,
1068,,,,cknd__stackprinter.219fcc52.lm_rewrite__4yfvlq78.rdgzt1d6,16,cknd__stackprinter.219fcc52.lm_rewrite__4yfvlq78.rdgzt1d6,24538,true,4326,85,0,0,0,0,0,,0,0,480000000,480000000,0,0,0,ok,,
1069,,,,cknd__stackprinter.219fcc52.lm_rewrite__4yfvlq78.rdgzt1d6,17,cknd__stackprinter.219fcc52.lm_rewrite__4yfvlq78.rdgzt1d6,28950,true,304,2012,0,0,0,0,0,,0,0,510000000,510000000,0,0,0,ok,,
1070,,,,cknd__stackprinter.219fcc52.lm_rewrite__4yfvlq78.rdgzt1d6,18,cknd__stackprinter.219fcc52.lm_rewrite__4yfvlq78.rdgzt1d6,31266,true,1284,144,0,0,0,0,0,,0,0,540000000,540000000,0,0,0,ok,,
1071,,,,cknd__stackprinter.219fcc52.lm_rewrite__4yfvlq78.rdgzt1d6,19,cknd__stackprinter.219fcc52.lm_rewrite__4yfvlq78.rdgzt1d6,32694,true,4348,139,0,0,0,0,0,,0,0,570000000,570000000,0,0,0,ok,,
1072,,,,cknd__stackprinter.219fcc52.lm_rewrite__4yfvlq78.rdgzt1d6,20,cknd__stackprinter.219fcc52.lm_rewrite__4yfvlq78.rdgzt1d6,37182,true,304,344,0,0,0,0,0,,0,0,600000000,600000000,0,0,0,ok,,
1073,,,,cknd__stackprinter.219fcc52.lm_rewrite__4yfvlq78.rdgzt1d6,21,cknd__stackprinter.219fcc52.lm_rewrite__4yfvlq78.rdgzt1d6,37831,true,288,114,0,0,0,0,0,,0,0,630000000,630000000,0,0,0,ok,,
1074,,,,cknd__stackprinter.219fcc52.lm_rewrite__4yfvlq78.rdgzt1d6,22,cknd__stackprinter.219fcc52.lm_rewrite__4yfvlq78.rdgzt1d6,38234,true,4499,65,0,0,0,0,0,,0,0,660000000,660000000,0,0,0,ok,,
1075,,,,cknd__stackprinter.219fcc52.lm_rewrite__4yfvlq78.rdgzt1d6,23,cknd__stackprinter.219fcc52.lm_rewrite__4yfvlq78.rdgzt1d6,42798,true,543,48,0,0,0,0,0,,0,0,690000000,690000000,0,0,0,ok,,
1076,,,,cknd__stackprinter.219fcc52.lm_rewrite__4yfvlq78.rdgzt1d6,24,cknd__stackprinter.219fcc52.lm_rewrite__4yfvlq78.rdgzt1d6,43391,true,2271,415,0,0,0,0,0,,0,0,720000000,720000000,0,0,0,ok,,
1077,,,,cknd__stackprinter.219fcc52.lm_rewrite__4yfvlq78.rdgzt1d6,25,cknd__stackprinter.219fcc52.lm_rewrite__4yfvlq78.rdgzt1d6,46078,true,2920,54,0,0,0,0,0,,0,0,750000000,750000000,0,0,0,ok,,
1078,,,,cknd__stackprinter.219fcc52.lm_rewrite__4yfvlq78.rdgzt1d6,26,cknd__stackprinter.219fcc52.lm_rewrite__4yfvlq78.rdgzt1d6,49052,true,15,7,0,0,0,0,0,,0,0,780000000,780000000,0,0,0,ok,,
1079,,,,joke2k__faker.8b401a7d.lm_rewrite__8bb0pic6.shrt124m,0,joke2k__faker.8b401a7d.lm_rewrite__8bb0pic6.shrt124m,978,true,622,114,0,0,0,0,0,,0,0,0,0,0,0,0,ok,,
1080,,,,joke2k__faker.8b401a7d.lm_rewrite__8bb0pic6.shrt124m,1,joke2k__faker.8b401a7d.lm_rewrite__8bb0pic6.shrt124m,1715,true,8930,60,0,0,0,0,0,,0,0,30000000,30000000,0,0,0,ok,,
1081,,,,joke2k__faker.8b401a7d.lm_rewrite__8bb0pic6.shrt124m,2,joke2k__faker.8b401a7d.lm_rewrite__8bb0pic6.shrt124m,10706,true,1201,69,0,0,0,0,0,,0,0,60000000,60000000,0,0,0,ok,,
1082,,,,joke2k__faker.8b401a7d.lm_rewrite__8bb0pic6.shrt124m,3,joke2k__faker.8b401a7d.lm_rewrite__8bb0pic6.shrt124m,11977,true,531,48,0,0,0,0,0,,0,0,90000000,90000000,0,0,0,ok,,
1083,,,,joke2k__faker.8b401a7d.lm_rewrite__8bb0pic6.shrt124m,4,joke2k__faker.8b401a7d.lm_rewrite__8bb0pic6.shrt124m,12557,true,33,47,0,0,0,0,0,,0,0,120000000,120000000,0,0,0,ok,,
1084,,,,joke2k__faker.8b401a7d.lm_rewrite__8bb0pic6.shrt124m,5,joke2k__faker.8b401a7d.lm_rewrite__8bb0pic6.shrt124m,12638,true,370,44,0,0,0,0,0,,0,0,150000000,150000000,0,0,0,ok,,
1085,,,,joke2k__faker.8b401a7d.lm_rewrite__8bb0pic6.shrt124m,6,joke2k__faker.8b401a7d.lm_rewrite__8bb0pic6.shrt124m,13053,true,394,228,0,0,0,0,0,,0,0,180000000,180000000,0,0,0,ok,,
1086,,,,joke2k__faker.8b401a7d.lm_rewrite__8bb0pic6.shrt124m,7,joke2k__faker.8b401a7d.lm_rewrite__8bb0pic6.shrt124m,13676,true,17,35,0,0,0,0,0,,0,0,210000000,210000000,0,0,0,ok,,
1087,,,,joke2k__faker.8b401a7d.lm_rewrite__8bb0pic6.shrt124m,8,joke2k__faker.8b401a7d.lm_rewrite__8bb0pic6.shrt124m,13728,true,64,725,0,0,0,0,0,,0,0,240000000,240000000,0,0,0,ok,,
1088,,,,joke2k__faker.8b401a7d.lm_rewrite__8bb0pic6.shrt124m,9,joke2k__faker.8b401a7d.lm_rewrite__8bb0pic6.shrt124m,14518,true,556,32,0,0,0,0,0,,0,0,270000000,270000000,0,0,0,ok,,
1089,,,,joke2k__faker.8b401a7d.lm_rewrite__8bb0pic6.shrt124m,10,joke2k__faker.8b401a7d.lm_rewrite__8bb0pic6.shrt124m,15106,true,164,264,0,0,0,0,0,,0,0,300000000,300000000,0,0,0,ok,,
1090,,,,joke2k__faker.8b401a7d.lm_rewrite__8bb0pic6.shrt124m,11,joke2k__faker.8b401a7d.lm_rewrite__8bb0pic6.shrt124m,15535,true,233,32,0,0,0,0,0,,0,0,330000000,330000000,0,0,0,ok,,
1091,,,,joke2k__faker.8b401a7d.lm_rewrite__8bb0pic6.shrt124m,12,joke2k__faker.8b401a7d.lm_rewrite__8bb0pic6.shrt124m,15801,true,197,407,0,0,0,0,0,,0,0,360000000,360000000,0,0,0,ok,,
1092,,,,joke2k__faker.8b401a7d.lm_rewrite__8bb0pic6.shrt124m,13,joke2k__faker.8b401a7d.lm_rewrite__8bb0pic6.shrt124m,16406,true,390,32,0,0,0,0,0,,0,0,390000000,390000000,0,0,0,ok,,
1093,,,,joke2k__faker.8b401a7d.lm_rewrite__8bb0pic6.shrt124m,14,joke2k__faker.8b401a7d.lm_rewrite__8bb0pic6.shrt124m,16829,true,129,427,0,0,0,0,0,,0,0,420000000,420000000,0,0,0,ok,,
1094,,,,joke2k__faker.8b401a7d.lm_rewrite__8bb0pic6.shrt124m,15,joke2k__faker.8b401a7d.lm_rewrite__8bb0pic6.shrt124m,17385,true,16,31,0,0,0,0,0,,0,0,450000000,450000000,0,0,0,ok,,
1095,,,,joke2k__faker.8b401a7d.lm_rewrite__8bb0pic6.shrt124m,16,joke2k__faker.8b401a7d.lm_rewrite__8bb0pic6.shrt124m,17433,true,39,682,0,0,0,0,0,,0,0,480000000,480000000,0,0,0,ok,,
1096,,,,joke2k__faker.8b401a7d.lm_rewrite__8bb0pic6.shrt124m,17,joke2k__faker.8b401a7d.lm_rewrite__8bb0pic6.shrt124m,18155,true,519,41,0,0,0,0,0,,0,0,510000000,510000000,0,0,0,ok,,
1097,,,,joke2k__faker.8b401a7d.lm_rewrite__8bb0pic6.shrt124m,18,joke2k__faker.8b401a7d.lm_rewrite__8bb0pic6.shrt124m,18716,true,38,894,0,0,0,0,0,,0,0,540000000,540000000,0,0,0,ok,,
1098,,,,joke2k__faker.8b401a7d.lm_rewrite__8bb0pic6.shrt124m,19,joke2k__faker.8b401a7d.lm_rewrite__8bb0pic6.shrt124m,19650,true,530,31,0,0,0,0,0,,0,0,570000000,570000000,0,0,0,ok,,
1099,,,,joke2k__faker.8b401a7d.lm_rewrite__8bb0pic6.shrt124m,20,joke2k__faker.8b401a7d.lm_rewrite__8bb0pic6.shrt124m,20211,true,43,100,0,0,0,0,0,,0,0,600000000,600000000,0,0,0,ok,,
1100,,,,joke2k__faker.8b401a7d.lm_rewrite__8bb0pic6.shrt124m,21,joke2k__faker.8b401a7d.lm_rewrite__8bb0pic6.shrt124m,20355,true,129,479,0,0,0,0,0,,0,0,630000000,630000000,0,0,0,ok,,
1101,,,,joke2k__faker.8b401a7d.lm_rewrite__8bb0pic6.shrt124m,22,joke2k__faker.8b401a7d.lm_rewrite__8bb0pic6.shrt124m,20964,true,16,30,0,0,0,0,0,,0,0,660000000,660000000,0,0,0,ok,,
1102,,,,joke2k__faker.8b401a7d.lm_rewrite__8bb0pic6.shrt124m,23,joke2k__faker.8b401a7d.lm_rewrite__8bb0pic6.shrt124m,21011,true,106,226,0,0,0,0,0,,0,0,690000000,690000000,0,0,0,ok,,
1103,,,,joke2k__faker.8b401a7d.lm_rewrite__8bb0pic6.shrt124m,24,joke2k__faker.8b401a7d.lm_rewrite__8bb0pic6.shrt124m,21344,true,2342,45,0,0,0,0,0,,0,0,720000000,720000000,0,0,0,ok,,
1104,,,,joke2k__faker.8b401a7d.lm_rewrite__8bb0pic6.shrt124m,25,joke2k__faker.8b401a7d.lm_rewrite__8bb0pic6.shrt124m,23733,true,15,7,0,0,0,0,0,,0,0,750000000,750000000,0,0,0,ok,,
1105,,,,conan-io__conan.86f29e13.pr_14776.mr84oqlq,0,conan-io__conan.86f29e13.pr_14776.mr84oqlq,978,true,478,78,0,0,0,0,0,,0,0,0,0,0,0,0,ok,,
1106,,,,conan-io__conan.86f29e13.pr_14776.mr84oqlq,1,conan-io__conan.86f29e13.pr_14776.mr84oqlq,1534,true,13891,65,0,0,0,0,0,,0,0,30000000,30000000,0,0,0,ok,,
1107,,,,conan-io__conan.86f29e13.pr_14776.mr84oqlq,2,conan-io__conan.86f29e13.pr_14776.mr84oqlq,15491,true,122,66,0,0,0,0,0,,0,0,60000000,60000000,0,0,0,ok,,
1108,,,,conan-io__conan.86f29e13.pr_14776.mr84oqlq,3,conan-io__conan.86f29e13.pr_14776.mr84oqlq,15679,true,3890,673,0,0,0,0,0,,0,0,90000000,90000000,0,0,0,ok,,
1109,,,,conan-io__conan.86f29e13.pr_14776.mr84oqlq,4,conan-io__conan.86f29e13.pr_14776.mr84oqlq,20244,true,17,34,0,0,0,0,0,,0,0,120000000,120000000,0,0,0,ok,,
1110,,,,conan-io__conan.86f29e13.pr_14776.mr84oqlq,5,conan-io__conan.86f29e13.pr_14776.mr84oqlq,20295,true,76,414,0,0,0,0,0,,0,0,150000000,150000000,0,0,0,ok,,
1111,,,,conan-io__conan.86f29e13.pr_14776.mr84oqlq,6,conan-io__conan.86f29e13.pr_14776.mr84oqlq,20786,true,305,38,0,0,0,0,0,,0,0,180000000,180000000,0,0,0,ok,,
1112,,,,conan-io__conan.86f29e13.pr_14776.mr84oqlq,7,conan-io__conan.86f29e13.pr_14776.mr84oqlq,21130,true,79,93,0,0,0,0,0,,0,0,210000000,210000000,0,0,0,ok,,
1113,,,,conan-io__conan.86f29e13.pr_14776.mr84oqlq,8,conan-io__conan.86f29e13.pr_14776.mr84oqlq,21303,true,41,61,0,0,0,0,0,,0,0,240000000,240000000,0,0,0,ok,,
1114,,,,conan-io__conan.86f29e13.pr_14776.mr84oqlq,9,conan-io__conan.86f29e13.pr_14776.mr84oqlq,21405,true,838,128,0,0,0,0,0,,0,0,270000000,270000000,0,0,0,ok,,
1115,,,,conan-io__conan.86f29e13.pr_14776.mr84oqlq,10,conan-io__conan.86f29e13.pr_14776.mr84oqlq,22372,true,15,69,0,0,0,0,0,,0,0,300000000,300000000,0,0,0,ok,,
1116,,,,conan-io__conan.86f29e13.pr_14776.mr84oqlq,11,conan-io__conan.86f29e13.pr_14776.mr84oqlq,22457,true,79,55,0,0,0,0,0,,0,0,330000000,330000000,0,0,0,ok,,
1117,,,,conan-io__conan.86f29e13.pr_14776.mr84oqlq,12,conan-io__conan.86f29e13.pr_14776.mr84oqlq,22591,true,696,62,0,0,0,0,0,,0,0,360000000,360000000,0,0,0,ok,,
1118,,,,conan-io__conan.86f29e13.pr_14776.mr84oqlq,13,conan-io__conan.86f29e13.pr_14776.mr84oqlq,23350,true,590,44,0,0,0,0,0,,0,0,390000000,390000000,0,0,0,ok,,
1119,,,,conan-io__conan.86f29e13.pr_14776.mr84oqlq,14,conan-io__conan.86f29e13.pr_14776.mr84oqlq,23984,true,970,36,0,0,0,0,0,,0,0,420000000,420000000,0,0,0,ok,,
1120,,,,conan-io__conan.86f29e13.pr_14776.mr84oqlq,15,conan-io__conan.86f29e13.pr_14776.mr84oqlq,24990,true,15,7,0,0,0,0,0,,0,0,450000000,450000000,0,0,0,ok,,
1121,,,,encode__starlette.db5063c2.lm_rewrite__s8usb1wm.nj2l37xs,0,encode__starlette.db5063c2.lm_rewrite__s8usb1wm.nj2l37xs,978,true,539,112,0,0,0,0,0,,0,0,0,0,0,0,0,ok,,
1122,,,,encode__starlette.db5063c2.lm_rewrite__s8usb1wm.nj2l37xs,1,encode__starlette.db5063c2.lm_rewrite__s8usb1wm.nj2l37xs,1629,true,621,56,0,0,0,0,0,,0,0,30000000,30000000,0,0,0,ok,,
1123,,,,encode__starlette.db5063c2.lm_rewrite__s8usb1wm.nj2l37xs,2,encode__starlette.db5063c2.lm_rewrite__s8usb1wm.nj2l37xs,2307,true,1421,56,0,0,0,0,0,,0,0,60000000,60000000,0,0,0,ok,,
1124,,,,encode__starlette.db5063c2.lm_rewrite__s8usb1wm.nj2l37xs,3,encode__starlette.db5063c2.lm_rewrite__s8usb1wm.nj2l37xs,3785,true,1554,180,0,0,0,0,0,,0,0,90000000,90000000,0,0,0,ok,,
1125,,,,encode__starlette.db5063c2.lm_rewrite__s8usb1wm.nj2l37xs,4,encode__starlette.db5063c2.lm_rewrite__s8usb1wm.nj2l37xs,5520,true,17,36,0,0,0,0,0,,0,0,120000000,120000000,0,0,0,ok,,
1126,,,,encode__starlette.db5063c2.lm_rewrite__s8usb1wm.nj2l37xs,5,encode__starlette.db5063c2.lm_rewrite__s8usb1wm.nj2l37xs,5574,true,28,605,0,0,0,0,0,,0,0,150000000,150000000,0,0,0,ok,,
1127,,,,encode__starlette.db5063c2.lm_rewrite__s8usb1wm.nj2l37xs,6,encode__starlette.db5063c2.lm_rewrite__s8usb1wm.nj2l37xs,6207,true,373,46,0,0,0,0,0,,0,0,180000000,180000000,0,0,0,ok,,
1128,,,,encode__starlette.db5063c2.lm_rewrite__s8usb1wm.nj2l37xs,7,encode__starlette.db5063c2.lm_rewrite__s8usb1wm.nj2l37xs,6626,true,15,688,0,0,0,0,0,,0,0,210000000,210000000,0,0,0,ok,,
1129,,,,encode__starlette.db5063c2.lm_rewrite__s8usb1wm.nj2l37xs,8,encode__starlette.db5063c2.lm_rewrite__s8usb1wm.nj2l37xs,7329,true,17,33,0,0,0,0,0,,0,0,240000000,240000000,0,0,0,ok,,
1130,,,,encode__starlette.db5063c2.lm_rewrite__s8usb1wm.nj2l37xs,9,encode__starlette.db5063c2.lm_rewrite__s8usb1wm.nj2l37xs,7381,true,147,303,0,0,0,0,0,,0,0,270000000,270000000,0,0,0,ok,,
1131,,,,encode__starlette.db5063c2.lm_rewrite__s8usb1wm.nj2l37xs,10,encode__starlette.db5063c2.lm_rewrite__s8usb1wm.nj2l37xs,7831,true,1198,40,0,0,0,0,0,,0,0,300000000,300000000,0,0,0,ok,,
1132,,,,encode__starlette.db5063c2.lm_rewrite__s8usb1wm.nj2l37xs,11,encode__starlette.db5063c2.lm_rewrite__s8usb1wm.nj2l37xs,9069,true,15,13,0,0,0,0,0,,0,0,330000000,330000000,0,0,0,ok,,
1133,,,,marshmallow-code__apispec.8b421526.2.axgbs3ec,0,marshmallow-code__apispec.8b421526.2.axgbs3ec,978,true,596,81,0,0,0,0,0,,0,0,0,0,0,0,0,ok,,
1134,,,,marshmallow-code__apispec.8b421526.2.axgbs3ec,1,marshmallow-code__apispec.8b421526.2.axgbs3ec,1655,true,317,52,0,0,0,0,0,,0,0,30000000,30000000,0,0,0,ok,,
1135,,,,marshmallow-code__apispec.8b421526.2.axgbs3ec,2,marshmallow-code__apispec.8b421526.2.axgbs3ec,2026,true,117,60,0,0,0,0,0,,0,0,60000000,60000000,0,0,0,ok,,
1136,,,,marshmallow-code__apispec.8b421526.2.axgbs3ec,3,marshmallow-code__apispec.8b421526.2.axgbs3ec,2203,true,107,59,0,0,0,0,0,,0,0,90000000,90000000,0,0,0,ok,,
1137,,,,marshmallow-code__apispec.8b421526.2.axgbs3ec,4,marshmallow-code__apispec.8b421526.2.axgbs3ec,2370,true,3335,632,0,0,0,0,0,,0,0,120000000,120000000,0,0,0,ok,,
1138,,,,marshmallow-code__apispec.8b421526.2.axgbs3ec,5,marshmallow-code__apispec.8b421526.2.axgbs3ec,6337,true,16,31,0,0,0,0,0,,0,0,150000000,150000000,0,0,0,ok,,
1139,,,,marshmallow-code__apispec.8b421526.2.axgbs3ec,6,marshmallow-code__apispec.8b421526.2.axgbs3ec,6385,true,220,249,0,0,0,0,0,,0,0,180000000,180000000,0,0,0,ok,,
1140,,,,marshmallow-code__apispec.8b421526.2.axgbs3ec,7,marshmallow-code__apispec.8b421526.2.axgbs3ec,6855,true,210,189,0,0,0,0,0,,0,0,210000000,210000000,0,0,0,ok,,
1141,,,,marshmallow-code__apispec.8b421526.2.axgbs3ec,8,marshmallow-code__apispec.8b421526.2.axgbs3ec,7254,true,213,36,0,0,0,0,0,,0,0,240000000,240000000,0,0,0,ok,,
1142,,,,pydicom__pydicom.7d361b3d.func_pm_remove_loop__j8tuhsvb.tf2siqd8,0,pydicom__pydicom.7d361b3d.func_pm_remove_loop__j8tuhsvb.tf2siqd8,978,true,659,92,0,0,0,0,0,,0,0,0,0,0,0,0,ok,,
1143,,,,pydicom__pydicom.7d361b3d.func_pm_remove_loop__j8tuhsvb.tf2siqd8,1,pydicom__pydicom.7d361b3d.func_pm_remove_loop__j8tuhsvb.tf2siqd8,1729,true,10,50,0,0,0,0,0,,0,0,30000000,30000000,0,0,0,ok,,
1144,,,,pydicom__pydicom.7d361b3d.func_pm_remove_loop__j8tuhsvb.tf2siqd8,2,pydicom__pydicom.7d361b3d.func_pm_remove_loop__j8tuhsvb.tf2siqd8,1790,true,2242,60,0,0,0,0,0,,0,0,60000000,60000000,0,0,0,ok,,
1145,,,,pydicom__pydicom.7d361b3d.func_pm_remove_loop__j8tuhsvb.tf2siqd8,3,pydicom__pydicom.7d361b3d.func_pm_remove_loop__j8tuhsvb.tf2siqd8,4093,true,417,153,0,0,0,0,0,,0,0,90000000,90000000,0,0,0,ok,,
1146,,,,pydicom__pydicom.7d361b3d.func_pm_remove_loop__j8tuhsvb.tf2siqd8,4,pydicom__pydicom.7d361b3d.func_pm_remove_loop__j8tuhsvb.tf2siqd8,4663,true,692,66,0,0,0,0,0,,0,0,120000000,120000000,0,0,0,ok,,
1147,,,,pydicom__pydicom.7d361b3d.func_pm_remove_loop__j8tuhsvb.tf2siqd8,5,pydicom__pydicom.7d361b3d.func_pm_remove_loop__j8tuhsvb.tf2siqd8,5422,true,137,176,0,0,0,0,0,,0,0,150000000,150000000,0,0,0,ok,,
1148,,,,pydicom__pydicom.7d361b3d.func_pm_remove_loop__j8tuhsvb.tf2siqd8,6,pydicom__pydicom.7d361b3d.func_pm_remove_loop__j8tuhsvb.tf2siqd8,5736,true,17,36,0,0,0,0,0,,0,0,180000000,180000000,0,0,0,ok,,
1149,,,,pydicom__pydicom.7d361b3d.func_pm_remove_loop__j8tuhsvb.tf2siqd8,7,pydicom__pydicom.7d361b3d.func_pm_remove_loop__j8tuhsvb.tf2siqd8,5790,true,14,1042,0,0,0,0,0,,0,0,210000000,210000000,0,0,0,ok,,
1150,,,,pydicom__pydicom.7d361b3d.func_pm_remove_loop__j8tuhsvb.tf2siqd8,8,pydicom__pydicom.7d361b3d.func_pm_remove_loop__j8tuhsvb.tf2siqd8,6846,true,808,51,0,0,0,0,0,,0,0,240000000,240000000,0,0,0,ok,,
1151,,,,pydicom__pydicom.7d361b3d.func_pm_remove_loop__j8tuhsvb.tf2siqd8,9,pydicom__pydicom.7d361b3d.func_pm_remove_loop__j8tuhsvb.tf2siqd8,7706,true,14,540,0,0,0,0,0,,0,0,270000000,270000000,0,0,0,ok,,
1152,,,,pydicom__pydicom.7d361b3d.func_pm_remove_loop__j8tuhsvb.tf2siqd8,10,pydicom__pydicom.7d361b3d.func_pm_remove_loop__j8tuhsvb.tf2siqd8,8261,true,17,32,0,0,0,0,0,,0,0,300000000,300000000,0,0,0,ok,,
1153,,,,pydicom__pydicom.7d361b3d.func_pm_remove_loop__j8tuhsvb.tf2siqd8,11,pydicom__pydicom.7d361b3d.func_pm_remove_loop__j8tuhsvb.tf2siqd8,8311,true,138,1218,0,0,0,0,0,,0,0,330000000,330000000,0,0,0,ok,,
1154,,,,pydicom__pydicom.7d361b3d.func_pm_remove_loop__j8tuhsvb.tf2siqd8,12,pydicom__pydicom.7d361b3d.func_pm_remove_loop__j8tuhsvb.tf2siqd8,9668,true,831,40,0,0,0,0,0,,0,0,360000000,360000000,0,0,0,ok,,
1155,,,,pydicom__pydicom.7d361b3d.func_pm_remove_loop__j8tuhsvb.tf2siqd8,13,pydicom__pydicom.7d361b3d.func_pm_remove_loop__j8tuhsvb.tf2siqd8,10541,true,14,24,0,0,0,0,0,,0,0,390000000,390000000,0,0,0,ok,,
1156,,,,pydicom__pydicom.7d361b3d.func_pm_remove_loop__j8tuhsvb.tf2siqd8,14,pydicom__pydicom.7d361b3d.func_pm_remove_loop__j8tuhsvb.tf2siqd8,10580,true,138,321,0,0,0,0,0,,0,0,420000000,420000000,0,0,0,ok,,
1157,,,,pydicom__pydicom.7d361b3d.func_pm_remove_loop__j8tuhsvb.tf2siqd8,15,pydicom__pydicom.7d361b3d.func_pm_remove_loop__j8tuhsvb.tf2siqd8,11039,true,1159,41,0,0,0,0,0,,0,0,450000000,450000000,0,0,0,ok,,
1158,,,,pydicom__pydicom.7d361b3d.func_pm_remove_loop__j8tuhsvb.tf2siqd8,16,pydicom__pydicom.7d361b3d.func_pm_remove_loop__j8tuhsvb.tf2siqd8,12241,true,15,7,0,0,0,0,0,,0,0,480000000,480000000,0,0,0,ok,,
1159,,,,pandas-dev__pandas.95280573.pr_47550.rr7ob92o,0,pandas-dev__pandas.95280573.pr_47550.rr7ob92o,978,true,395,79,0,0,0,0,0,,0,0,0,0,0,0,0,ok,,
1160,,,,pandas-dev__pandas.95280573.pr_47550.rr7ob92o,1,pandas-dev__pandas.95280573.pr_47550.rr7ob92o,1453,true,57,47,0,0,0,0,0,,0,0,30000000,30000000,0,0,0,ok,,
1161,,,,pandas-dev__pandas.95280573.pr_47550.rr7ob92o,2,pandas-dev__pandas.95280573.pr_47550.rr7ob92o,1558,true,4682,47,0,0,0,0,0,,0,0,60000000,60000000,0,0,0,ok,,
1162,,,,pandas-dev__pandas.95280573.pr_47550.rr7ob92o,3,pandas-dev__pandas.95280573.pr_47550.rr7ob92o,6288,true,4259,38,0,0,0,0,0,,0,0,90000000,90000000,0,0,0,ok,,
1163,,,,pandas-dev__pandas.95280573.pr_47550.rr7ob92o,4,pandas-dev__pandas.95280573.pr_47550.rr7ob92o,10586,true,69,58,0,0,0,0,0,,0,0,120000000,120000000,0,0,0,ok,,
1164,,,,pandas-dev__pandas.95280573.pr_47550.rr7ob92o,5,pandas-dev__pandas.95280573.pr_47550.rr7ob92o,10713,true,719,57,0,0,0,0,0,,0,0,150000000,150000000,0,0,0,ok,,
1165,,,,pandas-dev__pandas.95280573.pr_47550.rr7ob92o,6,pandas-dev__pandas.95280573.pr_47550.rr7ob92o,11490,true,927,180,0,0,0,0,0,,0,0,180000000,180000000,0,0,0,ok,,
1166,,,,pandas-dev__pandas.95280573.pr_47550.rr7ob92o,7,pandas-dev__pandas.95280573.pr_47550.rr7ob92o,12597,true,16,29,0,0,0,0,0,,0,0,210000000,210000000,0,0,0,ok,,
1167,,,,pandas-dev__pandas.95280573.pr_47550.rr7ob92o,8,pandas-dev__pandas.95280573.pr_47550.rr7ob92o,12643,true,319,38,0,0,0,0,0,,0,0,240000000,240000000,0,0,0,ok,,
1168,,,,pandas-dev__pandas.95280573.pr_47550.rr7ob92o,9,pandas-dev__pandas.95280573.pr_47550.rr7ob92o,13000,true,42,630,0,0,0,0,0,,0,0,270000000,270000000,0,0,0,ok,,
1169,,,,pandas-dev__pandas.95280573.pr_47550.rr7ob92o,10,pandas-dev__pandas.95280573.pr_47550.rr7ob92o,13673,true,1162,41,0,0,0,0,0,,0,0,300000000,300000000,0,0,0,ok,,
1170,,,,pandas-dev__pandas.95280573.pr_47550.rr7ob92o,11,pandas-dev__pandas.95280573.pr_47550.rr7ob92o,14877,true,106,57,0,0,0,0,0,,0,0,330000000,330000000,0,0,0,ok,,
1171,,,,pandas-dev__pandas.95280573.pr_47550.rr7ob92o,12,pandas-dev__pandas.95280573.pr_47550.rr7ob92o,15040,true,996,366,0,0,0,0,0,,0,0,360000000,360000000,0,0,0,ok,,
1172,,,,pandas-dev__pandas.95280573.pr_47550.rr7ob92o,13,pandas-dev__pandas.95280573.pr_47550.rr7ob92o,16403,true,71,294,0,0,0,0,0,,0,0,390000000,390000000,0,0,0,ok,,
1173,,,,pandas-dev__pandas.95280573.pr_47550.rr7ob92o,14,pandas-dev__pandas.95280573.pr_47550.rr7ob92o,16769,true,363,210,0,0,0,0,0,,0,0,420000000,420000000,0,0,0,ok,,
1174,,,,pandas-dev__pandas.95280573.pr_47550.rr7ob92o,15,pandas-dev__pandas.95280573.pr_47550.rr7ob92o,17343,true,639,99,0,0,0,0,0,,0,0,450000000,450000000,0,0,0,ok,,
1175,,,,pandas-dev__pandas.95280573.pr_47550.rr7ob92o,16,pandas-dev__pandas.95280573.pr_47550.rr7ob92o,18082,true,533,31,0,0,0,0,0,,0,0,480000000,480000000,0,0,0,ok,,
1176,,,,pandas-dev__pandas.95280573.pr_47550.rr7ob92o,17,pandas-dev__pandas.95280573.pr_47550.rr7ob92o,18646,true,133,61,0,0,0,0,0,,0,0,510000000,510000000,0,0,0,ok,,
1177,,,,pandas-dev__pandas.95280573.pr_47550.rr7ob92o,18,pandas-dev__pandas.95280573.pr_47550.rr7ob92o,18841,true,133,199,0,0,0,0,0,,0,0,540000000,540000000,0,0,0,ok,,
1178,,,,pandas-dev__pandas.95280573.pr_47550.rr7ob92o,19,pandas-dev__pandas.95280573.pr_47550.rr7ob92o,19174,true,28,35,0,0,0,0,0,,0,0,570000000,570000000,0,0,0,ok,,
1179,,,,pandas-dev__pandas.95280573.pr_47550.rr7ob92o,20,pandas-dev__pandas.95280573.pr_47550.rr7ob92o,19237,true,163,513,0,0,0,0,0,,0,0,600000000,600000000,0,0,0,ok,,
1180,,,,pandas-dev__pandas.95280573.pr_47550.rr7ob92o,21,pandas-dev__pandas.95280573.pr_47550.rr7ob92o,19913,true,479,50,0,0,0,0,0,,0,0,630000000,630000000,0,0,0,ok,,
1181,,,,pandas-dev__pandas.95280573.pr_47550.rr7ob92o,22,pandas-dev__pandas.95280573.pr_47550.rr7ob92o,20443,true,37,37,0,0,0,0,0,,0,0,660000000,660000000,0,0,0,ok,,
1182,,,,python-hyper__h11.bed0dd4a.11.1qmedxhk,0,python-hyper__h11.bed0dd4a.11.1qmedxhk,978,true,597,78,0,0,0,0,0,,0,0,0,0,0,0,0,ok,,
1183,,,,python-hyper__h11.bed0dd4a.11.1qmedxhk,1,python-hyper__h11.bed0dd4a.11.1qmedxhk,1654,true,1563,280,0,0,0,0,0,,0,0,30000000,30000000,0,0,0,ok,,
1184,,,,python-hyper__h11.bed0dd4a.11.1qmedxhk,2,python-hyper__h11.bed0dd4a.11.1qmedxhk,3497,true,16,30,0,0,0,0,0,,0,0,60000000,60000000,0,0,0,ok,,
1185,,,,python-hyper__h11.bed0dd4a.11.1qmedxhk,3,python-hyper__h11.bed0dd4a.11.1qmedxhk,3544,true,27,263,0,0,0,0,0,,0,0,90000000,90000000,0,0,0,ok,,
1186,,,,python-hyper__h11.bed0dd4a.11.1qmedxhk,4,python-hyper__h11.bed0dd4a.11.1qmedxhk,3835,true,197,138,0,0,0,0,0,,0,0,120000000,120000000,0,0,0,ok,,
1187,,,,python-hyper__h11.bed0dd4a.11.1qmedxhk,5,python-hyper__h11.bed0dd4a.11.1qmedxhk,4170,true,27,41,0,0,0,0,0,,0,0,150000000,150000000,0,0,0,ok,,
1188,,,,john-kurkowski__tldextract.3d1bf184.combine_file__effh85g1.f8g4jbb5,0,john-kurkowski__tldextract.3d1bf184.combine_file__effh85g1.f8g4jbb5,978,true,955,104,0,0,0,0,0,,0,0,0,0,0,0,0,ok,,
1189,,,,john-kurkowski__tldextract.3d1bf184.combine_file__effh85g1.f8g4jbb5,1,john-kurkowski__tldextract.3d1bf184.combine_file__effh85g1.f8g4jbb5,2037,true,143,72,0,0,0,0,0,,0,0,30000000,30000000,0,0,0,ok,,
1190,,,,john-kurkowski__tldextract.3d1bf184.combine_file__effh85g1.f8g4jbb5,2,john-kurkowski__tldextract.3d1bf184.combine_file__effh85g1.f8g4jbb5,2253,true,2558,57,0,0,0,0,0,,0,0,60000000,60000000,0,0,0,ok,,
1191,,,,john-kurkowski__tldextract.3d1bf184.combine_file__effh85g1.f8g4jbb5,3,john-kurkowski__tldextract.3d1bf184.combine_file__effh85g1.f8g4jbb5,4869,true,1237,56,0,0,0,0,0,,0,0,90000000,90000000,0,0,0,ok,,
1192,,,,john-kurkowski__tldextract.3d1bf184.combine_file__effh85g1.f8g4jbb5,4,john-kurkowski__tldextract.3d1bf184.combine_file__effh85g1.f8g4jbb5,6162,true,2220,53,0,0,0,0,0,,0,0,120000000,120000000,0,0,0,ok,,
1193,,,,john-kurkowski__tldextract.3d1bf184.combine_file__effh85g1.f8g4jbb5,5,john-kurkowski__tldextract.3d1bf184.combine_file__effh85g1.f8g4jbb5,8435,true,648,265,0,0,0,0,0,,0,0,150000000,150000000,0,0,0,ok,,
1194,,,,john-kurkowski__tldextract.3d1bf184.combine_file__effh85g1.f8g4jbb5,6,john-kurkowski__tldextract.3d1bf184.combine_file__effh85g1.f8g4jbb5,9349,true,17,36,0,0,0,0,0,,0,0,180000000,180000000,0,0,0,ok,,
1195,,,,john-kurkowski__tldextract.3d1bf184.combine_file__effh85g1.f8g4jbb5,7,john-kurkowski__tldextract.3d1bf184.combine_file__effh85g1.f8g4jbb5,9402,true,31,842,0,0,0,0,0,,0,0,210000000,210000000,0,0,0,ok,,
1196,,,,john-kurkowski__tldextract.3d1bf184.combine_file__effh85g1.f8g4jbb5,8,john-kurkowski__tldextract.3d1bf184.combine_file__effh85g1.f8g4jbb5,10276,true,759,32,0,0,0,0,0,,0,0,240000000,240000000,0,0,0,ok,,
1197,,,,john-kurkowski__tldextract.3d1bf184.combine_file__effh85g1.f8g4jbb5,9,john-kurkowski__tldextract.3d1bf184.combine_file__effh85g1.f8g4jbb5,11068,true,113,415,0,0,0,0,0,,0,0,270000000,270000000,0,0,0,ok,,
1198,,,,john-kurkowski__tldextract.3d1bf184.combine_file__effh85g1.f8g4jbb5,10,john-kurkowski__tldextract.3d1bf184.combine_file__effh85g1.f8g4jbb5,11597,true,241,193,0,0,0,0,0,,0,0,300000000,300000000,0,0,0,ok,,
1199,,,,john-kurkowski__tldextract.3d1bf184.combine_file__effh85g1.f8g4jbb5,11,john-kurkowski__tldextract.3d1bf184.combine_file__effh85g1.f8g4jbb5,12031,true,196,838,0,0,0,0,0,,0,0,330000000,330000000,0,0,0,ok,,
1200,,,,john-kurkowski__tldextract.3d1bf184.combine_file__effh85g1.f8g4jbb5,12,john-kurkowski__tldextract.3d1bf184.combine_file__effh85g1.f8g4jbb5,13065,true,608,394,0,0,0,0,0,,0,0,360000000,360000000,0,0,0,ok,,
1201,,,,john-kurkowski__tldextract.3d1bf184.combine_file__effh85g1.f8g4jbb5,13,john-kurkowski__tldextract.3d1bf184.combine_file__effh85g1.f8g4jbb5,14068,true,349,195,0,0,0,0,0,,0,0,390000000,390000000,0,0,0,ok,,
1202,,,,john-kurkowski__tldextract.3d1bf184.combine_file__effh85g1.f8g4jbb5,14,john-kurkowski__tldextract.3d1bf184.combine_file__effh85g1.f8g4jbb5,14612,true,198,54,0,0,0,0,0,,0,0,420000000,420000000,0,0,0,ok,,
1203,,,,john-kurkowski__tldextract.3d1bf184.combine_file__effh85g1.f8g4jbb5,15,john-kurkowski__tldextract.3d1bf184.combine_file__effh85g1.f8g4jbb5,14865,true,134,1429,0,0,0,0,0,,0,0,450000000,450000000,0,0,0,ok,,
1204,,,,john-kurkowski__tldextract.3d1bf184.combine_file__effh85g1.f8g4jbb5,16,john-kurkowski__tldextract.3d1bf184.combine_file__effh85g1.f8g4jbb5,16429,true,17,32,0,0,0,0,0,,0,0,480000000,480000000,0,0,0,ok,,
1205,,,,john-kurkowski__tldextract.3d1bf184.combine_file__effh85g1.f8g4jbb5,17,john-kurkowski__tldextract.3d1bf184.combine_file__effh85g1.f8g4jbb5,16480,true,325,419,0,0,0,0,0,,0,0,510000000,510000000,0,0,0,ok,,
1206,,,,john-kurkowski__tldextract.3d1bf184.combine_file__effh85g1.f8g4jbb5,18,john-kurkowski__tldextract.3d1bf184.combine_file__effh85g1.f8g4jbb5,17224,true,389,34,0,0,0,0,0,,0,0,540000000,540000000,0,0,0,ok,,
1207,,,,john-kurkowski__tldextract.3d1bf184.combine_file__effh85g1.f8g4jbb5,19,john-kurkowski__tldextract.3d1bf184.combine_file__effh85g1.f8g4jbb5,17648,true,326,59,0,0,0,0,0,,0,0,570000000,570000000,0,0,0,ok,,
1208,,,,john-kurkowski__tldextract.3d1bf184.combine_file__effh85g1.f8g4jbb5,20,john-kurkowski__tldextract.3d1bf184.combine_file__effh85g1.f8g4jbb5,18034,true,125,381,0,0,0,0,0,,0,0,600000000,600000000,0,0,0,ok,,
1209,,,,john-kurkowski__tldextract.3d1bf184.combine_file__effh85g1.f8g4jbb5,21,john-kurkowski__tldextract.3d1bf184.combine_file__effh85g1.f8g4jbb5,18540,true,3261,41,0,0,0,0,0,,0,0,630000000,630000000,0,0,0,ok,,
1210,,,,john-kurkowski__tldextract.3d1bf184.combine_file__effh85g1.f8g4jbb5,22,john-kurkowski__tldextract.3d1bf184.combine_file__effh85g1.f8g4jbb5,21843,true,15,7,0,0,0,0,0,,0,0,660000000,660000000,0,0,0,ok,,
1211,,,,pandas-dev__pandas.95280573.pr_47550.uctvtkmw,0,pandas-dev__pandas.95280573.pr_47550.uctvtkmw,978,true,395,79,0,0,0,0,0,,0,0,0,0,0,0,0,ok,,
1212,,,,pandas-dev__pandas.95280573.pr_47550.uctvtkmw,1,pandas-dev__pandas.95280573.pr_47550.uctvtkmw,1453,true,57,47,0,0,0,0,0,,0,0,30000000,30000000,0,0,0,ok,,
1213,,,,pandas-dev__pandas.95280573.pr_47550.uctvtkmw,2,pandas-dev__pandas.95280573.pr_47550.uctvtkmw,1558,true,4682,47,0,0,0,0,0,,0,0,60000000,60000000,0,0,0,ok,,
1214,,,,pandas-dev__pandas.95280573.pr_47550.uctvtkmw,3,pandas-dev__pandas.95280573.pr_47550.uctvtkmw,6288,true,4259,38,0,0,0,0,0,,0,0,90000000,90000000,0,0,0,ok,,
1215,,,,pandas-dev__pandas.95280573.pr_47550.uctvtkmw,4,pandas-dev__pandas.95280573.pr_47550.uctvtkmw,10586,true,69,58,0,0,0,0,0,,0,0,120000000,120000000,0,0,0,ok,,
1216,,,,pandas-dev__pandas.95280573.pr_47550.uctvtkmw,5,pandas-dev__pandas.95280573.pr_47550.uctvtkmw,10713,true,719,57,0,0,0,0,0,,0,0,150000000,150000000,0,0,0,ok,,
1217,,,,pandas-dev__pandas.95280573.pr_47550.uctvtkmw,6,pandas-dev__pandas.95280573.pr_47550.uctvtkmw,11490,true,927,181,0,0,0,0,0,,0,0,180000000,180000000,0,0,0,ok,,
1218,,,,pandas-dev__pandas.95280573.pr_47550.uctvtkmw,7,pandas-dev__pandas.95280573.pr_47550.uctvtkmw,12599,true,16,29,0,0,0,0,0,,0,0,210000000,210000000,0,0,0,ok,,
1219,,,,pandas-dev__pandas.95280573.pr_47550.uctvtkmw,8,pandas-dev__pandas.95280573.pr_47550.uctvtkmw,12645,true,319,42,0,0,0,0,0,,0,0,240000000,240000000,0,0,0,ok,,
1220,,,,pandas-dev__pandas.95280573.pr_47550.uctvtkmw,9,pandas-dev__pandas.95280573.pr_47550.uctvtkmw,13006,true,639,36,0,0,0,0,0,,0,0,270000000,270000000,0,0,0,ok,,
1221,,,,pandas-dev__pandas.95280573.pr_47550.uctvtkmw,10,pandas-dev__pandas.95280573.pr_47550.uctvtkmw,13682,true,42,227,0,0,0,0,0,,0,0,300000000,300000000,0,0,0,ok,,
1222,,,,pandas-dev__pandas.95280573.pr_47550.uctvtkmw,11,pandas-dev__pandas.95280573.pr_47550.uctvtkmw,13952,true,33,47,0,0,0,0,0,,0,0,330000000,330000000,0,0,0,ok,,
1223,,,,pandas-dev__pandas.95280573.pr_47550.uctvtkmw,12,pandas-dev__pandas.95280573.pr_47550.uctvtkmw,14033,true,589,119,0,0,0,0,0,,0,0,360000000,360000000,0,0,0,ok,,
1224,,,,pandas-dev__pandas.95280573.pr_47550.uctvtkmw,13,pandas-dev__pandas.95280573.pr_47550.uctvtkmw,14741,true,184,281,0,0,0,0,0,,0,0,390000000,390000000,0,0,0,ok,,
1225,,,,pandas-dev__pandas.95280573.pr_47550.uctvtkmw,14,pandas-dev__pandas.95280573.pr_47550.uctvtkmw,15207,true,297,54,0,0,0,0,0,,0,0,420000000,420000000,0,0,0,ok,,
1226,,,,pandas-dev__pandas.95280573.pr_47550.uctvtkmw,15,pandas-dev__pandas.95280573.pr_47550.uctvtkmw,15559,true,639,103,0,0,0,0,0,,0,0,450000000,450000000,0,0,0,ok,,
1227,,,,pandas-dev__pandas.95280573.pr_47550.uctvtkmw,16,pandas-dev__pandas.95280573.pr_47550.uctvtkmw,16302,true,301,73,0,0,0,0,0,,0,0,480000000,480000000,0,0,0,ok,,
1228,,,,pandas-dev__pandas.95280573.pr_47550.uctvtkmw,17,pandas-dev__pandas.95280573.pr_47550.uctvtkmw,16676,true,66,47,0,0,0,0,0,,0,0,510000000,510000000,0,0,0,ok,,
1229,,,,pandas-dev__pandas.95280573.pr_47550.uctvtkmw,18,pandas-dev__pandas.95280573.pr_47550.uctvtkmw,16790,true,639,70,0,0,0,0,0,,0,0,540000000,540000000,0,0,0,ok,,
1230,,,,pandas-dev__pandas.95280573.pr_47550.uctvtkmw,19,pandas-dev__pandas.95280573.pr_47550.uctvtkmw,17500,true,652,37,0,0,0,0,0,,0,0,570000000,570000000,0,0,0,ok,,
1231,,,,pandas-dev__pandas.95280573.pr_47550.uctvtkmw,20,pandas-dev__pandas.95280573.pr_47550.uctvtkmw,18190,true,123,71,0,0,0,0,0,,0,0,600000000,600000000,0,0,0,ok,,
1232,,,,pandas-dev__pandas.95280573.pr_47550.uctvtkmw,21,pandas-dev__pandas.95280573.pr_47550.uctvtkmw,18385,true,879,228,0,0,0,0,0,,0,0,630000000,630000000,0,0,0,ok,,
1233,,,,pandas-dev__pandas.95280573.pr_47550.uctvtkmw,22,pandas-dev__pandas.95280573.pr_47550.uctvtkmw,19492,true,20,26,0,0,0,0,0,,0,0,660000000,660000000,0,0,0,ok,,
1234,,,,pandas-dev__pandas.95280573.pr_47550.uctvtkmw,23,pandas-dev__pandas.95280573.pr_47550.uctvtkmw,19539,true,137,70,0,0,0,0,0,,0,0,690000000,690000000,0,0,0,ok,,
1235,,,,pandas-dev__pandas.95280573.pr_47550.uctvtkmw,24,pandas-dev__pandas.95280573.pr_47550.uctvtkmw,19748,true,20,52,0,0,0,0,0,,0,0,720000000,720000000,0,0,0,ok,,
1236,,,,pandas-dev__pandas.95280573.pr_47550.uctvtkmw,25,pandas-dev__pandas.95280573.pr_47550.uctvtkmw,19820,true,19,32,0,0,0,0,0,,0,0,750000000,750000000,0,0,0,ok,,
1237,,,,conan-io__conan.86f29e13.pr_12505.hgygz8up,0,conan-io__conan.86f29e13.pr_12505.hgygz8up,978,true,588,106,0,0,0,0,0,,0,0,0,0,0,0,0,ok,,
1238,,,,conan-io__conan.86f29e13.pr_12505.hgygz8up,1,conan-io__conan.86f29e13.pr_12505.hgygz8up,1673,true,564,71,0,0,0,0,0,,0,0,30000000,30000000,0,0,0,ok,,
1239,,,,conan-io__conan.86f29e13.pr_12505.hgygz8up,2,conan-io__conan.86f29e13.pr_12505.hgygz8up,2309,true,1764,64,0,0,0,0,0,,0,0,60000000,60000000,0,0,0,ok,,
1240,,,,conan-io__conan.86f29e13.pr_12505.hgygz8up,3,conan-io__conan.86f29e13.pr_12505.hgygz8up,4137,true,420,42,0,0,0,0,0,,0,0,90000000,90000000,0,0,0,ok,,
1241,,,,conan-io__conan.86f29e13.pr_12505.hgygz8up,4,conan-io__conan.86f29e13.pr_12505.hgygz8up,4600,true,368,289,0,0,0,0,0,,0,0,120000000,120000000,0,0,0,ok,,
1242,,,,conan-io__conan.86f29e13.pr_12505.hgygz8up,5,conan-io__conan.86f29e13.pr_12505.hgygz8up,5258,true,17,35,0,0,0,0,0,,0,0,150000000,150000000,0,0,0,ok,,
1243,,,,conan-io__conan.86f29e13.pr_12505.hgygz8up,6,conan-io__conan.86f29e13.pr_12505.hgygz8up,5312,true,151,502,0,0,0,0,0,,0,0,180000000,180000000,0,0,0,ok,,
1244,,,,conan-io__conan.86f29e13.pr_12505.hgygz8up,7,conan-io__conan.86f29e13.pr_12505.hgygz8up,5966,true,444,32,0,0,0,0,0,,0,0,210000000,210000000,0,0,0,ok,,
1245,,,,conan-io__conan.86f29e13.pr_12505.hgygz8up,8,conan-io__conan.86f29e13.pr_12505.hgygz8up,6442,true,79,713,0,0,0,0,0,,0,0,240000000,240000000,0,0,0,ok,,
1246,,,,conan-io__conan.86f29e13.pr_12505.hgygz8up,9,conan-io__conan.86f29e13.pr_12505.hgygz8up,7235,true,493,32,0,0,0,0,0,,0,0,270000000,270000000,0,0,0,ok,,
1247,,,,conan-io__conan.86f29e13.pr_12505.hgygz8up,10,conan-io__conan.86f29e13.pr_12505.hgygz8up,7761,true,119,52,0,0,0,0,0,,0,0,300000000,300000000,0,0,0,ok,,
1248,,,,conan-io__conan.86f29e13.pr_12505.hgygz8up,11,conan-io__conan.86f29e13.pr_12505.hgygz8up,7932,true,686,906,0,0,0,0,0,,0,0,330000000,330000000,0,0,0,ok,,
1249,,,,conan-io__conan.86f29e13.pr_12505.hgygz8up,12,conan-io__conan.86f29e13.pr_12505.hgygz8up,9525,true,677,33,0,0,0,0,0,,0,0,360000000,360000000,0,0,0,ok,,
1250,,,,conan-io__conan.86f29e13.pr_12505.hgygz8up,13,conan-io__conan.86f29e13.pr_12505.hgygz8up,10236,true,59,730,0,0,0,0,0,,0,0,390000000,390000000,0,0,0,ok,,
1251,,,,conan-io__conan.86f29e13.pr_12505.hgygz8up,14,conan-io__conan.86f29e13.pr_12505.hgygz8up,11025,true,505,1198,0,0,0,0,0,,0,0,420000000,420000000,0,0,0,ok,,
1252,,,,conan-io__conan.86f29e13.pr_12505.hgygz8up,15,conan-io__conan.86f29e13.pr_12505.hgygz8up,12729,true,822,36,0,0,0,0,0,,0,0,450000000,450000000,0,0,0,ok,,
1253,,,,conan-io__conan.86f29e13.pr_12505.hgygz8up,16,conan-io__conan.86f29e13.pr_12505.hgygz8up,13588,true,140,1347,0,0,0,0,0,,0,0,480000000,480000000,0,0,0,ok,,
1254,,,,conan-io__conan.86f29e13.pr_12505.hgygz8up,17,conan-io__conan.86f29e13.pr_12505.hgygz8up,15075,true,892,36,0,0,0,0,0,,0,0,510000000,510000000,0,0,0,ok,,
1255,,,,conan-io__conan.86f29e13.pr_12505.hgygz8up,18,conan-io__conan.86f29e13.pr_12505.hgygz8up,16004,true,132,837,0,0,0,0,0,,0,0,540000000,540000000,0,0,0,ok,,
1256,,,,conan-io__conan.86f29e13.pr_12505.hgygz8up,19,conan-io__conan.86f29e13.pr_12505.hgygz8up,16974,true,742,38,0,0,0,0,0,,0,0,570000000,570000000,0,0,0,ok,,
1257,,,,conan-io__conan.86f29e13.pr_12505.hgygz8up,20,conan-io__conan.86f29e13.pr_12505.hgygz8up,17755,true,215,299,0,0,0,0,0,,0,0,600000000,600000000,0,0,0,ok,,
1258,,,,conan-io__conan.86f29e13.pr_12505.hgygz8up,21,conan-io__conan.86f29e13.pr_12505.hgygz8up,18269,true,1685,45,0,0,0,0,0,,0,0,630000000,630000000,0,0,0,ok,,
1259,,,,conan-io__conan.86f29e13.pr_12505.hgygz8up,22,conan-io__conan.86f29e13.pr_12505.hgygz8up,20000,true,15,7,0,0,0,0,0,,0,0,660000000,660000000,0,0,0,ok,,
1260,,,,cloudpipe__cloudpickle.6220b0ce.18.jo8xwbzo,0,cloudpipe__cloudpickle.6220b0ce.18.jo8xwbzo,978,true,795,77,0,0,0,0,0,,0,0,0,0,0,0,0,ok,,
1261,,,,cloudpipe__cloudpickle.6220b0ce.18.jo8xwbzo,1,cloudpipe__cloudpickle.6220b0ce.18.jo8xwbzo,1851,true,215,53,0,0,0,0,0,,0,0,30000000,30000000,0,0,0,ok,,
1262,,,,cloudpipe__cloudpickle.6220b0ce.18.jo8xwbzo,2,cloudpipe__cloudpickle.6220b0ce.18.jo8xwbzo,2120,true,4846,44,0,0,0,0,0,,0,0,60000000,60000000,0,0,0,ok,,
1263,,,,cloudpipe__cloudpickle.6220b0ce.18.jo8xwbzo,3,cloudpipe__cloudpickle.6220b0ce.18.jo8xwbzo,7011,true,34,59,0,0,0,0,0,,0,0,90000000,90000000,0,0,0,ok,,
1264,,,,cloudpipe__cloudpickle.6220b0ce.18.jo8xwbzo,4,cloudpipe__cloudpickle.6220b0ce.18.jo8xwbzo,7105,true,199,57,0,0,0,0,0,,0,0,120000000,120000000,0,0,0,ok,,
1265,,,,cloudpipe__cloudpickle.6220b0ce.18.jo8xwbzo,5,cloudpipe__cloudpickle.6220b0ce.18.jo8xwbzo,7362,true,144,206,0,0,0,0,0,,0,0,150000000,150000000,0,0,0,ok,,
1266,,,,cloudpipe__cloudpickle.6220b0ce.18.jo8xwbzo,6,cloudpipe__cloudpickle.6220b0ce.18.jo8xwbzo,7712,true,17,33,0,0,0,0,0,,0,0,180000000,180000000,0,0,0,ok,,
1267,,,,cloudpipe__cloudpickle.6220b0ce.18.jo8xwbzo,7,cloudpipe__cloudpickle.6220b0ce.18.jo8xwbzo,7763,true,82,152,0,0,0,0,0,,0,0,210000000,210000000,0,0,0,ok,,
1268,,,,cloudpipe__cloudpickle.6220b0ce.18.jo8xwbzo,8,cloudpipe__cloudpickle.6220b0ce.18.jo8xwbzo,7998,true,63,141,0,0,0,0,0,,0,0,240000000,240000000,0,0,0,ok,,
1269,,,,cloudpipe__cloudpickle.6220b0ce.18.jo8xwbzo,9,cloudpipe__cloudpickle.6220b0ce.18.jo8xwbzo,8203,true,166,45,0,0,0,0,0,,0,0,270000000,270000000,0,0,0,ok,,
1270,,,,cloudpipe__cloudpickle.6220b0ce.18.jo8xwbzo,10,cloudpipe__cloudpickle.6220b0ce.18.jo8xwbzo,8414,true,15,485,0,0,0,0,0,,0,0,300000000,300000000,0,0,0,ok,,
1271,,,,cloudpipe__cloudpickle.6220b0ce.18.jo8xwbzo,11,cloudpipe__cloudpickle.6220b0ce.18.jo8xwbzo,8915,true,17,37,0,0,0,0,0,,0,0,330000000,330000000,0,0,0,ok,,
1272,,,,cloudpipe__cloudpickle.6220b0ce.18.jo8xwbzo,12,cloudpipe__cloudpickle.6220b0ce.18.jo8xwbzo,8970,true,102,362,0,0,0,0,0,,0,0,360000000,360000000,0,0,0,ok,,
1273,,,,cloudpipe__cloudpickle.6220b0ce.18.jo8xwbzo,13,cloudpipe__cloudpickle.6220b0ce.18.jo8xwbzo,9435,true,250,39,0,0,0,0,0,,0,0,390000000,390000000,0,0,0,ok,,
1274,,,,cloudpipe__cloudpickle.6220b0ce.18.jo8xwbzo,14,cloudpipe__cloudpickle.6220b0ce.18.jo8xwbzo,9725,true,53,35,0,0,0,0,0,,0,0,420000000,420000000,0,0,0,ok,,
1275,,,,un33k__python-slugify.872b3750.39.njhy2mbs,0,un33k__python-slugify.872b3750.39.njhy2mbs,978,true,623,60,0,0,0,0,0,,0,0,0,0,0,0,0,ok,,
1276,,,,un33k__python-slugify.872b3750.39.njhy2mbs,1,un33k__python-slugify.872b3750.39.njhy2mbs,1661,true,178,54,0,0,0,0,0,,0,0,30000000,30000000,0,0,0,ok,,
1277,,,,un33k__python-slugify.872b3750.39.njhy2mbs,2,un33k__python-slugify.872b3750.39.njhy2mbs,1895,true,124,45,0,0,0,0,0,,0,0,60000000,60000000,0,0,0,ok,,
1278,,,,un33k__python-slugify.872b3750.39.njhy2mbs,3,un33k__python-slugify.872b3750.39.njhy2mbs,2065,true,4279,41,0,0,0,0,0,,0,0,90000000,90000000,0,0,0,ok,,
1279,,,,un33k__python-slugify.872b3750.39.njhy2mbs,4,un33k__python-slugify.872b3750.39.njhy2mbs,6386,true,24,72,0,0,0,0,0,,0,0,120000000,120000000,0,0,0,ok,,
1280,,,,un33k__python-slugify.872b3750.39.njhy2mbs,5,un33k__python-slugify.872b3750.39.njhy2mbs,6483,true,64,41,0,0,0,0,0,,0,0,150000000,150000000,0,0,0,ok,,
1281,,,,un33k__python-slugify.872b3750.39.njhy2mbs,6,un33k__python-slugify.872b3750.39.njhy2mbs,6590,true,70,47,0,0,0,0,0,,0,0,180000000,180000000,0,0,0,ok,,
1282,,,,un33k__python-slugify.872b3750.39.njhy2mbs,7,un33k__python-slugify.872b3750.39.njhy2mbs,6707,true,163,123,0,0,0,0,0,,0,0,210000000,210000000,0,0,0,ok,,
1283,,,,un33k__python-slugify.872b3750.39.njhy2mbs,8,un33k__python-slugify.872b3750.39.njhy2mbs,6994,true,16,30,0,0,0,0,0,,0,0,240000000,240000000,0,0,0,ok,,
1284,,,,un33k__python-slugify.872b3750.39.njhy2mbs,9,un33k__python-slugify.872b3750.39.njhy2mbs,7040,true,45,272,0,0,0,0,0,,0,0,270000000,270000000,0,0,0,ok,,
1285,,,,un33k__python-slugify.872b3750.39.njhy2mbs,10,un33k__python-slugify.872b3750.39.njhy2mbs,7358,true,16,31,0,0,0,0,0,,0,0,300000000,300000000,0,0,0,ok,,
1286,,,,un33k__python-slugify.872b3750.39.njhy2mbs,11,un33k__python-slugify.872b3750.39.njhy2mbs,7405,true,15,13,0,0,0,0,0,,0,0,330000000,330000000,0,0,0,ok,,
1287,,,,un33k__python-slugify.872b3750.39.njhy2mbs,12,un33k__python-slugify.872b3750.39.njhy2mbs,7434,true,426,39,0,0,0,0,0,,0,0,360000000,360000000,0,0,0,ok,,
1288,,,,marshmallow-code__marshmallow.9716fc62.lm_rewrite__d2oxpo8q.6e1k31l9,0,marshmallow-code__marshmallow.9716fc62.lm_rewrite__d2oxpo8q.6e1k31l9,978,true,689,74,0,0,0,0,0,,0,0,0,0,0,0,0,ok,,
1289,,,,marshmallow-code__marshmallow.9716fc62.lm_rewrite__d2oxpo8q.6e1k31l9,1,marshmallow-code__marshmallow.9716fc62.lm_rewrite__d2oxpo8q.6e1k31l9,1741,true,337,58,0,0,0,0,0,,0,0,30000000,30000000,0,0,0,ok,,
1290,,,,marshmallow-code__marshmallow.9716fc62.lm_rewrite__d2oxpo8q.6e1k31l9,2,marshmallow-code__marshmallow.9716fc62.lm_rewrite__d2oxpo8q.6e1k31l9,2136,true,4251,71,0,0,0,0,0,,0,0,60000000,60000000,0,0,0,ok,,
1291,,,,marshmallow-code__marshmallow.9716fc62.lm_rewrite__d2oxpo8q.6e1k31l9,3,marshmallow-code__marshmallow.9716fc62.lm_rewrite__d2oxpo8q.6e1k31l9,6460,true,53,56,0,0,0,0,0,,0,0,90000000,90000000,0,0,0,ok,,
1292,,,,marshmallow-code__marshmallow.9716fc62.lm_rewrite__d2oxpo8q.6e1k31l9,4,marshmallow-code__marshmallow.9716fc62.lm_rewrite__d2oxpo8q.6e1k31l9,6569,true,307,55,0,0,0,0,0,,0,0,120000000,120000000,0,0,0,ok,,
1293,,,,marshmallow-code__marshmallow.9716fc62.lm_rewrite__d2oxpo8q.6e1k31l9,5,marshmallow-code__marshmallow.9716fc62.lm_rewrite__d2oxpo8q.6e1k31l9,6933,true,408,316,0,0,0,0,0,,0,0,150000000,150000000,0,0,0,ok,,
1294,,,,marshmallow-code__marshmallow.9716fc62.lm_rewrite__d2oxpo8q.6e1k31l9,6,marshmallow-code__marshmallow.9716fc62.lm_rewrite__d2oxpo8q.6e1k31l9,7658,true,16,34,0,0,0,0,0,,0,0,180000000,180000000,0,0,0,ok,,
1295,,,,marshmallow-code__marshmallow.9716fc62.lm_rewrite__d2oxpo8q.6e1k31l9,7,marshmallow-code__marshmallow.9716fc62.lm_rewrite__d2oxpo8q.6e1k31l9,7708,true,67,588,0,0,0,0,0,,0,0,210000000,210000000,0,0,0,ok,,
1296,,,,marshmallow-code__marshmallow.9716fc62.lm_rewrite__d2oxpo8q.6e1k31l9,8,marshmallow-code__marshmallow.9716fc62.lm_rewrite__d2oxpo8q.6e1k31l9,8364,true,481,541,0,0,0,0,0,,0,0,240000000,240000000,0,0,0,ok,,
1297,,,,marshmallow-code__marshmallow.9716fc62.lm_rewrite__d2oxpo8q.6e1k31l9,9,marshmallow-code__marshmallow.9716fc62.lm_rewrite__d2oxpo8q.6e1k31l9,9386,true,440,42,0,0,0,0,0,,0,0,270000000,270000000,0,0,0,ok,,
1298,,,,marshmallow-code__marshmallow.9716fc62.lm_rewrite__d2oxpo8q.6e1k31l9,10,marshmallow-code__marshmallow.9716fc62.lm_rewrite__d2oxpo8q.6e1k31l9,9868,true,69,440,0,0,0,0,0,,0,0,300000000,300000000,0,0,0,ok,,
1299,,,,marshmallow-code__marshmallow.9716fc62.lm_rewrite__d2oxpo8q.6e1k31l9,11,marshmallow-code__marshmallow.9716fc62.lm_rewrite__d2oxpo8q.6e1k31l9,10378,true,16,32,0,0,0,0,0,,0,0,330000000,330000000,0,0,0,ok,,
1300,,,,marshmallow-code__marshmallow.9716fc62.lm_rewrite__d2oxpo8q.6e1k31l9,12,marshmallow-code__marshmallow.9716fc62.lm_rewrite__d2oxpo8q.6e1k31l9,10426,true,200,71,0,0,0,0,0,,0,0,360000000,360000000,0,0,0,ok,,
1301,,,,marshmallow-code__marshmallow.9716fc62.lm_rewrite__d2oxpo8q.6e1k31l9,13,marshmallow-code__marshmallow.9716fc62.lm_rewrite__d2oxpo8q.6e1k31l9,10697,true,9,58,0,0,0,0,0,,0,0,390000000,390000000,0,0,0,ok,,
1302,,,,marshmallow-code__marshmallow.9716fc62.lm_rewrite__d2oxpo8q.6e1k31l9,14,marshmallow-code__marshmallow.9716fc62.lm_rewrite__d2oxpo8q.6e1k31l9,10765,true,1352,61,0,0,0,0,0,,0,0,420000000,420000000,0,0,0,ok,,
1303,,,,marshmallow-code__marshmallow.9716fc62.lm_rewrite__d2oxpo8q.6e1k31l9,15,marshmallow-code__marshmallow.9716fc62.lm_rewrite__d2oxpo8q.6e1k31l9,12180,true,1221,41,0,0,0,0,0,,0,0,450000000,450000000,0,0,0,ok,,
1304,,,,marshmallow-code__marshmallow.9716fc62.lm_rewrite__d2oxpo8q.6e1k31l9,16,marshmallow-code__marshmallow.9716fc62.lm_rewrite__d2oxpo8q.6e1k31l9,13443,true,8,46,0,0,0,0,0,,0,0,480000000,480000000,0,0,0,ok,,
1305,,,,marshmallow-code__marshmallow.9716fc62.lm_rewrite__d2oxpo8q.6e1k31l9,17,marshmallow-code__marshmallow.9716fc62.lm_rewrite__d2oxpo8q.6e1k31l9,13498,true,744,284,0,0,0,0,0,,0,0,510000000,510000000,0,0,0,ok,,
1306,,,,marshmallow-code__marshmallow.9716fc62.lm_rewrite__d2oxpo8q.6e1k31l9,18,marshmallow-code__marshmallow.9716fc62.lm_rewrite__d2oxpo8q.6e1k31l9,14527,true,246,184,0,0,0,0,0,,0,0,540000000,540000000,0,0,0,ok,,
1307,,,,marshmallow-code__marshmallow.9716fc62.lm_rewrite__d2oxpo8q.6e1k31l9,19,marshmallow-code__marshmallow.9716fc62.lm_rewrite__d2oxpo8q.6e1k31l9,14958,true,128,88,0,0,0,0,0,,0,0,570000000,570000000,0,0,0,ok,,
1308,,,,marshmallow-code__marshmallow.9716fc62.lm_rewrite__d2oxpo8q.6e1k31l9,20,marshmallow-code__marshmallow.9716fc62.lm_rewrite__d2oxpo8q.6e1k31l9,15175,true,199,59,0,0,0,0,0,,0,0,600000000,600000000,0,0,0,ok,,
1309,,,,marshmallow-code__marshmallow.9716fc62.lm_rewrite__d2oxpo8q.6e1k31l9,21,marshmallow-code__marshmallow.9716fc62.lm_rewrite__d2oxpo8q.6e1k31l9,15434,true,69,179,0,0,0,0,0,,0,0,630000000,630000000,0,0,0,ok,,
1310,,,,marshmallow-code__marshmallow.9716fc62.lm_rewrite__d2oxpo8q.6e1k31l9,22,marshmallow-code__marshmallow.9716fc62.lm_rewrite__d2oxpo8q.6e1k31l9,15683,true,1016,39,0,0,0,0,0,,0,0,660000000,660000000,0,0,0,ok,,
1311,,,,marshmallow-code__marshmallow.9716fc62.lm_rewrite__d2oxpo8q.6e1k31l9,23,marshmallow-code__marshmallow.9716fc62.lm_rewrite__d2oxpo8q.6e1k31l9,16738,true,15,7,0,0,0,0,0,,0,0,690000000,690000000,0,0,0,ok,,
1312,,,,pallets__jinja.ada0a9a6.func_pm_ctrl_shuffle__l3wqpvmt.9olr9260,0,pallets__jinja.ada0a9a6.func_pm_ctrl_shuffle__l3wqpvmt.9olr9260,978,true,645,104,0,0,0,0,0,,0,0,0,0,0,0,0,ok,,
1313,,,,pallets__jinja.ada0a9a6.func_pm_ctrl_shuffle__l3wqpvmt.9olr9260,1,pallets__jinja.ada0a9a6.func_pm_ctrl_shuffle__l3wqpvmt.9olr9260,1728,true,512,81,0,0,0,0,0,,0,0,30000000,30000000,0,0,0,ok,,
1314,,,,pallets__jinja.ada0a9a6.func_pm_ctrl_shuffle__l3wqpvmt.9olr9260,2,pallets__jinja.ada0a9a6.func_pm_ctrl_shuffle__l3wqpvmt.9olr9260,2323,true,192,80,0,0,0,0,0,,0,0,60000000,60000000,0,0,0,ok,,
1315,,,,pallets__jinja.ada0a9a6.func_pm_ctrl_shuffle__l3wqpvmt.9olr9260,3,pallets__jinja.ada0a9a6.func_pm_ctrl_shuffle__l3wqpvmt.9olr9260,2595,true,4264,55,0,0,0,0,0,,0,0,90000000,90000000,0,0,0,ok,,
1316,,,,pallets__jinja.ada0a9a6.func_pm_ctrl_shuffle__l3wqpvmt.9olr9260,4,pallets__jinja.ada0a9a6.func_pm_ctrl_shuffle__l3wqpvmt.9olr9260,6915,true,17,63,0,0,0,0,0,,0,0,120000000,120000000,0,0,0,ok,,
1317,,,,pallets__jinja.ada0a9a6.func_pm_ctrl_shuffle__l3wqpvmt.9olr9260,5,pallets__jinja.ada0a9a6.func_pm_ctrl_shuffle__l3wqpvmt.9olr9260,6996,true,194,132,0,0,0,0,0,,0,0,150000000,150000000,0,0,0,ok,,
1318,,,,pallets__jinja.ada0a9a6.func_pm_ctrl_shuffle__l3wqpvmt.9olr9260,6,pallets__jinja.ada0a9a6.func_pm_ctrl_shuffle__l3wqpvmt.9olr9260,7323,true,15,33,0,0,0,0,0,,0,0,180000000,180000000,0,0,0,ok,,
1319,,,,pallets__jinja.ada0a9a6.func_pm_ctrl_shuffle__l3wqpvmt.9olr9260,7,pallets__jinja.ada0a9a6.func_pm_ctrl_shuffle__l3wqpvmt.9olr9260,7372,true,40,296,0,0,0,0,0,,0,0,210000000,210000000,0,0,0,ok,,
1320,,,,pallets__jinja.ada0a9a6.func_pm_ctrl_shuffle__l3wqpvmt.9olr9260,8,pallets__jinja.ada0a9a6.func_pm_ctrl_shuffle__l3wqpvmt.9olr9260,7709,true,16,34,0,0,0,0,0,,0,0,240000000,240000000,0,0,0,ok,,
1321,,,,pallets__jinja.ada0a9a6.func_pm_ctrl_shuffle__l3wqpvmt.9olr9260,9,pallets__jinja.ada0a9a6.func_pm_ctrl_shuffle__l3wqpvmt.9olr9260,7759,true,47,455,0,0,0,0,0,,0,0,270000000,270000000,0,0,0,ok,,
1322,,,,pallets__jinja.ada0a9a6.func_pm_ctrl_shuffle__l3wqpvmt.9olr9260,10,pallets__jinja.ada0a9a6.func_pm_ctrl_shuffle__l3wqpvmt.9olr9260,8262,true,316,121,0,0,0,0,0,,0,0,300000000,300000000,0,0,0,ok,,
1323,,,,pallets__jinja.ada0a9a6.func_pm_ctrl_shuffle__l3wqpvmt.9olr9260,11,pallets__jinja.ada0a9a6.func_pm_ctrl_shuffle__l3wqpvmt.9olr9260,8699,true,59,698,0,0,0,0,0,,0,0,330000000,330000000,0,0,0,ok,,
1324,,,,pallets__jinja.ada0a9a6.func_pm_ctrl_shuffle__l3wqpvmt.9olr9260,12,pallets__jinja.ada0a9a6.func_pm_ctrl_shuffle__l3wqpvmt.9olr9260,9456,true,16,32,0,0,0,0,0,,0,0,360000000,360000000,0,0,0,ok,,
1325,,,,pallets__jinja.ada0a9a6.func_pm_ctrl_shuffle__l3wqpvmt.9olr9260,13,pallets__jinja.ada0a9a6.func_pm_ctrl_shuffle__l3wqpvmt.9olr9260,9505,true,166,343,0,0,0,0,0,,0,0,390000000,390000000,0,0,0,ok,,
1326,,,,pallets__jinja.ada0a9a6.func_pm_ctrl_shuffle__l3wqpvmt.9olr9260,14,pallets__jinja.ada0a9a6.func_pm_ctrl_shuffle__l3wqpvmt.9olr9260,10014,true,1138,39,0,0,0,0,0,,0,0,420000000,420000000,0,0,0,ok,,
1327,,,,pallets__jinja.ada0a9a6.func_pm_ctrl_shuffle__l3wqpvmt.9olr9260,15,pallets__jinja.ada0a9a6.func_pm_ctrl_shuffle__l3wqpvmt.9olr9260,11192,true,15,7,0,0,0,0,0,,0,0,450000000,450000000,0,0,0,ok,,
1328,,,,pyutils__line_profiler.a646bf0f.83.rf8q0vu4,0,pyutils__line_profiler.a646bf0f.83.rf8q0vu4,978,true,552,77,0,0,0,0,0,,0,0,0,0,0,0,0,ok,,
1329,,,,pyutils__line_profiler.a646bf0f.83.rf8q0vu4,1,pyutils__line_profiler.a646bf0f.83.rf8q0vu4,1607,true,200,51,0,0,0,0,0,,0,0,30000000,30000000,0,0,0,ok,,
1330,,,,pyutils__line_profiler.a646bf0f.83.rf8q0vu4,2,pyutils__line_profiler.a646bf0f.83.rf8q0vu4,1859,true,16,53,0,0,0,0,0,,0,0,60000000,60000000,0,0,0,ok,,
1331,,,,pyutils__line_profiler.a646bf0f.83.rf8q0vu4,3,pyutils__line_profiler.a646bf0f.83.rf8q0vu4,1928,true,4617,329,0,0,0,0,0,,0,0,90000000,90000000,0,0,0,ok,,
1332,,,,pyutils__line_profiler.a646bf0f.83.rf8q0vu4,4,pyutils__line_profiler.a646bf0f.83.rf8q0vu4,6875,true,17,34,0,0,0,0,0,,0,0,120000000,120000000,0,0,0,ok,,
1333,,,,pyutils__line_profiler.a646bf0f.83.rf8q0vu4,5,pyutils__line_profiler.a646bf0f.83.rf8q0vu4,6927,true,121,253,0,0,0,0,0,,0,0,150000000,150000000,0,0,0,ok,,
1334,,,,pyutils__line_profiler.a646bf0f.83.rf8q0vu4,6,pyutils__line_profiler.a646bf0f.83.rf8q0vu4,7303,true,151,89,0,0,0,0,0,,0,0,180000000,180000000,0,0,0,ok,,
1335,,,,pyutils__line_profiler.a646bf0f.83.rf8q0vu4,7,pyutils__line_profiler.a646bf0f.83.rf8q0vu4,7543,true,45,373,0,0,0,0,0,,0,0,210000000,210000000,0,0,0,ok,,
1336,,,,pyutils__line_profiler.a646bf0f.83.rf8q0vu4,8,pyutils__line_profiler.a646bf0f.83.rf8q0vu4,7962,true,16,23,0,0,0,0,0,,0,0,240000000,240000000,0,0,0,ok,,
1337,,,,pyutils__line_profiler.a646bf0f.83.rf8q0vu4,9,pyutils__line_profiler.a646bf0f.83.rf8q0vu4,8002,true,75,44,0,0,0,0,0,,0,0,270000000,270000000,0,0,0,ok,,
1338,,,,matthewwithanm__python-markdownify.6258f5c3.lm_rewrite__7w02cnfp.ojlmhj11,0,matthewwithanm__python-markdownify.6258f5c3.lm_rewrite__7w02cnfp.ojlmhj11,978,true,670,105,0,0,0,0,0,,0,0,0,0,0,0,0,ok,,
1339,,,,matthewwithanm__python-markdownify.6258f5c3.lm_rewrite__7w02cnfp.ojlmhj11,1,matthewwithanm__python-markdownify.6258f5c3.lm_rewrite__7w02cnfp.ojlmhj11,1754,true,91,51,0,0,0,0,0,,0,0,30000000,30000000,0,0,0,ok,,
1340,,,,matthewwithanm__python-markdownify.6258f5c3.lm_rewrite__7w02cnfp.ojlmhj11,2,matthewwithanm__python-markdownify.6258f5c3.lm_rewrite__7w02cnfp.ojlmhj11,1897,true,2006,42,0,0,0,0,0,,0,0,60000000,60000000,0,0,0,ok,,
1341,,,,matthewwithanm__python-markdownify.6258f5c3.lm_rewrite__7w02cnfp.ojlmhj11,3,matthewwithanm__python-markdownify.6258f5c3.lm_rewrite__7w02cnfp.ojlmhj11,3945,true,1134,80,0,0,0,0,0,,0,0,90000000,90000000,0,0,0,ok,,
1342,,,,matthewwithanm__python-markdownify.6258f5c3.lm_rewrite__7w02cnfp.ojlmhj11,4,matthewwithanm__python-markdownify.6258f5c3.lm_rewrite__7w02cnfp.ojlmhj11,5160,true,166,67,0,0,0,0,0,,0,0,120000000,120000000,0,0,0,ok,,
1343,,,,matthewwithanm__python-markdownify.6258f5c3.lm_rewrite__7w02cnfp.ojlmhj11,5,matthewwithanm__python-markdownify.6258f5c3.lm_rewrite__7w02cnfp.ojlmhj11,5394,true,97,66,0,0,0,0,0,,0,0,150000000,150000000,0,0,0,ok,,
1344,,,,matthewwithanm__python-markdownify.6258f5c3.lm_rewrite__7w02cnfp.ojlmhj11,6,matthewwithanm__python-markdownify.6258f5c3.lm_rewrite__7w02cnfp.ojlmhj11,5558,true,730,57,0,0,0,0,0,,0,0,180000000,180000000,0,0,0,ok,,
1345,,,,matthewwithanm__python-markdownify.6258f5c3.lm_rewrite__7w02cnfp.ojlmhj11,7,matthewwithanm__python-markdownify.6258f5c3.lm_rewrite__7w02cnfp.ojlmhj11,6345,true,382,291,0,0,0,0,0,,0,0,210000000,210000000,0,0,0,ok,,
1346,,,,matthewwithanm__python-markdownify.6258f5c3.lm_rewrite__7w02cnfp.ojlmhj11,8,matthewwithanm__python-markdownify.6258f5c3.lm_rewrite__7w02cnfp.ojlmhj11,7018,true,17,36,0,0,0,0,0,,0,0,240000000,240000000,0,0,0,ok,,
1347,,,,matthewwithanm__python-markdownify.6258f5c3.lm_rewrite__7w02cnfp.ojlmhj11,9,matthewwithanm__python-markdownify.6258f5c3.lm_rewrite__7w02cnfp.ojlmhj11,7073,true,85,543,0,0,0,0,0,,0,0,270000000,270000000,0,0,0,ok,,
1348,,,,matthewwithanm__python-markdownify.6258f5c3.lm_rewrite__7w02cnfp.ojlmhj11,10,matthewwithanm__python-markdownify.6258f5c3.lm_rewrite__7w02cnfp.ojlmhj11,7701,true,399,55,0,0,0,0,0,,0,0,300000000,300000000,0,0,0,ok,,
1349,,,,matthewwithanm__python-markdownify.6258f5c3.lm_rewrite__7w02cnfp.ojlmhj11,11,matthewwithanm__python-markdownify.6258f5c3.lm_rewrite__7w02cnfp.ojlmhj11,8156,true,86,525,0,0,0,0,0,,0,0,330000000,330000000,0,0,0,ok,,
1350,,,,matthewwithanm__python-markdownify.6258f5c3.lm_rewrite__7w02cnfp.ojlmhj11,12,matthewwithanm__python-markdownify.6258f5c3.lm_rewrite__7w02cnfp.ojlmhj11,8768,true,17,32,0,0,0,0,0,,0,0,360000000,360000000,0,0,0,ok,,
1351,,,,matthewwithanm__python-markdownify.6258f5c3.lm_rewrite__7w02cnfp.ojlmhj11,13,matthewwithanm__python-markdownify.6258f5c3.lm_rewrite__7w02cnfp.ojlmhj11,8818,true,176,656,0,0,0,0,0,,0,0,390000000,390000000,0,0,0,ok,,
1352,,,,matthewwithanm__python-markdownify.6258f5c3.lm_rewrite__7w02cnfp.ojlmhj11,14,matthewwithanm__python-markdownify.6258f5c3.lm_rewrite__7w02cnfp.ojlmhj11,9651,true,463,42,0,0,0,0,0,,0,0,420000000,420000000,0,0,0,ok,,
1353,,,,matthewwithanm__python-markdownify.6258f5c3.lm_rewrite__7w02cnfp.ojlmhj11,15,matthewwithanm__python-markdownify.6258f5c3.lm_rewrite__7w02cnfp.ojlmhj11,10157,true,176,141,0,0,0,0,0,,0,0,450000000,450000000,0,0,0,ok,,
1354,,,,matthewwithanm__python-markdownify.6258f5c3.lm_rewrite__7w02cnfp.ojlmhj11,16,matthewwithanm__python-markdownify.6258f5c3.lm_rewrite__7w02cnfp.ojlmhj11,10475,true,86,279,0,0,0,0,0,,0,0,480000000,480000000,0,0,0,ok,,
1355,,,,matthewwithanm__python-markdownify.6258f5c3.lm_rewrite__7w02cnfp.ojlmhj11,17,matthewwithanm__python-markdownify.6258f5c3.lm_rewrite__7w02cnfp.ojlmhj11,10840,true,1304,40,0,0,0,0,0,,0,0,510000000,510000000,0,0,0,ok,,
1356,,,,matthewwithanm__python-markdownify.6258f5c3.lm_rewrite__7w02cnfp.ojlmhj11,18,matthewwithanm__python-markdownify.6258f5c3.lm_rewrite__7w02cnfp.ojlmhj11,12184,true,15,13,0,0,0,0,0,,0,0,540000000,540000000,0,0,0,ok,,
1357,,,,pallets__markupsafe.620c06c9.combine_file__6fk2d773.k9rypv47,0,pallets__markupsafe.620c06c9.combine_file__6fk2d773.k9rypv47,978,true,669,85,0,0,0,0,0,,0,0,0,0,0,0,0,ok,,
1358,,,,pallets__markupsafe.620c06c9.combine_file__6fk2d773.k9rypv47,1,pallets__markupsafe.620c06c9.combine_file__6fk2d773.k9rypv47,1733,true,85,60,0,0,0,0,0,,0,0,30000000,30000000,0,0,0,ok,,
1359,,,,pallets__markupsafe.620c06c9.combine_file__6fk2d773.k9rypv47,2,pallets__markupsafe.620c06c9.combine_file__6fk2d773.k9rypv47,1878,true,4135,52,0,0,0,0,0,,0,0,60000000,60000000,0,0,0,ok,,
1360,,,,pallets__markupsafe.620c06c9.combine_file__6fk2d773.k9rypv47,3,pallets__markupsafe.620c06c9.combine_file__6fk2d773.k9rypv47,6067,true,92,272,0,0,0,0,0,,0,0,90000000,90000000,0,0,0,ok,,
1361,,,,pallets__markupsafe.620c06c9.combine_file__6fk2d773.k9rypv47,4,pallets__markupsafe.620c06c9.combine_file__6fk2d773.k9rypv47,6432,true,17,36,0,0,0,0,0,,0,0,120000000,120000000,0,0,0,ok,,
1362,,,,pallets__markupsafe.620c06c9.combine_file__6fk2d773.k9rypv47,5,pallets__markupsafe.620c06c9.combine_file__6fk2d773.k9rypv47,6486,true,62,232,0,0,0,0,0,,0,0,150000000,150000000,0,0,0,ok,,
1363,,,,pallets__markupsafe.620c06c9.combine_file__6fk2d773.k9rypv47,6,pallets__markupsafe.620c06c9.combine_file__6fk2d773.k9rypv47,6781,true,179,292,0,0,0,0,0,,0,0,180000000,180000000,0,0,0,ok,,
1364,,,,pallets__markupsafe.620c06c9.combine_file__6fk2d773.k9rypv47,7,pallets__markupsafe.620c06c9.combine_file__6fk2d773.k9rypv47,7252,true,203,286,0,0,0,0,0,,0,0,210000000,210000000,0,0,0,ok,,
1365,,,,pallets__markupsafe.620c06c9.combine_file__6fk2d773.k9rypv47,8,pallets__markupsafe.620c06c9.combine_file__6fk2d773.k9rypv47,7743,true,185,85,0,0,0,0,0,,0,0,240000000,240000000,0,0,0,ok,,
1366,,,,pallets__markupsafe.620c06c9.combine_file__6fk2d773.k9rypv47,9,pallets__markupsafe.620c06c9.combine_file__6fk2d773.k9rypv47,8013,true,257,521,0,0,0,0,0,,0,0,270000000,270000000,0,0,0,ok,,
1367,,,,pallets__markupsafe.620c06c9.combine_file__6fk2d773.k9rypv47,10,pallets__markupsafe.620c06c9.combine_file__6fk2d773.k9rypv47,8792,true,378,42,0,0,0,0,0,,0,0,300000000,300000000,0,0,0,ok,,
1368,,,,pallets__markupsafe.620c06c9.combine_file__6fk2d773.k9rypv47,11,pallets__markupsafe.620c06c9.combine_file__6fk2d773.k9rypv47,9212,true,62,216,0,0,0,0,0,,0,0,330000000,330000000,0,0,0,ok,,
1369,,,,pallets__markupsafe.620c06c9.combine_file__6fk2d773.k9rypv47,12,pallets__markupsafe.620c06c9.combine_file__6fk2d773.k9rypv47,9492,true,262,74,0,0,0,0,0,,0,0,360000000,360000000,0,0,0,ok,,
1370,,,,pallets__markupsafe.620c06c9.combine_file__6fk2d773.k9rypv47,13,pallets__markupsafe.620c06c9.combine_file__6fk2d773.k9rypv47,9828,true,143,50,0,0,0,0,0,,0,0,390000000,390000000,0,0,0,ok,,
1371,,,,pallets__markupsafe.620c06c9.combine_file__6fk2d773.k9rypv47,14,pallets__markupsafe.620c06c9.combine_file__6fk2d773.k9rypv47,10022,true,921,70,0,0,0,0,0,,0,0,420000000,420000000,0,0,0,ok,,
1372,,,,pallets__markupsafe.620c06c9.combine_file__6fk2d773.k9rypv47,15,pallets__markupsafe.620c06c9.combine_file__6fk2d773.k9rypv47,11013,true,217,70,0,0,0,0,0,,0,0,450000000,450000000,0,0,0,ok,,
1373,,,,pallets__markupsafe.620c06c9.combine_file__6fk2d773.k9rypv47,16,pallets__markupsafe.620c06c9.combine_file__6fk2d773.k9rypv47,11301,true,1933,674,0,0,0,0,0,,0,0,480000000,480000000,0,0,0,ok,,
1374,,,,pallets__markupsafe.620c06c9.combine_file__6fk2d773.k9rypv47,17,pallets__markupsafe.620c06c9.combine_file__6fk2d773.k9rypv47,13908,true,18,36,0,0,0,0,0,,0,0,510000000,510000000,0,0,0,ok,,
1375,,,,pallets__markupsafe.620c06c9.combine_file__6fk2d773.k9rypv47,18,pallets__markupsafe.620c06c9.combine_file__6fk2d773.k9rypv47,13963,true,336,579,0,0,0,0,0,,0,0,540000000,540000000,0,0,0,ok,,
1376,,,,pallets__markupsafe.620c06c9.combine_file__6fk2d773.k9rypv47,19,pallets__markupsafe.620c06c9.combine_file__6fk2d773.k9rypv47,14878,true,413,38,0,0,0,0,0,,0,0,570000000,570000000,0,0,0,ok,,
1377,,,,pallets__markupsafe.620c06c9.combine_file__6fk2d773.k9rypv47,20,pallets__markupsafe.620c06c9.combine_file__6fk2d773.k9rypv47,15330,true,166,158,0,0,0,0,0,,0,0,600000000,600000000,0,0,0,ok,,
1378,,,,pallets__markupsafe.620c06c9.combine_file__6fk2d773.k9rypv47,21,pallets__markupsafe.620c06c9.combine_file__6fk2d773.k9rypv47,15655,true,151,37,0,0,0,0,0,,0,0,630000000,630000000,0,0,0,ok,,
1379,,,,pallets__markupsafe.620c06c9.combine_file__6fk2d773.k9rypv47,22,pallets__markupsafe.620c06c9.combine_file__6fk2d773.k9rypv47,15844,true,132,46,0,0,0,0,0,,0,0,660000000,660000000,0,0,0,ok,,
1380,,,,pallets__markupsafe.620c06c9.combine_file__6fk2d773.k9rypv47,23,pallets__markupsafe.620c06c9.combine_file__6fk2d773.k9rypv47,16022,true,262,968,0,0,0,0,0,,0,0,690000000,690000000,0,0,0,ok,,
1381,,,,pallets__markupsafe.620c06c9.combine_file__6fk2d773.k9rypv47,24,pallets__markupsafe.620c06c9.combine_file__6fk2d773.k9rypv47,17253,true,1715,42,0,0,0,0,0,,0,0,720000000,720000000,0,0,0,ok,,
1382,,,,pallets__markupsafe.620c06c9.combine_file__6fk2d773.k9rypv47,25,pallets__markupsafe.620c06c9.combine_file__6fk2d773.k9rypv47,19011,true,15,7,0,0,0,0,0,,0,0,750000000,750000000,0,0,0,ok,,
1383,,,,pyupio__safety.7654596b.pr_534.wngdq4f1,0,pyupio__safety.7654596b.pr_534.wngdq4f1,978,true,702,111,0,0,0,0,0,,0,0,0,0,0,0,0,ok,,
1384,,,,pyupio__safety.7654596b.pr_534.wngdq4f1,1,pyupio__safety.7654596b.pr_534.wngdq4f1,1792,true,705,46,0,0,0,0,0,,0,0,30000000,30000000,0,0,0,ok,,
1385,,,,pyupio__safety.7654596b.pr_534.wngdq4f1,2,pyupio__safety.7654596b.pr_534.wngdq4f1,2544,true,434,46,0,0,0,0,0,,0,0,60000000,60000000,0,0,0,ok,,
1386,,,,pyupio__safety.7654596b.pr_534.wngdq4f1,3,pyupio__safety.7654596b.pr_534.wngdq4f1,3025,true,763,52,0,0,0,0,0,,0,0,90000000,90000000,0,0,0,ok,,
1387,,,,pyupio__safety.7654596b.pr_534.wngdq4f1,4,pyupio__safety.7654596b.pr_534.wngdq4f1,3841,true,813,63,0,0,0,0,0,,0,0,120000000,120000000,0,0,0,ok,,
1388,,,,pyupio__safety.7654596b.pr_534.wngdq4f1,5,pyupio__safety.7654596b.pr_534.wngdq4f1,4718,true,173,47,0,0,0,0,0,,0,0,150000000,150000000,0,0,0,ok,,
1389,,,,pyupio__safety.7654596b.pr_534.wngdq4f1,6,pyupio__safety.7654596b.pr_534.wngdq4f1,4938,true,41,37,0,0,0,0,0,,0,0,180000000,180000000,0,0,0,ok,,
1390,,,,pyupio__safety.7654596b.pr_534.wngdq4f1,7,pyupio__safety.7654596b.pr_534.wngdq4f1,5017,true,96,58,0,0,0,0,0,,0,0,210000000,210000000,0,0,0,ok,,
1391,,,,pyupio__safety.7654596b.pr_534.wngdq4f1,8,pyupio__safety.7654596b.pr_534.wngdq4f1,5172,true,1005,35,0,0,0,0,0,,0,0,240000000,240000000,0,0,0,ok,,
1392,,,,pyupio__safety.7654596b.pr_534.wngdq4f1,9,pyupio__safety.7654596b.pr_534.wngdq4f1,6213,true,466,46,0,0,0,0,0,,0,0,270000000,270000000,0,0,0,ok,,
1393,,,,pyupio__safety.7654596b.pr_534.wngdq4f1,10,pyupio__safety.7654596b.pr_534.wngdq4f1,6726,true,17,501,0,0,0,0,0,,0,0,300000000,300000000,0,0,0,ok,,
1394,,,,pyupio__safety.7654596b.pr_534.wngdq4f1,11,pyupio__safety.7654596b.pr_534.wngdq4f1,7244,true,17,35,0,0,0,0,0,,0,0,330000000,330000000,0,0,0,ok,,
1395,,,,pyupio__safety.7654596b.pr_534.wngdq4f1,12,pyupio__safety.7654596b.pr_534.wngdq4f1,7297,true,286,1055,0,0,0,0,0,,0,0,360000000,360000000,0,0,0,ok,,
1396,,,,pyupio__safety.7654596b.pr_534.wngdq4f1,13,pyupio__safety.7654596b.pr_534.wngdq4f1,8639,true,732,32,0,0,0,0,0,,0,0,390000000,390000000,0,0,0,ok,,
1397,,,,pyupio__safety.7654596b.pr_534.wngdq4f1,14,pyupio__safety.7654596b.pr_534.wngdq4f1,9404,true,84,130,0,0,0,0,0,,0,0,420000000,420000000,0,0,0,ok,,
1398,,,,pyupio__safety.7654596b.pr_534.wngdq4f1,15,pyupio__safety.7654596b.pr_534.wngdq4f1,9618,true,130,32,0,0,0,0,0,,0,0,450000000,450000000,0,0,0,ok,,
1399,,,,pyupio__safety.7654596b.pr_534.wngdq4f1,16,pyupio__safety.7654596b.pr_534.wngdq4f1,9780,true,99,41,0,0,0,0,0,,0,0,480000000,480000000,0,0,0,ok,,
1400,,,,pyupio__safety.7654596b.pr_534.wngdq4f1,17,pyupio__safety.7654596b.pr_534.wngdq4f1,9921,true,4683,1484,0,0,0,0,0,,0,0,510000000,510000000,0,0,0,ok,,
1401,,,,pyupio__safety.7654596b.pr_534.wngdq4f1,18,pyupio__safety.7654596b.pr_534.wngdq4f1,16088,true,1131,32,0,0,0,0,0,,0,0,540000000,540000000,0,0,0,ok,,
1402,,,,pyupio__safety.7654596b.pr_534.wngdq4f1,19,pyupio__safety.7654596b.pr_534.wngdq4f1,17252,true,183,686,0,0,0,0,0,,0,0,570000000,570000000,0,0,0,ok,,
1403,,,,pyupio__safety.7654596b.pr_534.wngdq4f1,20,pyupio__safety.7654596b.pr_534.wngdq4f1,18121,true,578,931,0,0,0,0,0,,0,0,600000000,600000000,0,0,0,ok,,
1404,,,,pyupio__safety.7654596b.pr_534.wngdq4f1,21,pyupio__safety.7654596b.pr_534.wngdq4f1,19630,true,824,38,0,0,0,0,0,,0,0,630000000,630000000,0,0,0,ok,,
1405,,,,pyupio__safety.7654596b.pr_534.wngdq4f1,22,pyupio__safety.7654596b.pr_534.wngdq4f1,20493,true,142,1228,0,0,0,0,0,,0,0,660000000,660000000,0,0,0,ok,,
1406,,,,pyupio__safety.7654596b.pr_534.wngdq4f1,23,pyupio__safety.7654596b.pr_534.wngdq4f1,21864,true,842,1148,0,0,0,0,0,,0,0,690000000,690000000,0,0,0,ok,,
1407,,,,pyupio__safety.7654596b.pr_534.wngdq4f1,24,pyupio__safety.7654596b.pr_534.wngdq4f1,23854,true,17,32,0,0,0,0,0,,0,0,720000000,720000000,0,0,0,ok,,
1408,,,,pyupio__safety.7654596b.pr_534.wngdq4f1,25,pyupio__safety.7654596b.pr_534.wngdq4f1,23904,true,266,259,0,0,0,0,0,,0,0,750000000,750000000,0,0,0,ok,,
1409,,,,pyupio__safety.7654596b.pr_534.wngdq4f1,26,pyupio__safety.7654596b.pr_534.wngdq4f1,24430,true,155,284,0,0,0,0,0,,0,0,780000000,780000000,0,0,0,ok,,
1410,,,,pyupio__safety.7654596b.pr_534.wngdq4f1,27,pyupio__safety.7654596b.pr_534.wngdq4f1,24870,true,3495,37,0,0,0,0,0,,0,0,810000000,810000000,0,0,0,ok,,
1411,,,,pyupio__safety.7654596b.pr_534.wngdq4f1,28,pyupio__safety.7654596b.pr_534.wngdq4f1,28402,true,15,13,0,0,0,0,0,,0,0,840000000,840000000,0,0,0,ok,,
1412,,,,lincolnloop__python-qrcode.456b01d4.105.ztfvr2n2,0,lincolnloop__python-qrcode.456b01d4.105.ztfvr2n2,978,true,722,70,0,0,0,0,0,,0,0,0,0,0,0,0,ok,,
1413,,,,lincolnloop__python-qrcode.456b01d4.105.ztfvr2n2,1,lincolnloop__python-qrcode.456b01d4.105.ztfvr2n2,1771,true,230,70,0,0,0,0,0,,0,0,30000000,30000000,0,0,0,ok,,
1414,,,,lincolnloop__python-qrcode.456b01d4.105.ztfvr2n2,2,lincolnloop__python-qrcode.456b01d4.105.ztfvr2n2,2072,true,5121,39,0,0,0,0,0,,0,0,60000000,60000000,0,0,0,ok,,
1415,,,,lincolnloop__python-qrcode.456b01d4.105.ztfvr2n2,3,lincolnloop__python-qrcode.456b01d4.105.ztfvr2n2,7233,true,360,52,0,0,0,0,0,,0,0,90000000,90000000,0,0,0,ok,,
1416,,,,lincolnloop__python-qrcode.456b01d4.105.ztfvr2n2,4,lincolnloop__python-qrcode.456b01d4.105.ztfvr2n2,7646,true,5187,37,0,0,0,0,0,,0,0,120000000,120000000,0,0,0,ok,,
1417,,,,lincolnloop__python-qrcode.456b01d4.105.ztfvr2n2,5,lincolnloop__python-qrcode.456b01d4.105.ztfvr2n2,12872,true,19,53,0,0,0,0,0,,0,0,150000000,150000000,0,0,0,ok,,
1418,,,,lincolnloop__python-qrcode.456b01d4.105.ztfvr2n2,6,lincolnloop__python-qrcode.456b01d4.105.ztfvr2n2,12944,true,63,400,0,0,0,0,0,,0,0,180000000,180000000,0,0,0,ok,,
1419,,,,lincolnloop__python-qrcode.456b01d4.105.ztfvr2n2,7,lincolnloop__python-qrcode.456b01d4.105.ztfvr2n2,13408,true,16,31,0,0,0,0,0,,0,0,210000000,210000000,0,0,0,ok,,
1420,,,,lincolnloop__python-qrcode.456b01d4.105.ztfvr2n2,8,lincolnloop__python-qrcode.456b01d4.105.ztfvr2n2,13455,true,115,207,0,0,0,0,0,,0,0,240000000,240000000,0,0,0,ok,,
1421,,,,lincolnloop__python-qrcode.456b01d4.105.ztfvr2n2,9,lincolnloop__python-qrcode.456b01d4.105.ztfvr2n2,13777,true,200,184,0,0,0,0,0,,0,0,270000000,270000000,0,0,0,ok,,
1422,,,,lincolnloop__python-qrcode.456b01d4.105.ztfvr2n2,10,lincolnloop__python-qrcode.456b01d4.105.ztfvr2n2,14162,true,15,323,0,0,0,0,0,,0,0,300000000,300000000,0,0,0,ok,,
1423,,,,lincolnloop__python-qrcode.456b01d4.105.ztfvr2n2,11,lincolnloop__python-qrcode.456b01d4.105.ztfvr2n2,14501,true,17,24,0,0,0,0,0,,0,0,330000000,330000000,0,0,0,ok,,
1424,,,,lincolnloop__python-qrcode.456b01d4.105.ztfvr2n2,12,lincolnloop__python-qrcode.456b01d4.105.ztfvr2n2,14543,true,154,268,0,0,0,0,0,,0,0,360000000,360000000,0,0,0,ok,,
1425,,,,lincolnloop__python-qrcode.456b01d4.105.ztfvr2n2,13,lincolnloop__python-qrcode.456b01d4.105.ztfvr2n2,14965,true,255,113,0,0,0,0,0,,0,0,390000000,390000000,0,0,0,ok,,
1426,,,,lincolnloop__python-qrcode.456b01d4.105.ztfvr2n2,14,lincolnloop__python-qrcode.456b01d4.105.ztfvr2n2,15334,true,135,168,0,0,0,0,0,,0,0,420000000,420000000,0,0,0,ok,,
1427,,,,encode__starlette.db5063c2.func_pm_remove_cond__1wmq9dvj.yvz4qlh7,0,encode__starlette.db5063c2.func_pm_remove_cond__1wmq9dvj.yvz4qlh7,978,true,694,109,0,0,0,0,0,,0,0,0,0,0,0,0,ok,,
1428,,,,encode__starlette.db5063c2.func_pm_remove_cond__1wmq9dvj.yvz4qlh7,1,encode__starlette.db5063c2.func_pm_remove_cond__1wmq9dvj.yvz4qlh7,1781,true,351,67,0,0,0,0,0,,0,0,30000000,30000000,0,0,0,ok,,
1429,,,,encode__starlette.db5063c2.func_pm_remove_cond__1wmq9dvj.yvz4qlh7,2,encode__starlette.db5063c2.func_pm_remove_cond__1wmq9dvj.yvz4qlh7,2200,true,2199,58,0,0,0,0,0,,0,0,60000000,60000000,0,0,0,ok,,
1430,,,,encode__starlette.db5063c2.func_pm_remove_cond__1wmq9dvj.yvz4qlh7,3,encode__starlette.db5063c2.func_pm_remove_cond__1wmq9dvj.yvz4qlh7,4458,true,347,109,0,0,0,0,0,,0,0,90000000,90000000,0,0,0,ok,,
1431,,,,encode__starlette.db5063c2.func_pm_remove_cond__1wmq9dvj.yvz4qlh7,4,encode__starlette.db5063c2.func_pm_remove_cond__1wmq9dvj.yvz4qlh7,4915,true,185,182,0,0,0,0,0,,0,0,120000000,120000000,0,0,0,ok,,
1432,,,,encode__starlette.db5063c2.func_pm_remove_cond__1wmq9dvj.yvz4qlh7,5,encode__starlette.db5063c2.func_pm_remove_cond__1wmq9dvj.yvz4qlh7,5283,true,17,36,0,0,0,0,0,,0,0,150000000,150000000,0,0,0,ok,,
1433,,,,encode__starlette.db5063c2.func_pm_remove_cond__1wmq9dvj.yvz4qlh7,6,encode__starlette.db5063c2.func_pm_remove_cond__1wmq9dvj.yvz4qlh7,5337,true,17,784,0,0,0,0,0,,0,0,180000000,180000000,0,0,0,ok,,
1434,,,,encode__starlette.db5063c2.func_pm_remove_cond__1wmq9dvj.yvz4qlh7,7,encode__starlette.db5063c2.func_pm_remove_cond__1wmq9dvj.yvz4qlh7,6139,true,609,56,0,0,0,0,0,,0,0,210000000,210000000,0,0,0,ok,,
1435,,,,encode__starlette.db5063c2.func_pm_remove_cond__1wmq9dvj.yvz4qlh7,8,encode__starlette.db5063c2.func_pm_remove_cond__1wmq9dvj.yvz4qlh7,6805,true,34,599,0,0,0,0,0,,0,0,240000000,240000000,0,0,0,ok,,
1436,,,,encode__starlette.db5063c2.func_pm_remove_cond__1wmq9dvj.yvz4qlh7,9,encode__starlette.db5063c2.func_pm_remove_cond__1wmq9dvj.yvz4qlh7,7439,true,17,48,0,0,0,0,0,,0,0,270000000,270000000,0,0,0,ok,,
1437,,,,encode__starlette.db5063c2.func_pm_remove_cond__1wmq9dvj.yvz4qlh7,10,encode__starlette.db5063c2.func_pm_remove_cond__1wmq9dvj.yvz4qlh7,7504,true,122,35,0,0,0,0,0,,0,0,300000000,300000000,0,0,0,ok,,
1438,,,,encode__starlette.db5063c2.func_pm_remove_cond__1wmq9dvj.yvz4qlh7,11,encode__starlette.db5063c2.func_pm_remove_cond__1wmq9dvj.yvz4qlh7,7662,true,1032,40,0,0,0,0,0,,0,0,330000000,330000000,0,0,0,ok,,
1439,,,,encode__starlette.db5063c2.func_pm_remove_cond__1wmq9dvj.yvz4qlh7,12,encode__starlette.db5063c2.func_pm_remove_cond__1wmq9dvj.yvz4qlh7,8735,true,15,13,0,0,0,0,0,,0,0,360000000,360000000,0,0,0,ok,,
1440,,,,gawel__pyquery.811cd048.func_pm_ctrl_invert_if__fn2x8mwa.u1flmuyv,0,gawel__pyquery.811cd048.func_pm_ctrl_invert_if__fn2x8mwa.u1flmuyv,978,true,605,103,0,0,0,0,0,,0,0,0,0,0,0,0,ok,,
1441,,,,gawel__pyquery.811cd048.func_pm_ctrl_invert_if__fn2x8mwa.u1flmuyv,1,gawel__pyquery.811cd048.func_pm_ctrl_invert_if__fn2x8mwa.u1flmuyv,1687,true,115,54,0,0,0,0,0,,0,0,30000000,30000000,0,0,0,ok,,
1442,,,,gawel__pyquery.811cd048.func_pm_ctrl_invert_if__fn2x8mwa.u1flmuyv,2,gawel__pyquery.811cd048.func_pm_ctrl_invert_if__fn2x8mwa.u1flmuyv,1856,true,3882,69,0,0,0,0,0,,0,0,60000000,60000000,0,0,0,ok,,
1443,,,,gawel__pyquery.811cd048.func_pm_ctrl_invert_if__fn2x8mwa.u1flmuyv,3,gawel__pyquery.811cd048.func_pm_ctrl_invert_if__fn2x8mwa.u1flmuyv,5808,true,190,63,0,0,0,0,0,,0,0,90000000,90000000,0,0,0,ok,,
1444,,,,gawel__pyquery.811cd048.func_pm_ctrl_invert_if__fn2x8mwa.u1flmuyv,4,gawel__pyquery.811cd048.func_pm_ctrl_invert_if__fn2x8mwa.u1flmuyv,6062,true,210,176,0,0,0,0,0,,0,0,120000000,120000000,0,0,0,ok,,
1445,,,,gawel__pyquery.811cd048.func_pm_ctrl_invert_if__fn2x8mwa.u1flmuyv,5,gawel__pyquery.811cd048.func_pm_ctrl_invert_if__fn2x8mwa.u1flmuyv,6448,true,17,34,0,0,0,0,0,,0,0,150000000,150000000,0,0,0,ok,,
1446,,,,gawel__pyquery.811cd048.func_pm_ctrl_invert_if__fn2x8mwa.u1flmuyv,6,gawel__pyquery.811cd048.func_pm_ctrl_invert_if__fn2x8mwa.u1flmuyv,6500,true,51,645,0,0,0,0,0,,0,0,180000000,180000000,0,0,0,ok,,
1447,,,,gawel__pyquery.811cd048.func_pm_ctrl_invert_if__fn2x8mwa.u1flmuyv,7,gawel__pyquery.811cd048.func_pm_ctrl_invert_if__fn2x8mwa.u1flmuyv,7197,true,392,43,0,0,0,0,0,,0,0,210000000,210000000,0,0,0,ok,,
1448,,,,gawel__pyquery.811cd048.func_pm_ctrl_invert_if__fn2x8mwa.u1flmuyv,8,gawel__pyquery.811cd048.func_pm_ctrl_invert_if__fn2x8mwa.u1flmuyv,7633,true,51,531,0,0,0,0,0,,0,0,240000000,240000000,0,0,0,ok,,
1449,,,,gawel__pyquery.811cd048.func_pm_ctrl_invert_if__fn2x8mwa.u1flmuyv,9,gawel__pyquery.811cd048.func_pm_ctrl_invert_if__fn2x8mwa.u1flmuyv,8216,true,17,32,0,0,0,0,0,,0,0,270000000,270000000,0,0,0,ok,,
1450,,,,gawel__pyquery.811cd048.func_pm_ctrl_invert_if__fn2x8mwa.u1flmuyv,10,gawel__pyquery.811cd048.func_pm_ctrl_invert_if__fn2x8mwa.u1flmuyv,8267,true,272,205,0,0,0,0,0,,0,0,300000000,300000000,0,0,0,ok,,
1451,,,,gawel__pyquery.811cd048.func_pm_ctrl_invert_if__fn2x8mwa.u1flmuyv,11,gawel__pyquery.811cd048.func_pm_ctrl_invert_if__fn2x8mwa.u1flmuyv,8745,true,178,34,0,0,0,0,0,,0,0,330000000,330000000,0,0,0,ok,,
1452,,,,gawel__pyquery.811cd048.func_pm_ctrl_invert_if__fn2x8mwa.u1flmuyv,12,gawel__pyquery.811cd048.func_pm_ctrl_invert_if__fn2x8mwa.u1flmuyv,8958,true,273,565,0,0,0,0,0,,0,0,360000000,360000000,0,0,0,ok,,
1453,,,,gawel__pyquery.811cd048.func_pm_ctrl_invert_if__fn2x8mwa.u1flmuyv,13,gawel__pyquery.811cd048.func_pm_ctrl_invert_if__fn2x8mwa.u1flmuyv,9796,true,474,188,0,0,0,0,0,,0,0,390000000,390000000,0,0,0,ok,,
1454,,,,gawel__pyquery.811cd048.func_pm_ctrl_invert_if__fn2x8mwa.u1flmuyv,14,gawel__pyquery.811cd048.func_pm_ctrl_invert_if__fn2x8mwa.u1flmuyv,10459,true,178,98,0,0,0,0,0,,0,0,420000000,420000000,0,0,0,ok,,
1455,,,,gawel__pyquery.811cd048.func_pm_ctrl_invert_if__fn2x8mwa.u1flmuyv,15,gawel__pyquery.811cd048.func_pm_ctrl_invert_if__fn2x8mwa.u1flmuyv,10736,true,27708,64,0,0,0,0,0,,0,0,450000000,450000000,0,0,0,ok,,
1456,,,,gawel__pyquery.811cd048.func_pm_ctrl_invert_if__fn2x8mwa.u1flmuyv,16,gawel__pyquery.811cd048.func_pm_ctrl_invert_if__fn2x8mwa.u1flmuyv,38509,true,221,54,0,0,0,0,0,,0,0,480000000,480000000,0,0,0,ok,,
1457,,,,gawel__pyquery.811cd048.func_pm_ctrl_invert_if__fn2x8mwa.u1flmuyv,17,gawel__pyquery.811cd048.func_pm_ctrl_invert_if__fn2x8mwa.u1flmuyv,38785,true,122,45,0,0,0,0,0,,0,0,510000000,510000000,0,0,0,ok,,
1458,,,,gawel__pyquery.811cd048.func_pm_ctrl_invert_if__fn2x8mwa.u1flmuyv,18,gawel__pyquery.811cd048.func_pm_ctrl_invert_if__fn2x8mwa.u1flmuyv,38953,true,51,45,0,0,0,0,0,,0,0,540000000,540000000,0,0,0,ok,,
1459,,,,gawel__pyquery.811cd048.func_pm_ctrl_invert_if__fn2x8mwa.u1flmuyv,19,gawel__pyquery.811cd048.func_pm_ctrl_invert_if__fn2x8mwa.u1flmuyv,39050,true,1130,41,0,0,0,0,0,,0,0,570000000,570000000,0,0,0,ok,,
1460,,,,gawel__pyquery.811cd048.func_pm_ctrl_invert_if__fn2x8mwa.u1flmuyv,20,gawel__pyquery.811cd048.func_pm_ctrl_invert_if__fn2x8mwa.u1flmuyv,40221,true,15,7,0,0,0,0,0,,0,0,600000000,600000000,0,0,0,ok,,
1461,,,,kayak__pypika.1c9646f0.lm_rewrite__dovrt073.paibjb2o,0,kayak__pypika.1c9646f0.lm_rewrite__dovrt073.paibjb2o,978,true,524,102,0,0,0,0,0,,0,0,0,0,0,0,0,ok,,
1462,,,,kayak__pypika.1c9646f0.lm_rewrite__dovrt073.paibjb2o,1,kayak__pypika.1c9646f0.lm_rewrite__dovrt073.paibjb2o,1604,true,626,73,0,0,0,0,0,,0,0,30000000,30000000,0,0,0,ok,,
1463,,,,kayak__pypika.1c9646f0.lm_rewrite__dovrt073.paibjb2o,2,kayak__pypika.1c9646f0.lm_rewrite__dovrt073.paibjb2o,2305,true,3347,64,0,0,0,0,0,,0,0,60000000,60000000,0,0,0,ok,,
1464,,,,kayak__pypika.1c9646f0.lm_rewrite__dovrt073.paibjb2o,3,kayak__pypika.1c9646f0.lm_rewrite__dovrt073.paibjb2o,5717,true,4254,48,0,0,0,0,0,,0,0,90000000,90000000,0,0,0,ok,,
1465,,,,kayak__pypika.1c9646f0.lm_rewrite__dovrt073.paibjb2o,4,kayak__pypika.1c9646f0.lm_rewrite__dovrt073.paibjb2o,10020,true,11,29,0,0,0,0,0,,0,0,120000000,120000000,0,0,0,ok,,
1466,,,,kayak__pypika.1c9646f0.lm_rewrite__dovrt073.paibjb2o,5,kayak__pypika.1c9646f0.lm_rewrite__dovrt073.paibjb2o,10061,true,13,52,0,0,0,0,0,,0,0,150000000,150000000,0,0,0,ok,,
1467,,,,kayak__pypika.1c9646f0.lm_rewrite__dovrt073.paibjb2o,6,kayak__pypika.1c9646f0.lm_rewrite__dovrt073.paibjb2o,10126,true,1352,44,0,0,0,0,0,,0,0,180000000,180000000,0,0,0,ok,,
1468,,,,kayak__pypika.1c9646f0.lm_rewrite__dovrt073.paibjb2o,7,kayak__pypika.1c9646f0.lm_rewrite__dovrt073.paibjb2o,11524,true,8,43,0,0,0,0,0,,0,0,210000000,210000000,0,0,0,ok,,
1469,,,,kayak__pypika.1c9646f0.lm_rewrite__dovrt073.paibjb2o,8,kayak__pypika.1c9646f0.lm_rewrite__dovrt073.paibjb2o,11576,true,246,118,0,0,0,0,0,,0,0,240000000,240000000,0,0,0,ok,,
1470,,,,kayak__pypika.1c9646f0.lm_rewrite__dovrt073.paibjb2o,9,kayak__pypika.1c9646f0.lm_rewrite__dovrt073.paibjb2o,11941,true,17,38,0,0,0,0,0,,0,0,270000000,270000000,0,0,0,ok,,
1471,,,,kayak__pypika.1c9646f0.lm_rewrite__dovrt073.paibjb2o,10,kayak__pypika.1c9646f0.lm_rewrite__dovrt073.paibjb2o,11996,true,10,377,0,0,0,0,0,,0,0,300000000,300000000,0,0,0,ok,,
1472,,,,kayak__pypika.1c9646f0.lm_rewrite__dovrt073.paibjb2o,11,kayak__pypika.1c9646f0.lm_rewrite__dovrt073.paibjb2o,12383,true,232,53,0,0,0,0,0,,0,0,330000000,330000000,0,0,0,ok,,
1473,,,,kayak__pypika.1c9646f0.lm_rewrite__dovrt073.paibjb2o,12,kayak__pypika.1c9646f0.lm_rewrite__dovrt073.paibjb2o,12670,true,9,395,0,0,0,0,0,,0,0,360000000,360000000,0,0,0,ok,,
1474,,,,kayak__pypika.1c9646f0.lm_rewrite__dovrt073.paibjb2o,13,kayak__pypika.1c9646f0.lm_rewrite__dovrt073.paibjb2o,13075,true,17,32,0,0,0,0,0,,0,0,390000000,390000000,0,0,0,ok,,
1475,,,,kayak__pypika.1c9646f0.lm_rewrite__dovrt073.paibjb2o,14,kayak__pypika.1c9646f0.lm_rewrite__dovrt073.paibjb2o,13125,true,92,199,0,0,0,0,0,,0,0,420000000,420000000,0,0,0,ok,,
1476,,,,kayak__pypika.1c9646f0.lm_rewrite__dovrt073.paibjb2o,15,kayak__pypika.1c9646f0.lm_rewrite__dovrt073.paibjb2o,13417,true,17,25,0,0,0,0,0,,0,0,450000000,450000000,0,0,0,ok,,
1477,,,,kayak__pypika.1c9646f0.lm_rewrite__dovrt073.paibjb2o,16,kayak__pypika.1c9646f0.lm_rewrite__dovrt073.paibjb2o,13459,true,61,176,0,0,0,0,0,,0,0,480000000,480000000,0,0,0,ok,,
1478,,,,kayak__pypika.1c9646f0.lm_rewrite__dovrt073.paibjb2o,17,kayak__pypika.1c9646f0.lm_rewrite__dovrt073.paibjb2o,13697,true,131,25,0,0,0,0,0,,0,0,510000000,510000000,0,0,0,ok,,
1479,,,,kayak__pypika.1c9646f0.lm_rewrite__dovrt073.paibjb2o,18,kayak__pypika.1c9646f0.lm_rewrite__dovrt073.paibjb2o,13853,true,17,297,0,0,0,0,0,,0,0,540000000,540000000,0,0,0,ok,,
1480,,,,kayak__pypika.1c9646f0.lm_rewrite__dovrt073.paibjb2o,19,kayak__pypika.1c9646f0.lm_rewrite__dovrt073.paibjb2o,14168,true,840,47,0,0,0,0,0,,0,0,570000000,570000000,0,0,0,ok,,
1481,,,,kayak__pypika.1c9646f0.lm_rewrite__dovrt073.paibjb2o,20,kayak__pypika.1c9646f0.lm_rewrite__dovrt073.paibjb2o,15055,true,15,13,0,0,0,0,0,,0,0,600000000,600000000,0,0,0,ok,,
1482,,,,un33k__python-slugify.872b3750.lm_rewrite__kidne8vn.8zyhbzjl,0,un33k__python-slugify.872b3750.lm_rewrite__kidne8vn.8zyhbzjl,978,true,621,100,0,0,0,0,0,,0,0,0,0,0,0,0,ok,,
1483,,,,un33k__python-slugify.872b3750.lm_rewrite__kidne8vn.8zyhbzjl,1,un33k__python-slugify.872b3750.lm_rewrite__kidne8vn.8zyhbzjl,1699,true,49,68,0,0,0,0,0,,0,0,30000000,30000000,0,0,0,ok,,
1484,,,,un33k__python-slugify.872b3750.lm_rewrite__kidne8vn.8zyhbzjl,2,un33k__python-slugify.872b3750.lm_rewrite__kidne8vn.8zyhbzjl,1817,true,407,120,0,0,0,0,0,,0,0,60000000,60000000,0,0,0,ok,,
1485,,,,un33k__python-slugify.872b3750.lm_rewrite__kidne8vn.8zyhbzjl,3,un33k__python-slugify.872b3750.lm_rewrite__kidne8vn.8zyhbzjl,2346,true,1961,55,0,0,0,0,0,,0,0,90000000,90000000,0,0,0,ok,,
1486,,,,un33k__python-slugify.872b3750.lm_rewrite__kidne8vn.8zyhbzjl,4,un33k__python-slugify.872b3750.lm_rewrite__kidne8vn.8zyhbzjl,4362,true,129,176,0,0,0,0,0,,0,0,120000000,120000000,0,0,0,ok,,
1487,,,,un33k__python-slugify.872b3750.lm_rewrite__kidne8vn.8zyhbzjl,5,un33k__python-slugify.872b3750.lm_rewrite__kidne8vn.8zyhbzjl,4668,true,17,36,0,0,0,0,0,,0,0,150000000,150000000,0,0,0,ok,,
1488,,,,un33k__python-slugify.872b3750.lm_rewrite__kidne8vn.8zyhbzjl,6,un33k__python-slugify.872b3750.lm_rewrite__kidne8vn.8zyhbzjl,4722,true,44,363,0,0,0,0,0,,0,0,180000000,180000000,0,0,0,ok,,
1489,,,,un33k__python-slugify.872b3750.lm_rewrite__kidne8vn.8zyhbzjl,7,un33k__python-slugify.872b3750.lm_rewrite__kidne8vn.8zyhbzjl,5130,true,205,114,0,0,0,0,0,,0,0,210000000,210000000,0,0,0,ok,,
1490,,,,un33k__python-slugify.872b3750.lm_rewrite__kidne8vn.8zyhbzjl,8,un33k__python-slugify.872b3750.lm_rewrite__kidne8vn.8zyhbzjl,5450,true,44,572,0,0,0,0,0,,0,0,240000000,240000000,0,0,0,ok,,
1491,,,,un33k__python-slugify.872b3750.lm_rewrite__kidne8vn.8zyhbzjl,9,un33k__python-slugify.872b3750.lm_rewrite__kidne8vn.8zyhbzjl,6067,true,17,32,0,0,0,0,0,,0,0,270000000,270000000,0,0,0,ok,,
1492,,,,un33k__python-slugify.872b3750.lm_rewrite__kidne8vn.8zyhbzjl,10,un33k__python-slugify.872b3750.lm_rewrite__kidne8vn.8zyhbzjl,6117,true,192,538,0,0,0,0,0,,0,0,300000000,300000000,0,0,0,ok,,
1493,,,,un33k__python-slugify.872b3750.lm_rewrite__kidne8vn.8zyhbzjl,11,un33k__python-slugify.872b3750.lm_rewrite__kidne8vn.8zyhbzjl,6848,true,18,31,0,0,0,0,0,,0,0,330000000,330000000,0,0,0,ok,,
1494,,,,un33k__python-slugify.872b3750.lm_rewrite__kidne8vn.8zyhbzjl,12,un33k__python-slugify.872b3750.lm_rewrite__kidne8vn.8zyhbzjl,6897,true,82,314,0,0,0,0,0,,0,0,360000000,360000000,0,0,0,ok,,
1495,,,,un33k__python-slugify.872b3750.lm_rewrite__kidne8vn.8zyhbzjl,13,un33k__python-slugify.872b3750.lm_rewrite__kidne8vn.8zyhbzjl,7294,true,1097,50,0,0,0,0,0,,0,0,390000000,390000000,0,0,0,ok,,
1496,,,,un33k__python-slugify.872b3750.lm_rewrite__kidne8vn.8zyhbzjl,14,un33k__python-slugify.872b3750.lm_rewrite__kidne8vn.8zyhbzjl,8441,true,15,13,0,0,0,0,0,,0,0,420000000,420000000,0,0,0,ok,,
1497,,,,rustedpy__result.0b855e1e.pr_165.cooprsvt,0,rustedpy__result.0b855e1e.pr_165.cooprsvt,978,true,666,74,0,0,0,0,0,,0,0,0,0,0,0,0,ok,,
1498,,,,rustedpy__result.0b855e1e.pr_165.cooprsvt,1,rustedpy__result.0b855e1e.pr_165.cooprsvt,1718,true,50,65,0,0,0,0,0,,0,0,30000000,30000000,0,0,0,ok,,
1499,,,,rustedpy__result.0b855e1e.pr_165.cooprsvt,2,rustedpy__result.0b855e1e.pr_165.cooprsvt,1833,true,3736,80,0,0,0,0,0,,0,0,60000000,60000000,0,0,0,ok,,
1500,,,,rustedpy__result.0b855e1e.pr_165.cooprsvt,3,rustedpy__result.0b855e1e.pr_165.cooprsvt,5650,true,517,58,0,0,0,0,0,,0,0,90000000,90000000,0,0,0,ok,,
1501,,,,rustedpy__result.0b855e1e.pr_165.cooprsvt,4,rustedpy__result.0b855e1e.pr_165.cooprsvt,6226,true,428,233,0,0,0,0,0,,0,0,120000000,120000000,0,0,0,ok,,
1502,,,,rustedpy__result.0b855e1e.pr_165.cooprsvt,5,rustedpy__result.0b855e1e.pr_165.cooprsvt,6887,true,17,35,0,0,0,0,0,,0,0,150000000,150000000,0,0,0,ok,,
1503,,,,rustedpy__result.0b855e1e.pr_165.cooprsvt,6,rustedpy__result.0b855e1e.pr_165.cooprsvt,6941,true,15,304,0,0,0,0,0,,0,0,180000000,180000000,0,0,0,ok,,
1504,,,,rustedpy__result.0b855e1e.pr_165.cooprsvt,7,rustedpy__result.0b855e1e.pr_165.cooprsvt,7260,true,274,168,0,0,0,0,0,,0,0,210000000,210000000,0,0,0,ok,,
1505,,,,rustedpy__result.0b855e1e.pr_165.cooprsvt,8,rustedpy__result.0b855e1e.pr_165.cooprsvt,7702,true,216,40,0,0,0,0,0,,0,0,240000000,240000000,0,0,0,ok,,
1506,,,,rustedpy__result.0b855e1e.pr_165.cooprsvt,9,rustedpy__result.0b855e1e.pr_165.cooprsvt,7959,true,10,150,0,0,0,0,0,,0,0,270000000,270000000,0,0,0,ok,,
1507,,,,rustedpy__result.0b855e1e.pr_165.cooprsvt,10,rustedpy__result.0b855e1e.pr_165.cooprsvt,8120,true,17,24,0,0,0,0,0,,0,0,300000000,300000000,0,0,0,ok,,
1508,,,,rustedpy__result.0b855e1e.pr_165.cooprsvt,11,rustedpy__result.0b855e1e.pr_165.cooprsvt,8161,true,17,218,0,0,0,0,0,,0,0,330000000,330000000,0,0,0,ok,,
1509,,,,rustedpy__result.0b855e1e.pr_165.cooprsvt,12,rustedpy__result.0b855e1e.pr_165.cooprsvt,8397,true,17,24,0,0,0,0,0,,0,0,360000000,360000000,0,0,0,ok,,
1510,,,,rustedpy__result.0b855e1e.pr_165.cooprsvt,13,rustedpy__result.0b855e1e.pr_165.cooprsvt,8439,true,25,193,0,0,0,0,0,,0,0,390000000,390000000,0,0,0,ok,,
1511,,,,rustedpy__result.0b855e1e.pr_165.cooprsvt,14,rustedpy__result.0b855e1e.pr_165.cooprsvt,8657,true,17,24,0,0,0,0,0,,0,0,420000000,420000000,0,0,0,ok,,
1512,,,,rustedpy__result.0b855e1e.pr_165.cooprsvt,15,rustedpy__result.0b855e1e.pr_165.cooprsvt,8699,true,15,136,0,0,0,0,0,,0,0,450000000,450000000,0,0,0,ok,,
1513,,,,rustedpy__result.0b855e1e.pr_165.cooprsvt,16,rustedpy__result.0b855e1e.pr_165.cooprsvt,8851,true,278,179,0,0,0,0,0,,0,0,480000000,480000000,0,0,0,ok,,
1514,,,,rustedpy__result.0b855e1e.pr_165.cooprsvt,17,rustedpy__result.0b855e1e.pr_165.cooprsvt,9309,true,1151,54,0,0,0,0,0,,0,0,510000000,510000000,0,0,0,ok,,
1515,,,,rustedpy__result.0b855e1e.pr_165.cooprsvt,18,rustedpy__result.0b855e1e.pr_165.cooprsvt,10515,true,15,7,0,0,0,0,0,,0,0,540000000,540000000,0,0,0,ok,,
1516,,,,pydicom__pydicom.7d361b3d.lm_rewrite__bnrxcfyb.c4z1xf2g,0,pydicom__pydicom.7d361b3d.lm_rewrite__bnrxcfyb.c4z1xf2g,978,true,636,97,0,0,0,0,0,,0,0,0,0,0,0,0,ok,,
1517,,,,pydicom__pydicom.7d361b3d.lm_rewrite__bnrxcfyb.c4z1xf2g,1,pydicom__pydicom.7d361b3d.lm_rewrite__bnrxcfyb.c4z1xf2g,1712,true,1702,71,0,0,0,0,0,,0,0,30000000,30000000,0,0,0,ok,,
1518,,,,pydicom__pydicom.7d361b3d.lm_rewrite__bnrxcfyb.c4z1xf2g,2,pydicom__pydicom.7d361b3d.lm_rewrite__bnrxcfyb.c4z1xf2g,3486,true,2877,61,0,0,0,0,0,,0,0,60000000,60000000,0,0,0,ok,,
1519,,,,pydicom__pydicom.7d361b3d.lm_rewrite__bnrxcfyb.c4z1xf2g,3,pydicom__pydicom.7d361b3d.lm_rewrite__bnrxcfyb.c4z1xf2g,6425,true,468,51,0,0,0,0,0,,0,0,90000000,90000000,0,0,0,ok,,
1520,,,,pydicom__pydicom.7d361b3d.lm_rewrite__bnrxcfyb.c4z1xf2g,4,pydicom__pydicom.7d361b3d.lm_rewrite__bnrxcfyb.c4z1xf2g,6945,true,973,57,0,0,0,0,0,,0,0,120000000,120000000,0,0,0,ok,,
1521,,,,pydicom__pydicom.7d361b3d.lm_rewrite__bnrxcfyb.c4z1xf2g,5,pydicom__pydicom.7d361b3d.lm_rewrite__bnrxcfyb.c4z1xf2g,7976,true,345,58,0,0,0,0,0,,0,0,150000000,150000000,0,0,0,ok,,
1522,,,,pydicom__pydicom.7d361b3d.lm_rewrite__bnrxcfyb.c4z1xf2g,6,pydicom__pydicom.7d361b3d.lm_rewrite__bnrxcfyb.c4z1xf2g,8379,true,239,60,0,0,0,0,0,,0,0,180000000,180000000,0,0,0,ok,,
1523,,,,pydicom__pydicom.7d361b3d.lm_rewrite__bnrxcfyb.c4z1xf2g,7,pydicom__pydicom.7d361b3d.lm_rewrite__bnrxcfyb.c4z1xf2g,8679,true,181,457,0,0,0,0,0,,0,0,210000000,210000000,0,0,0,ok,,
1524,,,,pydicom__pydicom.7d361b3d.lm_rewrite__bnrxcfyb.c4z1xf2g,8,pydicom__pydicom.7d361b3d.lm_rewrite__bnrxcfyb.c4z1xf2g,9317,true,17,36,0,0,0,0,0,,0,0,240000000,240000000,0,0,0,ok,,
1525,,,,pydicom__pydicom.7d361b3d.lm_rewrite__bnrxcfyb.c4z1xf2g,9,pydicom__pydicom.7d361b3d.lm_rewrite__bnrxcfyb.c4z1xf2g,9371,true,190,1193,0,0,0,0,0,,0,0,270000000,270000000,0,0,0,ok,,
1526,,,,pydicom__pydicom.7d361b3d.lm_rewrite__bnrxcfyb.c4z1xf2g,10,pydicom__pydicom.7d361b3d.lm_rewrite__bnrxcfyb.c4z1xf2g,10754,true,855,44,0,0,0,0,0,,0,0,300000000,300000000,0,0,0,ok,,
1527,,,,pydicom__pydicom.7d361b3d.lm_rewrite__bnrxcfyb.c4z1xf2g,11,pydicom__pydicom.7d361b3d.lm_rewrite__bnrxcfyb.c4z1xf2g,11653,true,291,118,0,0,0,0,0,,0,0,330000000,330000000,0,0,0,ok,,
1528,,,,pydicom__pydicom.7d361b3d.lm_rewrite__bnrxcfyb.c4z1xf2g,12,pydicom__pydicom.7d361b3d.lm_rewrite__bnrxcfyb.c4z1xf2g,12064,true,185,31,0,0,0,0,0,,0,0,360000000,360000000,0,0,0,ok,,
1529,,,,pydicom__pydicom.7d361b3d.lm_rewrite__bnrxcfyb.c4z1xf2g,13,pydicom__pydicom.7d361b3d.lm_rewrite__bnrxcfyb.c4z1xf2g,12280,true,187,141,0,0,0,0,0,,0,0,390000000,390000000,0,0,0,ok,,
1530,,,,pydicom__pydicom.7d361b3d.lm_rewrite__bnrxcfyb.c4z1xf2g,14,pydicom__pydicom.7d361b3d.lm_rewrite__bnrxcfyb.c4z1xf2g,12609,true,158,138,0,0,0,0,0,,0,0,420000000,420000000,0,0,0,ok,,
1531,,,,pydicom__pydicom.7d361b3d.lm_rewrite__bnrxcfyb.c4z1xf2g,15,pydicom__pydicom.7d361b3d.lm_rewrite__bnrxcfyb.c4z1xf2g,12905,true,162,30,0,0,0,0,0,,0,0,450000000,450000000,0,0,0,ok,,
1532,,,,pydicom__pydicom.7d361b3d.lm_rewrite__bnrxcfyb.c4z1xf2g,16,pydicom__pydicom.7d361b3d.lm_rewrite__bnrxcfyb.c4z1xf2g,13098,true,188,855,0,0,0,0,0,,0,0,480000000,480000000,0,0,0,ok,,
1533,,,,pydicom__pydicom.7d361b3d.lm_rewrite__bnrxcfyb.c4z1xf2g,17,pydicom__pydicom.7d361b3d.lm_rewrite__bnrxcfyb.c4z1xf2g,14141,true,17,31,0,0,0,0,0,,0,0,510000000,510000000,0,0,0,ok,,
1534,,,,pydicom__pydicom.7d361b3d.lm_rewrite__bnrxcfyb.c4z1xf2g,18,pydicom__pydicom.7d361b3d.lm_rewrite__bnrxcfyb.c4z1xf2g,14190,true,60,88,0,0,0,0,0,,0,0,540000000,540000000,0,0,0,ok,,
1535,,,,pydicom__pydicom.7d361b3d.lm_rewrite__bnrxcfyb.c4z1xf2g,19,pydicom__pydicom.7d361b3d.lm_rewrite__bnrxcfyb.c4z1xf2g,14338,true,183,32,0,0,0,0,0,,0,0,570000000,570000000,0,0,0,ok,,
1536,,,,pydicom__pydicom.7d361b3d.lm_rewrite__bnrxcfyb.c4z1xf2g,20,pydicom__pydicom.7d361b3d.lm_rewrite__bnrxcfyb.c4z1xf2g,14554,true,61,178,0,0,0,0,0,,0,0,600000000,600000000,0,0,0,ok,,
1537,,,,pydicom__pydicom.7d361b3d.lm_rewrite__bnrxcfyb.c4z1xf2g,21,pydicom__pydicom.7d361b3d.lm_rewrite__bnrxcfyb.c4z1xf2g,14794,true,235,32,0,0,0,0,0,,0,0,630000000,630000000,0,0,0,ok,,
1538,,,,pydicom__pydicom.7d361b3d.lm_rewrite__bnrxcfyb.c4z1xf2g,22,pydicom__pydicom.7d361b3d.lm_rewrite__bnrxcfyb.c4z1xf2g,15062,true,174,357,0,0,0,0,0,,0,0,660000000,660000000,0,0,0,ok,,
1539,,,,pydicom__pydicom.7d361b3d.lm_rewrite__bnrxcfyb.c4z1xf2g,23,pydicom__pydicom.7d361b3d.lm_rewrite__bnrxcfyb.c4z1xf2g,15594,true,188,88,0,0,0,0,0,,0,0,690000000,690000000,0,0,0,ok,,
1540,,,,pydicom__pydicom.7d361b3d.lm_rewrite__bnrxcfyb.c4z1xf2g,24,pydicom__pydicom.7d361b3d.lm_rewrite__bnrxcfyb.c4z1xf2g,15871,true,2009,41,0,0,0,0,0,,0,0,720000000,720000000,0,0,0,ok,,
1541,,,,pydicom__pydicom.7d361b3d.lm_rewrite__bnrxcfyb.c4z1xf2g,25,pydicom__pydicom.7d361b3d.lm_rewrite__bnrxcfyb.c4z1xf2g,17922,true,15,7,0,0,0,0,0,,0,0,750000000,750000000,0,0,0,ok,,
1542,,,,getmoto__moto.694ce1f4.pr_6509.gqf75an6,0,getmoto__moto.694ce1f4.pr_6509.gqf75an6,978,true,2462,76,0,0,0,0,0,,0,0,0,0,0,0,0,ok,,
1543,,,,getmoto__moto.694ce1f4.pr_6509.gqf75an6,1,getmoto__moto.694ce1f4.pr_6509.gqf75an6,3517,true,2786,63,0,0,0,0,0,,0,0,30000000,30000000,0,0,0,ok,,
1544,,,,getmoto__moto.694ce1f4.pr_6509.gqf75an6,2,getmoto__moto.694ce1f4.pr_6509.gqf75an6,6367,true,77,63,0,0,0,0,0,,0,0,60000000,60000000,0,0,0,ok,,
1545,,,,getmoto__moto.694ce1f4.pr_6509.gqf75an6,3,getmoto__moto.694ce1f4.pr_6509.gqf75an6,6507,true,735,158,0,0,0,0,0,,0,0,90000000,90000000,0,0,0,ok,,
1546,,,,getmoto__moto.694ce1f4.pr_6509.gqf75an6,4,getmoto__moto.694ce1f4.pr_6509.gqf75an6,7401,true,16,32,0,0,0,0,0,,0,0,120000000,120000000,0,0,0,ok,,
1547,,,,getmoto__moto.694ce1f4.pr_6509.gqf75an6,5,getmoto__moto.694ce1f4.pr_6509.gqf75an6,7449,true,53,40,0,0,0,0,0,,0,0,150000000,150000000,0,0,0,ok,,
1548,,,,getmoto__moto.694ce1f4.pr_6509.gqf75an6,6,getmoto__moto.694ce1f4.pr_6509.gqf75an6,7543,true,1150,36,0,0,0,0,0,,0,0,180000000,180000000,0,0,0,ok,,
1549,,,,getmoto__moto.694ce1f4.pr_6509.gqf75an6,7,getmoto__moto.694ce1f4.pr_6509.gqf75an6,8729,true,53,43,0,0,0,0,0,,0,0,210000000,210000000,0,0,0,ok,,
1550,,,,getmoto__moto.694ce1f4.pr_6509.gqf75an6,8,getmoto__moto.694ce1f4.pr_6509.gqf75an6,8826,true,1117,36,0,0,0,0,0,,0,0,240000000,240000000,0,0,0,ok,,
1551,,,,getmoto__moto.694ce1f4.pr_6509.gqf75an6,9,getmoto__moto.694ce1f4.pr_6509.gqf75an6,9979,true,53,74,0,0,0,0,0,,0,0,270000000,270000000,0,0,0,ok,,
1552,,,,getmoto__moto.694ce1f4.pr_6509.gqf75an6,10,getmoto__moto.694ce1f4.pr_6509.gqf75an6,10107,true,118,35,0,0,0,0,0,,0,0,300000000,300000000,0,0,0,ok,,
1553,,,,getmoto__moto.694ce1f4.pr_6509.gqf75an6,11,getmoto__moto.694ce1f4.pr_6509.gqf75an6,10261,true,53,43,0,0,0,0,0,,0,0,330000000,330000000,0,0,0,ok,,
1554,,,,getmoto__moto.694ce1f4.pr_6509.gqf75an6,12,getmoto__moto.694ce1f4.pr_6509.gqf75an6,10357,true,54,42,0,0,0,0,0,,0,0,360000000,360000000,0,0,0,ok,,
1555,,,,getmoto__moto.694ce1f4.pr_6509.gqf75an6,13,getmoto__moto.694ce1f4.pr_6509.gqf75an6,10455,true,327,72,0,0,0,0,0,,0,0,390000000,390000000,0,0,0,ok,,
1556,,,,getmoto__moto.694ce1f4.pr_6509.gqf75an6,14,getmoto__moto.694ce1f4.pr_6509.gqf75an6,10855,true,117,35,0,0,0,0,0,,0,0,420000000,420000000,0,0,0,ok,,
1557,,,,getmoto__moto.694ce1f4.pr_6509.gqf75an6,15,getmoto__moto.694ce1f4.pr_6509.gqf75an6,11007,true,1290,171,0,0,0,0,0,,0,0,450000000,450000000,0,0,0,ok,,
1558,,,,getmoto__moto.694ce1f4.pr_6509.gqf75an6,16,getmoto__moto.694ce1f4.pr_6509.gqf75an6,12469,true,193,37,0,0,0,0,0,,0,0,480000000,480000000,0,0,0,ok,,
1559,,,,getmoto__moto.694ce1f4.pr_6509.gqf75an6,17,getmoto__moto.694ce1f4.pr_6509.gqf75an6,12700,true,1290,60,0,0,0,0,0,,0,0,510000000,510000000,0,0,0,ok,,
1560,,,,getmoto__moto.694ce1f4.pr_6509.gqf75an6,18,getmoto__moto.694ce1f4.pr_6509.gqf75an6,14050,true,3389,55,0,0,0,0,0,,0,0,540000000,540000000,0,0,0,ok,,
1561,,,,getmoto__moto.694ce1f4.pr_6509.gqf75an6,19,getmoto__moto.694ce1f4.pr_6509.gqf75an6,17495,true,62,151,0,0,0,0,0,,0,0,570000000,570000000,0,0,0,ok,,
1562,,,,getmoto__moto.694ce1f4.pr_6509.gqf75an6,20,getmoto__moto.694ce1f4.pr_6509.gqf75an6,17708,true,203,37,0,0,0,0,0,,0,0,600000000,600000000,0,0,0,ok,,
1563,,,,getmoto__moto.694ce1f4.pr_6509.gqf75an6,21,getmoto__moto.694ce1f4.pr_6509.gqf75an6,17950,true,15,298,0,0,0,0,0,,0,0,630000000,630000000,0,0,0,ok,,
1564,,,,getmoto__moto.694ce1f4.pr_6509.gqf75an6,22,getmoto__moto.694ce1f4.pr_6509.gqf75an6,18263,true,16,30,0,0,0,0,0,,0,0,660000000,660000000,0,0,0,ok,,
1565,,,,getmoto__moto.694ce1f4.pr_6509.gqf75an6,23,getmoto__moto.694ce1f4.pr_6509.gqf75an6,18310,true,8,33,0,0,0,0,0,,0,0,690000000,690000000,0,0,0,ok,,
1566,,,,conan-io__conan.86f29e13.pr_11971.g80vxfoc,0,conan-io__conan.86f29e13.pr_11971.g80vxfoc,978,true,834,77,0,0,0,0,0,,0,0,0,0,0,0,0,ok,,
1567,,,,conan-io__conan.86f29e13.pr_11971.g80vxfoc,1,conan-io__conan.86f29e13.pr_11971.g80vxfoc,1890,true,285,93,0,0,0,0,0,,0,0,30000000,30000000,0,0,0,ok,,
1568,,,,conan-io__conan.86f29e13.pr_11971.g80vxfoc,2,conan-io__conan.86f29e13.pr_11971.g80vxfoc,2268,true,25,44,0,0,0,0,0,,0,0,60000000,60000000,0,0,0,ok,,
1569,,,,conan-io__conan.86f29e13.pr_11971.g80vxfoc,3,conan-io__conan.86f29e13.pr_11971.g80vxfoc,2338,true,23,41,0,0,0,0,0,,0,0,90000000,90000000,0,0,0,ok,,
1570,,,,conan-io__conan.86f29e13.pr_11971.g80vxfoc,4,conan-io__conan.86f29e13.pr_11971.g80vxfoc,2403,true,483,43,0,0,0,0,0,,0,0,120000000,120000000,0,0,0,ok,,
1571,,,,conan-io__conan.86f29e13.pr_11971.g80vxfoc,5,conan-io__conan.86f29e13.pr_11971.g80vxfoc,2930,true,1032,62,0,0,0,0,0,,0,0,150000000,150000000,0,0,0,ok,,
1572,,,,conan-io__conan.86f29e13.pr_11971.g80vxfoc,6,conan-io__conan.86f29e13.pr_11971.g80vxfoc,4024,true,1936,51,0,0,0,0,0,,0,0,180000000,180000000,0,0,0,ok,,
1573,,,,conan-io__conan.86f29e13.pr_11971.g80vxfoc,7,conan-io__conan.86f29e13.pr_11971.g80vxfoc,6012,true,25,49,0,0,0,0,0,,0,0,210000000,210000000,0,0,0,ok,,
1574,,,,conan-io__conan.86f29e13.pr_11971.g80vxfoc,8,conan-io__conan.86f29e13.pr_11971.g80vxfoc,6087,true,91,40,0,0,0,0,0,,0,0,240000000,240000000,0,0,0,ok,,
1575,,,,conan-io__conan.86f29e13.pr_11971.g80vxfoc,9,conan-io__conan.86f29e13.pr_11971.g80vxfoc,6219,true,62,48,0,0,0,0,0,,0,0,270000000,270000000,0,0,0,ok,,
1576,,,,conan-io__conan.86f29e13.pr_11971.g80vxfoc,10,conan-io__conan.86f29e13.pr_11971.g80vxfoc,6329,true,22,50,0,0,0,0,0,,0,0,300000000,300000000,0,0,0,ok,,
1577,,,,conan-io__conan.86f29e13.pr_11971.g80vxfoc,11,conan-io__conan.86f29e13.pr_11971.g80vxfoc,6402,true,23,39,0,0,0,0,0,,0,0,330000000,330000000,0,0,0,ok,,
1578,,,,conan-io__conan.86f29e13.pr_11971.g80vxfoc,12,conan-io__conan.86f29e13.pr_11971.g80vxfoc,6465,true,15,39,0,0,0,0,0,,0,0,360000000,360000000,0,0,0,ok,,
1579,,,,conan-io__conan.86f29e13.pr_11971.g80vxfoc,13,conan-io__conan.86f29e13.pr_11971.g80vxfoc,6519,true,15,50,0,0,0,0,0,,0,0,390000000,390000000,0,0,0,ok,,
1580,,,,conan-io__conan.86f29e13.pr_11971.g80vxfoc,14,conan-io__conan.86f29e13.pr_11971.g80vxfoc,6584,true,22,47,0,0,0,0,0,,0,0,420000000,420000000,0,0,0,ok,,
1581,,,,conan-io__conan.86f29e13.pr_11971.g80vxfoc,15,conan-io__conan.86f29e13.pr_11971.g80vxfoc,6654,true,23,52,0,0,0,0,0,,0,0,450000000,450000000,0,0,0,ok,,
1582,,,,conan-io__conan.86f29e13.pr_11971.g80vxfoc,16,conan-io__conan.86f29e13.pr_11971.g80vxfoc,6730,true,1936,59,0,0,0,0,0,,0,0,480000000,480000000,0,0,0,ok,,
1583,,,,conan-io__conan.86f29e13.pr_11971.g80vxfoc,17,conan-io__conan.86f29e13.pr_11971.g80vxfoc,8726,true,550,217,0,0,0,0,0,,0,0,510000000,510000000,0,0,0,ok,,
1584,,,,conan-io__conan.86f29e13.pr_11971.g80vxfoc,18,conan-io__conan.86f29e13.pr_11971.g80vxfoc,9493,true,15,25,0,0,0,0,0,,0,0,540000000,540000000,0,0,0,ok,,
1585,,,,conan-io__conan.86f29e13.pr_11971.g80vxfoc,19,conan-io__conan.86f29e13.pr_11971.g80vxfoc,9534,true,102,172,0,0,0,0,0,,0,0,570000000,570000000,0,0,0,ok,,
1586,,,,conan-io__conan.86f29e13.pr_11971.g80vxfoc,20,conan-io__conan.86f29e13.pr_11971.g80vxfoc,9810,true,240,27,0,0,0,0,0,,0,0,600000000,600000000,0,0,0,ok,,
1587,,,,conan-io__conan.86f29e13.pr_11971.g80vxfoc,21,conan-io__conan.86f29e13.pr_11971.g80vxfoc,10078,true,103,99,0,0,0,0,0,,0,0,630000000,630000000,0,0,0,ok,,
1588,,,,conan-io__conan.86f29e13.pr_11971.g80vxfoc,22,conan-io__conan.86f29e13.pr_11971.g80vxfoc,10281,true,130,27,0,0,0,0,0,,0,0,660000000,660000000,0,0,0,ok,,
1589,,,,conan-io__conan.86f29e13.pr_11971.g80vxfoc,23,conan-io__conan.86f29e13.pr_11971.g80vxfoc,10439,true,97,140,0,0,0,0,0,,0,0,690000000,690000000,0,0,0,ok,,
1590,,,,conan-io__conan.86f29e13.pr_11971.g80vxfoc,24,conan-io__conan.86f29e13.pr_11971.g80vxfoc,10677,true,170,27,0,0,0,0,0,,0,0,720000000,720000000,0,0,0,ok,,
1591,,,,conan-io__conan.86f29e13.pr_11971.g80vxfoc,25,conan-io__conan.86f29e13.pr_11971.g80vxfoc,10875,true,18,176,0,0,0,0,0,,0,0,750000000,750000000,0,0,0,ok,,
1592,,,,conan-io__conan.86f29e13.pr_11971.g80vxfoc,26,conan-io__conan.86f29e13.pr_11971.g80vxfoc,11070,true,227,260,0,0,0,0,0,,0,0,780000000,780000000,0,0,0,ok,,
1593,,,,conan-io__conan.86f29e13.pr_11971.g80vxfoc,27,conan-io__conan.86f29e13.pr_11971.g80vxfoc,11558,true,234,31,0,0,0,0,0,,0,0,810000000,810000000,0,0,0,ok,,
1594,,,,conan-io__conan.86f29e13.pr_11971.g80vxfoc,28,conan-io__conan.86f29e13.pr_11971.g80vxfoc,11824,true,55,589,0,0,0,0,0,,0,0,840000000,840000000,0,0,0,ok,,
1595,,,,un33k__python-slugify.872b3750.33.clu7z9do,0,un33k__python-slugify.872b3750.33.clu7z9do,978,true,667,80,0,0,0,0,0,,0,0,0,0,0,0,0,ok,,
1596,,,,un33k__python-slugify.872b3750.33.clu7z9do,1,un33k__python-slugify.872b3750.33.clu7z9do,1726,true,124,48,0,0,0,0,0,,0,0,30000000,30000000,0,0,0,ok,,
1597,,,,un33k__python-slugify.872b3750.33.clu7z9do,2,un33k__python-slugify.872b3750.33.clu7z9do,1898,true,5026,37,0,0,0,0,0,,0,0,60000000,60000000,0,0,0,ok,,
1598,,,,un33k__python-slugify.872b3750.33.clu7z9do,3,un33k__python-slugify.872b3750.33.clu7z9do,6962,true,23,48,0,0,0,0,0,,0,0,90000000,90000000,0,0,0,ok,,
1599,,,,un33k__python-slugify.872b3750.33.clu7z9do,4,un33k__python-slugify.872b3750.33.clu7z9do,7034,true,77,49,0,0,0,0,0,,0,0,120000000,120000000,0,0,0,ok,,
1600,,,,un33k__python-slugify.872b3750.33.clu7z9do,5,un33k__python-slugify.872b3750.33.clu7z9do,7160,true,1961,361,0,0,0,0,0,,0,0,150000000,150000000,0,0,0,ok,,
1601,,,,un33k__python-slugify.872b3750.33.clu7z9do,6,un33k__python-slugify.872b3750.33.clu7z9do,9483,true,16,30,0,0,0,0,0,,0,0,180000000,180000000,0,0,0,ok,,
1602,,,,un33k__python-slugify.872b3750.33.clu7z9do,7,un33k__python-slugify.872b3750.33.clu7z9do,9530,true,109,366,0,0,0,0,0,,0,0,210000000,210000000,0,0,0,ok,,
1603,,,,un33k__python-slugify.872b3750.33.clu7z9do,8,un33k__python-slugify.872b3750.33.clu7z9do,10005,true,189,37,0,0,0,0,0,,0,0,240000000,240000000,0,0,0,ok,,
1604,,,,un33k__python-slugify.872b3750.33.clu7z9do,9,un33k__python-slugify.872b3750.33.clu7z9do,10231,true,18,579,0,0,0,0,0,,0,0,270000000,270000000,0,0,0,ok,,
1605,,,,un33k__python-slugify.872b3750.33.clu7z9do,10,un33k__python-slugify.872b3750.33.clu7z9do,10829,true,16,28,0,0,0,0,0,,0,0,300000000,300000000,0,0,0,ok,,
1606,,,,un33k__python-slugify.872b3750.33.clu7z9do,11,un33k__python-slugify.872b3750.33.clu7z9do,10874,true,134,223,0,0,0,0,0,,0,0,330000000,330000000,0,0,0,ok,,
1607,,,,un33k__python-slugify.872b3750.33.clu7z9do,12,un33k__python-slugify.872b3750.33.clu7z9do,11231,true,195,237,0,0,0,0,0,,0,0,360000000,360000000,0,0,0,ok,,
1608,,,,un33k__python-slugify.872b3750.33.clu7z9do,13,un33k__python-slugify.872b3750.33.clu7z9do,11664,true,196,312,0,0,0,0,0,,0,0,390000000,390000000,0,0,0,ok,,
1609,,,,un33k__python-slugify.872b3750.33.clu7z9do,14,un33k__python-slugify.872b3750.33.clu7z9do,12173,true,274,222,0,0,0,0,0,,0,0,420000000,420000000,0,0,0,ok,,
1610,,,,un33k__python-slugify.872b3750.33.clu7z9do,15,un33k__python-slugify.872b3750.33.clu7z9do,12669,true,223,31,0,0,0,0,0,,0,0,450000000,450000000,0,0,0,ok,,
1611,,,,un33k__python-slugify.872b3750.33.clu7z9do,16,un33k__python-slugify.872b3750.33.clu7z9do,12924,true,110,245,0,0,0,0,0,,0,0,480000000,480000000,0,0,0,ok,,
1612,,,,facebookresearch__hydra.0f03eb60.pr_2062.4v62d359,0,facebookresearch__hydra.0f03eb60.pr_2062.4v62d359,978,true,597,76,0,0,0,0,0,,0,0,0,0,0,0,0,ok,,
1613,,,,facebookresearch__hydra.0f03eb60.pr_2062.4v62d359,1,facebookresearch__hydra.0f03eb60.pr_2062.4v62d359,1651,true,921,61,0,0,0,0,0,,0,0,30000000,30000000,0,0,0,ok,,
1614,,,,facebookresearch__hydra.0f03eb60.pr_2062.4v62d359,2,facebookresearch__hydra.0f03eb60.pr_2062.4v62d359,2634,true,1254,59,0,0,0,0,0,,0,0,60000000,60000000,0,0,0,ok,,
1615,,,,facebookresearch__hydra.0f03eb60.pr_2062.4v62d359,3,facebookresearch__hydra.0f03eb60.pr_2062.4v62d359,3947,true,581,104,0,0,0,0,0,,0,0,90000000,90000000,0,0,0,ok,,
1616,,,,facebookresearch__hydra.0f03eb60.pr_2062.4v62d359,4,facebookresearch__hydra.0f03eb60.pr_2062.4v62d359,4633,true,16,30,0,0,0,0,0,,0,0,120000000,120000000,0,0,0,ok,,
1617,,,,facebookresearch__hydra.0f03eb60.pr_2062.4v62d359,5,facebookresearch__hydra.0f03eb60.pr_2062.4v62d359,4680,true,22,35,0,0,0,0,0,,0,0,150000000,150000000,0,0,0,ok,,
1618,,,,facebookresearch__hydra.0f03eb60.pr_2062.4v62d359,6,facebookresearch__hydra.0f03eb60.pr_2062.4v62d359,4737,true,458,27,0,0,0,0,0,,0,0,180000000,180000000,0,0,0,ok,,
1619,,,,facebookresearch__hydra.0f03eb60.pr_2062.4v62d359,7,facebookresearch__hydra.0f03eb60.pr_2062.4v62d359,5223,true,76,35,0,0,0,0,0,,0,0,210000000,210000000,0,0,0,ok,,
1620,,,,facebookresearch__hydra.0f03eb60.pr_2062.4v62d359,8,facebookresearch__hydra.0f03eb60.pr_2062.4v62d359,5335,true,13535,31,0,0,0,0,0,,0,0,240000000,240000000,0,0,0,ok,,
1621,,,,facebookresearch__hydra.0f03eb60.pr_2062.4v62d359,9,facebookresearch__hydra.0f03eb60.pr_2062.4v62d359,18902,true,103,104,0,0,0,0,0,,0,0,270000000,270000000,0,0,0,ok,,
1622,,,,facebookresearch__hydra.0f03eb60.pr_2062.4v62d359,10,facebookresearch__hydra.0f03eb60.pr_2062.4v62d359,19110,true,581,107,0,0,0,0,0,,0,0,300000000,300000000,0,0,0,ok,,
1623,,,,facebookresearch__hydra.0f03eb60.pr_2062.4v62d359,11,facebookresearch__hydra.0f03eb60.pr_2062.4v62d359,19798,true,50,1292,0,0,0,0,0,,0,0,330000000,330000000,0,0,0,ok,,
1624,,,,facebookresearch__hydra.0f03eb60.pr_2062.4v62d359,12,facebookresearch__hydra.0f03eb60.pr_2062.4v62d359,21141,true,764,92,0,0,0,0,0,,0,0,360000000,360000000,0,0,0,ok,,
1625,,,,facebookresearch__hydra.0f03eb60.pr_2062.4v62d359,13,facebookresearch__hydra.0f03eb60.pr_2062.4v62d359,21998,true,103,33,0,0,0,0,0,,0,0,390000000,390000000,0,0,0,ok,,
1626,,,,dbader__schedule.82a43db1.26.y98rfspv,0,dbader__schedule.82a43db1.26.y98rfspv,978,true,846,75,0,0,0,0,0,,0,0,0,0,0,0,0,ok,,
1627,,,,dbader__schedule.82a43db1.26.y98rfspv,1,dbader__schedule.82a43db1.26.y98rfspv,1900,true,239,57,0,0,0,0,0,,0,0,30000000,30000000,0,0,0,ok,,
1628,,,,dbader__schedule.82a43db1.26.y98rfspv,2,dbader__schedule.82a43db1.26.y98rfspv,2196,true,5101,41,0,0,0,0,0,,0,0,60000000,60000000,0,0,0,ok,,
1629,,,,dbader__schedule.82a43db1.26.y98rfspv,3,dbader__schedule.82a43db1.26.y98rfspv,7339,true,212,26,0,0,0,0,0,,0,0,90000000,90000000,0,0,0,ok,,
1630,,,,dbader__schedule.82a43db1.26.y98rfspv,4,dbader__schedule.82a43db1.26.y98rfspv,7578,true,381,25,0,0,0,0,0,,0,0,120000000,120000000,0,0,0,ok,,
1631,,,,dbader__schedule.82a43db1.26.y98rfspv,5,dbader__schedule.82a43db1.26.y98rfspv,7986,true,550,481,0,0,0,0,0,,0,0,150000000,150000000,0,0,0,ok,,
1632,,,,dbader__schedule.82a43db1.26.y98rfspv,6,dbader__schedule.82a43db1.26.y98rfspv,9017,true,17,32,0,0,0,0,0,,0,0,180000000,180000000,0,0,0,ok,,
1633,,,,dbader__schedule.82a43db1.26.y98rfspv,7,dbader__schedule.82a43db1.26.y98rfspv,9068,true,74,201,0,0,0,0,0,,0,0,210000000,210000000,0,0,0,ok,,
1634,,,,dbader__schedule.82a43db1.26.y98rfspv,8,dbader__schedule.82a43db1.26.y98rfspv,9344,true,95,209,0,0,0,0,0,,0,0,240000000,240000000,0,0,0,ok,,
1635,,,,dbader__schedule.82a43db1.26.y98rfspv,9,dbader__schedule.82a43db1.26.y98rfspv,9648,true,219,138,0,0,0,0,0,,0,0,270000000,270000000,0,0,0,ok,,
1636,,,,dbader__schedule.82a43db1.26.y98rfspv,10,dbader__schedule.82a43db1.26.y98rfspv,10006,true,176,156,0,0,0,0,0,,0,0,300000000,300000000,0,0,0,ok,,
1637,,,,dbader__schedule.82a43db1.26.y98rfspv,11,dbader__schedule.82a43db1.26.y98rfspv,10338,true,73,153,0,0,0,0,0,,0,0,330000000,330000000,0,0,0,ok,,
1638,,,,dbader__schedule.82a43db1.26.y98rfspv,12,dbader__schedule.82a43db1.26.y98rfspv,10565,true,176,637,0,0,0,0,0,,0,0,360000000,360000000,0,0,0,ok,,
1639,,,,dbader__schedule.82a43db1.26.y98rfspv,13,dbader__schedule.82a43db1.26.y98rfspv,11379,true,446,39,0,0,0,0,0,,0,0,390000000,390000000,0,0,0,ok,,
1640,,,,dbader__schedule.82a43db1.26.y98rfspv,14,dbader__schedule.82a43db1.26.y98rfspv,11865,true,81,47,0,0,0,0,0,,0,0,420000000,420000000,0,0,0,ok,,
1641,,,,dbader__schedule.82a43db1.26.y98rfspv,15,dbader__schedule.82a43db1.26.y98rfspv,11994,true,17,56,0,0,0,0,0,,0,0,450000000,450000000,0,0,0,ok,,
1642,,,,dbader__schedule.82a43db1.26.y98rfspv,16,dbader__schedule.82a43db1.26.y98rfspv,12068,true,253,68,0,0,0,0,0,,0,0,480000000,480000000,0,0,0,ok,,
1643,,,,dbader__schedule.82a43db1.26.y98rfspv,17,dbader__schedule.82a43db1.26.y98rfspv,12390,true,135,194,0,0,0,0,0,,0,0,510000000,510000000,0,0,0,ok,,
1644,,,,dbader__schedule.82a43db1.26.y98rfspv,18,dbader__schedule.82a43db1.26.y98rfspv,12721,true,230,31,0,0,0,0,0,,0,0,540000000,540000000,0,0,0,ok,,
1645,,,,dbader__schedule.82a43db1.26.y98rfspv,19,dbader__schedule.82a43db1.26.y98rfspv,12982,true,58,92,0,0,0,0,0,,0,0,570000000,570000000,0,0,0,ok,,
1646,,,,dbader__schedule.82a43db1.26.y98rfspv,20,dbader__schedule.82a43db1.26.y98rfspv,13133,true,276,57,0,0,0,0,0,,0,0,600000000,600000000,0,0,0,ok,,
1647,,,,dbader__schedule.82a43db1.26.y98rfspv,21,dbader__schedule.82a43db1.26.y98rfspv,13466,true,301,45,0,0,0,0,0,,0,0,630000000,630000000,0,0,0,ok,,
1648,,,,dbader__schedule.82a43db1.26.y98rfspv,22,dbader__schedule.82a43db1.26.y98rfspv,13812,true,279,45,0,0,0,0,0,,0,0,660000000,660000000,0,0,0,ok,,
1649,,,,dbader__schedule.82a43db1.26.y98rfspv,23,dbader__schedule.82a43db1.26.y98rfspv,14137,true,289,156,0,0,0,0,0,,0,0,690000000,690000000,0,0,0,ok,,
1650,,,,dbader__schedule.82a43db1.26.y98rfspv,24,dbader__schedule.82a43db1.26.y98rfspv,14583,true,175,37,0,0,0,0,0,,0,0,720000000,720000000,0,0,0,ok,,
1651,,,,dbader__schedule.82a43db1.26.y98rfspv,25,dbader__schedule.82a43db1.26.y98rfspv,14796,true,59,41,0,0,0,0,0,,0,0,750000000,750000000,0,0,0,ok,,
1652,,,,lincolnloop__python-qrcode.456b01d4.135.ldpab6ql,0,lincolnloop__python-qrcode.456b01d4.135.ldpab6ql,978,true,580,75,0,0,0,0,0,,0,0,0,0,0,0,0,ok,,
1653,,,,lincolnloop__python-qrcode.456b01d4.135.ldpab6ql,1,lincolnloop__python-qrcode.456b01d4.135.ldpab6ql,1634,true,181,72,0,0,0,0,0,,0,0,30000000,30000000,0,0,0,ok,,
1654,,,,lincolnloop__python-qrcode.456b01d4.135.ldpab6ql,2,lincolnloop__python-qrcode.456b01d4.135.ldpab6ql,1888,true,5185,40,0,0,0,0,0,,0,0,60000000,60000000,0,0,0,ok,,
1655,,,,lincolnloop__python-qrcode.456b01d4.135.ldpab6ql,3,lincolnloop__python-qrcode.456b01d4.135.ldpab6ql,7114,true,110,43,0,0,0,0,0,,0,0,90000000,90000000,0,0,0,ok,,
1656,,,,lincolnloop__python-qrcode.456b01d4.135.ldpab6ql,4,lincolnloop__python-qrcode.456b01d4.135.ldpab6ql,7268,true,157,366,0,0,0,0,0,,0,0,120000000,120000000,0,0,0,ok,,
1657,,,,lincolnloop__python-qrcode.456b01d4.135.ldpab6ql,5,lincolnloop__python-qrcode.456b01d4.135.ldpab6ql,7792,true,16,32,0,0,0,0,0,,0,0,150000000,150000000,0,0,0,ok,,
1658,,,,lincolnloop__python-qrcode.456b01d4.135.ldpab6ql,6,lincolnloop__python-qrcode.456b01d4.135.ldpab6ql,7840,true,13,262,0,0,0,0,0,,0,0,180000000,180000000,0,0,0,ok,,
1659,,,,lincolnloop__python-qrcode.456b01d4.135.ldpab6ql,7,lincolnloop__python-qrcode.456b01d4.135.ldpab6ql,8116,true,269,131,0,0,0,0,0,,0,0,210000000,210000000,0,0,0,ok,,
1660,,,,lincolnloop__python-qrcode.456b01d4.135.ldpab6ql,8,lincolnloop__python-qrcode.456b01d4.135.ldpab6ql,8517,true,13,298,0,0,0,0,0,,0,0,240000000,240000000,0,0,0,ok,,
1661,,,,lincolnloop__python-qrcode.456b01d4.135.ldpab6ql,9,lincolnloop__python-qrcode.456b01d4.135.ldpab6ql,8828,true,2469,275,0,0,0,0,0,,0,0,270000000,270000000,0,0,0,ok,,
1662,,,,lincolnloop__python-qrcode.456b01d4.135.ldpab6ql,10,lincolnloop__python-qrcode.456b01d4.135.ldpab6ql,11574,true,168,54,0,0,0,0,0,,0,0,300000000,300000000,0,0,0,ok,,
1663,,,,lincolnloop__python-qrcode.456b01d4.135.ldpab6ql,11,lincolnloop__python-qrcode.456b01d4.135.ldpab6ql,11797,true,94,361,0,0,0,0,0,,0,0,330000000,330000000,0,0,0,ok,,
1664,,,,lincolnloop__python-qrcode.456b01d4.135.ldpab6ql,12,lincolnloop__python-qrcode.456b01d4.135.ldpab6ql,12253,true,285,31,0,0,0,0,0,,0,0,360000000,360000000,0,0,0,ok,,
1665,,,,lincolnloop__python-qrcode.456b01d4.135.ldpab6ql,13,lincolnloop__python-qrcode.456b01d4.135.ldpab6ql,12569,true,13,545,0,0,0,0,0,,0,0,390000000,390000000,0,0,0,ok,,
1666,,,,lincolnloop__python-qrcode.456b01d4.135.ldpab6ql,14,lincolnloop__python-qrcode.456b01d4.135.ldpab6ql,13128,true,347,30,0,0,0,0,0,,0,0,420000000,420000000,0,0,0,ok,,
1667,,,,lincolnloop__python-qrcode.456b01d4.135.ldpab6ql,15,lincolnloop__python-qrcode.456b01d4.135.ldpab6ql,13505,true,13,499,0,0,0,0,0,,0,0,450000000,450000000,0,0,0,ok,,
1668,,,,lincolnloop__python-qrcode.456b01d4.135.ldpab6ql,16,lincolnloop__python-qrcode.456b01d4.135.ldpab6ql,14018,true,377,32,0,0,0,0,0,,0,0,480000000,480000000,0,0,0,ok,,
1669,,,,lincolnloop__python-qrcode.456b01d4.135.ldpab6ql,17,lincolnloop__python-qrcode.456b01d4.135.ldpab6ql,14427,true,13,336,0,0,0,0,0,,0,0,510000000,510000000,0,0,0,ok,,
1670,,,,lincolnloop__python-qrcode.456b01d4.135.ldpab6ql,18,lincolnloop__python-qrcode.456b01d4.135.ldpab6ql,14776,true,301,32,0,0,0,0,0,,0,0,540000000,540000000,0,0,0,ok,,
1671,,,,lincolnloop__python-qrcode.456b01d4.135.ldpab6ql,19,lincolnloop__python-qrcode.456b01d4.135.ldpab6ql,15110,true,13,332,0,0,0,0,0,,0,0,570000000,570000000,0,0,0,ok,,
1672,,,,lincolnloop__python-qrcode.456b01d4.135.ldpab6ql,20,lincolnloop__python-qrcode.456b01d4.135.ldpab6ql,15455,true,258,32,0,0,0,0,0,,0,0,600000000,600000000,0,0,0,ok,,
1673,,,,lincolnloop__python-qrcode.456b01d4.135.ldpab6ql,21,lincolnloop__python-qrcode.456b01d4.135.ldpab6ql,15746,true,13,438,0,0,0,0,0,,0,0,630000000,630000000,0,0,0,ok,,
1674,,,,lincolnloop__python-qrcode.456b01d4.135.ldpab6ql,22,lincolnloop__python-qrcode.456b01d4.135.ldpab6ql,16197,true,378,32,0,0,0,0,0,,0,0,660000000,660000000,0,0,0,ok,,
1675,,,,lincolnloop__python-qrcode.456b01d4.135.ldpab6ql,23,lincolnloop__python-qrcode.456b01d4.135.ldpab6ql,16608,true,13,614,0,0,0,0,0,,0,0,690000000,690000000,0,0,0,ok,,
1676,,,,lincolnloop__python-qrcode.456b01d4.135.ldpab6ql,24,lincolnloop__python-qrcode.456b01d4.135.ldpab6ql,17235,true,429,32,0,0,0,0,0,,0,0,720000000,720000000,0,0,0,ok,,
1677,,,,lincolnloop__python-qrcode.456b01d4.135.ldpab6ql,25,lincolnloop__python-qrcode.456b01d4.135.ldpab6ql,17696,true,13,814,0,0,0,0,0,,0,0,750000000,750000000,0,0,0,ok,,
1678,,,,lincolnloop__python-qrcode.456b01d4.135.ldpab6ql,26,lincolnloop__python-qrcode.456b01d4.135.ldpab6ql,18524,true,560,32,0,0,0,0,0,,0,0,780000000,780000000,0,0,0,ok,,
1679,,,,lincolnloop__python-qrcode.456b01d4.135.ldpab6ql,27,lincolnloop__python-qrcode.456b01d4.135.ldpab6ql,19116,true,15,37,0,0,0,0,0,,0,0,810000000,810000000,0,0,0,ok,,
1680,,,,mahmoud__boltons.3bfcfdd0.lm_rewrite__o3q1corl.31nskqa3,0,mahmoud__boltons.3bfcfdd0.lm_rewrite__o3q1corl.31nskqa3,978,true,666,100,0,0,0,0,0,,0,0,0,0,0,0,0,ok,,
1681,,,,mahmoud__boltons.3bfcfdd0.lm_rewrite__o3q1corl.31nskqa3,1,mahmoud__boltons.3bfcfdd0.lm_rewrite__o3q1corl.31nskqa3,1745,true,11,72,0,0,0,0,0,,0,0,30000000,30000000,0,0,0,ok,,
1682,,,,mahmoud__boltons.3bfcfdd0.lm_rewrite__o3q1corl.31nskqa3,2,mahmoud__boltons.3bfcfdd0.lm_rewrite__o3q1corl.31nskqa3,1829,true,4245,55,0,0,0,0,0,,0,0,60000000,60000000,0,0,0,ok,,
1683,,,,mahmoud__boltons.3bfcfdd0.lm_rewrite__o3q1corl.31nskqa3,3,mahmoud__boltons.3bfcfdd0.lm_rewrite__o3q1corl.31nskqa3,6130,true,127,63,0,0,0,0,0,,0,0,90000000,90000000,0,0,0,ok,,
1684,,,,mahmoud__boltons.3bfcfdd0.lm_rewrite__o3q1corl.31nskqa3,4,mahmoud__boltons.3bfcfdd0.lm_rewrite__o3q1corl.31nskqa3,6321,true,318,109,0,0,0,0,0,,0,0,120000000,120000000,0,0,0,ok,,
1685,,,,mahmoud__boltons.3bfcfdd0.lm_rewrite__o3q1corl.31nskqa3,5,mahmoud__boltons.3bfcfdd0.lm_rewrite__o3q1corl.31nskqa3,6748,true,11,57,0,0,0,0,0,,0,0,150000000,150000000,0,0,0,ok,,
1686,,,,mahmoud__boltons.3bfcfdd0.lm_rewrite__o3q1corl.31nskqa3,6,mahmoud__boltons.3bfcfdd0.lm_rewrite__o3q1corl.31nskqa3,6818,true,3844,163,0,0,0,0,0,,0,0,180000000,180000000,0,0,0,ok,,
1687,,,,mahmoud__boltons.3bfcfdd0.lm_rewrite__o3q1corl.31nskqa3,7,mahmoud__boltons.3bfcfdd0.lm_rewrite__o3q1corl.31nskqa3,10826,true,17,35,0,0,0,0,0,,0,0,210000000,210000000,0,0,0,ok,,
1688,,,,mahmoud__boltons.3bfcfdd0.lm_rewrite__o3q1corl.31nskqa3,8,mahmoud__boltons.3bfcfdd0.lm_rewrite__o3q1corl.31nskqa3,10879,true,12,226,0,0,0,0,0,,0,0,240000000,240000000,0,0,0,ok,,
1689,,,,mahmoud__boltons.3bfcfdd0.lm_rewrite__o3q1corl.31nskqa3,9,mahmoud__boltons.3bfcfdd0.lm_rewrite__o3q1corl.31nskqa3,11117,true,18,25,0,0,0,0,0,,0,0,270000000,270000000,0,0,0,ok,,
1690,,,,mahmoud__boltons.3bfcfdd0.lm_rewrite__o3q1corl.31nskqa3,10,mahmoud__boltons.3bfcfdd0.lm_rewrite__o3q1corl.31nskqa3,11161,true,48,282,0,0,0,0,0,,0,0,300000000,300000000,0,0,0,ok,,
1691,,,,mahmoud__boltons.3bfcfdd0.lm_rewrite__o3q1corl.31nskqa3,11,mahmoud__boltons.3bfcfdd0.lm_rewrite__o3q1corl.31nskqa3,11492,true,20,28,0,0,0,0,0,,0,0,330000000,330000000,0,0,0,ok,,
1692,,,,mahmoud__boltons.3bfcfdd0.lm_rewrite__o3q1corl.31nskqa3,12,mahmoud__boltons.3bfcfdd0.lm_rewrite__o3q1corl.31nskqa3,11541,true,37,253,0,0,0,0,0,,0,0,360000000,360000000,0,0,0,ok,,
1693,,,,mahmoud__boltons.3bfcfdd0.lm_rewrite__o3q1corl.31nskqa3,13,mahmoud__boltons.3bfcfdd0.lm_rewrite__o3q1corl.31nskqa3,11831,true,224,44,0,0,0,0,0,,0,0,390000000,390000000,0,0,0,ok,,
1694,,,,mahmoud__boltons.3bfcfdd0.lm_rewrite__o3q1corl.31nskqa3,14,mahmoud__boltons.3bfcfdd0.lm_rewrite__o3q1corl.31nskqa3,12101,true,37,227,0,0,0,0,0,,0,0,420000000,420000000,0,0,0,ok,,
1695,,,,mahmoud__boltons.3bfcfdd0.lm_rewrite__o3q1corl.31nskqa3,15,mahmoud__boltons.3bfcfdd0.lm_rewrite__o3q1corl.31nskqa3,12365,true,17,24,0,0,0,0,0,,0,0,450000000,450000000,0,0,0,ok,,
1696,,,,mahmoud__boltons.3bfcfdd0.lm_rewrite__o3q1corl.31nskqa3,16,mahmoud__boltons.3bfcfdd0.lm_rewrite__o3q1corl.31nskqa3,12407,true,34,230,0,0,0,0,0,,0,0,480000000,480000000,0,0,0,ok,,
1697,,,,mahmoud__boltons.3bfcfdd0.lm_rewrite__o3q1corl.31nskqa3,17,mahmoud__boltons.3bfcfdd0.lm_rewrite__o3q1corl.31nskqa3,12672,true,18,25,0,0,0,0,0,,0,0,510000000,510000000,0,0,0,ok,,
1698,,,,mahmoud__boltons.3bfcfdd0.lm_rewrite__o3q1corl.31nskqa3,18,mahmoud__boltons.3bfcfdd0.lm_rewrite__o3q1corl.31nskqa3,12715,true,27,215,0,0,0,0,0,,0,0,540000000,540000000,0,0,0,ok,,
1699,,,,mahmoud__boltons.3bfcfdd0.lm_rewrite__o3q1corl.31nskqa3,19,mahmoud__boltons.3bfcfdd0.lm_rewrite__o3q1corl.31nskqa3,12958,true,18,25,0,0,0,0,0,,0,0,570000000,570000000,0,0,0,ok,,
1700,,,,mahmoud__boltons.3bfcfdd0.lm_rewrite__o3q1corl.31nskqa3,20,mahmoud__boltons.3bfcfdd0.lm_rewrite__o3q1corl.31nskqa3,13001,true,27,86,0,0,0,0,0,,0,0,600000000,600000000,0,0,0,ok,,
1701,,,,mahmoud__boltons.3bfcfdd0.lm_rewrite__o3q1corl.31nskqa3,21,mahmoud__boltons.3bfcfdd0.lm_rewrite__o3q1corl.31nskqa3,13115,true,340,273,0,0,0,0,0,,0,0,630000000,630000000,0,0,0,ok,,
1702,,,,mahmoud__boltons.3bfcfdd0.lm_rewrite__o3q1corl.31nskqa3,22,mahmoud__boltons.3bfcfdd0.lm_rewrite__o3q1corl.31nskqa3,13730,true,1497,75,0,0,0,0,0,,0,0,660000000,660000000,0,0,0,ok,,
1703,,,,mahmoud__boltons.3bfcfdd0.lm_rewrite__o3q1corl.31nskqa3,23,mahmoud__boltons.3bfcfdd0.lm_rewrite__o3q1corl.31nskqa3,15302,true,15,7,0,0,0,0,0,,0,0,690000000,690000000,0,0,0,ok,,
1704,,,,tkrajina__gpxpy.09fc46b3.lm_rewrite__0m63cgpa.qslpahpb,0,tkrajina__gpxpy.09fc46b3.lm_rewrite__0m63cgpa.qslpahpb,978,true,865,110,0,0,0,0,0,,0,0,0,0,0,0,0,ok,,
1705,,,,tkrajina__gpxpy.09fc46b3.lm_rewrite__0m63cgpa.qslpahpb,1,tkrajina__gpxpy.09fc46b3.lm_rewrite__0m63cgpa.qslpahpb,1953,true,87,59,0,0,0,0,0,,0,0,30000000,30000000,0,0,0,ok,,
1706,,,,tkrajina__gpxpy.09fc46b3.lm_rewrite__0m63cgpa.qslpahpb,2,tkrajina__gpxpy.09fc46b3.lm_rewrite__0m63cgpa.qslpahpb,2100,true,4230,53,0,0,0,0,0,,0,0,60000000,60000000,0,0,0,ok,,
1707,,,,tkrajina__gpxpy.09fc46b3.lm_rewrite__0m63cgpa.qslpahpb,3,tkrajina__gpxpy.09fc46b3.lm_rewrite__0m63cgpa.qslpahpb,6384,true,250,74,0,0,0,0,0,,0,0,90000000,90000000,0,0,0,ok,,
1708,,,,tkrajina__gpxpy.09fc46b3.lm_rewrite__0m63cgpa.qslpahpb,4,tkrajina__gpxpy.09fc46b3.lm_rewrite__0m63cgpa.qslpahpb,6709,true,575,43,0,0,0,0,0,,0,0,120000000,120000000,0,0,0,ok,,
1709,,,,tkrajina__gpxpy.09fc46b3.lm_rewrite__0m63cgpa.qslpahpb,5,tkrajina__gpxpy.09fc46b3.lm_rewrite__0m63cgpa.qslpahpb,7328,true,242,43,0,0,0,0,0,,0,0,150000000,150000000,0,0,0,ok,,
1710,,,,tkrajina__gpxpy.09fc46b3.lm_rewrite__0m63cgpa.qslpahpb,6,tkrajina__gpxpy.09fc46b3.lm_rewrite__0m63cgpa.qslpahpb,7614,true,208,51,0,0,0,0,0,,0,0,180000000,180000000,0,0,0,ok,,
1711,,,,tkrajina__gpxpy.09fc46b3.lm_rewrite__0m63cgpa.qslpahpb,7,tkrajina__gpxpy.09fc46b3.lm_rewrite__0m63cgpa.qslpahpb,7874,true,1905,57,0,0,0,0,0,,0,0,210000000,210000000,0,0,0,ok,,
1712,,,,tkrajina__gpxpy.09fc46b3.lm_rewrite__0m63cgpa.qslpahpb,8,tkrajina__gpxpy.09fc46b3.lm_rewrite__0m63cgpa.qslpahpb,9836,true,438,43,0,0,0,0,0,,0,0,240000000,240000000,0,0,0,ok,,
1713,,,,tkrajina__gpxpy.09fc46b3.lm_rewrite__0m63cgpa.qslpahpb,9,tkrajina__gpxpy.09fc46b3.lm_rewrite__0m63cgpa.qslpahpb,10318,true,267,319,0,0,0,0,0,,0,0,270000000,270000000,0,0,0,ok,,
1714,,,,tkrajina__gpxpy.09fc46b3.lm_rewrite__0m63cgpa.qslpahpb,10,tkrajina__gpxpy.09fc46b3.lm_rewrite__0m63cgpa.qslpahpb,10904,true,17,43,0,0,0,0,0,,0,0,300000000,300000000,0,0,0,ok,,
1715,,,,tkrajina__gpxpy.09fc46b3.lm_rewrite__0m63cgpa.qslpahpb,11,tkrajina__gpxpy.09fc46b3.lm_rewrite__0m63cgpa.qslpahpb,10966,true,26,160,0,0,0,0,0,,0,0,330000000,330000000,0,0,0,ok,,
1716,,,,tkrajina__gpxpy.09fc46b3.lm_rewrite__0m63cgpa.qslpahpb,12,tkrajina__gpxpy.09fc46b3.lm_rewrite__0m63cgpa.qslpahpb,11152,true,218,119,0,0,0,0,0,,0,0,360000000,360000000,0,0,0,ok,,
1717,,,,tkrajina__gpxpy.09fc46b3.lm_rewrite__0m63cgpa.qslpahpb,13,tkrajina__gpxpy.09fc46b3.lm_rewrite__0m63cgpa.qslpahpb,11489,true,248,482,0,0,0,0,0,,0,0,390000000,390000000,0,0,0,ok,,
1718,,,,tkrajina__gpxpy.09fc46b3.lm_rewrite__0m63cgpa.qslpahpb,14,tkrajina__gpxpy.09fc46b3.lm_rewrite__0m63cgpa.qslpahpb,12220,true,269,489,0,0,0,0,0,,0,0,420000000,420000000,0,0,0,ok,,
1719,,,,tkrajina__gpxpy.09fc46b3.lm_rewrite__0m63cgpa.qslpahpb,15,tkrajina__gpxpy.09fc46b3.lm_rewrite__0m63cgpa.qslpahpb,12979,true,403,74,0,0,0,0,0,,0,0,450000000,450000000,0,0,0,ok,,
1720,,,,tkrajina__gpxpy.09fc46b3.lm_rewrite__0m63cgpa.qslpahpb,16,tkrajina__gpxpy.09fc46b3.lm_rewrite__0m63cgpa.qslpahpb,13457,true,488,141,0,0,0,0,0,,0,0,480000000,480000000,0,0,0,ok,,
1721,,,,tkrajina__gpxpy.09fc46b3.lm_rewrite__0m63cgpa.qslpahpb,17,tkrajina__gpxpy.09fc46b3.lm_rewrite__0m63cgpa.qslpahpb,14086,true,26,736,0,0,0,0,0,,0,0,510000000,510000000,0,0,0,ok,,
1722,,,,tkrajina__gpxpy.09fc46b3.lm_rewrite__0m63cgpa.qslpahpb,18,tkrajina__gpxpy.09fc46b3.lm_rewrite__0m63cgpa.qslpahpb,14849,true,17,32,0,0,0,0,0,,0,0,540000000,540000000,0,0,0,ok,,
1723,,,,tkrajina__gpxpy.09fc46b3.lm_rewrite__0m63cgpa.qslpahpb,19,tkrajina__gpxpy.09fc46b3.lm_rewrite__0m63cgpa.qslpahpb,14899,true,138,477,0,0,0,0,0,,0,0,570000000,570000000,0,0,0,ok,,
1724,,,,tkrajina__gpxpy.09fc46b3.lm_rewrite__0m63cgpa.qslpahpb,20,tkrajina__gpxpy.09fc46b3.lm_rewrite__0m63cgpa.qslpahpb,15515,true,1508,41,0,0,0,0,0,,0,0,600000000,600000000,0,0,0,ok,,
1725,,,,tkrajina__gpxpy.09fc46b3.lm_rewrite__0m63cgpa.qslpahpb,21,tkrajina__gpxpy.09fc46b3.lm_rewrite__0m63cgpa.qslpahpb,17065,true,15,7,0,0,0,0,0,,0,0,630000000,630000000,0,0,0,ok,,
1726,,,,PyCQA__flake8.cf1542ce.lm_rewrite__79ro1skp.23sxv31f,0,PyCQA__flake8.cf1542ce.lm_rewrite__79ro1skp.23sxv31f,978,true,629,74,0,0,0,0,0,,0,0,0,0,0,0,0,ok,,
1727,,,,PyCQA__flake8.cf1542ce.lm_rewrite__79ro1skp.23sxv31f,1,PyCQA__flake8.cf1542ce.lm_rewrite__79ro1skp.23sxv31f,1681,true,781,79,0,0,0,0,0,,0,0,30000000,30000000,0,0,0,ok,,
1728,,,,PyCQA__flake8.cf1542ce.lm_rewrite__79ro1skp.23sxv31f,2,PyCQA__flake8.cf1542ce.lm_rewrite__79ro1skp.23sxv31f,2541,true,1448,59,0,0,0,0,0,,0,0,60000000,60000000,0,0,0,ok,,
1729,,,,PyCQA__flake8.cf1542ce.lm_rewrite__79ro1skp.23sxv31f,3,PyCQA__flake8.cf1542ce.lm_rewrite__79ro1skp.23sxv31f,4049,true,3546,60,0,0,0,0,0,,0,0,90000000,90000000,0,0,0,ok,,
1730,,,,PyCQA__flake8.cf1542ce.lm_rewrite__79ro1skp.23sxv31f,4,PyCQA__flake8.cf1542ce.lm_rewrite__79ro1skp.23sxv31f,7655,true,628,354,0,0,0,0,0,,0,0,120000000,120000000,0,0,0,ok,,
1731,,,,PyCQA__flake8.cf1542ce.lm_rewrite__79ro1skp.23sxv31f,5,PyCQA__flake8.cf1542ce.lm_rewrite__79ro1skp.23sxv31f,8639,true,17,34,0,0,0,0,0,,0,0,150000000,150000000,0,0,0,ok,,
1732,,,,PyCQA__flake8.cf1542ce.lm_rewrite__79ro1skp.23sxv31f,6,PyCQA__flake8.cf1542ce.lm_rewrite__79ro1skp.23sxv31f,8691,true,37,1151,0,0,0,0,0,,0,0,180000000,180000000,0,0,0,ok,,
1733,,,,PyCQA__flake8.cf1542ce.lm_rewrite__79ro1skp.23sxv31f,7,PyCQA__flake8.cf1542ce.lm_rewrite__79ro1skp.23sxv31f,9880,true,678,422,0,0,0,0,0,,0,0,210000000,210000000,0,0,0,ok,,
1734,,,,PyCQA__flake8.cf1542ce.lm_rewrite__79ro1skp.23sxv31f,8,PyCQA__flake8.cf1542ce.lm_rewrite__79ro1skp.23sxv31f,10981,true,15,34,0,0,0,0,0,,0,0,240000000,240000000,0,0,0,ok,,
1735,,,,PyCQA__flake8.cf1542ce.lm_rewrite__79ro1skp.23sxv31f,9,PyCQA__flake8.cf1542ce.lm_rewrite__79ro1skp.23sxv31f,11031,true,41,648,0,0,0,0,0,,0,0,270000000,270000000,0,0,0,ok,,
1736,,,,PyCQA__flake8.cf1542ce.lm_rewrite__79ro1skp.23sxv31f,10,PyCQA__flake8.cf1542ce.lm_rewrite__79ro1skp.23sxv31f,11721,true,19,24,0,0,0,0,0,,0,0,300000000,300000000,0,0,0,ok,,
1737,,,,PyCQA__flake8.cf1542ce.lm_rewrite__79ro1skp.23sxv31f,11,PyCQA__flake8.cf1542ce.lm_rewrite__79ro1skp.23sxv31f,11765,true,42,665,0,0,0,0,0,,0,0,330000000,330000000,0,0,0,ok,,
1738,,,,PyCQA__flake8.cf1542ce.lm_rewrite__79ro1skp.23sxv31f,12,PyCQA__flake8.cf1542ce.lm_rewrite__79ro1skp.23sxv31f,12473,true,17,23,0,0,0,0,0,,0,0,360000000,360000000,0,0,0,ok,,
1739,,,,PyCQA__flake8.cf1542ce.lm_rewrite__79ro1skp.23sxv31f,13,PyCQA__flake8.cf1542ce.lm_rewrite__79ro1skp.23sxv31f,12514,true,91,1251,0,0,0,0,0,,0,0,390000000,390000000,0,0,0,ok,,
1740,,,,PyCQA__flake8.cf1542ce.lm_rewrite__79ro1skp.23sxv31f,14,PyCQA__flake8.cf1542ce.lm_rewrite__79ro1skp.23sxv31f,13857,true,820,271,0,0,0,0,0,,0,0,420000000,420000000,0,0,0,ok,,
1741,,,,PyCQA__flake8.cf1542ce.lm_rewrite__79ro1skp.23sxv31f,15,PyCQA__flake8.cf1542ce.lm_rewrite__79ro1skp.23sxv31f,14949,true,303,281,0,0,0,0,0,,0,0,450000000,450000000,0,0,0,ok,,
1742,,,,PyCQA__flake8.cf1542ce.lm_rewrite__79ro1skp.23sxv31f,16,PyCQA__flake8.cf1542ce.lm_rewrite__79ro1skp.23sxv31f,15534,true,261,41,0,0,0,0,0,,0,0,480000000,480000000,0,0,0,ok,,
1743,,,,PyCQA__flake8.cf1542ce.lm_rewrite__79ro1skp.23sxv31f,17,PyCQA__flake8.cf1542ce.lm_rewrite__79ro1skp.23sxv31f,15836,true,41,23,0,0,0,0,0,,0,0,510000000,510000000,0,0,0,ok,,
1744,,,,PyCQA__flake8.cf1542ce.lm_rewrite__79ro1skp.23sxv31f,18,PyCQA__flake8.cf1542ce.lm_rewrite__79ro1skp.23sxv31f,15901,true,91,616,0,0,0,0,0,,0,0,540000000,540000000,0,0,0,ok,,
1745,,,,PyCQA__flake8.cf1542ce.lm_rewrite__79ro1skp.23sxv31f,19,PyCQA__flake8.cf1542ce.lm_rewrite__79ro1skp.23sxv31f,16609,true,17,23,0,0,0,0,0,,0,0,570000000,570000000,0,0,0,ok,,
1746,,,,PyCQA__flake8.cf1542ce.lm_rewrite__79ro1skp.23sxv31f,20,PyCQA__flake8.cf1542ce.lm_rewrite__79ro1skp.23sxv31f,16650,true,91,317,0,0,0,0,0,,0,0,600000000,600000000,0,0,0,ok,,
1747,,,,PyCQA__flake8.cf1542ce.lm_rewrite__79ro1skp.23sxv31f,21,PyCQA__flake8.cf1542ce.lm_rewrite__79ro1skp.23sxv31f,17060,true,3543,61,0,0,0,0,0,,0,0,630000000,630000000,0,0,0,ok,,
1748,,,,PyCQA__flake8.cf1542ce.lm_rewrite__79ro1skp.23sxv31f,22,PyCQA__flake8.cf1542ce.lm_rewrite__79ro1skp.23sxv31f,20664,true,15,7,0,0,0,0,0,,0,0,660000000,660000000,0,0,0,ok,,
1749,,,,jd__tenacity.0d40e76f.97.0ogdx7b8,0,jd__tenacity.0d40e76f.97.0ogdx7b8,978,true,626,60,0,0,0,0,0,,0,0,0,0,0,0,0,ok,,
1750,,,,jd__tenacity.0d40e76f.97.0ogdx7b8,1,jd__tenacity.0d40e76f.97.0ogdx7b8,1664,true,552,43,0,0,0,0,0,,0,0,30000000,30000000,0,0,0,ok,,
1751,,,,jd__tenacity.0d40e76f.97.0ogdx7b8,2,jd__tenacity.0d40e76f.97.0ogdx7b8,2260,true,4272,43,0,0,0,0,0,,0,0,60000000,60000000,0,0,0,ok,,
1752,,,,jd__tenacity.0d40e76f.97.0ogdx7b8,3,jd__tenacity.0d40e76f.97.0ogdx7b8,6576,true,12,58,0,0,0,0,0,,0,0,90000000,90000000,0,0,0,ok,,
1753,,,,jd__tenacity.0d40e76f.97.0ogdx7b8,4,jd__tenacity.0d40e76f.97.0ogdx7b8,6647,true,194,60,0,0,0,0,0,,0,0,120000000,120000000,0,0,0,ok,,
1754,,,,jd__tenacity.0d40e76f.97.0ogdx7b8,5,jd__tenacity.0d40e76f.97.0ogdx7b8,6902,true,82,161,0,0,0,0,0,,0,0,150000000,150000000,0,0,0,ok,,
1755,,,,jd__tenacity.0d40e76f.97.0ogdx7b8,6,jd__tenacity.0d40e76f.97.0ogdx7b8,7145,true,16,35,0,0,0,0,0,,0,0,180000000,180000000,0,0,0,ok,,
1756,,,,jd__tenacity.0d40e76f.97.0ogdx7b8,7,jd__tenacity.0d40e76f.97.0ogdx7b8,7196,true,184,403,0,0,0,0,0,,0,0,210000000,210000000,0,0,0,ok,,
1757,,,,jd__tenacity.0d40e76f.97.0ogdx7b8,8,jd__tenacity.0d40e76f.97.0ogdx7b8,7784,true,16,31,0,0,0,0,0,,0,0,240000000,240000000,0,0,0,ok,,
1758,,,,jd__tenacity.0d40e76f.97.0ogdx7b8,9,jd__tenacity.0d40e76f.97.0ogdx7b8,7831,true,15,17,0,0,0,0,0,,0,0,270000000,270000000,0,0,0,ok,,
1759,,,,jd__tenacity.0d40e76f.97.0ogdx7b8,10,jd__tenacity.0d40e76f.97.0ogdx7b8,7863,true,561,83,0,0,0,0,0,,0,0,300000000,300000000,0,0,0,ok,,
1760,,,,tox-dev__pipdeptree.c31b6418.pr_318.hgx0q6fr,0,tox-dev__pipdeptree.c31b6418.pr_318.hgx0q6fr,978,true,352,78,0,0,0,0,0,,0,0,0,0,0,0,0,ok,,
1761,,,,tox-dev__pipdeptree.c31b6418.pr_318.hgx0q6fr,1,tox-dev__pipdeptree.c31b6418.pr_318.hgx0q6fr,1409,true,160,45,0,0,0,0,0,,0,0,30000000,30000000,0,0,0,ok,,
1762,,,,tox-dev__pipdeptree.c31b6418.pr_318.hgx0q6fr,2,tox-dev__pipdeptree.c31b6418.pr_318.hgx0q6fr,1615,true,232,99,0,0,0,0,0,,0,0,60000000,60000000,0,0,0,ok,,
1763,,,,tox-dev__pipdeptree.c31b6418.pr_318.hgx0q6fr,3,tox-dev__pipdeptree.c31b6418.pr_318.hgx0q6fr,1947,true,2254,46,0,0,0,0,0,,0,0,90000000,90000000,0,0,0,ok,,
1764,,,,tox-dev__pipdeptree.c31b6418.pr_318.hgx0q6fr,4,tox-dev__pipdeptree.c31b6418.pr_318.hgx0q6fr,4248,true,2614,45,0,0,0,0,0,,0,0,120000000,120000000,0,0,0,ok,,
1765,,,,tox-dev__pipdeptree.c31b6418.pr_318.hgx0q6fr,5,tox-dev__pipdeptree.c31b6418.pr_318.hgx0q6fr,6908,true,1498,320,0,0,0,0,0,,0,0,150000000,150000000,0,0,0,ok,,
1766,,,,tox-dev__pipdeptree.c31b6418.pr_318.hgx0q6fr,6,tox-dev__pipdeptree.c31b6418.pr_318.hgx0q6fr,8727,true,232,214,0,0,0,0,0,,0,0,180000000,180000000,0,0,0,ok,,
1767,,,,tox-dev__pipdeptree.c31b6418.pr_318.hgx0q6fr,7,tox-dev__pipdeptree.c31b6418.pr_318.hgx0q6fr,9175,true,283,222,0,0,0,0,0,,0,0,210000000,210000000,0,0,0,ok,,
1768,,,,tox-dev__pipdeptree.c31b6418.pr_318.hgx0q6fr,8,tox-dev__pipdeptree.c31b6418.pr_318.hgx0q6fr,9681,true,204,199,0,0,0,0,0,,0,0,240000000,240000000,0,0,0,ok,,
1769,,,,tox-dev__pipdeptree.c31b6418.pr_318.hgx0q6fr,9,tox-dev__pipdeptree.c31b6418.pr_318.hgx0q6fr,10084,true,224,437,0,0,0,0,0,,0,0,270000000,270000000,0,0,0,ok,,
1770,,,,tox-dev__pipdeptree.c31b6418.pr_318.hgx0q6fr,10,tox-dev__pipdeptree.c31b6418.pr_318.hgx0q6fr,10745,true,404,399,0,0,0,0,0,,0,0,300000000,300000000,0,0,0,ok,,
1771,,,,tox-dev__pipdeptree.c31b6418.pr_318.hgx0q6fr,11,tox-dev__pipdeptree.c31b6418.pr_318.hgx0q6fr,11548,true,385,460,0,0,0,0,0,,0,0,330000000,330000000,0,0,0,ok,,
1772,,,,tox-dev__pipdeptree.c31b6418.pr_318.hgx0q6fr,12,tox-dev__pipdeptree.c31b6418.pr_318.hgx0q6fr,12394,true,382,323,0,0,0,0,0,,0,0,360000000,360000000,0,0,0,ok,,
1773,,,,tox-dev__pipdeptree.c31b6418.pr_318.hgx0q6fr,13,tox-dev__pipdeptree.c31b6418.pr_318.hgx0q6fr,13100,true,319,544,0,0,0,0,0,,0,0,390000000,390000000,0,0,0,ok,,
1774,,,,tox-dev__pipdeptree.c31b6418.pr_318.hgx0q6fr,14,tox-dev__pipdeptree.c31b6418.pr_318.hgx0q6fr,13963,true,433,274,0,0,0,0,0,,0,0,420000000,420000000,0,0,0,ok,,
1775,,,,tox-dev__pipdeptree.c31b6418.pr_318.hgx0q6fr,15,tox-dev__pipdeptree.c31b6418.pr_318.hgx0q6fr,14671,true,16,31,0,0,0,0,0,,0,0,450000000,450000000,0,0,0,ok,,
1776,,,,tox-dev__pipdeptree.c31b6418.pr_318.hgx0q6fr,16,tox-dev__pipdeptree.c31b6418.pr_318.hgx0q6fr,14719,true,77,33,0,0,0,0,0,,0,0,480000000,480000000,0,0,0,ok,,
1777,,,,tox-dev__pipdeptree.c31b6418.pr_318.hgx0q6fr,17,tox-dev__pipdeptree.c31b6418.pr_318.hgx0q6fr,14829,true,443,33,0,0,0,0,0,,0,0,510000000,510000000,0,0,0,ok,,
1778,,,,tox-dev__pipdeptree.c31b6418.pr_318.hgx0q6fr,18,tox-dev__pipdeptree.c31b6418.pr_318.hgx0q6fr,15306,true,1014,165,0,0,0,0,0,,0,0,540000000,540000000,0,0,0,ok,,
1779,,,,tox-dev__pipdeptree.c31b6418.pr_318.hgx0q6fr,19,tox-dev__pipdeptree.c31b6418.pr_318.hgx0q6fr,16486,true,182,32,0,0,0,0,0,,0,0,570000000,570000000,0,0,0,ok,,
1780,,,,tox-dev__pipdeptree.c31b6418.pr_318.hgx0q6fr,20,tox-dev__pipdeptree.c31b6418.pr_318.hgx0q6fr,16700,true,1692,331,0,0,0,0,0,,0,0,600000000,600000000,0,0,0,ok,,
1781,,,,getmoto__moto.694ce1f4.pr_8348.o1kcis1k,0,getmoto__moto.694ce1f4.pr_8348.o1kcis1k,978,true,679,99,0,0,0,0,0,,0,0,0,0,0,0,0,ok,,
1782,,,,getmoto__moto.694ce1f4.pr_8348.o1kcis1k,1,getmoto__moto.694ce1f4.pr_8348.o1kcis1k,1757,true,185,66,0,0,0,0,0,,0,0,30000000,30000000,0,0,0,ok,,
1783,,,,getmoto__moto.694ce1f4.pr_8348.o1kcis1k,2,getmoto__moto.694ce1f4.pr_8348.o1kcis1k,2009,true,4623,59,0,0,0,0,0,,0,0,60000000,60000000,0,0,0,ok,,
1784,,,,getmoto__moto.694ce1f4.pr_8348.o1kcis1k,3,getmoto__moto.694ce1f4.pr_8348.o1kcis1k,6691,true,2862,55,0,0,0,0,0,,0,0,90000000,90000000,0,0,0,ok,,
1785,,,,getmoto__moto.694ce1f4.pr_8348.o1kcis1k,4,getmoto__moto.694ce1f4.pr_8348.o1kcis1k,9609,true,1452,336,0,0,0,0,0,,0,0,120000000,120000000,0,0,0,ok,,
1786,,,,getmoto__moto.694ce1f4.pr_8348.o1kcis1k,5,getmoto__moto.694ce1f4.pr_8348.o1kcis1k,11397,true,17,35,0,0,0,0,0,,0,0,150000000,150000000,0,0,0,ok,,
1787,,,,getmoto__moto.694ce1f4.pr_8348.o1kcis1k,6,getmoto__moto.694ce1f4.pr_8348.o1kcis1k,11450,true,395,195,0,0,0,0,0,,0,0,180000000,180000000,0,0,0,ok,,
1788,,,,getmoto__moto.694ce1f4.pr_8348.o1kcis1k,7,getmoto__moto.694ce1f4.pr_8348.o1kcis1k,12040,true,176,32,0,0,0,0,0,,0,0,210000000,210000000,0,0,0,ok,,
1789,,,,getmoto__moto.694ce1f4.pr_8348.o1kcis1k,8,getmoto__moto.694ce1f4.pr_8348.o1kcis1k,12249,true,121,1300,0,0,0,0,0,,0,0,240000000,240000000,0,0,0,ok,,
1790,,,,getmoto__moto.694ce1f4.pr_8348.o1kcis1k,9,getmoto__moto.694ce1f4.pr_8348.o1kcis1k,13670,true,846,424,0,0,0,0,0,,0,0,270000000,270000000,0,0,0,ok,,
1791,,,,getmoto__moto.694ce1f4.pr_8348.o1kcis1k,10,getmoto__moto.694ce1f4.pr_8348.o1kcis1k,14941,true,357,54,0,0,0,0,0,,0,0,300000000,300000000,0,0,0,ok,,
1792,,,,getmoto__moto.694ce1f4.pr_8348.o1kcis1k,11,getmoto__moto.694ce1f4.pr_8348.o1kcis1k,15352,true,158,821,0,0,0,0,0,,0,0,330000000,330000000,0,0,0,ok,,
1793,,,,getmoto__moto.694ce1f4.pr_8348.o1kcis1k,12,getmoto__moto.694ce1f4.pr_8348.o1kcis1k,16332,true,17,32,0,0,0,0,0,,0,0,360000000,360000000,0,0,0,ok,,
1794,,,,getmoto__moto.694ce1f4.pr_8348.o1kcis1k,13,getmoto__moto.694ce1f4.pr_8348.o1kcis1k,16383,true,368,1265,0,0,0,0,0,,0,0,390000000,390000000,0,0,0,ok,,
1795,,,,getmoto__moto.694ce1f4.pr_8348.o1kcis1k,14,getmoto__moto.694ce1f4.pr_8348.o1kcis1k,18017,true,852,322,0,0,0,0,0,,0,0,420000000,420000000,0,0,0,ok,,
1796,,,,getmoto__moto.694ce1f4.pr_8348.o1kcis1k,15,getmoto__moto.694ce1f4.pr_8348.o1kcis1k,19192,true,313,42,0,0,0,0,0,,0,0,450000000,450000000,0,0,0,ok,,
1797,,,,getmoto__moto.694ce1f4.pr_8348.o1kcis1k,16,getmoto__moto.694ce1f4.pr_8348.o1kcis1k,19548,true,370,539,0,0,0,0,0,,0,0,480000000,480000000,0,0,0,ok,,
1798,,,,getmoto__moto.694ce1f4.pr_8348.o1kcis1k,17,getmoto__moto.694ce1f4.pr_8348.o1kcis1k,20458,true,357,32,0,0,0,0,0,,0,0,510000000,510000000,0,0,0,ok,,
1799,,,,getmoto__moto.694ce1f4.pr_8348.o1kcis1k,18,getmoto__moto.694ce1f4.pr_8348.o1kcis1k,20847,true,1089,743,0,0,0,0,0,,0,0,540000000,540000000,0,0,0,ok,,
1800,,,,getmoto__moto.694ce1f4.pr_8348.o1kcis1k,19,getmoto__moto.694ce1f4.pr_8348.o1kcis1k,22681,true,485,330,0,0,0,0,0,,0,0,570000000,570000000,0,0,0,ok,,
1801,,,,getmoto__moto.694ce1f4.pr_8348.o1kcis1k,20,getmoto__moto.694ce1f4.pr_8348.o1kcis1k,23497,true,300,47,0,0,0,0,0,,0,0,600000000,600000000,0,0,0,ok,,
1802,,,,getmoto__moto.694ce1f4.pr_8348.o1kcis1k,21,getmoto__moto.694ce1f4.pr_8348.o1kcis1k,23845,true,1089,46,0,0,0,0,0,,0,0,630000000,630000000,0,0,0,ok,,
1803,,,,getmoto__moto.694ce1f4.pr_8348.o1kcis1k,22,getmoto__moto.694ce1f4.pr_8348.o1kcis1k,24981,true,158,274,0,0,0,0,0,,0,0,660000000,660000000,0,0,0,ok,,
1804,,,,getmoto__moto.694ce1f4.pr_8348.o1kcis1k,23,getmoto__moto.694ce1f4.pr_8348.o1kcis1k,25414,true,1951,41,0,0,0,0,0,,0,0,690000000,690000000,0,0,0,ok,,
1805,,,,getmoto__moto.694ce1f4.pr_8348.o1kcis1k,24,getmoto__moto.694ce1f4.pr_8348.o1kcis1k,27406,true,15,7,0,0,0,0,0,,0,0,720000000,720000000,0,0,0,ok,,
1806,,,,scrapy__scrapy.35212ec5.pr_5406.ve3tpuuk,0,scrapy__scrapy.35212ec5.pr_5406.ve3tpuuk,978,true,649,110,0,0,0,0,0,,0,0,0,0,0,0,0,ok,,
1807,,,,scrapy__scrapy.35212ec5.pr_5406.ve3tpuuk,1,scrapy__scrapy.35212ec5.pr_5406.ve3tpuuk,1738,true,15,32,0,0,0,0,0,,0,0,30000000,30000000,0,0,0,ok,,
1808,,,,scrapy__scrapy.35212ec5.pr_5406.ve3tpuuk,2,scrapy__scrapy.35212ec5.pr_5406.ve3tpuuk,1785,true,3711,59,0,0,0,0,0,,0,0,60000000,60000000,0,0,0,ok,,
1809,,,,scrapy__scrapy.35212ec5.pr_5406.ve3tpuuk,3,scrapy__scrapy.35212ec5.pr_5406.ve3tpuuk,5556,true,2272,57,0,0,0,0,0,,0,0,90000000,90000000,0,0,0,ok,,
1810,,,,scrapy__scrapy.35212ec5.pr_5406.ve3tpuuk,4,scrapy__scrapy.35212ec5.pr_5406.ve3tpuuk,7886,true,1698,203,0,0,0,0,0,,0,0,120000000,120000000,0,0,0,ok,,
1811,,,,scrapy__scrapy.35212ec5.pr_5406.ve3tpuuk,5,scrapy__scrapy.35212ec5.pr_5406.ve3tpuuk,9787,true,56,40,0,0,0,0,0,,0,0,150000000,150000000,0,0,0,ok,,
1812,,,,scrapy__scrapy.35212ec5.pr_5406.ve3tpuuk,6,scrapy__scrapy.35212ec5.pr_5406.ve3tpuuk,9884,true,468,63,0,0,0,0,0,,0,0,180000000,180000000,0,0,0,ok,,
1813,,,,scrapy__scrapy.35212ec5.pr_5406.ve3tpuuk,7,scrapy__scrapy.35212ec5.pr_5406.ve3tpuuk,10416,true,504,373,0,0,0,0,0,,0,0,210000000,210000000,0,0,0,ok,,
1814,,,,scrapy__scrapy.35212ec5.pr_5406.ve3tpuuk,8,scrapy__scrapy.35212ec5.pr_5406.ve3tpuuk,11294,true,17,34,0,0,0,0,0,,0,0,240000000,240000000,0,0,0,ok,,
1815,,,,scrapy__scrapy.35212ec5.pr_5406.ve3tpuuk,9,scrapy__scrapy.35212ec5.pr_5406.ve3tpuuk,11346,true,58,649,0,0,0,0,0,,0,0,270000000,270000000,0,0,0,ok,,
1816,,,,scrapy__scrapy.35212ec5.pr_5406.ve3tpuuk,10,scrapy__scrapy.35212ec5.pr_5406.ve3tpuuk,12054,true,529,32,0,0,0,0,0,,0,0,300000000,300000000,0,0,0,ok,,
1817,,,,scrapy__scrapy.35212ec5.pr_5406.ve3tpuuk,11,scrapy__scrapy.35212ec5.pr_5406.ve3tpuuk,12616,true,66,906,0,0,0,0,0,,0,0,330000000,330000000,0,0,0,ok,,
1818,,,,scrapy__scrapy.35212ec5.pr_5406.ve3tpuuk,12,scrapy__scrapy.35212ec5.pr_5406.ve3tpuuk,13588,true,635,32,0,0,0,0,0,,0,0,360000000,360000000,0,0,0,ok,,
1819,,,,scrapy__scrapy.35212ec5.pr_5406.ve3tpuuk,13,scrapy__scrapy.35212ec5.pr_5406.ve3tpuuk,14256,true,81,642,0,0,0,0,0,,0,0,390000000,390000000,0,0,0,ok,,
1820,,,,scrapy__scrapy.35212ec5.pr_5406.ve3tpuuk,14,scrapy__scrapy.35212ec5.pr_5406.ve3tpuuk,14980,true,436,1019,0,0,0,0,0,,0,0,420000000,420000000,0,0,0,ok,,
1821,,,,scrapy__scrapy.35212ec5.pr_5406.ve3tpuuk,15,scrapy__scrapy.35212ec5.pr_5406.ve3tpuuk,16436,true,637,36,0,0,0,0,0,,0,0,450000000,450000000,0,0,0,ok,,
1822,,,,scrapy__scrapy.35212ec5.pr_5406.ve3tpuuk,16,scrapy__scrapy.35212ec5.pr_5406.ve3tpuuk,17109,true,133,125,0,0,0,0,0,,0,0,480000000,480000000,0,0,0,ok,,
1823,,,,scrapy__scrapy.35212ec5.pr_5406.ve3tpuuk,17,scrapy__scrapy.35212ec5.pr_5406.ve3tpuuk,17368,true,103,705,0,0,0,0,0,,0,0,510000000,510000000,0,0,0,ok,,
1824,,,,scrapy__scrapy.35212ec5.pr_5406.ve3tpuuk,18,scrapy__scrapy.35212ec5.pr_5406.ve3tpuuk,18176,true,464,32,0,0,0,0,0,,0,0,540000000,540000000,0,0,0,ok,,
1825,,,,scrapy__scrapy.35212ec5.pr_5406.ve3tpuuk,19,scrapy__scrapy.35212ec5.pr_5406.ve3tpuuk,18673,true,149,103,0,0,0,0,0,,0,0,570000000,570000000,0,0,0,ok,,
1826,,,,scrapy__scrapy.35212ec5.pr_5406.ve3tpuuk,20,scrapy__scrapy.35212ec5.pr_5406.ve3tpuuk,18926,true,30,739,0,0,0,0,0,,0,0,600000000,600000000,0,0,0,ok,,
1827,,,,scrapy__scrapy.35212ec5.pr_5406.ve3tpuuk,21,scrapy__scrapy.35212ec5.pr_5406.ve3tpuuk,19696,true,662,38,0,0,0,0,0,,0,0,630000000,630000000,0,0,0,ok,,
1828,,,,scrapy__scrapy.35212ec5.pr_5406.ve3tpuuk,22,scrapy__scrapy.35212ec5.pr_5406.ve3tpuuk,20396,true,226,411,0,0,0,0,0,,0,0,660000000,660000000,0,0,0,ok,,
1829,,,,scrapy__scrapy.35212ec5.pr_5406.ve3tpuuk,23,scrapy__scrapy.35212ec5.pr_5406.ve3tpuuk,21033,true,251,45,0,0,0,0,0,,0,0,690000000,690000000,0,0,0,ok,,
1830,,,,scrapy__scrapy.35212ec5.pr_5406.ve3tpuuk,24,scrapy__scrapy.35212ec5.pr_5406.ve3tpuuk,21330,true,30,231,0,0,0,0,0,,0,0,720000000,720000000,0,0,0,ok,,
1831,,,,scrapy__scrapy.35212ec5.pr_5406.ve3tpuuk,25,scrapy__scrapy.35212ec5.pr_5406.ve3tpuuk,21592,true,25067,37,0,0,0,0,0,,0,0,750000000,750000000,0,0,0,ok,,
1832,,,,scrapy__scrapy.35212ec5.pr_5406.ve3tpuuk,26,scrapy__scrapy.35212ec5.pr_5406.ve3tpuuk,46697,true,15,7,0,0,0,0,0,,0,0,780000000,780000000,0,0,0,ok,,
1833,,,,pydantic__pydantic.acb0f10f.pr_7932.s1bj726t,0,pydantic__pydantic.acb0f10f.pr_7932.s1bj726t,978,true,908,84,0,0,0,0,0,,0,0,0,0,0,0,0,ok,,
1834,,,,pydantic__pydantic.acb0f10f.pr_7932.s1bj726t,1,pydantic__pydantic.acb0f10f.pr_7932.s1bj726t,1970,true,1268,97,0,0,0,0,0,,0,0,30000000,30000000,0,0,0,ok,,
1835,,,,pydantic__pydantic.acb0f10f.pr_7932.s1bj726t,2,pydantic__pydantic.acb0f10f.pr_7932.s1bj726t,3336,true,2059,51,0,0,0,0,0,,0,0,60000000,60000000,0,0,0,ok,,
1836,,,,pydantic__pydantic.acb0f10f.pr_7932.s1bj726t,3,pydantic__pydantic.acb0f10f.pr_7932.s1bj726t,5447,true,4245,52,0,0,0,0,0,,0,0,90000000,90000000,0,0,0,ok,,
1837,,,,pydantic__pydantic.acb0f10f.pr_7932.s1bj726t,4,pydantic__pydantic.acb0f10f.pr_7932.s1bj726t,9744,true,378,69,0,0,0,0,0,,0,0,120000000,120000000,0,0,0,ok,,
1838,,,,pydantic__pydantic.acb0f10f.pr_7932.s1bj726t,5,pydantic__pydantic.acb0f10f.pr_7932.s1bj726t,10191,true,915,75,0,0,0,0,0,,0,0,150000000,150000000,0,0,0,ok,,
1839,,,,pydantic__pydantic.acb0f10f.pr_7932.s1bj726t,6,pydantic__pydantic.acb0f10f.pr_7932.s1bj726t,11182,true,1211,148,0,0,0,0,0,,0,0,180000000,180000000,0,0,0,ok,,
1840,,,,pydantic__pydantic.acb0f10f.pr_7932.s1bj726t,7,pydantic__pydantic.acb0f10f.pr_7932.s1bj726t,12542,true,17,32,0,0,0,0,0,,0,0,210000000,210000000,0,0,0,ok,,
1841,,,,pydantic__pydantic.acb0f10f.pr_7932.s1bj726t,8,pydantic__pydantic.acb0f10f.pr_7932.s1bj726t,12591,true,59,33,0,0,0,0,0,,0,0,240000000,240000000,0,0,0,ok,,
1842,,,,pydantic__pydantic.acb0f10f.pr_7932.s1bj726t,9,pydantic__pydantic.acb0f10f.pr_7932.s1bj726t,12684,true,161,32,0,0,0,0,0,,0,0,270000000,270000000,0,0,0,ok,,
1843,,,,pydantic__pydantic.acb0f10f.pr_7932.s1bj726t,10,pydantic__pydantic.acb0f10f.pr_7932.s1bj726t,12878,true,135,31,0,0,0,0,0,,0,0,300000000,300000000,0,0,0,ok,,
1844,,,,pydantic__pydantic.acb0f10f.pr_7932.s1bj726t,11,pydantic__pydantic.acb0f10f.pr_7932.s1bj726t,13044,true,292,31,0,0,0,0,0,,0,0,330000000,330000000,0,0,0,ok,,
1845,,,,pydantic__pydantic.acb0f10f.pr_7932.s1bj726t,12,pydantic__pydantic.acb0f10f.pr_7932.s1bj726t,13369,true,406,32,0,0,0,0,0,,0,0,360000000,360000000,0,0,0,ok,,
1846,,,,pydantic__pydantic.acb0f10f.pr_7932.s1bj726t,13,pydantic__pydantic.acb0f10f.pr_7932.s1bj726t,13808,true,157,32,0,0,0,0,0,,0,0,390000000,390000000,0,0,0,ok,,
1847,,,,pydantic__pydantic.acb0f10f.pr_7932.s1bj726t,14,pydantic__pydantic.acb0f10f.pr_7932.s1bj726t,13998,true,575,455,0,0,0,0,0,,0,0,420000000,420000000,0,0,0,ok,,
1848,,,,pydantic__pydantic.acb0f10f.pr_7932.s1bj726t,15,pydantic__pydantic.acb0f10f.pr_7932.s1bj726t,15029,true,329,35,0,0,0,0,0,,0,0,450000000,450000000,0,0,0,ok,,
1849,,,,pydantic__pydantic.acb0f10f.pr_7932.s1bj726t,16,pydantic__pydantic.acb0f10f.pr_7932.s1bj726t,15393,true,15,328,0,0,0,0,0,,0,0,480000000,480000000,0,0,0,ok,,
1850,,,,pydantic__pydantic.acb0f10f.pr_7932.s1bj726t,17,pydantic__pydantic.acb0f10f.pr_7932.s1bj726t,15737,true,319,227,0,0,0,0,0,,0,0,510000000,510000000,0,0,0,ok,,
1851,,,,pydantic__pydantic.acb0f10f.pr_7932.s1bj726t,18,pydantic__pydantic.acb0f10f.pr_7932.s1bj726t,16284,true,17,31,0,0,0,0,0,,0,0,540000000,540000000,0,0,0,ok,,
1852,,,,pydantic__pydantic.acb0f10f.pr_7932.s1bj726t,19,pydantic__pydantic.acb0f10f.pr_7932.s1bj726t,16333,true,7,35,0,0,0,0,0,,0,0,570000000,570000000,0,0,0,ok,,
1853,,,,pydantic__pydantic.acb0f10f.func_pm_remove_assign__i1dypufs.g8yln6vw,0,pydantic__pydantic.acb0f10f.func_pm_remove_assign__i1dypufs.g8yln6vw,978,true,641,101,0,0,0,0,0,,0,0,0,0,0,0,0,ok,,
1854,,,,pydantic__pydantic.acb0f10f.func_pm_remove_assign__i1dypufs.g8yln6vw,1,pydantic__pydantic.acb0f10f.func_pm_remove_assign__i1dypufs.g8yln6vw,1721,true,25066,51,0,0,0,0,0,,0,0,30000000,30000000,0,0,0,ok,,
1855,,,,pydantic__pydantic.acb0f10f.func_pm_remove_assign__i1dypufs.g8yln6vw,2,pydantic__pydantic.acb0f10f.func_pm_remove_assign__i1dypufs.g8yln6vw,26839,true,2935,43,0,0,0,0,0,,0,0,60000000,60000000,0,0,0,ok,,
1856,,,,pydantic__pydantic.acb0f10f.func_pm_remove_assign__i1dypufs.g8yln6vw,3,pydantic__pydantic.acb0f10f.func_pm_remove_assign__i1dypufs.g8yln6vw,29818,true,806,49,0,0,0,0,0,,0,0,90000000,90000000,0,0,0,ok,,
1857,,,,pydantic__pydantic.acb0f10f.func_pm_remove_assign__i1dypufs.g8yln6vw,4,pydantic__pydantic.acb0f10f.func_pm_remove_assign__i1dypufs.g8yln6vw,30674,true,4257,43,0,0,0,0,0,,0,0,120000000,120000000,0,0,0,ok,,
1858,,,,pydantic__pydantic.acb0f10f.func_pm_remove_assign__i1dypufs.g8yln6vw,5,pydantic__pydantic.acb0f10f.func_pm_remove_assign__i1dypufs.g8yln6vw,34974,true,13,59,0,0,0,0,0,,0,0,150000000,150000000,0,0,0,ok,,
1859,,,,pydantic__pydantic.acb0f10f.func_pm_remove_assign__i1dypufs.g8yln6vw,6,pydantic__pydantic.acb0f10f.func_pm_remove_assign__i1dypufs.g8yln6vw,35047,true,648,57,0,0,0,0,0,,0,0,180000000,180000000,0,0,0,ok,,
1860,,,,pydantic__pydantic.acb0f10f.func_pm_remove_assign__i1dypufs.g8yln6vw,7,pydantic__pydantic.acb0f10f.func_pm_remove_assign__i1dypufs.g8yln6vw,35753,true,520,41,0,0,0,0,0,,0,0,210000000,210000000,0,0,0,ok,,
1861,,,,pydantic__pydantic.acb0f10f.func_pm_remove_assign__i1dypufs.g8yln6vw,8,pydantic__pydantic.acb0f10f.func_pm_remove_assign__i1dypufs.g8yln6vw,36315,true,17,45,0,0,0,0,0,,0,0,240000000,240000000,0,0,0,ok,,
1862,,,,pydantic__pydantic.acb0f10f.func_pm_remove_assign__i1dypufs.g8yln6vw,9,pydantic__pydantic.acb0f10f.func_pm_remove_assign__i1dypufs.g8yln6vw,36377,true,34,45,0,0,0,0,0,,0,0,270000000,270000000,0,0,0,ok,,
1863,,,,pydantic__pydantic.acb0f10f.func_pm_remove_assign__i1dypufs.g8yln6vw,10,pydantic__pydantic.acb0f10f.func_pm_remove_assign__i1dypufs.g8yln6vw,36457,true,502,43,0,0,0,0,0,,0,0,300000000,300000000,0,0,0,ok,,
1864,,,,pydantic__pydantic.acb0f10f.func_pm_remove_assign__i1dypufs.g8yln6vw,11,pydantic__pydantic.acb0f10f.func_pm_remove_assign__i1dypufs.g8yln6vw,37003,true,43,45,0,0,0,0,0,,0,0,330000000,330000000,0,0,0,ok,,
1865,,,,pydantic__pydantic.acb0f10f.func_pm_remove_assign__i1dypufs.g8yln6vw,12,pydantic__pydantic.acb0f10f.func_pm_remove_assign__i1dypufs.g8yln6vw,37092,true,155,226,0,0,0,0,0,,0,0,360000000,360000000,0,0,0,ok,,
1866,,,,pydantic__pydantic.acb0f10f.func_pm_remove_assign__i1dypufs.g8yln6vw,13,pydantic__pydantic.acb0f10f.func_pm_remove_assign__i1dypufs.g8yln6vw,37473,true,17,35,0,0,0,0,0,,0,0,390000000,390000000,0,0,0,ok,,
1867,,,,pydantic__pydantic.acb0f10f.func_pm_remove_assign__i1dypufs.g8yln6vw,14,pydantic__pydantic.acb0f10f.func_pm_remove_assign__i1dypufs.g8yln6vw,37527,true,137,40,0,0,0,0,0,,0,0,420000000,420000000,0,0,0,ok,,
1868,,,,pydantic__pydantic.acb0f10f.func_pm_remove_assign__i1dypufs.g8yln6vw,15,pydantic__pydantic.acb0f10f.func_pm_remove_assign__i1dypufs.g8yln6vw,37704,true,571,36,0,0,0,0,0,,0,0,450000000,450000000,0,0,0,ok,,
1869,,,,pydantic__pydantic.acb0f10f.func_pm_remove_assign__i1dypufs.g8yln6vw,16,pydantic__pydantic.acb0f10f.func_pm_remove_assign__i1dypufs.g8yln6vw,38312,true,250,33,0,0,0,0,0,,0,0,480000000,480000000,0,0,0,ok,,
1870,,,,pydantic__pydantic.acb0f10f.func_pm_remove_assign__i1dypufs.g8yln6vw,17,pydantic__pydantic.acb0f10f.func_pm_remove_assign__i1dypufs.g8yln6vw,38595,true,39,272,0,0,0,0,0,,0,0,510000000,510000000,0,0,0,ok,,
1871,,,,pydantic__pydantic.acb0f10f.func_pm_remove_assign__i1dypufs.g8yln6vw,18,pydantic__pydantic.acb0f10f.func_pm_remove_assign__i1dypufs.g8yln6vw,38907,true,251,50,0,0,0,0,0,,0,0,540000000,540000000,0,0,0,ok,,
1872,,,,pydantic__pydantic.acb0f10f.func_pm_remove_assign__i1dypufs.g8yln6vw,19,pydantic__pydantic.acb0f10f.func_pm_remove_assign__i1dypufs.g8yln6vw,39208,true,37,665,0,0,0,0,0,,0,0,570000000,570000000,0,0,0,ok,,
1873,,,,pydantic__pydantic.acb0f10f.func_pm_remove_assign__i1dypufs.g8yln6vw,20,pydantic__pydantic.acb0f10f.func_pm_remove_assign__i1dypufs.g8yln6vw,39912,true,607,41,0,0,0,0,0,,0,0,600000000,600000000,0,0,0,ok,,
1874,,,,pydantic__pydantic.acb0f10f.func_pm_remove_assign__i1dypufs.g8yln6vw,21,pydantic__pydantic.acb0f10f.func_pm_remove_assign__i1dypufs.g8yln6vw,40560,true,188,272,0,0,0,0,0,,0,0,630000000,630000000,0,0,0,ok,,
1875,,,,pydantic__pydantic.acb0f10f.func_pm_remove_assign__i1dypufs.g8yln6vw,22,pydantic__pydantic.acb0f10f.func_pm_remove_assign__i1dypufs.g8yln6vw,41022,true,211,32,0,0,0,0,0,,0,0,660000000,660000000,0,0,0,ok,,
1876,,,,pydantic__pydantic.acb0f10f.func_pm_remove_assign__i1dypufs.g8yln6vw,23,pydantic__pydantic.acb0f10f.func_pm_remove_assign__i1dypufs.g8yln6vw,41265,true,153,579,0,0,0,0,0,,0,0,690000000,690000000,0,0,0,ok,,
1877,,,,pydantic__pydantic.acb0f10f.func_pm_remove_assign__i1dypufs.g8yln6vw,24,pydantic__pydantic.acb0f10f.func_pm_remove_assign__i1dypufs.g8yln6vw,41998,true,448,32,0,0,0,0,0,,0,0,720000000,720000000,0,0,0,ok,,
1878,,,,pydantic__pydantic.acb0f10f.func_pm_remove_assign__i1dypufs.g8yln6vw,25,pydantic__pydantic.acb0f10f.func_pm_remove_assign__i1dypufs.g8yln6vw,42478,true,224,308,0,0,0,0,0,,0,0,750000000,750000000,0,0,0,ok,,
1879,,,,pydantic__pydantic.acb0f10f.func_pm_remove_assign__i1dypufs.g8yln6vw,26,pydantic__pydantic.acb0f10f.func_pm_remove_assign__i1dypufs.g8yln6vw,43011,true,1131,32,0,0,0,0,0,,0,0,780000000,780000000,0,0,0,ok,,
1880,,,,pydantic__pydantic.acb0f10f.func_pm_remove_assign__i1dypufs.g8yln6vw,27,pydantic__pydantic.acb0f10f.func_pm_remove_assign__i1dypufs.g8yln6vw,44175,true,15,7,0,0,0,0,0,,0,0,810000000,810000000,0,0,0,ok,,
1881,,,,life4__textdistance.c3aca916.func_pm_op_change__un97tc1d.a3h8grjk,0,life4__textdistance.c3aca916.func_pm_op_change__un97tc1d.a3h8grjk,978,true,519,99,0,0,0,0,0,,0,0,0,0,0,0,0,ok,,
1882,,,,life4__textdistance.c3aca916.func_pm_op_change__un97tc1d.a3h8grjk,1,life4__textdistance.c3aca916.func_pm_op_change__un97tc1d.a3h8grjk,1597,true,571,73,0,0,0,0,0,,0,0,30000000,30000000,0,0,0,ok,,
1883,,,,life4__textdistance.c3aca916.func_pm_op_change__un97tc1d.a3h8grjk,2,life4__textdistance.c3aca916.func_pm_op_change__un97tc1d.a3h8grjk,2241,true,229,49,0,0,0,0,0,,0,0,60000000,60000000,0,0,0,ok,,
1884,,,,life4__textdistance.c3aca916.func_pm_op_change__un97tc1d.a3h8grjk,3,life4__textdistance.c3aca916.func_pm_op_change__un97tc1d.a3h8grjk,2520,true,25,55,0,0,0,0,0,,0,0,90000000,90000000,0,0,0,ok,,
1885,,,,life4__textdistance.c3aca916.func_pm_op_change__un97tc1d.a3h8grjk,4,life4__textdistance.c3aca916.func_pm_op_change__un97tc1d.a3h8grjk,2600,true,3462,63,0,0,0,0,0,,0,0,120000000,120000000,0,0,0,ok,,
1886,,,,life4__textdistance.c3aca916.func_pm_op_change__un97tc1d.a3h8grjk,5,life4__textdistance.c3aca916.func_pm_op_change__un97tc1d.a3h8grjk,6125,true,459,56,0,0,0,0,0,,0,0,150000000,150000000,0,0,0,ok,,
1887,,,,life4__textdistance.c3aca916.func_pm_op_change__un97tc1d.a3h8grjk,6,life4__textdistance.c3aca916.func_pm_op_change__un97tc1d.a3h8grjk,6641,true,1990,58,0,0,0,0,0,,0,0,180000000,180000000,0,0,0,ok,,
1888,,,,life4__textdistance.c3aca916.func_pm_op_change__un97tc1d.a3h8grjk,7,life4__textdistance.c3aca916.func_pm_op_change__un97tc1d.a3h8grjk,8689,true,152,46,0,0,0,0,0,,0,0,210000000,210000000,0,0,0,ok,,
1889,,,,life4__textdistance.c3aca916.func_pm_op_change__un97tc1d.a3h8grjk,8,life4__textdistance.c3aca916.func_pm_op_change__un97tc1d.a3h8grjk,8889,true,97,150,0,0,0,0,0,,0,0,240000000,240000000,0,0,0,ok,,
1890,,,,life4__textdistance.c3aca916.func_pm_op_change__un97tc1d.a3h8grjk,9,life4__textdistance.c3aca916.func_pm_op_change__un97tc1d.a3h8grjk,9136,true,17,35,0,0,0,0,0,,0,0,270000000,270000000,0,0,0,ok,,
1891,,,,life4__textdistance.c3aca916.func_pm_op_change__un97tc1d.a3h8grjk,10,life4__textdistance.c3aca916.func_pm_op_change__un97tc1d.a3h8grjk,9189,true,26,613,0,0,0,0,0,,0,0,300000000,300000000,0,0,0,ok,,
1892,,,,life4__textdistance.c3aca916.func_pm_op_change__un97tc1d.a3h8grjk,11,life4__textdistance.c3aca916.func_pm_op_change__un97tc1d.a3h8grjk,9828,true,239,47,0,0,0,0,0,,0,0,330000000,330000000,0,0,0,ok,,
1893,,,,life4__textdistance.c3aca916.func_pm_op_change__un97tc1d.a3h8grjk,12,life4__textdistance.c3aca916.func_pm_op_change__un97tc1d.a3h8grjk,10115,true,26,62,0,0,0,0,0,,0,0,360000000,360000000,0,0,0,ok,,
1894,,,,life4__textdistance.c3aca916.func_pm_op_change__un97tc1d.a3h8grjk,13,life4__textdistance.c3aca916.func_pm_op_change__un97tc1d.a3h8grjk,10204,true,611,557,0,0,0,0,0,,0,0,390000000,390000000,0,0,0,ok,,
1895,,,,life4__textdistance.c3aca916.func_pm_op_change__un97tc1d.a3h8grjk,14,life4__textdistance.c3aca916.func_pm_op_change__un97tc1d.a3h8grjk,11372,true,299,44,0,0,0,0,0,,0,0,420000000,420000000,0,0,0,ok,,
1896,,,,life4__textdistance.c3aca916.func_pm_op_change__un97tc1d.a3h8grjk,15,life4__textdistance.c3aca916.func_pm_op_change__un97tc1d.a3h8grjk,11715,true,371,50,0,0,0,0,0,,0,0,450000000,450000000,0,0,0,ok,,
1897,,,,life4__textdistance.c3aca916.func_pm_op_change__un97tc1d.a3h8grjk,16,life4__textdistance.c3aca916.func_pm_op_change__un97tc1d.a3h8grjk,12136,true,26,598,0,0,0,0,0,,0,0,480000000,480000000,0,0,0,ok,,
1898,,,,life4__textdistance.c3aca916.func_pm_op_change__un97tc1d.a3h8grjk,17,life4__textdistance.c3aca916.func_pm_op_change__un97tc1d.a3h8grjk,12761,true,17,32,0,0,0,0,0,,0,0,510000000,510000000,0,0,0,ok,,
1899,,,,life4__textdistance.c3aca916.func_pm_op_change__un97tc1d.a3h8grjk,18,life4__textdistance.c3aca916.func_pm_op_change__un97tc1d.a3h8grjk,12811,true,80,499,0,0,0,0,0,,0,0,540000000,540000000,0,0,0,ok,,
1900,,,,life4__textdistance.c3aca916.func_pm_op_change__un97tc1d.a3h8grjk,19,life4__textdistance.c3aca916.func_pm_op_change__un97tc1d.a3h8grjk,13391,true,348,34,0,0,0,0,0,,0,0,570000000,570000000,0,0,0,ok,,
1901,,,,life4__textdistance.c3aca916.func_pm_op_change__un97tc1d.a3h8grjk,20,life4__textdistance.c3aca916.func_pm_op_change__un97tc1d.a3h8grjk,13773,true,80,100,0,0,0,0,0,,0,0,600000000,600000000,0,0,0,ok,,
1902,,,,life4__textdistance.c3aca916.func_pm_op_change__un97tc1d.a3h8grjk,21,life4__textdistance.c3aca916.func_pm_op_change__un97tc1d.a3h8grjk,13954,true,803,558,0,0,0,0,0,,0,0,630000000,630000000,0,0,0,ok,,
1903,,,,life4__textdistance.c3aca916.func_pm_op_change__un97tc1d.a3h8grjk,22,life4__textdistance.c3aca916.func_pm_op_change__un97tc1d.a3h8grjk,15317,true,415,38,0,0,0,0,0,,0,0,660000000,660000000,0,0,0,ok,,
1904,,,,life4__textdistance.c3aca916.func_pm_op_change__un97tc1d.a3h8grjk,23,life4__textdistance.c3aca916.func_pm_op_change__un97tc1d.a3h8grjk,15770,true,371,50,0,0,0,0,0,,0,0,690000000,690000000,0,0,0,ok,,
1905,,,,life4__textdistance.c3aca916.func_pm_op_change__un97tc1d.a3h8grjk,24,life4__textdistance.c3aca916.func_pm_op_change__un97tc1d.a3h8grjk,16192,true,26,55,0,0,0,0,0,,0,0,720000000,720000000,0,0,0,ok,,
1906,,,,life4__textdistance.c3aca916.func_pm_op_change__un97tc1d.a3h8grjk,25,life4__textdistance.c3aca916.func_pm_op_change__un97tc1d.a3h8grjk,16273,true,80,189,0,0,0,0,0,,0,0,750000000,750000000,0,0,0,ok,,
1907,,,,life4__textdistance.c3aca916.func_pm_op_change__un97tc1d.a3h8grjk,26,life4__textdistance.c3aca916.func_pm_op_change__un97tc1d.a3h8grjk,16543,true,1056,37,0,0,0,0,0,,0,0,780000000,780000000,0,0,0,ok,,
1908,,,,life4__textdistance.c3aca916.func_pm_op_change__un97tc1d.a3h8grjk,27,life4__textdistance.c3aca916.func_pm_op_change__un97tc1d.a3h8grjk,17637,true,15,13,0,0,0,0,0,,0,0,810000000,810000000,0,0,0,ok,,
1909,,,,iterative__dvc.1d6ea681.pr_9212.pv6aoek3,0,iterative__dvc.1d6ea681.pr_9212.pv6aoek3,978,true,472,77,0,0,0,0,0,,0,0,0,0,0,0,0,ok,,
1910,,,,iterative__dvc.1d6ea681.pr_9212.pv6aoek3,1,iterative__dvc.1d6ea681.pr_9212.pv6aoek3,1528,true,425,121,0,0,0,0,0,,0,0,30000000,30000000,0,0,0,ok,,
1911,,,,iterative__dvc.1d6ea681.pr_9212.pv6aoek3,2,iterative__dvc.1d6ea681.pr_9212.pv6aoek3,2075,true,60,53,0,0,0,0,0,,0,0,60000000,60000000,0,0,0,ok,,
1912,,,,iterative__dvc.1d6ea681.pr_9212.pv6aoek3,3,iterative__dvc.1d6ea681.pr_9212.pv6aoek3,2188,true,1983,55,0,0,0,0,0,,0,0,90000000,90000000,0,0,0,ok,,
1913,,,,iterative__dvc.1d6ea681.pr_9212.pv6aoek3,4,iterative__dvc.1d6ea681.pr_9212.pv6aoek3,4227,true,2577,181,0,0,0,0,0,,0,0,120000000,120000000,0,0,0,ok,,
1914,,,,iterative__dvc.1d6ea681.pr_9212.pv6aoek3,5,iterative__dvc.1d6ea681.pr_9212.pv6aoek3,6986,true,371,45,0,0,0,0,0,,0,0,150000000,150000000,0,0,0,ok,,
1915,,,,iterative__dvc.1d6ea681.pr_9212.pv6aoek3,6,iterative__dvc.1d6ea681.pr_9212.pv6aoek3,7402,true,277,255,0,0,0,0,0,,0,0,180000000,180000000,0,0,0,ok,,
1916,,,,iterative__dvc.1d6ea681.pr_9212.pv6aoek3,7,iterative__dvc.1d6ea681.pr_9212.pv6aoek3,7935,true,16,25,0,0,0,0,0,,0,0,210000000,210000000,0,0,0,ok,,
1917,,,,iterative__dvc.1d6ea681.pr_9212.pv6aoek3,8,iterative__dvc.1d6ea681.pr_9212.pv6aoek3,7976,true,11,901,0,0,0,0,0,,0,0,240000000,240000000,0,0,0,ok,,
1918,,,,iterative__dvc.1d6ea681.pr_9212.pv6aoek3,9,iterative__dvc.1d6ea681.pr_9212.pv6aoek3,8889,true,757,655,0,0,0,0,0,,0,0,270000000,270000000,0,0,0,ok,,
1919,,,,iterative__dvc.1d6ea681.pr_9212.pv6aoek3,10,iterative__dvc.1d6ea681.pr_9212.pv6aoek3,10301,true,490,435,0,0,0,0,0,,0,0,300000000,300000000,0,0,0,ok,,
1920,,,,iterative__dvc.1d6ea681.pr_9212.pv6aoek3,11,iterative__dvc.1d6ea681.pr_9212.pv6aoek3,11227,true,360,37,0,0,0,0,0,,0,0,330000000,330000000,0,0,0,ok,,
1921,,,,iterative__dvc.1d6ea681.pr_9212.pv6aoek3,12,iterative__dvc.1d6ea681.pr_9212.pv6aoek3,11626,true,10,580,0,0,0,0,0,,0,0,360000000,360000000,0,0,0,ok,,
1922,,,,iterative__dvc.1d6ea681.pr_9212.pv6aoek3,13,iterative__dvc.1d6ea681.pr_9212.pv6aoek3,12216,true,559,28,0,0,0,0,0,,0,0,390000000,390000000,0,0,0,ok,,
1923,,,,iterative__dvc.1d6ea681.pr_9212.pv6aoek3,14,iterative__dvc.1d6ea681.pr_9212.pv6aoek3,12805,true,216,276,0,0,0,0,0,,0,0,420000000,420000000,0,0,0,ok,,
1924,,,,cantools__cantools.0c6a7871.combine_file__1w4tyzon.rbvfrj8m,0,cantools__cantools.0c6a7871.combine_file__1w4tyzon.rbvfrj8m,978,true,606,113,0,0,0,0,0,,0,0,0,0,0,0,0,ok,,
1925,,,,cantools__cantools.0c6a7871.combine_file__1w4tyzon.rbvfrj8m,1,cantools__cantools.0c6a7871.combine_file__1w4tyzon.rbvfrj8m,1697,true,972,81,0,0,0,0,0,,0,0,30000000,30000000,0,0,0,ok,,
1926,,,,cantools__cantools.0c6a7871.combine_file__1w4tyzon.rbvfrj8m,2,cantools__cantools.0c6a7871.combine_file__1w4tyzon.rbvfrj8m,2750,true,1209,66,0,0,0,0,0,,0,0,60000000,60000000,0,0,0,ok,,
1927,,,,cantools__cantools.0c6a7871.combine_file__1w4tyzon.rbvfrj8m,3,cantools__cantools.0c6a7871.combine_file__1w4tyzon.rbvfrj8m,4025,true,1069,51,0,0,0,0,0,,0,0,90000000,90000000,0,0,0,ok,,
1928,,,,cantools__cantools.0c6a7871.combine_file__1w4tyzon.rbvfrj8m,4,cantools__cantools.0c6a7871.combine_file__1w4tyzon.rbvfrj8m,5146,true,2190,69,0,0,0,0,0,,0,0,120000000,120000000,0,0,0,ok,,
1929,,,,cantools__cantools.0c6a7871.combine_file__1w4tyzon.rbvfrj8m,5,cantools__cantools.0c6a7871.combine_file__1w4tyzon.rbvfrj8m,7406,true,398,50,0,0,0,0,0,,0,0,150000000,150000000,0,0,0,ok,,
1930,,,,cantools__cantools.0c6a7871.combine_file__1w4tyzon.rbvfrj8m,6,cantools__cantools.0c6a7871.combine_file__1w4tyzon.rbvfrj8m,7855,true,16,31,0,0,0,0,0,,0,0,180000000,180000000,0,0,0,ok,,
1931,,,,cantools__cantools.0c6a7871.combine_file__1w4tyzon.rbvfrj8m,7,cantools__cantools.0c6a7871.combine_file__1w4tyzon.rbvfrj8m,7902,true,11,55,0,0,0,0,0,,0,0,210000000,210000000,0,0,0,ok,,
1932,,,,cantools__cantools.0c6a7871.combine_file__1w4tyzon.rbvfrj8m,8,cantools__cantools.0c6a7871.combine_file__1w4tyzon.rbvfrj8m,7969,true,478,47,0,0,0,0,0,,0,0,240000000,240000000,0,0,0,ok,,
1933,,,,cantools__cantools.0c6a7871.combine_file__1w4tyzon.rbvfrj8m,9,cantools__cantools.0c6a7871.combine_file__1w4tyzon.rbvfrj8m,8495,true,641,47,0,0,0,0,0,,0,0,270000000,270000000,0,0,0,ok,,
1934,,,,cantools__cantools.0c6a7871.combine_file__1w4tyzon.rbvfrj8m,10,cantools__cantools.0c6a7871.combine_file__1w4tyzon.rbvfrj8m,9183,true,617,47,0,0,0,0,0,,0,0,300000000,300000000,0,0,0,ok,,
1935,,,,cantools__cantools.0c6a7871.combine_file__1w4tyzon.rbvfrj8m,11,cantools__cantools.0c6a7871.combine_file__1w4tyzon.rbvfrj8m,9849,true,530,47,0,0,0,0,0,,0,0,330000000,330000000,0,0,0,ok,,
1936,,,,cantools__cantools.0c6a7871.combine_file__1w4tyzon.rbvfrj8m,12,cantools__cantools.0c6a7871.combine_file__1w4tyzon.rbvfrj8m,10426,true,1627,54,0,0,0,0,0,,0,0,360000000,360000000,0,0,0,ok,,
1937,,,,cantools__cantools.0c6a7871.combine_file__1w4tyzon.rbvfrj8m,13,cantools__cantools.0c6a7871.combine_file__1w4tyzon.rbvfrj8m,12108,true,339,62,0,0,0,0,0,,0,0,390000000,390000000,0,0,0,ok,,
1938,,,,cantools__cantools.0c6a7871.combine_file__1w4tyzon.rbvfrj8m,14,cantools__cantools.0c6a7871.combine_file__1w4tyzon.rbvfrj8m,12510,true,607,478,0,0,0,0,0,,0,0,420000000,420000000,0,0,0,ok,,
1939,,,,cantools__cantools.0c6a7871.combine_file__1w4tyzon.rbvfrj8m,15,cantools__cantools.0c6a7871.combine_file__1w4tyzon.rbvfrj8m,13595,true,17,34,0,0,0,0,0,,0,0,450000000,450000000,0,0,0,ok,,
1940,,,,cantools__cantools.0c6a7871.combine_file__1w4tyzon.rbvfrj8m,16,cantools__cantools.0c6a7871.combine_file__1w4tyzon.rbvfrj8m,13647,true,38,183,0,0,0,0,0,,0,0,480000000,480000000,0,0,0,ok,,
1941,,,,cantools__cantools.0c6a7871.combine_file__1w4tyzon.rbvfrj8m,17,cantools__cantools.0c6a7871.combine_file__1w4tyzon.rbvfrj8m,13868,true,159,255,0,0,0,0,0,,0,0,510000000,510000000,0,0,0,ok,,
1942,,,,cantools__cantools.0c6a7871.combine_file__1w4tyzon.rbvfrj8m,18,cantools__cantools.0c6a7871.combine_file__1w4tyzon.rbvfrj8m,14284,true,249,278,0,0,0,0,0,,0,0,540000000,540000000,0,0,0,ok,,
1943,,,,cantools__cantools.0c6a7871.combine_file__1w4tyzon.rbvfrj8m,19,cantools__cantools.0c6a7871.combine_file__1w4tyzon.rbvfrj8m,14811,true,232,179,0,0,0,0,0,,0,0,570000000,570000000,0,0,0,ok,,
1944,,,,cantools__cantools.0c6a7871.combine_file__1w4tyzon.rbvfrj8m,20,cantools__cantools.0c6a7871.combine_file__1w4tyzon.rbvfrj8m,15222,true,173,52,0,0,0,0,0,,0,0,600000000,600000000,0,0,0,ok,,
1945,,,,cantools__cantools.0c6a7871.combine_file__1w4tyzon.rbvfrj8m,21,cantools__cantools.0c6a7871.combine_file__1w4tyzon.rbvfrj8m,15448,true,114,62,0,0,0,0,0,,0,0,630000000,630000000,0,0,0,ok,,
1946,,,,cantools__cantools.0c6a7871.combine_file__1w4tyzon.rbvfrj8m,22,cantools__cantools.0c6a7871.combine_file__1w4tyzon.rbvfrj8m,15626,true,50,1157,0,0,0,0,0,,0,0,660000000,660000000,0,0,0,ok,,
1947,,,,cantools__cantools.0c6a7871.combine_file__1w4tyzon.rbvfrj8m,23,cantools__cantools.0c6a7871.combine_file__1w4tyzon.rbvfrj8m,16833,true,17,31,0,0,0,0,0,,0,0,690000000,690000000,0,0,0,ok,,
1948,,,,cantools__cantools.0c6a7871.combine_file__1w4tyzon.rbvfrj8m,24,cantools__cantools.0c6a7871.combine_file__1w4tyzon.rbvfrj8m,16881,true,301,1531,0,0,0,0,0,,0,0,720000000,720000000,0,0,0,ok,,
1949,,,,cantools__cantools.0c6a7871.combine_file__1w4tyzon.rbvfrj8m,25,cantools__cantools.0c6a7871.combine_file__1w4tyzon.rbvfrj8m,18714,true,1013,33,0,0,0,0,0,,0,0,750000000,750000000,0,0,0,ok,,
1950,,,,cantools__cantools.0c6a7871.combine_file__1w4tyzon.rbvfrj8m,26,cantools__cantools.0c6a7871.combine_file__1w4tyzon.rbvfrj8m,19761,true,358,326,0,0,0,0,0,,0,0,780000000,780000000,0,0,0,ok,,
1951,,,,cantools__cantools.0c6a7871.combine_file__1w4tyzon.rbvfrj8m,27,cantools__cantools.0c6a7871.combine_file__1w4tyzon.rbvfrj8m,20445,true,2260,40,0,0,0,0,0,,0,0,810000000,810000000,0,0,0,ok,,
1952,,,,cantools__cantools.0c6a7871.combine_file__1w4tyzon.rbvfrj8m,28,cantools__cantools.0c6a7871.combine_file__1w4tyzon.rbvfrj8m,22745,true,15,13,0,0,0,0,0,,0,0,840000000,840000000,0,0,0,ok,,
1953,,,,kurtmckee__feedparser.cad965a3.pr_334.91lr429w,0,kurtmckee__feedparser.cad965a3.pr_334.91lr429w,978,true,617,112,0,0,0,0,0,,0,0,0,0,0,0,0,ok,,
1954,,,,kurtmckee__feedparser.cad965a3.pr_334.91lr429w,1,kurtmckee__feedparser.cad965a3.pr_334.91lr429w,1708,true,505,67,0,0,0,0,0,,0,0,30000000,30000000,0,0,0,ok,,
1955,,,,kurtmckee__feedparser.cad965a3.pr_334.91lr429w,2,kurtmckee__feedparser.cad965a3.pr_334.91lr429w,2281,true,835,60,0,0,0,0,0,,0,0,60000000,60000000,0,0,0,ok,,
1956,,,,kurtmckee__feedparser.cad965a3.pr_334.91lr429w,3,kurtmckee__feedparser.cad965a3.pr_334.91lr429w,3177,true,4440,230,0,0,0,0,0,,0,0,90000000,90000000,0,0,0,ok,,
1957,,,,kurtmckee__feedparser.cad965a3.pr_334.91lr429w,4,kurtmckee__feedparser.cad965a3.pr_334.91lr429w,7848,true,17,35,0,0,0,0,0,,0,0,120000000,120000000,0,0,0,ok,,
1958,,,,kurtmckee__feedparser.cad965a3.pr_334.91lr429w,5,kurtmckee__feedparser.cad965a3.pr_334.91lr429w,7901,true,98,210,0,0,0,0,0,,0,0,150000000,150000000,0,0,0,ok,,
1959,,,,kurtmckee__feedparser.cad965a3.pr_334.91lr429w,6,kurtmckee__feedparser.cad965a3.pr_334.91lr429w,8211,true,228,94,0,0,0,0,0,,0,0,180000000,180000000,0,0,0,ok,,
1960,,,,kurtmckee__feedparser.cad965a3.pr_334.91lr429w,7,kurtmckee__feedparser.cad965a3.pr_334.91lr429w,8533,true,4,432,0,0,0,0,0,,0,0,210000000,210000000,0,0,0,ok,,
1961,,,,kurtmckee__feedparser.cad965a3.pr_334.91lr429w,8,kurtmckee__feedparser.cad965a3.pr_334.91lr429w,8970,true,19,32,0,0,0,0,0,,0,0,240000000,240000000,0,0,0,ok,,
1962,,,,kurtmckee__feedparser.cad965a3.pr_334.91lr429w,9,kurtmckee__feedparser.cad965a3.pr_334.91lr429w,9022,true,49,79,0,0,0,0,0,,0,0,270000000,270000000,0,0,0,ok,,
1963,,,,kurtmckee__feedparser.cad965a3.pr_334.91lr429w,10,kurtmckee__feedparser.cad965a3.pr_334.91lr429w,9151,true,165,43,0,0,0,0,0,,0,0,300000000,300000000,0,0,0,ok,,
1964,,,,kurtmckee__feedparser.cad965a3.pr_334.91lr429w,11,kurtmckee__feedparser.cad965a3.pr_334.91lr429w,9360,true,364,60,0,0,0,0,0,,0,0,330000000,330000000,0,0,0,ok,,
1965,,,,kurtmckee__feedparser.cad965a3.pr_334.91lr429w,12,kurtmckee__feedparser.cad965a3.pr_334.91lr429w,9785,true,55,29,0,0,0,0,0,,0,0,360000000,360000000,0,0,0,ok,,
1966,,,,kurtmckee__feedparser.cad965a3.pr_334.91lr429w,13,kurtmckee__feedparser.cad965a3.pr_334.91lr429w,9870,true,40,168,0,0,0,0,0,,0,0,390000000,390000000,0,0,0,ok,,
1967,,,,kurtmckee__feedparser.cad965a3.pr_334.91lr429w,14,kurtmckee__feedparser.cad965a3.pr_334.91lr429w,10078,true,806,42,0,0,0,0,0,,0,0,420000000,420000000,0,0,0,ok,,
1968,,,,kurtmckee__feedparser.cad965a3.pr_334.91lr429w,15,kurtmckee__feedparser.cad965a3.pr_334.91lr429w,10926,true,15,13,0,0,0,0,0,,0,0,450000000,450000000,0,0,0,ok,,
1969,,,,facebookresearch__fvcore.a491d5b9.func_pm_ctrl_shuffle__qktgu5i3.isczqw0f,0,facebookresearch__fvcore.a491d5b9.func_pm_ctrl_shuffle__qktgu5i3.isczqw0f,978,true,615,98,0,0,0,0,0,,0,0,0,0,0,0,0,ok,,
1970,,,,facebookresearch__fvcore.a491d5b9.func_pm_ctrl_shuffle__qktgu5i3.isczqw0f,1,facebookresearch__fvcore.a491d5b9.func_pm_ctrl_shuffle__qktgu5i3.isczqw0f,1692,true,11,68,0,0,0,0,0,,0,0,30000000,30000000,0,0,0,ok,,
1971,,,,facebookresearch__fvcore.a491d5b9.func_pm_ctrl_shuffle__qktgu5i3.isczqw0f,2,facebookresearch__fvcore.a491d5b9.func_pm_ctrl_shuffle__qktgu5i3.isczqw0f,1772,true,2959,50,0,0,0,0,0,,0,0,60000000,60000000,0,0,0,ok,,
1972,,,,facebookresearch__fvcore.a491d5b9.func_pm_ctrl_shuffle__qktgu5i3.isczqw0f,3,facebookresearch__fvcore.a491d5b9.func_pm_ctrl_shuffle__qktgu5i3.isczqw0f,4781,true,23,49,0,0,0,0,0,,0,0,90000000,90000000,0,0,0,ok,,
1973,,,,facebookresearch__fvcore.a491d5b9.func_pm_ctrl_shuffle__qktgu5i3.isczqw0f,4,facebookresearch__fvcore.a491d5b9.func_pm_ctrl_shuffle__qktgu5i3.isczqw0f,4853,true,1423,140,0,0,0,0,0,,0,0,120000000,120000000,0,0,0,ok,,
1974,,,,facebookresearch__fvcore.a491d5b9.func_pm_ctrl_shuffle__qktgu5i3.isczqw0f,5,facebookresearch__fvcore.a491d5b9.func_pm_ctrl_shuffle__qktgu5i3.isczqw0f,6417,true,17,37,0,0,0,0,0,,0,0,150000000,150000000,0,0,0,ok,,
1975,,,,facebookresearch__fvcore.a491d5b9.func_pm_ctrl_shuffle__qktgu5i3.isczqw0f,6,facebookresearch__fvcore.a491d5b9.func_pm_ctrl_shuffle__qktgu5i3.isczqw0f,6471,true,137,392,0,0,0,0,0,,0,0,180000000,180000000,0,0,0,ok,,
1976,,,,facebookresearch__fvcore.a491d5b9.func_pm_ctrl_shuffle__qktgu5i3.isczqw0f,7,facebookresearch__fvcore.a491d5b9.func_pm_ctrl_shuffle__qktgu5i3.isczqw0f,7001,true,250,121,0,0,0,0,0,,0,0,210000000,210000000,0,0,0,ok,,
1977,,,,facebookresearch__fvcore.a491d5b9.func_pm_ctrl_shuffle__qktgu5i3.isczqw0f,8,facebookresearch__fvcore.a491d5b9.func_pm_ctrl_shuffle__qktgu5i3.isczqw0f,7373,true,7,346,0,0,0,0,0,,0,0,240000000,240000000,0,0,0,ok,,
1978,,,,facebookresearch__fvcore.a491d5b9.func_pm_ctrl_shuffle__qktgu5i3.isczqw0f,9,facebookresearch__fvcore.a491d5b9.func_pm_ctrl_shuffle__qktgu5i3.isczqw0f,7726,true,17,24,0,0,0,0,0,,0,0,270000000,270000000,0,0,0,ok,,
1979,,,,facebookresearch__fvcore.a491d5b9.func_pm_ctrl_shuffle__qktgu5i3.isczqw0f,10,facebookresearch__fvcore.a491d5b9.func_pm_ctrl_shuffle__qktgu5i3.isczqw0f,7768,true,25,344,0,0,0,0,0,,0,0,300000000,300000000,0,0,0,ok,,
1980,,,,facebookresearch__fvcore.a491d5b9.func_pm_ctrl_shuffle__qktgu5i3.isczqw0f,11,facebookresearch__fvcore.a491d5b9.func_pm_ctrl_shuffle__qktgu5i3.isczqw0f,8138,true,283,366,0,0,0,0,0,,0,0,330000000,330000000,0,0,0,ok,,
1981,,,,facebookresearch__fvcore.a491d5b9.func_pm_ctrl_shuffle__qktgu5i3.isczqw0f,12,facebookresearch__fvcore.a491d5b9.func_pm_ctrl_shuffle__qktgu5i3.isczqw0f,8788,true,18,25,0,0,0,0,0,,0,0,360000000,360000000,0,0,0,ok,,
1982,,,,facebookresearch__fvcore.a491d5b9.func_pm_ctrl_shuffle__qktgu5i3.isczqw0f,13,facebookresearch__fvcore.a491d5b9.func_pm_ctrl_shuffle__qktgu5i3.isczqw0f,8832,true,827,257,0,0,0,0,0,,0,0,390000000,390000000,0,0,0,ok,,
1983,,,,facebookresearch__fvcore.a491d5b9.func_pm_ctrl_shuffle__qktgu5i3.isczqw0f,14,facebookresearch__fvcore.a491d5b9.func_pm_ctrl_shuffle__qktgu5i3.isczqw0f,9917,true,213,32,0,0,0,0,0,,0,0,420000000,420000000,0,0,0,ok,,
1984,,,,facebookresearch__fvcore.a491d5b9.func_pm_ctrl_shuffle__qktgu5i3.isczqw0f,15,facebookresearch__fvcore.a491d5b9.func_pm_ctrl_shuffle__qktgu5i3.isczqw0f,10163,true,134,236,0,0,0,0,0,,0,0,450000000,450000000,0,0,0,ok,,
1985,,,,facebookresearch__fvcore.a491d5b9.func_pm_ctrl_shuffle__qktgu5i3.isczqw0f,16,facebookresearch__fvcore.a491d5b9.func_pm_ctrl_shuffle__qktgu5i3.isczqw0f,10534,true,6028,49,0,0,0,0,0,,0,0,480000000,480000000,0,0,0,ok,,
1986,,,,facebookresearch__fvcore.a491d5b9.func_pm_ctrl_shuffle__qktgu5i3.isczqw0f,17,facebookresearch__fvcore.a491d5b9.func_pm_ctrl_shuffle__qktgu5i3.isczqw0f,16611,true,15,7,0,0,0,0,0,,0,0,510000000,510000000,0,0,0,ok,,
1987,,,,seatgeek__thefuzz.8a05a3ee.lm_rewrite__8m940ky9.z4ujoc4e,0,seatgeek__thefuzz.8a05a3ee.lm_rewrite__8m940ky9.z4ujoc4e,978,true,504,76,0,0,0,0,0,,0,0,0,0,0,0,0,ok,,
1988,,,,seatgeek__thefuzz.8a05a3ee.lm_rewrite__8m940ky9.z4ujoc4e,1,seatgeek__thefuzz.8a05a3ee.lm_rewrite__8m940ky9.z4ujoc4e,1559,true,65,41,0,0,0,0,0,,0,0,30000000,30000000,0,0,0,ok,,
1989,,,,seatgeek__thefuzz.8a05a3ee.lm_rewrite__8m940ky9.z4ujoc4e,2,seatgeek__thefuzz.8a05a3ee.lm_rewrite__8m940ky9.z4ujoc4e,1666,true,147,73,0,0,0,0,0,,0,0,60000000,60000000,0,0,0,ok,,
1990,,,,seatgeek__thefuzz.8a05a3ee.lm_rewrite__8m940ky9.z4ujoc4e,3,seatgeek__thefuzz.8a05a3ee.lm_rewrite__8m940ky9.z4ujoc4e,1888,true,3584,54,0,0,0,0,0,,0,0,90000000,90000000,0,0,0,ok,,
1991,,,,seatgeek__thefuzz.8a05a3ee.lm_rewrite__8m940ky9.z4ujoc4e,4,seatgeek__thefuzz.8a05a3ee.lm_rewrite__8m940ky9.z4ujoc4e,5526,true,193,51,0,0,0,0,0,,0,0,120000000,120000000,0,0,0,ok,,
1992,,,,seatgeek__thefuzz.8a05a3ee.lm_rewrite__8m940ky9.z4ujoc4e,5,seatgeek__thefuzz.8a05a3ee.lm_rewrite__8m940ky9.z4ujoc4e,5771,true,1606,158,0,0,0,0,0,,0,0,150000000,150000000,0,0,0,ok,,
1993,,,,seatgeek__thefuzz.8a05a3ee.lm_rewrite__8m940ky9.z4ujoc4e,6,seatgeek__thefuzz.8a05a3ee.lm_rewrite__8m940ky9.z4ujoc4e,7536,true,17,34,0,0,0,0,0,,0,0,180000000,180000000,0,0,0,ok,,
1994,,,,seatgeek__thefuzz.8a05a3ee.lm_rewrite__8m940ky9.z4ujoc4e,7,seatgeek__thefuzz.8a05a3ee.lm_rewrite__8m940ky9.z4ujoc4e,7588,true,27,523,0,0,0,0,0,,0,0,210000000,210000000,0,0,0,ok,,
1995,,,,seatgeek__thefuzz.8a05a3ee.lm_rewrite__8m940ky9.z4ujoc4e,8,seatgeek__thefuzz.8a05a3ee.lm_rewrite__8m940ky9.z4ujoc4e,8139,true,213,38,0,0,0,0,0,,0,0,240000000,240000000,0,0,0,ok,,
1996,,,,seatgeek__thefuzz.8a05a3ee.lm_rewrite__8m940ky9.z4ujoc4e,9,seatgeek__thefuzz.8a05a3ee.lm_rewrite__8m940ky9.z4ujoc4e,8391,true,25,617,0,0,0,0,0,,0,0,270000000,270000000,0,0,0,ok,,
1997,,,,seatgeek__thefuzz.8a05a3ee.lm_rewrite__8m940ky9.z4ujoc4e,10,seatgeek__thefuzz.8a05a3ee.lm_rewrite__8m940ky9.z4ujoc4e,9033,true,17,31,0,0,0,0,0,,0,0,300000000,300000000,0,0,0,ok,,
1998,,,,seatgeek__thefuzz.8a05a3ee.lm_rewrite__8m940ky9.z4ujoc4e,11,seatgeek__thefuzz.8a05a3ee.lm_rewrite__8m940ky9.z4ujoc4e,9081,true,565,301,0,0,0,0,0,,0,0,330000000,330000000,0,0,0,ok,,
1999,,,,seatgeek__thefuzz.8a05a3ee.lm_rewrite__8m940ky9.z4ujoc4e,12,seatgeek__thefuzz.8a05a3ee.lm_rewrite__8m940ky9.z4ujoc4e,9948,true,1064,40,0,0,0,0,0,,0,0,360000000,360000000,0,0,0,ok,,
2000,,,,seatgeek__thefuzz.8a05a3ee.lm_rewrite__8m940ky9.z4ujoc4e,13,seatgeek__thefuzz.8a05a3ee.lm_rewrite__8m940ky9.z4ujoc4e,11053,true,15,13,0,0,0,0,0,,0,0,390000000,390000000,0,0,0,ok,,
2001,,,,pygments__pygments.27649ebb.lm_rewrite__0qeog39g.sq9az265,0,pygments__pygments.27649ebb.lm_rewrite__0qeog39g.sq9az265,978,true,861,89,0,0,0,0,0,,0,0,0,0,0,0,0,ok,,
2002,,,,pygments__pygments.27649ebb.lm_rewrite__0qeog39g.sq9az265,1,pygments__pygments.27649ebb.lm_rewrite__0qeog39g.sq9az265,1929,true,33,66,0,0,0,0,0,,0,0,30000000,30000000,0,0,0,ok,,
2003,,,,pygments__pygments.27649ebb.lm_rewrite__0qeog39g.sq9az265,2,pygments__pygments.27649ebb.lm_rewrite__0qeog39g.sq9az265,2030,true,3339,63,0,0,0,0,0,,0,0,60000000,60000000,0,0,0,ok,,
2004,,,,pygments__pygments.27649ebb.lm_rewrite__0qeog39g.sq9az265,3,pygments__pygments.27649ebb.lm_rewrite__0qeog39g.sq9az265,5433,true,4368,55,0,0,0,0,0,,0,0,90000000,90000000,0,0,0,ok,,
2005,,,,pygments__pygments.27649ebb.lm_rewrite__0qeog39g.sq9az265,4,pygments__pygments.27649ebb.lm_rewrite__0qeog39g.sq9az265,9857,true,9,31,0,0,0,0,0,,0,0,120000000,120000000,0,0,0,ok,,
2006,,,,pygments__pygments.27649ebb.lm_rewrite__0qeog39g.sq9az265,5,pygments__pygments.27649ebb.lm_rewrite__0qeog39g.sq9az265,9898,true,7,32,0,0,0,0,0,,0,0,150000000,150000000,0,0,0,ok,,
2007,,,,pygments__pygments.27649ebb.lm_rewrite__0qeog39g.sq9az265,6,pygments__pygments.27649ebb.lm_rewrite__0qeog39g.sq9az265,9938,true,8,33,0,0,0,0,0,,0,0,180000000,180000000,0,0,0,ok,,
2008,,,,pygments__pygments.27649ebb.lm_rewrite__0qeog39g.sq9az265,7,pygments__pygments.27649ebb.lm_rewrite__0qeog39g.sq9az265,9980,true,9,54,0,0,0,0,0,,0,0,210000000,210000000,0,0,0,ok,,
2009,,,,pygments__pygments.27649ebb.lm_rewrite__0qeog39g.sq9az265,8,pygments__pygments.27649ebb.lm_rewrite__0qeog39g.sq9az265,10043,true,665,240,0,0,0,0,0,,0,0,240000000,240000000,0,0,0,ok,,
2010,,,,pygments__pygments.27649ebb.lm_rewrite__0qeog39g.sq9az265,9,pygments__pygments.27649ebb.lm_rewrite__0qeog39g.sq9az265,10949,true,17,37,0,0,0,0,0,,0,0,270000000,270000000,0,0,0,ok,,
2011,,,,pygments__pygments.27649ebb.lm_rewrite__0qeog39g.sq9az265,10,pygments__pygments.27649ebb.lm_rewrite__0qeog39g.sq9az265,11004,true,710,621,0,0,0,0,0,,0,0,300000000,300000000,0,0,0,ok,,
2012,,,,pygments__pygments.27649ebb.lm_rewrite__0qeog39g.sq9az265,11,pygments__pygments.27649ebb.lm_rewrite__0qeog39g.sq9az265,12336,true,400,46,0,0,0,0,0,,0,0,330000000,330000000,0,0,0,ok,,
2013,,,,pygments__pygments.27649ebb.lm_rewrite__0qeog39g.sq9az265,12,pygments__pygments.27649ebb.lm_rewrite__0qeog39g.sq9az265,12782,true,1196,1305,0,0,0,0,0,,0,0,360000000,360000000,0,0,0,ok,,
2014,,,,pygments__pygments.27649ebb.lm_rewrite__0qeog39g.sq9az265,13,pygments__pygments.27649ebb.lm_rewrite__0qeog39g.sq9az265,15284,true,742,114,0,0,0,0,0,,0,0,390000000,390000000,0,0,0,ok,,
2015,,,,pygments__pygments.27649ebb.lm_rewrite__0qeog39g.sq9az265,14,pygments__pygments.27649ebb.lm_rewrite__0qeog39g.sq9az265,16142,true,1229,484,0,0,0,0,0,,0,0,420000000,420000000,0,0,0,ok,,
2016,,,,pygments__pygments.27649ebb.lm_rewrite__0qeog39g.sq9az265,15,pygments__pygments.27649ebb.lm_rewrite__0qeog39g.sq9az265,17856,true,16,31,0,0,0,0,0,,0,0,450000000,450000000,0,0,0,ok,,
2017,,,,pygments__pygments.27649ebb.lm_rewrite__0qeog39g.sq9az265,16,pygments__pygments.27649ebb.lm_rewrite__0qeog39g.sq9az265,17903,true,1376,368,0,0,0,0,0,,0,0,480000000,480000000,0,0,0,ok,,
2018,,,,pygments__pygments.27649ebb.lm_rewrite__0qeog39g.sq9az265,17,pygments__pygments.27649ebb.lm_rewrite__0qeog39g.sq9az265,19648,true,16,29,0,0,0,0,0,,0,0,510000000,510000000,0,0,0,ok,,
2019,,,,pygments__pygments.27649ebb.lm_rewrite__0qeog39g.sq9az265,18,pygments__pygments.27649ebb.lm_rewrite__0qeog39g.sq9az265,19694,true,734,294,0,0,0,0,0,,0,0,540000000,540000000,0,0,0,ok,,
2020,,,,pygments__pygments.27649ebb.lm_rewrite__0qeog39g.sq9az265,19,pygments__pygments.27649ebb.lm_rewrite__0qeog39g.sq9az265,20722,true,1369,46,0,0,0,0,0,,0,0,570000000,570000000,0,0,0,ok,,
2021,,,,pygments__pygments.27649ebb.lm_rewrite__0qeog39g.sq9az265,20,pygments__pygments.27649ebb.lm_rewrite__0qeog39g.sq9az265,22138,true,15,7,0,0,0,0,0,,0,0,600000000,600000000,0,0,0,ok,,
2022,,,,pandas-dev__pandas.95280573.pr_50331.tlhhsf4k,0,pandas-dev__pandas.95280573.pr_50331.tlhhsf4k,978,true,381,67,0,0,0,0,0,,0,0,0,0,0,0,0,ok,,
2023,,,,pandas-dev__pandas.95280573.pr_50331.tlhhsf4k,1,pandas-dev__pandas.95280573.pr_50331.tlhhsf4k,1427,true,742,69,0,0,0,0,0,,0,0,30000000,30000000,0,0,0,ok,,
2024,,,,pandas-dev__pandas.95280573.pr_50331.tlhhsf4k,2,pandas-dev__pandas.95280573.pr_50331.tlhhsf4k,2239,true,3880,64,0,0,0,0,0,,0,0,60000000,60000000,0,0,0,ok,,
2025,,,,pandas-dev__pandas.95280573.pr_50331.tlhhsf4k,3,pandas-dev__pandas.95280573.pr_50331.tlhhsf4k,6183,true,165,225,0,0,0,0,0,,0,0,90000000,90000000,0,0,0,ok,,
2026,,,,pandas-dev__pandas.95280573.pr_50331.tlhhsf4k,4,pandas-dev__pandas.95280573.pr_50331.tlhhsf4k,6574,true,17,31,0,0,0,0,0,,0,0,120000000,120000000,0,0,0,ok,,
2027,,,,pandas-dev__pandas.95280573.pr_50331.tlhhsf4k,5,pandas-dev__pandas.95280573.pr_50331.tlhhsf4k,6623,true,320,42,0,0,0,0,0,,0,0,150000000,150000000,0,0,0,ok,,
2028,,,,pandas-dev__pandas.95280573.pr_50331.tlhhsf4k,6,pandas-dev__pandas.95280573.pr_50331.tlhhsf4k,6985,true,639,38,0,0,0,0,0,,0,0,180000000,180000000,0,0,0,ok,,
2029,,,,pandas-dev__pandas.95280573.pr_50331.tlhhsf4k,7,pandas-dev__pandas.95280573.pr_50331.tlhhsf4k,7663,true,32,39,0,0,0,0,0,,0,0,210000000,210000000,0,0,0,ok,,
2030,,,,pandas-dev__pandas.95280573.pr_50331.tlhhsf4k,8,pandas-dev__pandas.95280573.pr_50331.tlhhsf4k,7734,true,304,37,0,0,0,0,0,,0,0,240000000,240000000,0,0,0,ok,,
2031,,,,pandas-dev__pandas.95280573.pr_50331.tlhhsf4k,9,pandas-dev__pandas.95280573.pr_50331.tlhhsf4k,8075,true,42,416,0,0,0,0,0,,0,0,270000000,270000000,0,0,0,ok,,
2032,,,,pandas-dev__pandas.95280573.pr_50331.tlhhsf4k,10,pandas-dev__pandas.95280573.pr_50331.tlhhsf4k,8534,true,354,240,0,0,0,0,0,,0,0,300000000,300000000,0,0,0,ok,,
2033,,,,pandas-dev__pandas.95280573.pr_50331.tlhhsf4k,11,pandas-dev__pandas.95280573.pr_50331.tlhhsf4k,9128,true,1206,284,0,0,0,0,0,,0,0,330000000,330000000,0,0,0,ok,,
2034,,,,pandas-dev__pandas.95280573.pr_50331.tlhhsf4k,12,pandas-dev__pandas.95280573.pr_50331.tlhhsf4k,10620,true,16,22,0,0,0,0,0,,0,0,360000000,360000000,0,0,0,ok,,
2035,,,,pandas-dev__pandas.95280573.pr_50331.tlhhsf4k,13,pandas-dev__pandas.95280573.pr_50331.tlhhsf4k,10658,true,22,673,0,0,0,0,0,,0,0,390000000,390000000,0,0,0,ok,,
2036,,,,pandas-dev__pandas.95280573.pr_50331.tlhhsf4k,14,pandas-dev__pandas.95280573.pr_50331.tlhhsf4k,11354,true,538,45,0,0,0,0,0,,0,0,420000000,420000000,0,0,0,ok,,
2037,,,,pandas-dev__pandas.95280573.pr_50331.tlhhsf4k,15,pandas-dev__pandas.95280573.pr_50331.tlhhsf4k,11937,true,31,303,0,0,0,0,0,,0,0,450000000,450000000,0,0,0,ok,,
2038,,,,pandas-dev__pandas.95280573.pr_50331.tlhhsf4k,16,pandas-dev__pandas.95280573.pr_50331.tlhhsf4k,12272,true,315,310,0,0,0,0,0,,0,0,480000000,480000000,0,0,0,ok,,
2039,,,,pandas-dev__pandas.95280573.pr_50331.tlhhsf4k,17,pandas-dev__pandas.95280573.pr_50331.tlhhsf4k,12898,true,259,47,0,0,0,0,0,,0,0,510000000,510000000,0,0,0,ok,,
2040,,,,pandas-dev__pandas.95280573.pr_50331.tlhhsf4k,18,pandas-dev__pandas.95280573.pr_50331.tlhhsf4k,13205,true,34,396,0,0,0,0,0,,0,0,540000000,540000000,0,0,0,ok,,
2041,,,,pyutils__line_profiler.a646bf0f.127.8wrqzpyg,0,pyutils__line_profiler.a646bf0f.127.8wrqzpyg,978,true,670,70,0,0,0,0,0,,0,0,0,0,0,0,0,ok,,
2042,,,,pyutils__line_profiler.a646bf0f.127.8wrqzpyg,1,pyutils__line_profiler.a646bf0f.127.8wrqzpyg,1719,true,547,70,0,0,0,0,0,,0,0,30000000,30000000,0,0,0,ok,,
2043,,,,pyutils__line_profiler.a646bf0f.127.8wrqzpyg,2,pyutils__line_profiler.a646bf0f.127.8wrqzpyg,2337,true,4074,172,0,0,0,0,0,,0,0,60000000,60000000,0,0,0,ok,,
2044,,,,pyutils__line_profiler.a646bf0f.127.8wrqzpyg,3,pyutils__line_profiler.a646bf0f.127.8wrqzpyg,6584,true,16,31,0,0,0,0,0,,0,0,90000000,90000000,0,0,0,ok,,
2045,,,,pyutils__line_profiler.a646bf0f.127.8wrqzpyg,4,pyutils__line_profiler.a646bf0f.127.8wrqzpyg,6631,true,214,39,0,0,0,0,0,,0,0,120000000,120000000,0,0,0,ok,,
2046,,,,pyutils__line_profiler.a646bf0f.127.8wrqzpyg,5,pyutils__line_profiler.a646bf0f.127.8wrqzpyg,6885,true,350,36,0,0,0,0,0,,0,0,150000000,150000000,0,0,0,ok,,
2047,,,,pyutils__line_profiler.a646bf0f.127.8wrqzpyg,6,pyutils__line_profiler.a646bf0f.127.8wrqzpyg,7271,true,77,331,0,0,0,0,0,,0,0,180000000,180000000,0,0,0,ok,,
2048,,,,pyutils__line_profiler.a646bf0f.127.8wrqzpyg,7,pyutils__line_profiler.a646bf0f.127.8wrqzpyg,7679,true,300,43,0,0,0,0,0,,0,0,210000000,210000000,0,0,0,ok,,
2049,,,,pyutils__line_profiler.a646bf0f.127.8wrqzpyg,8,pyutils__line_profiler.a646bf0f.127.8wrqzpyg,8024,true,77,59,0,0,0,0,0,,0,0,240000000,240000000,0,0,0,ok,,
2050,,,,rubik__radon.54b88e58.lm_rewrite__w9pylnzu.k0b3poyt,0,rubik__radon.54b88e58.lm_rewrite__w9pylnzu.k0b3poyt,978,true,648,97,0,0,0,0,0,,0,0,0,0,0,0,0,ok,,
2051,,,,rubik__radon.54b88e58.lm_rewrite__w9pylnzu.k0b3poyt,1,rubik__radon.54b88e58.lm_rewrite__w9pylnzu.k0b3poyt,1724,true,258,88,0,0,0,0,0,,0,0,30000000,30000000,0,0,0,ok,,
2052,,,,rubik__radon.54b88e58.lm_rewrite__w9pylnzu.k0b3poyt,2,rubik__radon.54b88e58.lm_rewrite__w9pylnzu.k0b3poyt,2071,true,1743,55,0,0,0,0,0,,0,0,60000000,60000000,0,0,0,ok,,
2053,,,,rubik__radon.54b88e58.lm_rewrite__w9pylnzu.k0b3poyt,3,rubik__radon.54b88e58.lm_rewrite__w9pylnzu.k0b3poyt,3870,true,4752,59,0,0,0,0,0,,0,0,90000000,90000000,0,0,0,ok,,
2054,,,,rubik__radon.54b88e58.lm_rewrite__w9pylnzu.k0b3poyt,4,rubik__radon.54b88e58.lm_rewrite__w9pylnzu.k0b3poyt,8682,true,660,383,0,0,0,0,0,,0,0,120000000,120000000,0,0,0,ok,,
2055,,,,rubik__radon.54b88e58.lm_rewrite__w9pylnzu.k0b3poyt,5,rubik__radon.54b88e58.lm_rewrite__w9pylnzu.k0b3poyt,9726,true,17,35,0,0,0,0,0,,0,0,150000000,150000000,0,0,0,ok,,
2056,,,,rubik__radon.54b88e58.lm_rewrite__w9pylnzu.k0b3poyt,6,rubik__radon.54b88e58.lm_rewrite__w9pylnzu.k0b3poyt,9779,true,123,836,0,0,0,0,0,,0,0,180000000,180000000,0,0,0,ok,,
2057,,,,rubik__radon.54b88e58.lm_rewrite__w9pylnzu.k0b3poyt,7,rubik__radon.54b88e58.lm_rewrite__w9pylnzu.k0b3poyt,10739,true,536,40,0,0,0,0,0,,0,0,210000000,210000000,0,0,0,ok,,
2058,,,,rubik__radon.54b88e58.lm_rewrite__w9pylnzu.k0b3poyt,8,rubik__radon.54b88e58.lm_rewrite__w9pylnzu.k0b3poyt,11315,true,57,701,0,0,0,0,0,,0,0,240000000,240000000,0,0,0,ok,,
2059,,,,rubik__radon.54b88e58.lm_rewrite__w9pylnzu.k0b3poyt,9,rubik__radon.54b88e58.lm_rewrite__w9pylnzu.k0b3poyt,12074,true,490,32,0,0,0,0,0,,0,0,270000000,270000000,0,0,0,ok,,
2060,,,,rubik__radon.54b88e58.lm_rewrite__w9pylnzu.k0b3poyt,10,rubik__radon.54b88e58.lm_rewrite__w9pylnzu.k0b3poyt,12596,true,146,842,0,0,0,0,0,,0,0,300000000,300000000,0,0,0,ok,,
2061,,,,rubik__radon.54b88e58.lm_rewrite__w9pylnzu.k0b3poyt,11,rubik__radon.54b88e58.lm_rewrite__w9pylnzu.k0b3poyt,13585,true,16,32,0,0,0,0,0,,0,0,330000000,330000000,0,0,0,ok,,
2062,,,,rubik__radon.54b88e58.lm_rewrite__w9pylnzu.k0b3poyt,12,rubik__radon.54b88e58.lm_rewrite__w9pylnzu.k0b3poyt,13634,true,806,108,0,0,0,0,0,,0,0,360000000,360000000,0,0,0,ok,,
2063,,,,rubik__radon.54b88e58.lm_rewrite__w9pylnzu.k0b3poyt,13,rubik__radon.54b88e58.lm_rewrite__w9pylnzu.k0b3poyt,14548,true,15,272,0,0,0,0,0,,0,0,390000000,390000000,0,0,0,ok,,
2064,,,,rubik__radon.54b88e58.lm_rewrite__w9pylnzu.k0b3poyt,14,rubik__radon.54b88e58.lm_rewrite__w9pylnzu.k0b3poyt,14836,true,1644,42,0,0,0,0,0,,0,0,420000000,420000000,0,0,0,ok,,
2065,,,,rubik__radon.54b88e58.lm_rewrite__w9pylnzu.k0b3poyt,15,rubik__radon.54b88e58.lm_rewrite__w9pylnzu.k0b3poyt,16522,true,15,13,0,0,0,0,0,,0,0,450000000,450000000,0,0,0,ok,,
2066,,,,facebookresearch__fvcore.a491d5b9.func_pm_class_rm_base__8vxbgclf.jqw041ty,0,facebookresearch__fvcore.a491d5b9.func_pm_class_rm_base__8vxbgclf.jqw041ty,978,true,684,97,0,0,0,0,0,,0,0,0,0,0,0,0,ok,,
2067,,,,facebookresearch__fvcore.a491d5b9.func_pm_class_rm_base__8vxbgclf.jqw041ty,1,facebookresearch__fvcore.a491d5b9.func_pm_class_rm_base__8vxbgclf.jqw041ty,1759,true,149,73,0,0,0,0,0,,0,0,30000000,30000000,0,0,0,ok,,
2068,,,,facebookresearch__fvcore.a491d5b9.func_pm_class_rm_base__8vxbgclf.jqw041ty,2,facebookresearch__fvcore.a491d5b9.func_pm_class_rm_base__8vxbgclf.jqw041ty,1982,true,4429,68,0,0,0,0,0,,0,0,60000000,60000000,0,0,0,ok,,
2069,,,,facebookresearch__fvcore.a491d5b9.func_pm_class_rm_base__8vxbgclf.jqw041ty,3,facebookresearch__fvcore.a491d5b9.func_pm_class_rm_base__8vxbgclf.jqw041ty,6480,true,2236,362,0,0,0,0,0,,0,0,90000000,90000000,0,0,0,ok,,
2070,,,,facebookresearch__fvcore.a491d5b9.func_pm_class_rm_base__8vxbgclf.jqw041ty,4,facebookresearch__fvcore.a491d5b9.func_pm_class_rm_base__8vxbgclf.jqw041ty,9079,true,17,35,0,0,0,0,0,,0,0,120000000,120000000,0,0,0,ok,,
2071,,,,facebookresearch__fvcore.a491d5b9.func_pm_class_rm_base__8vxbgclf.jqw041ty,5,facebookresearch__fvcore.a491d5b9.func_pm_class_rm_base__8vxbgclf.jqw041ty,9132,true,94,770,0,0,0,0,0,,0,0,150000000,150000000,0,0,0,ok,,
2072,,,,facebookresearch__fvcore.a491d5b9.func_pm_class_rm_base__8vxbgclf.jqw041ty,6,facebookresearch__fvcore.a491d5b9.func_pm_class_rm_base__8vxbgclf.jqw041ty,9997,true,493,53,0,0,0,0,0,,0,0,180000000,180000000,0,0,0,ok,,
2073,,,,facebookresearch__fvcore.a491d5b9.func_pm_class_rm_base__8vxbgclf.jqw041ty,7,facebookresearch__fvcore.a491d5b9.func_pm_class_rm_base__8vxbgclf.jqw041ty,10545,true,10,798,0,0,0,0,0,,0,0,210000000,210000000,0,0,0,ok,,
2074,,,,facebookresearch__fvcore.a491d5b9.func_pm_class_rm_base__8vxbgclf.jqw041ty,8,facebookresearch__fvcore.a491d5b9.func_pm_class_rm_base__8vxbgclf.jqw041ty,11353,true,628,32,0,0,0,0,0,,0,0,240000000,240000000,0,0,0,ok,,
2075,,,,facebookresearch__fvcore.a491d5b9.func_pm_class_rm_base__8vxbgclf.jqw041ty,9,facebookresearch__fvcore.a491d5b9.func_pm_class_rm_base__8vxbgclf.jqw041ty,12014,true,142,110,0,0,0,0,0,,0,0,270000000,270000000,0,0,0,ok,,
2076,,,,facebookresearch__fvcore.a491d5b9.func_pm_class_rm_base__8vxbgclf.jqw041ty,10,facebookresearch__fvcore.a491d5b9.func_pm_class_rm_base__8vxbgclf.jqw041ty,12268,true,241,128,0,0,0,0,0,,0,0,300000000,300000000,0,0,0,ok,,
2077,,,,facebookresearch__fvcore.a491d5b9.func_pm_class_rm_base__8vxbgclf.jqw041ty,11,facebookresearch__fvcore.a491d5b9.func_pm_class_rm_base__8vxbgclf.jqw041ty,12638,true,227,558,0,0,0,0,0,,0,0,330000000,330000000,0,0,0,ok,,
2078,,,,facebookresearch__fvcore.a491d5b9.func_pm_class_rm_base__8vxbgclf.jqw041ty,12,facebookresearch__fvcore.a491d5b9.func_pm_class_rm_base__8vxbgclf.jqw041ty,13424,true,374,77,0,0,0,0,0,,0,0,360000000,360000000,0,0,0,ok,,
2079,,,,facebookresearch__fvcore.a491d5b9.func_pm_class_rm_base__8vxbgclf.jqw041ty,13,facebookresearch__fvcore.a491d5b9.func_pm_class_rm_base__8vxbgclf.jqw041ty,13876,true,126,139,0,0,0,0,0,,0,0,390000000,390000000,0,0,0,ok,,
2080,,,,facebookresearch__fvcore.a491d5b9.func_pm_class_rm_base__8vxbgclf.jqw041ty,14,facebookresearch__fvcore.a491d5b9.func_pm_class_rm_base__8vxbgclf.jqw041ty,14141,true,204,95,0,0,0,0,0,,0,0,420000000,420000000,0,0,0,ok,,
2081,,,,facebookresearch__fvcore.a491d5b9.func_pm_class_rm_base__8vxbgclf.jqw041ty,15,facebookresearch__fvcore.a491d5b9.func_pm_class_rm_base__8vxbgclf.jqw041ty,14441,true,204,147,0,0,0,0,0,,0,0,450000000,450000000,0,0,0,ok,,
2082,,,,facebookresearch__fvcore.a491d5b9.func_pm_class_rm_base__8vxbgclf.jqw041ty,16,facebookresearch__fvcore.a491d5b9.func_pm_class_rm_base__8vxbgclf.jqw041ty,14793,true,172,32,0,0,0,0,0,,0,0,480000000,480000000,0,0,0,ok,,
2083,,,,facebookresearch__fvcore.a491d5b9.func_pm_class_rm_base__8vxbgclf.jqw041ty,17,facebookresearch__fvcore.a491d5b9.func_pm_class_rm_base__8vxbgclf.jqw041ty,14998,true,147,381,0,0,0,0,0,,0,0,510000000,510000000,0,0,0,ok,,
2084,,,,facebookresearch__fvcore.a491d5b9.func_pm_class_rm_base__8vxbgclf.jqw041ty,18,facebookresearch__fvcore.a491d5b9.func_pm_class_rm_base__8vxbgclf.jqw041ty,15526,true,16,32,0,0,0,0,0,,0,0,540000000,540000000,0,0,0,ok,,
2085,,,,facebookresearch__fvcore.a491d5b9.func_pm_class_rm_base__8vxbgclf.jqw041ty,19,facebookresearch__fvcore.a491d5b9.func_pm_class_rm_base__8vxbgclf.jqw041ty,15574,true,33,761,0,0,0,0,0,,0,0,570000000,570000000,0,0,0,ok,,
2086,,,,facebookresearch__fvcore.a491d5b9.func_pm_class_rm_base__8vxbgclf.jqw041ty,20,facebookresearch__fvcore.a491d5b9.func_pm_class_rm_base__8vxbgclf.jqw041ty,16370,true,359,47,0,0,0,0,0,,0,0,600000000,600000000,0,0,0,ok,,
2087,,,,facebookresearch__fvcore.a491d5b9.func_pm_class_rm_base__8vxbgclf.jqw041ty,21,facebookresearch__fvcore.a491d5b9.func_pm_class_rm_base__8vxbgclf.jqw041ty,16777,true,28,50,0,0,0,0,0,,0,0,630000000,630000000,0,0,0,ok,,
2088,,,,facebookresearch__fvcore.a491d5b9.func_pm_class_rm_base__8vxbgclf.jqw041ty,22,facebookresearch__fvcore.a491d5b9.func_pm_class_rm_base__8vxbgclf.jqw041ty,16855,true,29,50,0,0,0,0,0,,0,0,660000000,660000000,0,0,0,ok,,
2089,,,,facebookresearch__fvcore.a491d5b9.func_pm_class_rm_base__8vxbgclf.jqw041ty,23,facebookresearch__fvcore.a491d5b9.func_pm_class_rm_base__8vxbgclf.jqw041ty,16935,true,33,266,0,0,0,0,0,,0,0,690000000,690000000,0,0,0,ok,,
2090,,,,facebookresearch__fvcore.a491d5b9.func_pm_class_rm_base__8vxbgclf.jqw041ty,24,facebookresearch__fvcore.a491d5b9.func_pm_class_rm_base__8vxbgclf.jqw041ty,17235,true,6356,44,0,0,0,0,0,,0,0,720000000,720000000,0,0,0,ok,,
2091,,,,facebookresearch__fvcore.a491d5b9.func_pm_class_rm_base__8vxbgclf.jqw041ty,25,facebookresearch__fvcore.a491d5b9.func_pm_class_rm_base__8vxbgclf.jqw041ty,23636,true,15,7,0,0,0,0,0,,0,0,750000000,750000000,0,0,0,ok,,
2092,,,,lincolnloop__python-qrcode.456b01d4.133.1vzh8oac,0,lincolnloop__python-qrcode.456b01d4.133.1vzh8oac,978,true,628,75,0,0,0,0,0,,0,0,0,0,0,0,0,ok,,
2093,,,,lincolnloop__python-qrcode.456b01d4.133.1vzh8oac,1,lincolnloop__python-qrcode.456b01d4.133.1vzh8oac,1682,true,5187,41,0,0,0,0,0,,0,0,30000000,30000000,0,0,0,ok,,
2094,,,,lincolnloop__python-qrcode.456b01d4.133.1vzh8oac,2,lincolnloop__python-qrcode.456b01d4.133.1vzh8oac,6911,true,7,25,0,0,0,0,0,,0,0,60000000,60000000,0,0,0,ok,,
2095,,,,lincolnloop__python-qrcode.456b01d4.133.1vzh8oac,3,lincolnloop__python-qrcode.456b01d4.133.1vzh8oac,6944,true,17,67,0,0,0,0,0,,0,0,90000000,90000000,0,0,0,ok,,
2096,,,,lincolnloop__python-qrcode.456b01d4.133.1vzh8oac,4,lincolnloop__python-qrcode.456b01d4.133.1vzh8oac,7029,true,572,275,0,0,0,0,0,,0,0,120000000,120000000,0,0,0,ok,,
2097,,,,lincolnloop__python-qrcode.456b01d4.133.1vzh8oac,5,lincolnloop__python-qrcode.456b01d4.133.1vzh8oac,7876,true,16,32,0,0,0,0,0,,0,0,150000000,150000000,0,0,0,ok,,
2098,,,,lincolnloop__python-qrcode.456b01d4.133.1vzh8oac,6,lincolnloop__python-qrcode.456b01d4.133.1vzh8oac,7925,true,25,305,0,0,0,0,0,,0,0,180000000,180000000,0,0,0,ok,,
2099,,,,lincolnloop__python-qrcode.456b01d4.133.1vzh8oac,7,lincolnloop__python-qrcode.456b01d4.133.1vzh8oac,8255,true,303,160,0,0,0,0,0,,0,0,210000000,210000000,0,0,0,ok,,
2100,,,,lincolnloop__python-qrcode.456b01d4.133.1vzh8oac,8,lincolnloop__python-qrcode.456b01d4.133.1vzh8oac,8718,true,44,208,0,0,0,0,0,,0,0,240000000,240000000,0,0,0,ok,,
2101,,,,lincolnloop__python-qrcode.456b01d4.133.1vzh8oac,9,lincolnloop__python-qrcode.456b01d4.133.1vzh8oac,8972,true,16,22,0,0,0,0,0,,0,0,270000000,270000000,0,0,0,ok,,
2102,,,,lincolnloop__python-qrcode.456b01d4.133.1vzh8oac,10,lincolnloop__python-qrcode.456b01d4.133.1vzh8oac,9010,true,62,59,0,0,0,0,0,,0,0,300000000,300000000,0,0,0,ok,,
2103,,,,arrow-py__arrow.1d70d009.lm_rewrite__0oep5tw2.p476hr6b,0,arrow-py__arrow.1d70d009.lm_rewrite__0oep5tw2.p476hr6b,978,true,694,104,0,0,0,0,0,,0,0,0,0,0,0,0,ok,,
2104,,,,arrow-py__arrow.1d70d009.lm_rewrite__0oep5tw2.p476hr6b,1,arrow-py__arrow.1d70d009.lm_rewrite__0oep5tw2.p476hr6b,1776,true,149,62,0,0,0,0,0,,0,0,30000000,30000000,0,0,0,ok,,
2105,,,,arrow-py__arrow.1d70d009.lm_rewrite__0oep5tw2.p476hr6b,2,arrow-py__arrow.1d70d009.lm_rewrite__0oep5tw2.p476hr6b,1988,true,3335,61,0,0,0,0,0,,0,0,60000000,60000000,0,0,0,ok,,
2106,,,,arrow-py__arrow.1d70d009.lm_rewrite__0oep5tw2.p476hr6b,3,arrow-py__arrow.1d70d009.lm_rewrite__0oep5tw2.p476hr6b,5386,true,361,56,0,0,0,0,0,,0,0,90000000,90000000,0,0,0,ok,,
2107,,,,arrow-py__arrow.1d70d009.lm_rewrite__0oep5tw2.p476hr6b,4,arrow-py__arrow.1d70d009.lm_rewrite__0oep5tw2.p476hr6b,5803,true,4091,333,0,0,0,0,0,,0,0,120000000,120000000,0,0,0,ok,,
2108,,,,arrow-py__arrow.1d70d009.lm_rewrite__0oep5tw2.p476hr6b,5,arrow-py__arrow.1d70d009.lm_rewrite__0oep5tw2.p476hr6b,10229,true,17,36,0,0,0,0,0,,0,0,150000000,150000000,0,0,0,ok,,
2109,,,,arrow-py__arrow.1d70d009.lm_rewrite__0oep5tw2.p476hr6b,6,arrow-py__arrow.1d70d009.lm_rewrite__0oep5tw2.p476hr6b,10282,true,60,618,0,0,0,0,0,,0,0,180000000,180000000,0,0,0,ok,,
2110,,,,arrow-py__arrow.1d70d009.lm_rewrite__0oep5tw2.p476hr6b,7,arrow-py__arrow.1d70d009.lm_rewrite__0oep5tw2.p476hr6b,10961,true,233,54,0,0,0,0,0,,0,0,210000000,210000000,0,0,0,ok,,
2111,,,,arrow-py__arrow.1d70d009.lm_rewrite__0oep5tw2.p476hr6b,8,arrow-py__arrow.1d70d009.lm_rewrite__0oep5tw2.p476hr6b,11248,true,208,56,0,0,0,0,0,,0,0,240000000,240000000,0,0,0,ok,,
2112,,,,arrow-py__arrow.1d70d009.lm_rewrite__0oep5tw2.p476hr6b,9,arrow-py__arrow.1d70d009.lm_rewrite__0oep5tw2.p476hr6b,11513,true,250,64,0,0,0,0,0,,0,0,270000000,270000000,0,0,0,ok,,
2113,,,,arrow-py__arrow.1d70d009.lm_rewrite__0oep5tw2.p476hr6b,10,arrow-py__arrow.1d70d009.lm_rewrite__0oep5tw2.p476hr6b,11828,true,229,55,0,0,0,0,0,,0,0,300000000,300000000,0,0,0,ok,,
2114,,,,arrow-py__arrow.1d70d009.lm_rewrite__0oep5tw2.p476hr6b,11,arrow-py__arrow.1d70d009.lm_rewrite__0oep5tw2.p476hr6b,12113,true,176,357,0,0,0,0,0,,0,0,330000000,330000000,0,0,0,ok,,
2115,,,,arrow-py__arrow.1d70d009.lm_rewrite__0oep5tw2.p476hr6b,12,arrow-py__arrow.1d70d009.lm_rewrite__0oep5tw2.p476hr6b,12647,true,328,198,0,0,0,0,0,,0,0,360000000,360000000,0,0,0,ok,,
2116,,,,arrow-py__arrow.1d70d009.lm_rewrite__0oep5tw2.p476hr6b,13,arrow-py__arrow.1d70d009.lm_rewrite__0oep5tw2.p476hr6b,13173,true,195,177,0,0,0,0,0,,0,0,390000000,390000000,0,0,0,ok,,
2117,,,,arrow-py__arrow.1d70d009.lm_rewrite__0oep5tw2.p476hr6b,14,arrow-py__arrow.1d70d009.lm_rewrite__0oep5tw2.p476hr6b,13547,true,207,42,0,0,0,0,0,,0,0,420000000,420000000,0,0,0,ok,,
2118,,,,arrow-py__arrow.1d70d009.lm_rewrite__0oep5tw2.p476hr6b,15,arrow-py__arrow.1d70d009.lm_rewrite__0oep5tw2.p476hr6b,13797,true,77,57,0,0,0,0,0,,0,0,450000000,450000000,0,0,0,ok,,
2119,,,,arrow-py__arrow.1d70d009.lm_rewrite__0oep5tw2.p476hr6b,16,arrow-py__arrow.1d70d009.lm_rewrite__0oep5tw2.p476hr6b,13931,true,354,43,0,0,0,0,0,,0,0,480000000,480000000,0,0,0,ok,,
2120,,,,arrow-py__arrow.1d70d009.lm_rewrite__0oep5tw2.p476hr6b,17,arrow-py__arrow.1d70d009.lm_rewrite__0oep5tw2.p476hr6b,14328,true,136,68,0,0,0,0,0,,0,0,510000000,510000000,0,0,0,ok,,
2121,,,,arrow-py__arrow.1d70d009.lm_rewrite__0oep5tw2.p476hr6b,18,arrow-py__arrow.1d70d009.lm_rewrite__0oep5tw2.p476hr6b,14533,true,50,585,0,0,0,0,0,,0,0,540000000,540000000,0,0,0,ok,,
2122,,,,arrow-py__arrow.1d70d009.lm_rewrite__0oep5tw2.p476hr6b,19,arrow-py__arrow.1d70d009.lm_rewrite__0oep5tw2.p476hr6b,15169,true,17,24,0,0,0,0,0,,0,0,570000000,570000000,0,0,0,ok,,
2123,,,,arrow-py__arrow.1d70d009.lm_rewrite__0oep5tw2.p476hr6b,20,arrow-py__arrow.1d70d009.lm_rewrite__0oep5tw2.p476hr6b,15212,true,119,269,0,0,0,0,0,,0,0,600000000,600000000,0,0,0,ok,,
2124,,,,arrow-py__arrow.1d70d009.lm_rewrite__0oep5tw2.p476hr6b,21,arrow-py__arrow.1d70d009.lm_rewrite__0oep5tw2.p476hr6b,15601,true,1477,41,0,0,0,0,0,,0,0,630000000,630000000,0,0,0,ok,,
2125,,,,arrow-py__arrow.1d70d009.lm_rewrite__0oep5tw2.p476hr6b,22,arrow-py__arrow.1d70d009.lm_rewrite__0oep5tw2.p476hr6b,17120,true,15,7,0,0,0,0,0,,0,0,660000000,660000000,0,0,0,ok,,
2126,,,,marshmallow-code__marshmallow.9716fc62.func_pm_class_rm_base__uxflnl0d.1tby049u,0,marshmallow-code__marshmallow.9716fc62.func_pm_class_rm_base__uxflnl0d.1tby049u,978,true,647,74,0,0,0,0,0,,0,0,0,0,0,0,0,ok,,
2127,,,,marshmallow-code__marshmallow.9716fc62.func_pm_class_rm_base__uxflnl0d.1tby049u,1,marshmallow-code__marshmallow.9716fc62.func_pm_class_rm_base__uxflnl0d.1tby049u,1699,true,337,71,0,0,0,0,0,,0,0,30000000,30000000,0,0,0,ok,,
2128,,,,marshmallow-code__marshmallow.9716fc62.func_pm_class_rm_base__uxflnl0d.1tby049u,2,marshmallow-code__marshmallow.9716fc62.func_pm_class_rm_base__uxflnl0d.1tby049u,2108,true,4252,51,0,0,0,0,0,,0,0,60000000,60000000,0,0,0,ok,,
2129,,,,marshmallow-code__marshmallow.9716fc62.func_pm_class_rm_base__uxflnl0d.1tby049u,3,marshmallow-code__marshmallow.9716fc62.func_pm_class_rm_base__uxflnl0d.1tby049u,6412,true,8,60,0,0,0,0,0,,0,0,90000000,90000000,0,0,0,ok,,
2130,,,,marshmallow-code__marshmallow.9716fc62.func_pm_class_rm_base__uxflnl0d.1tby049u,4,marshmallow-code__marshmallow.9716fc62.func_pm_class_rm_base__uxflnl0d.1tby049u,6480,true,745,71,0,0,0,0,0,,0,0,120000000,120000000,0,0,0,ok,,
2131,,,,marshmallow-code__marshmallow.9716fc62.func_pm_class_rm_base__uxflnl0d.1tby049u,5,marshmallow-code__marshmallow.9716fc62.func_pm_class_rm_base__uxflnl0d.1tby049u,7297,true,245,149,0,0,0,0,0,,0,0,150000000,150000000,0,0,0,ok,,
2132,,,,marshmallow-code__marshmallow.9716fc62.func_pm_class_rm_base__uxflnl0d.1tby049u,6,marshmallow-code__marshmallow.9716fc62.func_pm_class_rm_base__uxflnl0d.1tby049u,7692,true,16,34,0,0,0,0,0,,0,0,180000000,180000000,0,0,0,ok,,
2133,,,,marshmallow-code__marshmallow.9716fc62.func_pm_class_rm_base__uxflnl0d.1tby049u,7,marshmallow-code__marshmallow.9716fc62.func_pm_class_rm_base__uxflnl0d.1tby049u,7743,true,16,104,0,0,0,0,0,,0,0,210000000,210000000,0,0,0,ok,,
2134,,,,marshmallow-code__marshmallow.9716fc62.func_pm_class_rm_base__uxflnl0d.1tby049u,8,marshmallow-code__marshmallow.9716fc62.func_pm_class_rm_base__uxflnl0d.1tby049u,7864,true,185,46,0,0,0,0,0,,0,0,240000000,240000000,0,0,0,ok,,
2135,,,,marshmallow-code__marshmallow.9716fc62.func_pm_class_rm_base__uxflnl0d.1tby049u,9,marshmallow-code__marshmallow.9716fc62.func_pm_class_rm_base__uxflnl0d.1tby049u,8096,true,115,452,0,0,0,0,0,,0,0,270000000,270000000,0,0,0,ok,,
2136,,,,marshmallow-code__marshmallow.9716fc62.func_pm_class_rm_base__uxflnl0d.1tby049u,10,marshmallow-code__marshmallow.9716fc62.func_pm_class_rm_base__uxflnl0d.1tby049u,8664,true,322,38,0,0,0,0,0,,0,0,300000000,300000000,0,0,0,ok,,
2137,,,,marshmallow-code__marshmallow.9716fc62.func_pm_class_rm_base__uxflnl0d.1tby049u,11,marshmallow-code__marshmallow.9716fc62.func_pm_class_rm_base__uxflnl0d.1tby049u,9025,true,15,382,0,0,0,0,0,,0,0,330000000,330000000,0,0,0,ok,,
2138,,,,marshmallow-code__marshmallow.9716fc62.func_pm_class_rm_base__uxflnl0d.1tby049u,12,marshmallow-code__marshmallow.9716fc62.func_pm_class_rm_base__uxflnl0d.1tby049u,9422,true,299,37,0,0,0,0,0,,0,0,360000000,360000000,0,0,0,ok,,
2139,,,,marshmallow-code__marshmallow.9716fc62.func_pm_class_rm_base__uxflnl0d.1tby049u,13,marshmallow-code__marshmallow.9716fc62.func_pm_class_rm_base__uxflnl0d.1tby049u,9759,true,67,224,0,0,0,0,0,,0,0,390000000,390000000,0,0,0,ok,,
2140,,,,marshmallow-code__marshmallow.9716fc62.func_pm_class_rm_base__uxflnl0d.1tby049u,14,marshmallow-code__marshmallow.9716fc62.func_pm_class_rm_base__uxflnl0d.1tby049u,10051,true,585,30,0,0,0,0,0,,0,0,420000000,420000000,0,0,0,ok,,
2141,,,,marshmallow-code__marshmallow.9716fc62.func_pm_class_rm_base__uxflnl0d.1tby049u,15,marshmallow-code__marshmallow.9716fc62.func_pm_class_rm_base__uxflnl0d.1tby049u,10667,true,15,13,0,0,0,0,0,,0,0,450000000,450000000,0,0,0,ok,,
2142,,,,paramiko__paramiko.23f92003.lm_rewrite__u92vz6uj.ihrsln4t,0,paramiko__paramiko.23f92003.lm_rewrite__u92vz6uj.ihrsln4t,978,true,615,99,0,0,0,0,0,,0,0,0,0,0,0,0,ok,,
2143,,,,paramiko__paramiko.23f92003.lm_rewrite__u92vz6uj.ihrsln4t,1,paramiko__paramiko.23f92003.lm_rewrite__u92vz6uj.ihrsln4t,1692,true,661,70,0,0,0,0,0,,0,0,30000000,30000000,0,0,0,ok,,
2144,,,,paramiko__paramiko.23f92003.lm_rewrite__u92vz6uj.ihrsln4t,2,paramiko__paramiko.23f92003.lm_rewrite__u92vz6uj.ihrsln4t,2424,true,2542,51,0,0,0,0,0,,0,0,60000000,60000000,0,0,0,ok,,
2145,,,,paramiko__paramiko.23f92003.lm_rewrite__u92vz6uj.ihrsln4t,3,paramiko__paramiko.23f92003.lm_rewrite__u92vz6uj.ihrsln4t,5018,true,2996,64,0,0,0,0,0,,0,0,90000000,90000000,0,0,0,ok,,
2146,,,,paramiko__paramiko.23f92003.lm_rewrite__u92vz6uj.ihrsln4t,4,paramiko__paramiko.23f92003.lm_rewrite__u92vz6uj.ihrsln4t,8079,true,563,242,0,0,0,0,0,,0,0,120000000,120000000,0,0,0,ok,,
2147,,,,paramiko__paramiko.23f92003.lm_rewrite__u92vz6uj.ihrsln4t,5,paramiko__paramiko.23f92003.lm_rewrite__u92vz6uj.ihrsln4t,8884,true,17,35,0,0,0,0,0,,0,0,150000000,150000000,0,0,0,ok,,
2148,,,,paramiko__paramiko.23f92003.lm_rewrite__u92vz6uj.ihrsln4t,6,paramiko__paramiko.23f92003.lm_rewrite__u92vz6uj.ihrsln4t,8937,true,67,733,0,0,0,0,0,,0,0,180000000,180000000,0,0,0,ok,,
2149,,,,paramiko__paramiko.23f92003.lm_rewrite__u92vz6uj.ihrsln4t,7,paramiko__paramiko.23f92003.lm_rewrite__u92vz6uj.ihrsln4t,9737,true,498,56,0,0,0,0,0,,0,0,210000000,210000000,0,0,0,ok,,
2150,,,,paramiko__paramiko.23f92003.lm_rewrite__u92vz6uj.ihrsln4t,8,paramiko__paramiko.23f92003.lm_rewrite__u92vz6uj.ihrsln4t,10292,true,51,412,0,0,0,0,0,,0,0,240000000,240000000,0,0,0,ok,,
2151,,,,paramiko__paramiko.23f92003.lm_rewrite__u92vz6uj.ihrsln4t,9,paramiko__paramiko.23f92003.lm_rewrite__u92vz6uj.ihrsln4t,10756,true,20,33,0,0,0,0,0,,0,0,270000000,270000000,0,0,0,ok,,
2152,,,,paramiko__paramiko.23f92003.lm_rewrite__u92vz6uj.ihrsln4t,10,paramiko__paramiko.23f92003.lm_rewrite__u92vz6uj.ihrsln4t,10810,true,66,231,0,0,0,0,0,,0,0,300000000,300000000,0,0,0,ok,,
2153,,,,paramiko__paramiko.23f92003.lm_rewrite__u92vz6uj.ihrsln4t,11,paramiko__paramiko.23f92003.lm_rewrite__u92vz6uj.ihrsln4t,11108,true,20,33,0,0,0,0,0,,0,0,330000000,330000000,0,0,0,ok,,
2154,,,,paramiko__paramiko.23f92003.lm_rewrite__u92vz6uj.ihrsln4t,12,paramiko__paramiko.23f92003.lm_rewrite__u92vz6uj.ihrsln4t,11162,true,30,99,0,0,0,0,0,,0,0,360000000,360000000,0,0,0,ok,,
2155,,,,paramiko__paramiko.23f92003.lm_rewrite__u92vz6uj.ihrsln4t,13,paramiko__paramiko.23f92003.lm_rewrite__u92vz6uj.ihrsln4t,11291,true,261,572,0,0,0,0,0,,0,0,390000000,390000000,0,0,0,ok,,
2156,,,,paramiko__paramiko.23f92003.lm_rewrite__u92vz6uj.ihrsln4t,14,paramiko__paramiko.23f92003.lm_rewrite__u92vz6uj.ihrsln4t,12125,true,433,35,0,0,0,0,0,,0,0,420000000,420000000,0,0,0,ok,,
2157,,,,paramiko__paramiko.23f92003.lm_rewrite__u92vz6uj.ihrsln4t,15,paramiko__paramiko.23f92003.lm_rewrite__u92vz6uj.ihrsln4t,12593,true,54,383,0,0,0,0,0,,0,0,450000000,450000000,0,0,0,ok,,
2158,,,,paramiko__paramiko.23f92003.lm_rewrite__u92vz6uj.ihrsln4t,16,paramiko__paramiko.23f92003.lm_rewrite__u92vz6uj.ihrsln4t,13031,true,20,32,0,0,0,0,0,,0,0,480000000,480000000,0,0,0,ok,,
2159,,,,paramiko__paramiko.23f92003.lm_rewrite__u92vz6uj.ihrsln4t,17,paramiko__paramiko.23f92003.lm_rewrite__u92vz6uj.ihrsln4t,13083,true,85,289,0,0,0,0,0,,0,0,510000000,510000000,0,0,0,ok,,
2160,,,,paramiko__paramiko.23f92003.lm_rewrite__u92vz6uj.ihrsln4t,18,paramiko__paramiko.23f92003.lm_rewrite__u92vz6uj.ihrsln4t,13458,true,1649,67,0,0,0,0,0,,0,0,540000000,540000000,0,0,0,ok,,
2161,,,,paramiko__paramiko.23f92003.lm_rewrite__u92vz6uj.ihrsln4t,19,paramiko__paramiko.23f92003.lm_rewrite__u92vz6uj.ihrsln4t,15175,true,15,7,0,0,0,0,0,,0,0,570000000,570000000,0,0,0,ok,,
2162,,,,facebookresearch__hydra.0f03eb60.lm_rewrite__gpyz1el7.okv3h4yn,0,facebookresearch__hydra.0f03eb60.lm_rewrite__gpyz1el7.okv3h4yn,978,true,676,78,0,0,0,0,0,,0,0,0,0,0,0,0,ok,,
2163,,,,facebookresearch__hydra.0f03eb60.lm_rewrite__gpyz1el7.okv3h4yn,1,facebookresearch__hydra.0f03eb60.lm_rewrite__gpyz1el7.okv3h4yn,1733,true,4039,53,0,0,0,0,0,,0,0,30000000,30000000,0,0,0,ok,,
2164,,,,facebookresearch__hydra.0f03eb60.lm_rewrite__gpyz1el7.okv3h4yn,2,facebookresearch__hydra.0f03eb60.lm_rewrite__gpyz1el7.okv3h4yn,5826,true,307,56,0,0,0,0,0,,0,0,60000000,60000000,0,0,0,ok,,
2165,,,,facebookresearch__hydra.0f03eb60.lm_rewrite__gpyz1el7.okv3h4yn,3,facebookresearch__hydra.0f03eb60.lm_rewrite__gpyz1el7.okv3h4yn,6189,true,1633,60,0,0,0,0,0,,0,0,90000000,90000000,0,0,0,ok,,
2166,,,,facebookresearch__hydra.0f03eb60.lm_rewrite__gpyz1el7.okv3h4yn,4,facebookresearch__hydra.0f03eb60.lm_rewrite__gpyz1el7.okv3h4yn,7883,true,475,175,0,0,0,0,0,,0,0,120000000,120000000,0,0,0,ok,,
2167,,,,facebookresearch__hydra.0f03eb60.lm_rewrite__gpyz1el7.okv3h4yn,5,facebookresearch__hydra.0f03eb60.lm_rewrite__gpyz1el7.okv3h4yn,8533,true,17,35,0,0,0,0,0,,0,0,150000000,150000000,0,0,0,ok,,
2168,,,,facebookresearch__hydra.0f03eb60.lm_rewrite__gpyz1el7.okv3h4yn,6,facebookresearch__hydra.0f03eb60.lm_rewrite__gpyz1el7.okv3h4yn,8587,true,18,557,0,0,0,0,0,,0,0,180000000,180000000,0,0,0,ok,,
2169,,,,facebookresearch__hydra.0f03eb60.lm_rewrite__gpyz1el7.okv3h4yn,7,facebookresearch__hydra.0f03eb60.lm_rewrite__gpyz1el7.okv3h4yn,9162,true,507,41,0,0,0,0,0,,0,0,210000000,210000000,0,0,0,ok,,
2170,,,,facebookresearch__hydra.0f03eb60.lm_rewrite__gpyz1el7.okv3h4yn,8,facebookresearch__hydra.0f03eb60.lm_rewrite__gpyz1el7.okv3h4yn,9711,true,20,301,0,0,0,0,0,,0,0,240000000,240000000,0,0,0,ok,,
2171,,,,facebookresearch__hydra.0f03eb60.lm_rewrite__gpyz1el7.okv3h4yn,9,facebookresearch__hydra.0f03eb60.lm_rewrite__gpyz1el7.okv3h4yn,10033,true,17,32,0,0,0,0,0,,0,0,270000000,270000000,0,0,0,ok,,
2172,,,,facebookresearch__hydra.0f03eb60.lm_rewrite__gpyz1el7.okv3h4yn,10,facebookresearch__hydra.0f03eb60.lm_rewrite__gpyz1el7.okv3h4yn,10083,true,191,409,0,0,0,0,0,,0,0,300000000,300000000,0,0,0,ok,,
2173,,,,facebookresearch__hydra.0f03eb60.lm_rewrite__gpyz1el7.okv3h4yn,11,facebookresearch__hydra.0f03eb60.lm_rewrite__gpyz1el7.okv3h4yn,10684,true,18,31,0,0,0,0,0,,0,0,330000000,330000000,0,0,0,ok,,
2174,,,,facebookresearch__hydra.0f03eb60.lm_rewrite__gpyz1el7.okv3h4yn,12,facebookresearch__hydra.0f03eb60.lm_rewrite__gpyz1el7.okv3h4yn,10733,true,277,542,0,0,0,0,0,,0,0,360000000,360000000,0,0,0,ok,,
2175,,,,facebookresearch__hydra.0f03eb60.lm_rewrite__gpyz1el7.okv3h4yn,13,facebookresearch__hydra.0f03eb60.lm_rewrite__gpyz1el7.okv3h4yn,11553,true,368,33,0,0,0,0,0,,0,0,390000000,390000000,0,0,0,ok,,
2176,,,,facebookresearch__hydra.0f03eb60.lm_rewrite__gpyz1el7.okv3h4yn,14,facebookresearch__hydra.0f03eb60.lm_rewrite__gpyz1el7.okv3h4yn,11955,true,277,362,0,0,0,0,0,,0,0,420000000,420000000,0,0,0,ok,,
2177,,,,facebookresearch__hydra.0f03eb60.lm_rewrite__gpyz1el7.okv3h4yn,15,facebookresearch__hydra.0f03eb60.lm_rewrite__gpyz1el7.okv3h4yn,12595,true,19,32,0,0,0,0,0,,0,0,450000000,450000000,0,0,0,ok,,
2178,,,,facebookresearch__hydra.0f03eb60.lm_rewrite__gpyz1el7.okv3h4yn,16,facebookresearch__hydra.0f03eb60.lm_rewrite__gpyz1el7.okv3h4yn,12647,true,33,78,0,0,0,0,0,,0,0,480000000,480000000,0,0,0,ok,,
2179,,,,facebookresearch__hydra.0f03eb60.lm_rewrite__gpyz1el7.okv3h4yn,17,facebookresearch__hydra.0f03eb60.lm_rewrite__gpyz1el7.okv3h4yn,12758,true,735,836,0,0,0,0,0,,0,0,510000000,510000000,0,0,0,ok,,
2180,,,,facebookresearch__hydra.0f03eb60.lm_rewrite__gpyz1el7.okv3h4yn,18,facebookresearch__hydra.0f03eb60.lm_rewrite__gpyz1el7.okv3h4yn,14331,true,626,34,0,0,0,0,0,,0,0,540000000,540000000,0,0,0,ok,,
2181,,,,facebookresearch__hydra.0f03eb60.lm_rewrite__gpyz1el7.okv3h4yn,19,facebookresearch__hydra.0f03eb60.lm_rewrite__gpyz1el7.okv3h4yn,14991,true,78,1061,0,0,0,0,0,,0,0,570000000,570000000,0,0,0,ok,,
2182,,,,facebookresearch__hydra.0f03eb60.lm_rewrite__gpyz1el7.okv3h4yn,20,facebookresearch__hydra.0f03eb60.lm_rewrite__gpyz1el7.okv3h4yn,16130,true,661,34,0,0,0,0,0,,0,0,600000000,600000000,0,0,0,ok,,
2183,,,,facebookresearch__hydra.0f03eb60.lm_rewrite__gpyz1el7.okv3h4yn,21,facebookresearch__hydra.0f03eb60.lm_rewrite__gpyz1el7.okv3h4yn,16826,true,91,370,0,0,0,0,0,,0,0,630000000,630000000,0,0,0,ok,,
2184,,,,facebookresearch__hydra.0f03eb60.lm_rewrite__gpyz1el7.okv3h4yn,22,facebookresearch__hydra.0f03eb60.lm_rewrite__gpyz1el7.okv3h4yn,17288,true,18,31,0,0,0,0,0,,0,0,660000000,660000000,0,0,0,ok,,
2185,,,,facebookresearch__hydra.0f03eb60.lm_rewrite__gpyz1el7.okv3h4yn,23,facebookresearch__hydra.0f03eb60.lm_rewrite__gpyz1el7.okv3h4yn,17337,true,278,376,0,0,0,0,0,,0,0,690000000,690000000,0,0,0,ok,,
2186,,,,facebookresearch__hydra.0f03eb60.lm_rewrite__gpyz1el7.okv3h4yn,24,facebookresearch__hydra.0f03eb60.lm_rewrite__gpyz1el7.okv3h4yn,17992,true,18,31,0,0,0,0,0,,0,0,720000000,720000000,0,0,0,ok,,
2187,,,,facebookresearch__hydra.0f03eb60.lm_rewrite__gpyz1el7.okv3h4yn,25,facebookresearch__hydra.0f03eb60.lm_rewrite__gpyz1el7.okv3h4yn,18041,true,79,399,0,0,0,0,0,,0,0,750000000,750000000,0,0,0,ok,,
2188,,,,facebookresearch__hydra.0f03eb60.lm_rewrite__gpyz1el7.okv3h4yn,26,facebookresearch__hydra.0f03eb60.lm_rewrite__gpyz1el7.okv3h4yn,18520,true,19,32,0,0,0,0,0,,0,0,780000000,780000000,0,0,0,ok,,
2189,,,,facebookresearch__hydra.0f03eb60.lm_rewrite__gpyz1el7.okv3h4yn,27,facebookresearch__hydra.0f03eb60.lm_rewrite__gpyz1el7.okv3h4yn,18572,true,136,252,0,0,0,0,0,,0,0,810000000,810000000,0,0,0,ok,,
2190,,,,facebookresearch__hydra.0f03eb60.lm_rewrite__gpyz1el7.okv3h4yn,28,facebookresearch__hydra.0f03eb60.lm_rewrite__gpyz1el7.okv3h4yn,18961,true,2977,83,0,0,0,0,0,,0,0,840000000,840000000,0,0,0,ok,,
2191,,,,facebookresearch__hydra.0f03eb60.lm_rewrite__gpyz1el7.okv3h4yn,29,facebookresearch__hydra.0f03eb60.lm_rewrite__gpyz1el7.okv3h4yn,22023,true,15,7,0,0,0,0,0,,0,0,870000000,870000000,0,0,0,ok,,
2192,,,,oauthlib__oauthlib.1fd52536.combine_file__2nfzwp19.ppfp1zmk,0,oauthlib__oauthlib.1fd52536.combine_file__2nfzwp19.ppfp1zmk,978,true,743,96,0,0,0,0,0,,0,0,0,0,0,0,0,ok,,
2193,,,,oauthlib__oauthlib.1fd52536.combine_file__2nfzwp19.ppfp1zmk,1,oauthlib__oauthlib.1fd52536.combine_file__2nfzwp19.ppfp1zmk,1818,true,2081,60,0,0,0,0,0,,0,0,30000000,30000000,0,0,0,ok,,
2194,,,,oauthlib__oauthlib.1fd52536.combine_file__2nfzwp19.ppfp1zmk,2,oauthlib__oauthlib.1fd52536.combine_file__2nfzwp19.ppfp1zmk,3960,true,850,63,0,0,0,0,0,,0,0,60000000,60000000,0,0,0,ok,,
2195,,,,oauthlib__oauthlib.1fd52536.combine_file__2nfzwp19.ppfp1zmk,3,oauthlib__oauthlib.1fd52536.combine_file__2nfzwp19.ppfp1zmk,4873,true,1636,61,0,0,0,0,0,,0,0,90000000,90000000,0,0,0,ok,,
2196,,,,oauthlib__oauthlib.1fd52536.combine_file__2nfzwp19.ppfp1zmk,4,oauthlib__oauthlib.1fd52536.combine_file__2nfzwp19.ppfp1zmk,6570,true,498,506,0,0,0,0,0,,0,0,120000000,120000000,0,0,0,ok,,
2197,,,,oauthlib__oauthlib.1fd52536.combine_file__2nfzwp19.ppfp1zmk,5,oauthlib__oauthlib.1fd52536.combine_file__2nfzwp19.ppfp1zmk,7574,true,17,36,0,0,0,0,0,,0,0,150000000,150000000,0,0,0,ok,,
2198,,,,oauthlib__oauthlib.1fd52536.combine_file__2nfzwp19.ppfp1zmk,6,oauthlib__oauthlib.1fd52536.combine_file__2nfzwp19.ppfp1zmk,7628,true,94,386,0,0,0,0,0,,0,0,180000000,180000000,0,0,0,ok,,
2199,,,,oauthlib__oauthlib.1fd52536.combine_file__2nfzwp19.ppfp1zmk,7,oauthlib__oauthlib.1fd52536.combine_file__2nfzwp19.ppfp1zmk,8109,true,205,264,0,0,0,0,0,,0,0,210000000,210000000,0,0,0,ok,,
2200,,,,oauthlib__oauthlib.1fd52536.combine_file__2nfzwp19.ppfp1zmk,8,oauthlib__oauthlib.1fd52536.combine_file__2nfzwp19.ppfp1zmk,8578,true,256,230,0,0,0,0,0,,0,0,240000000,240000000,0,0,0,ok,,
2201,,,,oauthlib__oauthlib.1fd52536.combine_file__2nfzwp19.ppfp1zmk,9,oauthlib__oauthlib.1fd52536.combine_file__2nfzwp19.ppfp1zmk,9065,true,196,164,0,0,0,0,0,,0,0,270000000,270000000,0,0,0,ok,,
2202,,,,oauthlib__oauthlib.1fd52536.combine_file__2nfzwp19.ppfp1zmk,10,oauthlib__oauthlib.1fd52536.combine_file__2nfzwp19.ppfp1zmk,9426,true,176,316,0,0,0,0,0,,0,0,300000000,300000000,0,0,0,ok,,
2203,,,,oauthlib__oauthlib.1fd52536.combine_file__2nfzwp19.ppfp1zmk,11,oauthlib__oauthlib.1fd52536.combine_file__2nfzwp19.ppfp1zmk,9919,true,264,54,0,0,0,0,0,,0,0,330000000,330000000,0,0,0,ok,,
2204,,,,oauthlib__oauthlib.1fd52536.combine_file__2nfzwp19.ppfp1zmk,12,oauthlib__oauthlib.1fd52536.combine_file__2nfzwp19.ppfp1zmk,10238,true,128,60,0,0,0,0,0,,0,0,360000000,360000000,0,0,0,ok,,
2205,,,,oauthlib__oauthlib.1fd52536.combine_file__2nfzwp19.ppfp1zmk,13,oauthlib__oauthlib.1fd52536.combine_file__2nfzwp19.ppfp1zmk,10426,true,160,79,0,0,0,0,0,,0,0,390000000,390000000,0,0,0,ok,,
2206,,,,oauthlib__oauthlib.1fd52536.combine_file__2nfzwp19.ppfp1zmk,14,oauthlib__oauthlib.1fd52536.combine_file__2nfzwp19.ppfp1zmk,10666,true,76,367,0,0,0,0,0,,0,0,420000000,420000000,0,0,0,ok,,
2207,,,,oauthlib__oauthlib.1fd52536.combine_file__2nfzwp19.ppfp1zmk,15,oauthlib__oauthlib.1fd52536.combine_file__2nfzwp19.ppfp1zmk,11109,true,306,38,0,0,0,0,0,,0,0,450000000,450000000,0,0,0,ok,,
2208,,,,oauthlib__oauthlib.1fd52536.combine_file__2nfzwp19.ppfp1zmk,16,oauthlib__oauthlib.1fd52536.combine_file__2nfzwp19.ppfp1zmk,11454,true,160,59,0,0,0,0,0,,0,0,480000000,480000000,0,0,0,ok,,
2209,,,,oauthlib__oauthlib.1fd52536.combine_file__2nfzwp19.ppfp1zmk,17,oauthlib__oauthlib.1fd52536.combine_file__2nfzwp19.ppfp1zmk,11674,true,70,490,0,0,0,0,0,,0,0,510000000,510000000,0,0,0,ok,,
2210,,,,oauthlib__oauthlib.1fd52536.combine_file__2nfzwp19.ppfp1zmk,18,oauthlib__oauthlib.1fd52536.combine_file__2nfzwp19.ppfp1zmk,12234,true,409,38,0,0,0,0,0,,0,0,540000000,540000000,0,0,0,ok,,
2211,,,,oauthlib__oauthlib.1fd52536.combine_file__2nfzwp19.ppfp1zmk,19,oauthlib__oauthlib.1fd52536.combine_file__2nfzwp19.ppfp1zmk,12682,true,29,54,0,0,0,0,0,,0,0,570000000,570000000,0,0,0,ok,,
2212,,,,oauthlib__oauthlib.1fd52536.combine_file__2nfzwp19.ppfp1zmk,20,oauthlib__oauthlib.1fd52536.combine_file__2nfzwp19.ppfp1zmk,12766,true,128,939,0,0,0,0,0,,0,0,600000000,600000000,0,0,0,ok,,
2213,,,,oauthlib__oauthlib.1fd52536.combine_file__2nfzwp19.ppfp1zmk,21,oauthlib__oauthlib.1fd52536.combine_file__2nfzwp19.ppfp1zmk,13833,true,16,32,0,0,0,0,0,,0,0,630000000,630000000,0,0,0,ok,,
2214,,,,oauthlib__oauthlib.1fd52536.combine_file__2nfzwp19.ppfp1zmk,22,oauthlib__oauthlib.1fd52536.combine_file__2nfzwp19.ppfp1zmk,13881,true,373,659,0,0,0,0,0,,0,0,660000000,660000000,0,0,0,ok,,
2215,,,,oauthlib__oauthlib.1fd52536.combine_file__2nfzwp19.ppfp1zmk,23,oauthlib__oauthlib.1fd52536.combine_file__2nfzwp19.ppfp1zmk,14913,true,478,39,0,0,0,0,0,,0,0,690000000,690000000,0,0,0,ok,,
2216,,,,oauthlib__oauthlib.1fd52536.combine_file__2nfzwp19.ppfp1zmk,24,oauthlib__oauthlib.1fd52536.combine_file__2nfzwp19.ppfp1zmk,15431,true,375,57,0,0,0,0,0,,0,0,720000000,720000000,0,0,0,ok,,
2217,,,,oauthlib__oauthlib.1fd52536.combine_file__2nfzwp19.ppfp1zmk,25,oauthlib__oauthlib.1fd52536.combine_file__2nfzwp19.ppfp1zmk,15864,true,29,60,0,0,0,0,0,,0,0,750000000,750000000,0,0,0,ok,,
2218,,,,oauthlib__oauthlib.1fd52536.combine_file__2nfzwp19.ppfp1zmk,26,oauthlib__oauthlib.1fd52536.combine_file__2nfzwp19.ppfp1zmk,15954,true,55,398,0,0,0,0,0,,0,0,780000000,780000000,0,0,0,ok,,
2219,,,,oauthlib__oauthlib.1fd52536.combine_file__2nfzwp19.ppfp1zmk,27,oauthlib__oauthlib.1fd52536.combine_file__2nfzwp19.ppfp1zmk,16407,true,2482,40,0,0,0,0,0,,0,0,810000000,810000000,0,0,0,ok,,
2220,,,,oauthlib__oauthlib.1fd52536.combine_file__2nfzwp19.ppfp1zmk,28,oauthlib__oauthlib.1fd52536.combine_file__2nfzwp19.ppfp1zmk,18929,true,15,7,0,0,0,0,0,,0,0,840000000,840000000,0,0,0,ok,,
2221,,,,gruns__furl.da386f68.lm_rewrite__9nb66oj3.pu1l9fkr,0,gruns__furl.da386f68.lm_rewrite__9nb66oj3.pu1l9fkr,978,true,573,98,0,0,0,0,0,,0,0,0,0,0,0,0,ok,,
2222,,,,gruns__furl.da386f68.lm_rewrite__9nb66oj3.pu1l9fkr,1,gruns__furl.da386f68.lm_rewrite__9nb66oj3.pu1l9fkr,1650,true,62,70,0,0,0,0,0,,0,0,30000000,30000000,0,0,0,ok,,
2223,,,,gruns__furl.da386f68.lm_rewrite__9nb66oj3.pu1l9fkr,2,gruns__furl.da386f68.lm_rewrite__9nb66oj3.pu1l9fkr,1782,true,4270,45,0,0,0,0,0,,0,0,60000000,60000000,0,0,0,ok,,
2224,,,,gruns__furl.da386f68.lm_rewrite__9nb66oj3.pu1l9fkr,3,gruns__furl.da386f68.lm_rewrite__9nb66oj3.pu1l9fkr,6098,true,21,56,0,0,0,0,0,,0,0,90000000,90000000,0,0,0,ok,,
2225,,,,gruns__furl.da386f68.lm_rewrite__9nb66oj3.pu1l9fkr,4,gruns__furl.da386f68.lm_rewrite__9nb66oj3.pu1l9fkr,6175,true,1094,61,0,0,0,0,0,,0,0,120000000,120000000,0,0,0,ok,,
2226,,,,gruns__furl.da386f68.lm_rewrite__9nb66oj3.pu1l9fkr,5,gruns__furl.da386f68.lm_rewrite__9nb66oj3.pu1l9fkr,7331,true,1043,62,0,0,0,0,0,,0,0,150000000,150000000,0,0,0,ok,,
2227,,,,gruns__furl.da386f68.lm_rewrite__9nb66oj3.pu1l9fkr,6,gruns__furl.da386f68.lm_rewrite__9nb66oj3.pu1l9fkr,8436,true,1153,55,0,0,0,0,0,,0,0,180000000,180000000,0,0,0,ok,,
2228,,,,gruns__furl.da386f68.lm_rewrite__9nb66oj3.pu1l9fkr,7,gruns__furl.da386f68.lm_rewrite__9nb66oj3.pu1l9fkr,9644,true,522,43,0,0,0,0,0,,0,0,210000000,210000000,0,0,0,ok,,
2229,,,,gruns__furl.da386f68.lm_rewrite__9nb66oj3.pu1l9fkr,8,gruns__furl.da386f68.lm_rewrite__9nb66oj3.pu1l9fkr,10210,true,1015,280,0,0,0,0,0,,0,0,240000000,240000000,0,0,0,ok,,
2230,,,,gruns__furl.da386f68.lm_rewrite__9nb66oj3.pu1l9fkr,9,gruns__furl.da386f68.lm_rewrite__9nb66oj3.pu1l9fkr,11506,true,17,34,0,0,0,0,0,,0,0,270000000,270000000,0,0,0,ok,,
2231,,,,gruns__furl.da386f68.lm_rewrite__9nb66oj3.pu1l9fkr,10,gruns__furl.da386f68.lm_rewrite__9nb66oj3.pu1l9fkr,11557,true,77,859,0,0,0,0,0,,0,0,300000000,300000000,0,0,0,ok,,
2232,,,,gruns__furl.da386f68.lm_rewrite__9nb66oj3.pu1l9fkr,11,gruns__furl.da386f68.lm_rewrite__9nb66oj3.pu1l9fkr,12495,true,721,69,0,0,0,0,0,,0,0,330000000,330000000,0,0,0,ok,,
2233,,,,gruns__furl.da386f68.lm_rewrite__9nb66oj3.pu1l9fkr,12,gruns__furl.da386f68.lm_rewrite__9nb66oj3.pu1l9fkr,13285,true,81,75,0,0,0,0,0,,0,0,360000000,360000000,0,0,0,ok,,
2234,,,,gruns__furl.da386f68.lm_rewrite__9nb66oj3.pu1l9fkr,13,gruns__furl.da386f68.lm_rewrite__9nb66oj3.pu1l9fkr,13442,true,398,1187,0,0,0,0,0,,0,0,390000000,390000000,0,0,0,ok,,
2235,,,,gruns__furl.da386f68.lm_rewrite__9nb66oj3.pu1l9fkr,14,gruns__furl.da386f68.lm_rewrite__9nb66oj3.pu1l9fkr,15028,true,983,38,0,0,0,0,0,,0,0,420000000,420000000,0,0,0,ok,,
2236,,,,gruns__furl.da386f68.lm_rewrite__9nb66oj3.pu1l9fkr,15,gruns__furl.da386f68.lm_rewrite__9nb66oj3.pu1l9fkr,16050,true,74,723,0,0,0,0,0,,0,0,450000000,450000000,0,0,0,ok,,
2237,,,,gruns__furl.da386f68.lm_rewrite__9nb66oj3.pu1l9fkr,16,gruns__furl.da386f68.lm_rewrite__9nb66oj3.pu1l9fkr,16848,true,17,31,0,0,0,0,0,,0,0,480000000,480000000,0,0,0,ok,,
2238,,,,gruns__furl.da386f68.lm_rewrite__9nb66oj3.pu1l9fkr,17,gruns__furl.da386f68.lm_rewrite__9nb66oj3.pu1l9fkr,16897,true,90,1367,0,0,0,0,0,,0,0,510000000,510000000,0,0,0,ok,,
2239,,,,gruns__furl.da386f68.lm_rewrite__9nb66oj3.pu1l9fkr,18,gruns__furl.da386f68.lm_rewrite__9nb66oj3.pu1l9fkr,18355,true,846,33,0,0,0,0,0,,0,0,540000000,540000000,0,0,0,ok,,
2240,,,,gruns__furl.da386f68.lm_rewrite__9nb66oj3.pu1l9fkr,19,gruns__furl.da386f68.lm_rewrite__9nb66oj3.pu1l9fkr,19235,true,354,279,0,0,0,0,0,,0,0,570000000,570000000,0,0,0,ok,,
2241,,,,gruns__furl.da386f68.lm_rewrite__9nb66oj3.pu1l9fkr,20,gruns__furl.da386f68.lm_rewrite__9nb66oj3.pu1l9fkr,19869,true,2299,40,0,0,0,0,0,,0,0,600000000,600000000,0,0,0,ok,,
2242,,,,gruns__furl.da386f68.lm_rewrite__9nb66oj3.pu1l9fkr,21,gruns__furl.da386f68.lm_rewrite__9nb66oj3.pu1l9fkr,22208,true,15,13,0,0,0,0,0,,0,0,630000000,630000000,0,0,0,ok,,
2243,,,,jawah__charset_normalizer.1fdd6463.lm_rewrite__h2zn5g82.xh3bhvdh,0,jawah__charset_normalizer.1fdd6463.lm_rewrite__h2zn5g82.xh3bhvdh,978,true,767,105,0,0,0,0,0,,0,0,0,0,0,0,0,ok,,
2244,,,,jawah__charset_normalizer.1fdd6463.lm_rewrite__h2zn5g82.xh3bhvdh,1,jawah__charset_normalizer.1fdd6463.lm_rewrite__h2zn5g82.xh3bhvdh,1851,true,280,65,0,0,0,0,0,,0,0,30000000,30000000,0,0,0,ok,,
2245,,,,jawah__charset_normalizer.1fdd6463.lm_rewrite__h2zn5g82.xh3bhvdh,2,jawah__charset_normalizer.1fdd6463.lm_rewrite__h2zn5g82.xh3bhvdh,2197,true,2633,60,0,0,0,0,0,,0,0,60000000,60000000,0,0,0,ok,,
2246,,,,jawah__charset_normalizer.1fdd6463.lm_rewrite__h2zn5g82.xh3bhvdh,3,jawah__charset_normalizer.1fdd6463.lm_rewrite__h2zn5g82.xh3bhvdh,4891,true,472,63,0,0,0,0,0,,0,0,90000000,90000000,0,0,0,ok,,
2247,,,,jawah__charset_normalizer.1fdd6463.lm_rewrite__h2zn5g82.xh3bhvdh,4,jawah__charset_normalizer.1fdd6463.lm_rewrite__h2zn5g82.xh3bhvdh,5426,true,763,63,0,0,0,0,0,,0,0,120000000,120000000,0,0,0,ok,,
2248,,,,jawah__charset_normalizer.1fdd6463.lm_rewrite__h2zn5g82.xh3bhvdh,5,jawah__charset_normalizer.1fdd6463.lm_rewrite__h2zn5g82.xh3bhvdh,6253,true,3830,56,0,0,0,0,0,,0,0,150000000,150000000,0,0,0,ok,,
2249,,,,jawah__charset_normalizer.1fdd6463.lm_rewrite__h2zn5g82.xh3bhvdh,6,jawah__charset_normalizer.1fdd6463.lm_rewrite__h2zn5g82.xh3bhvdh,10140,true,4232,51,0,0,0,0,0,,0,0,180000000,180000000,0,0,0,ok,,
2250,,,,jawah__charset_normalizer.1fdd6463.lm_rewrite__h2zn5g82.xh3bhvdh,7,jawah__charset_normalizer.1fdd6463.lm_rewrite__h2zn5g82.xh3bhvdh,14424,true,15,58,0,0,0,0,0,,0,0,210000000,210000000,0,0,0,ok,,
2251,,,,jawah__charset_normalizer.1fdd6463.lm_rewrite__h2zn5g82.xh3bhvdh,8,jawah__charset_normalizer.1fdd6463.lm_rewrite__h2zn5g82.xh3bhvdh,14498,true,173,231,0,0,0,0,0,,0,0,240000000,240000000,0,0,0,ok,,
2252,,,,jawah__charset_normalizer.1fdd6463.lm_rewrite__h2zn5g82.xh3bhvdh,9,jawah__charset_normalizer.1fdd6463.lm_rewrite__h2zn5g82.xh3bhvdh,14902,true,17,34,0,0,0,0,0,,0,0,270000000,270000000,0,0,0,ok,,
2253,,,,jawah__charset_normalizer.1fdd6463.lm_rewrite__h2zn5g82.xh3bhvdh,10,jawah__charset_normalizer.1fdd6463.lm_rewrite__h2zn5g82.xh3bhvdh,14954,true,41,1500,0,0,0,0,0,,0,0,300000000,300000000,0,0,0,ok,,
2254,,,,jawah__charset_normalizer.1fdd6463.lm_rewrite__h2zn5g82.xh3bhvdh,11,jawah__charset_normalizer.1fdd6463.lm_rewrite__h2zn5g82.xh3bhvdh,16496,true,990,55,0,0,0,0,0,,0,0,330000000,330000000,0,0,0,ok,,
2255,,,,jawah__charset_normalizer.1fdd6463.lm_rewrite__h2zn5g82.xh3bhvdh,12,jawah__charset_normalizer.1fdd6463.lm_rewrite__h2zn5g82.xh3bhvdh,17542,true,36,554,0,0,0,0,0,,0,0,360000000,360000000,0,0,0,ok,,
2256,,,,jawah__charset_normalizer.1fdd6463.lm_rewrite__h2zn5g82.xh3bhvdh,13,jawah__charset_normalizer.1fdd6463.lm_rewrite__h2zn5g82.xh3bhvdh,18133,true,17,32,0,0,0,0,0,,0,0,390000000,390000000,0,0,0,ok,,
2257,,,,jawah__charset_normalizer.1fdd6463.lm_rewrite__h2zn5g82.xh3bhvdh,14,jawah__charset_normalizer.1fdd6463.lm_rewrite__h2zn5g82.xh3bhvdh,18183,true,537,429,0,0,0,0,0,,0,0,420000000,420000000,0,0,0,ok,,
2258,,,,jawah__charset_normalizer.1fdd6463.lm_rewrite__h2zn5g82.xh3bhvdh,15,jawah__charset_normalizer.1fdd6463.lm_rewrite__h2zn5g82.xh3bhvdh,19150,true,356,44,0,0,0,0,0,,0,0,450000000,450000000,0,0,0,ok,,
2259,,,,jawah__charset_normalizer.1fdd6463.lm_rewrite__h2zn5g82.xh3bhvdh,16,jawah__charset_normalizer.1fdd6463.lm_rewrite__h2zn5g82.xh3bhvdh,19551,true,537,509,0,0,0,0,0,,0,0,480000000,480000000,0,0,0,ok,,
2260,,,,jawah__charset_normalizer.1fdd6463.lm_rewrite__h2zn5g82.xh3bhvdh,17,jawah__charset_normalizer.1fdd6463.lm_rewrite__h2zn5g82.xh3bhvdh,20598,true,18,34,0,0,0,0,0,,0,0,510000000,510000000,0,0,0,ok,,
2261,,,,jawah__charset_normalizer.1fdd6463.lm_rewrite__h2zn5g82.xh3bhvdh,18,jawah__charset_normalizer.1fdd6463.lm_rewrite__h2zn5g82.xh3bhvdh,20650,true,547,405,0,0,0,0,0,,0,0,540000000,540000000,0,0,0,ok,,
2262,,,,jawah__charset_normalizer.1fdd6463.lm_rewrite__h2zn5g82.xh3bhvdh,19,jawah__charset_normalizer.1fdd6463.lm_rewrite__h2zn5g82.xh3bhvdh,21602,true,1705,49,0,0,0,0,0,,0,0,570000000,570000000,0,0,0,ok,,
2263,,,,jawah__charset_normalizer.1fdd6463.lm_rewrite__h2zn5g82.xh3bhvdh,20,jawah__charset_normalizer.1fdd6463.lm_rewrite__h2zn5g82.xh3bhvdh,23357,true,15,7,0,0,0,0,0,,0,0,600000000,600000000,0,0,0,ok,,
2264,,,,chardet__chardet.9630f238.163.ag105xpg,0,chardet__chardet.9630f238.163.ag105xpg,978,true,583,75,0,0,0,0,0,,0,0,0,0,0,0,0,ok,,
2265,,,,chardet__chardet.9630f238.163.ag105xpg,1,chardet__chardet.9630f238.163.ag105xpg,1636,true,19,46,0,0,0,0,0,,0,0,30000000,30000000,0,0,0,ok,,
2266,,,,chardet__chardet.9630f238.163.ag105xpg,2,chardet__chardet.9630f238.163.ag105xpg,1702,true,2558,507,0,0,0,0,0,,0,0,60000000,60000000,0,0,0,ok,,
2267,,,,chardet__chardet.9630f238.163.ag105xpg,3,chardet__chardet.9630f238.163.ag105xpg,4768,true,19,35,0,0,0,0,0,,0,0,90000000,90000000,0,0,0,ok,,
2268,,,,chardet__chardet.9630f238.163.ag105xpg,4,chardet__chardet.9630f238.163.ag105xpg,4823,true,84,201,0,0,0,0,0,,0,0,120000000,120000000,0,0,0,ok,,
2269,,,,chardet__chardet.9630f238.163.ag105xpg,5,chardet__chardet.9630f238.163.ag105xpg,5109,true,172,42,0,0,0,0,0,,0,0,150000000,150000000,0,0,0,ok,,
2270,,,,chardet__chardet.9630f238.163.ag105xpg,6,chardet__chardet.9630f238.163.ag105xpg,5323,true,84,439,0,0,0,0,0,,0,0,180000000,180000000,0,0,0,ok,,
2271,,,,pydantic__pydantic.acb0f10f.pr_8018.3xsh2kxo,0,pydantic__pydantic.acb0f10f.pr_8018.3xsh2kxo,978,true,670,120,0,0,0,0,0,,0,0,0,0,0,0,0,ok,,
2272,,,,pydantic__pydantic.acb0f10f.pr_8018.3xsh2kxo,1,pydantic__pydantic.acb0f10f.pr_8018.3xsh2kxo,1769,true,33,62,0,0,0,0,0,,0,0,30000000,30000000,0,0,0,ok,,
2273,,,,pydantic__pydantic.acb0f10f.pr_8018.3xsh2kxo,2,pydantic__pydantic.acb0f10f.pr_8018.3xsh2kxo,1865,true,4296,301,0,0,0,0,0,,0,0,60000000,60000000,0,0,0,ok,,
2274,,,,pydantic__pydantic.acb0f10f.pr_8018.3xsh2kxo,3,pydantic__pydantic.acb0f10f.pr_8018.3xsh2kxo,6462,true,17,35,0,0,0,0,0,,0,0,90000000,90000000,0,0,0,ok,,
2275,,,,pydantic__pydantic.acb0f10f.pr_8018.3xsh2kxo,4,pydantic__pydantic.acb0f10f.pr_8018.3xsh2kxo,6515,true,145,40,0,0,0,0,0,,0,0,120000000,120000000,0,0,0,ok,,
2276,,,,pydantic__pydantic.acb0f10f.pr_8018.3xsh2kxo,5,pydantic__pydantic.acb0f10f.pr_8018.3xsh2kxo,6701,true,315,34,0,0,0,0,0,,0,0,150000000,150000000,0,0,0,ok,,
2277,,,,pydantic__pydantic.acb0f10f.pr_8018.3xsh2kxo,6,pydantic__pydantic.acb0f10f.pr_8018.3xsh2kxo,7051,true,54,558,0,0,0,0,0,,0,0,180000000,180000000,0,0,0,ok,,
2278,,,,pydantic__pydantic.acb0f10f.pr_8018.3xsh2kxo,7,pydantic__pydantic.acb0f10f.pr_8018.3xsh2kxo,7663,true,412,32,0,0,0,0,0,,0,0,210000000,210000000,0,0,0,ok,,
2279,,,,pydantic__pydantic.acb0f10f.pr_8018.3xsh2kxo,8,pydantic__pydantic.acb0f10f.pr_8018.3xsh2kxo,8108,true,91,544,0,0,0,0,0,,0,0,240000000,240000000,0,0,0,ok,,
2280,,,,pydantic__pydantic.acb0f10f.pr_8018.3xsh2kxo,9,pydantic__pydantic.acb0f10f.pr_8018.3xsh2kxo,8744,true,302,183,0,0,0,0,0,,0,0,270000000,270000000,0,0,0,ok,,
2281,,,,pydantic__pydantic.acb0f10f.pr_8018.3xsh2kxo,10,pydantic__pydantic.acb0f10f.pr_8018.3xsh2kxo,9229,true,91,980,0,0,0,0,0,,0,0,300000000,300000000,0,0,0,ok,,
2282,,,,pydantic__pydantic.acb0f10f.pr_8018.3xsh2kxo,11,pydantic__pydantic.acb0f10f.pr_8018.3xsh2kxo,10301,true,17,32,0,0,0,0,0,,0,0,330000000,330000000,0,0,0,ok,,
2283,,,,pydantic__pydantic.acb0f10f.pr_8018.3xsh2kxo,12,pydantic__pydantic.acb0f10f.pr_8018.3xsh2kxo,10352,true,246,373,0,0,0,0,0,,0,0,360000000,360000000,0,0,0,ok,,
2284,,,,pydantic__pydantic.acb0f10f.pr_8018.3xsh2kxo,13,pydantic__pydantic.acb0f10f.pr_8018.3xsh2kxo,10971,true,868,43,0,0,0,0,0,,0,0,390000000,390000000,0,0,0,ok,,
2285,,,,pydantic__pydantic.acb0f10f.pr_8018.3xsh2kxo,14,pydantic__pydantic.acb0f10f.pr_8018.3xsh2kxo,11883,true,15,7,0,0,0,0,0,,0,0,420000000,420000000,0,0,0,ok,,
2286,,,,getmoto__moto.694ce1f4.pr_6374.q8pq44eb,0,getmoto__moto.694ce1f4.pr_6374.q8pq44eb,978,true,748,71,0,0,0,0,0,,0,0,0,0,0,0,0,ok,,
2287,,,,getmoto__moto.694ce1f4.pr_6374.q8pq44eb,1,getmoto__moto.694ce1f4.pr_6374.q8pq44eb,1797,true,2786,73,0,0,0,0,0,,0,0,30000000,30000000,0,0,0,ok,,
2288,,,,getmoto__moto.694ce1f4.pr_6374.q8pq44eb,2,getmoto__moto.694ce1f4.pr_6374.q8pq44eb,4657,true,3430,403,0,0,0,0,0,,0,0,60000000,60000000,0,0,0,ok,,
2289,,,,getmoto__moto.694ce1f4.pr_6374.q8pq44eb,3,getmoto__moto.694ce1f4.pr_6374.q8pq44eb,8491,true,19,36,0,0,0,0,0,,0,0,90000000,90000000,0,0,0,ok,,
2290,,,,getmoto__moto.694ce1f4.pr_6374.q8pq44eb,4,getmoto__moto.694ce1f4.pr_6374.q8pq44eb,8547,true,194,172,0,0,0,0,0,,0,0,120000000,120000000,0,0,0,ok,,
2291,,,,getmoto__moto.694ce1f4.pr_6374.q8pq44eb,5,getmoto__moto.694ce1f4.pr_6374.q8pq44eb,8914,true,130,78,0,0,0,0,0,,0,0,150000000,150000000,0,0,0,ok,,
2292,,,,getmoto__moto.694ce1f4.pr_6374.q8pq44eb,6,getmoto__moto.694ce1f4.pr_6374.q8pq44eb,9122,true,137,33,0,0,0,0,0,,0,0,180000000,180000000,0,0,0,ok,,
2293,,,,getmoto__moto.694ce1f4.pr_6374.q8pq44eb,7,getmoto__moto.694ce1f4.pr_6374.q8pq44eb,9293,true,52,636,0,0,0,0,0,,0,0,210000000,210000000,0,0,0,ok,,
2294,,,,getmoto__moto.694ce1f4.pr_6374.q8pq44eb,8,getmoto__moto.694ce1f4.pr_6374.q8pq44eb,9982,true,484,32,0,0,0,0,0,,0,0,240000000,240000000,0,0,0,ok,,
2295,,,,getmoto__moto.694ce1f4.pr_6374.q8pq44eb,9,getmoto__moto.694ce1f4.pr_6374.q8pq44eb,10499,true,66,31,0,0,0,0,0,,0,0,270000000,270000000,0,0,0,ok,,
2296,,,,getmoto__moto.694ce1f4.pr_6374.q8pq44eb,10,getmoto__moto.694ce1f4.pr_6374.q8pq44eb,10597,true,848,84,0,0,0,0,0,,0,0,300000000,300000000,0,0,0,ok,,
2297,,,,getmoto__moto.694ce1f4.pr_6374.q8pq44eb,11,getmoto__moto.694ce1f4.pr_6374.q8pq44eb,11530,true,90,61,0,0,0,0,0,,0,0,330000000,330000000,0,0,0,ok,,
2298,,,,getmoto__moto.694ce1f4.pr_6374.q8pq44eb,12,getmoto__moto.694ce1f4.pr_6374.q8pq44eb,11681,true,124,32,0,0,0,0,0,,0,0,360000000,360000000,0,0,0,ok,,
2299,,,,getmoto__moto.694ce1f4.pr_6374.q8pq44eb,13,getmoto__moto.694ce1f4.pr_6374.q8pq44eb,11839,true,61,79,0,0,0,0,0,,0,0,390000000,390000000,0,0,0,ok,,
2300,,,,getmoto__moto.694ce1f4.pr_6374.q8pq44eb,14,getmoto__moto.694ce1f4.pr_6374.q8pq44eb,11979,true,92,32,0,0,0,0,0,,0,0,420000000,420000000,0,0,0,ok,,
2301,,,,getmoto__moto.694ce1f4.pr_6374.q8pq44eb,15,getmoto__moto.694ce1f4.pr_6374.q8pq44eb,12104,true,140,424,0,0,0,0,0,,0,0,450000000,450000000,0,0,0,ok,,
2302,,,,getmoto__moto.694ce1f4.pr_6374.q8pq44eb,16,getmoto__moto.694ce1f4.pr_6374.q8pq44eb,12669,true,234,39,0,0,0,0,0,,0,0,480000000,480000000,0,0,0,ok,,
2303,,,,getmoto__moto.694ce1f4.pr_6374.q8pq44eb,17,getmoto__moto.694ce1f4.pr_6374.q8pq44eb,12943,true,189,327,0,0,0,0,0,,0,0,510000000,510000000,0,0,0,ok,,
2304,,,,getmoto__moto.694ce1f4.pr_8492.uz8ru91h,0,getmoto__moto.694ce1f4.pr_8492.uz8ru91h,978,true,679,98,0,0,0,0,0,,0,0,0,0,0,0,0,ok,,
2305,,,,getmoto__moto.694ce1f4.pr_8492.uz8ru91h,1,getmoto__moto.694ce1f4.pr_8492.uz8ru91h,1755,true,63,40,0,0,0,0,0,,0,0,30000000,30000000,0,0,0,ok,,
2306,,,,getmoto__moto.694ce1f4.pr_8492.uz8ru91h,2,getmoto__moto.694ce1f4.pr_8492.uz8ru91h,1859,true,187,53,0,0,0,0,0,,0,0,60000000,60000000,0,0,0,ok,,
2307,,,,getmoto__moto.694ce1f4.pr_8492.uz8ru91h,3,getmoto__moto.694ce1f4.pr_8492.uz8ru91h,2100,true,4048,55,0,0,0,0,0,,0,0,90000000,90000000,0,0,0,ok,,
2308,,,,getmoto__moto.694ce1f4.pr_8492.uz8ru91h,4,getmoto__moto.694ce1f4.pr_8492.uz8ru91h,6203,true,1766,566,0,0,0,0,0,,0,0,120000000,120000000,0,0,0,ok,,
2309,,,,getmoto__moto.694ce1f4.pr_8492.uz8ru91h,5,getmoto__moto.694ce1f4.pr_8492.uz8ru91h,8536,true,17,36,0,0,0,0,0,,0,0,150000000,150000000,0,0,0,ok,,
2310,,,,getmoto__moto.694ce1f4.pr_8492.uz8ru91h,6,getmoto__moto.694ce1f4.pr_8492.uz8ru91h,8590,true,678,1222,0,0,0,0,0,,0,0,180000000,180000000,0,0,0,ok,,
2311,,,,getmoto__moto.694ce1f4.pr_8492.uz8ru91h,7,getmoto__moto.694ce1f4.pr_8492.uz8ru91h,10491,true,873,36,0,0,0,0,0,,0,0,210000000,210000000,0,0,0,ok,,
2312,,,,getmoto__moto.694ce1f4.pr_8492.uz8ru91h,8,getmoto__moto.694ce1f4.pr_8492.uz8ru91h,11401,true,56,91,0,0,0,0,0,,0,0,240000000,240000000,0,0,0,ok,,
2313,,,,getmoto__moto.694ce1f4.pr_8492.uz8ru91h,9,getmoto__moto.694ce1f4.pr_8492.uz8ru91h,11549,true,102,32,0,0,0,0,0,,0,0,270000000,270000000,0,0,0,ok,,
2314,,,,getmoto__moto.694ce1f4.pr_8492.uz8ru91h,10,getmoto__moto.694ce1f4.pr_8492.uz8ru91h,11684,true,60,247,0,0,0,0,0,,0,0,300000000,300000000,0,0,0,ok,,
2315,,,,getmoto__moto.694ce1f4.pr_8492.uz8ru91h,11,getmoto__moto.694ce1f4.pr_8492.uz8ru91h,11991,true,211,32,0,0,0,0,0,,0,0,330000000,330000000,0,0,0,ok,,
2316,,,,getmoto__moto.694ce1f4.pr_8492.uz8ru91h,12,getmoto__moto.694ce1f4.pr_8492.uz8ru91h,12234,true,314,761,0,0,0,0,0,,0,0,360000000,360000000,0,0,0,ok,,
2317,,,,getmoto__moto.694ce1f4.pr_8492.uz8ru91h,13,getmoto__moto.694ce1f4.pr_8492.uz8ru91h,13309,true,599,56,0,0,0,0,0,,0,0,390000000,390000000,0,0,0,ok,,
2318,,,,getmoto__moto.694ce1f4.pr_8492.uz8ru91h,14,getmoto__moto.694ce1f4.pr_8492.uz8ru91h,13965,true,425,1061,0,0,0,0,0,,0,0,420000000,420000000,0,0,0,ok,,
2319,,,,getmoto__moto.694ce1f4.pr_8492.uz8ru91h,15,getmoto__moto.694ce1f4.pr_8492.uz8ru91h,15453,true,17,32,0,0,0,0,0,,0,0,450000000,450000000,0,0,0,ok,,
2320,,,,getmoto__moto.694ce1f4.pr_8492.uz8ru91h,16,getmoto__moto.694ce1f4.pr_8492.uz8ru91h,15503,true,1962,229,0,0,0,0,0,,0,0,480000000,480000000,0,0,0,ok,,
2321,,,,getmoto__moto.694ce1f4.pr_8492.uz8ru91h,17,getmoto__moto.694ce1f4.pr_8492.uz8ru91h,17694,true,245,34,0,0,0,0,0,,0,0,510000000,510000000,0,0,0,ok,,
2322,,,,getmoto__moto.694ce1f4.pr_8492.uz8ru91h,18,getmoto__moto.694ce1f4.pr_8492.uz8ru91h,17974,true,973,365,0,0,0,0,0,,0,0,540000000,540000000,0,0,0,ok,,
2323,,,,getmoto__moto.694ce1f4.pr_8492.uz8ru91h,19,getmoto__moto.694ce1f4.pr_8492.uz8ru91h,19312,true,2443,41,0,0,0,0,0,,0,0,570000000,570000000,0,0,0,ok,,
2324,,,,getmoto__moto.694ce1f4.pr_8492.uz8ru91h,20,getmoto__moto.694ce1f4.pr_8492.uz8ru91h,21797,true,15,7,0,0,0,0,0,,0,0,600000000,600000000,0,0,0,ok,,
2325,,,,benoitc__gunicorn.bacbf8aa.func_pm_ctrl_invert_if__vsxey1ea.dmb6crem,0,benoitc__gunicorn.bacbf8aa.func_pm_ctrl_invert_if__vsxey1ea.dmb6crem,978,true,849,107,0,0,0,0,0,,0,0,0,0,0,0,0,ok,,
2326,,,,benoitc__gunicorn.bacbf8aa.func_pm_ctrl_invert_if__vsxey1ea.dmb6crem,1,benoitc__gunicorn.bacbf8aa.func_pm_ctrl_invert_if__vsxey1ea.dmb6crem,1935,true,2007,73,0,0,0,0,0,,0,0,30000000,30000000,0,0,0,ok,,
2327,,,,benoitc__gunicorn.bacbf8aa.func_pm_ctrl_invert_if__vsxey1ea.dmb6crem,2,benoitc__gunicorn.bacbf8aa.func_pm_ctrl_invert_if__vsxey1ea.dmb6crem,4016,true,797,44,0,0,0,0,0,,0,0,60000000,60000000,0,0,0,ok,,
2328,,,,benoitc__gunicorn.bacbf8aa.func_pm_ctrl_invert_if__vsxey1ea.dmb6crem,3,benoitc__gunicorn.bacbf8aa.func_pm_ctrl_invert_if__vsxey1ea.dmb6crem,4858,true,2192,70,0,0,0,0,0,,0,0,90000000,90000000,0,0,0,ok,,
2329,,,,benoitc__gunicorn.bacbf8aa.func_pm_ctrl_invert_if__vsxey1ea.dmb6crem,4,benoitc__gunicorn.bacbf8aa.func_pm_ctrl_invert_if__vsxey1ea.dmb6crem,7120,true,431,57,0,0,0,0,0,,0,0,120000000,120000000,0,0,0,ok,,
2330,,,,benoitc__gunicorn.bacbf8aa.func_pm_ctrl_invert_if__vsxey1ea.dmb6crem,5,benoitc__gunicorn.bacbf8aa.func_pm_ctrl_invert_if__vsxey1ea.dmb6crem,7609,true,117,68,0,0,0,0,0,,0,0,150000000,150000000,0,0,0,ok,,
2331,,,,benoitc__gunicorn.bacbf8aa.func_pm_ctrl_invert_if__vsxey1ea.dmb6crem,6,benoitc__gunicorn.bacbf8aa.func_pm_ctrl_invert_if__vsxey1ea.dmb6crem,7795,true,270,62,0,0,0,0,0,,0,0,180000000,180000000,0,0,0,ok,,
2332,,,,benoitc__gunicorn.bacbf8aa.func_pm_ctrl_invert_if__vsxey1ea.dmb6crem,7,benoitc__gunicorn.bacbf8aa.func_pm_ctrl_invert_if__vsxey1ea.dmb6crem,8128,true,499,363,0,0,0,0,0,,0,0,210000000,210000000,0,0,0,ok,,
2333,,,,benoitc__gunicorn.bacbf8aa.func_pm_ctrl_invert_if__vsxey1ea.dmb6crem,8,benoitc__gunicorn.bacbf8aa.func_pm_ctrl_invert_if__vsxey1ea.dmb6crem,8990,true,17,37,0,0,0,0,0,,0,0,240000000,240000000,0,0,0,ok,,
2334,,,,benoitc__gunicorn.bacbf8aa.func_pm_ctrl_invert_if__vsxey1ea.dmb6crem,9,benoitc__gunicorn.bacbf8aa.func_pm_ctrl_invert_if__vsxey1ea.dmb6crem,9045,true,290,142,0,0,0,0,0,,0,0,270000000,270000000,0,0,0,ok,,
2335,,,,benoitc__gunicorn.bacbf8aa.func_pm_ctrl_invert_if__vsxey1ea.dmb6crem,10,benoitc__gunicorn.bacbf8aa.func_pm_ctrl_invert_if__vsxey1ea.dmb6crem,9478,true,165,44,0,0,0,0,0,,0,0,300000000,300000000,0,0,0,ok,,
2336,,,,benoitc__gunicorn.bacbf8aa.func_pm_ctrl_invert_if__vsxey1ea.dmb6crem,11,benoitc__gunicorn.bacbf8aa.func_pm_ctrl_invert_if__vsxey1ea.dmb6crem,9687,true,206,776,0,0,0,0,0,,0,0,330000000,330000000,0,0,0,ok,,
2337,,,,benoitc__gunicorn.bacbf8aa.func_pm_ctrl_invert_if__vsxey1ea.dmb6crem,12,benoitc__gunicorn.bacbf8aa.func_pm_ctrl_invert_if__vsxey1ea.dmb6crem,10671,true,17,39,0,0,0,0,0,,0,0,360000000,360000000,0,0,0,ok,,
2338,,,,benoitc__gunicorn.bacbf8aa.func_pm_ctrl_invert_if__vsxey1ea.dmb6crem,13,benoitc__gunicorn.bacbf8aa.func_pm_ctrl_invert_if__vsxey1ea.dmb6crem,10728,true,76,347,0,0,0,0,0,,0,0,390000000,390000000,0,0,0,ok,,
2339,,,,benoitc__gunicorn.bacbf8aa.func_pm_ctrl_invert_if__vsxey1ea.dmb6crem,14,benoitc__gunicorn.bacbf8aa.func_pm_ctrl_invert_if__vsxey1ea.dmb6crem,11151,true,186,179,0,0,0,0,0,,0,0,420000000,420000000,0,0,0,ok,,
2340,,,,benoitc__gunicorn.bacbf8aa.func_pm_ctrl_invert_if__vsxey1ea.dmb6crem,15,benoitc__gunicorn.bacbf8aa.func_pm_ctrl_invert_if__vsxey1ea.dmb6crem,11517,true,16,23,0,0,0,0,0,,0,0,450000000,450000000,0,0,0,ok,,
2341,,,,benoitc__gunicorn.bacbf8aa.func_pm_ctrl_invert_if__vsxey1ea.dmb6crem,16,benoitc__gunicorn.bacbf8aa.func_pm_ctrl_invert_if__vsxey1ea.dmb6crem,11557,true,109,203,0,0,0,0,0,,0,0,480000000,480000000,0,0,0,ok,,
2342,,,,benoitc__gunicorn.bacbf8aa.func_pm_ctrl_invert_if__vsxey1ea.dmb6crem,17,benoitc__gunicorn.bacbf8aa.func_pm_ctrl_invert_if__vsxey1ea.dmb6crem,11870,true,195,190,0,0,0,0,0,,0,0,510000000,510000000,0,0,0,ok,,
2343,,,,benoitc__gunicorn.bacbf8aa.func_pm_ctrl_invert_if__vsxey1ea.dmb6crem,18,benoitc__gunicorn.bacbf8aa.func_pm_ctrl_invert_if__vsxey1ea.dmb6crem,12256,true,16,23,0,0,0,0,0,,0,0,540000000,540000000,0,0,0,ok,,
2344,,,,benoitc__gunicorn.bacbf8aa.func_pm_ctrl_invert_if__vsxey1ea.dmb6crem,19,benoitc__gunicorn.bacbf8aa.func_pm_ctrl_invert_if__vsxey1ea.dmb6crem,12296,true,118,1582,0,0,0,0,0,,0,0,570000000,570000000,0,0,0,ok,,
2345,,,,benoitc__gunicorn.bacbf8aa.func_pm_ctrl_invert_if__vsxey1ea.dmb6crem,20,benoitc__gunicorn.bacbf8aa.func_pm_ctrl_invert_if__vsxey1ea.dmb6crem,13997,true,18,34,0,0,0,0,0,,0,0,600000000,600000000,0,0,0,ok,,
2346,,,,benoitc__gunicorn.bacbf8aa.func_pm_ctrl_invert_if__vsxey1ea.dmb6crem,21,benoitc__gunicorn.bacbf8aa.func_pm_ctrl_invert_if__vsxey1ea.dmb6crem,14049,true,138,242,0,0,0,0,0,,0,0,630000000,630000000,0,0,0,ok,,
2347,,,,benoitc__gunicorn.bacbf8aa.func_pm_ctrl_invert_if__vsxey1ea.dmb6crem,22,benoitc__gunicorn.bacbf8aa.func_pm_ctrl_invert_if__vsxey1ea.dmb6crem,14430,true,3232,61,0,0,0,0,0,,0,0,660000000,660000000,0,0,0,ok,,
2348,,,,benoitc__gunicorn.bacbf8aa.func_pm_ctrl_invert_if__vsxey1ea.dmb6crem,23,benoitc__gunicorn.bacbf8aa.func_pm_ctrl_invert_if__vsxey1ea.dmb6crem,17723,true,15,7,0,0,0,0,0,,0,0,690000000,690000000,0,0,0,ok,,
2349,,,,pyasn1__pyasn1.0f07d724.lm_rewrite__rli42acr.82pjat6u,0,pyasn1__pyasn1.0f07d724.lm_rewrite__rli42acr.82pjat6u,978,true,682,103,0,0,0,0,0,,0,0,0,0,0,0,0,ok,,
2350,,,,pyasn1__pyasn1.0f07d724.lm_rewrite__rli42acr.82pjat6u,1,pyasn1__pyasn1.0f07d724.lm_rewrite__rli42acr.82pjat6u,1764,true,21,67,0,0,0,0,0,,0,0,30000000,30000000,0,0,0,ok,,
2351,,,,pyasn1__pyasn1.0f07d724.lm_rewrite__rli42acr.82pjat6u,2,pyasn1__pyasn1.0f07d724.lm_rewrite__rli42acr.82pjat6u,1853,true,4263,49,0,0,0,0,0,,0,0,60000000,60000000,0,0,0,ok,,
2352,,,,pyasn1__pyasn1.0f07d724.lm_rewrite__rli42acr.82pjat6u,3,pyasn1__pyasn1.0f07d724.lm_rewrite__rli42acr.82pjat6u,6166,true,27,56,0,0,0,0,0,,0,0,90000000,90000000,0,0,0,ok,,
2353,,,,pyasn1__pyasn1.0f07d724.lm_rewrite__rli42acr.82pjat6u,4,pyasn1__pyasn1.0f07d724.lm_rewrite__rli42acr.82pjat6u,6250,true,201,125,0,0,0,0,0,,0,0,120000000,120000000,0,0,0,ok,,
2354,,,,pyasn1__pyasn1.0f07d724.lm_rewrite__rli42acr.82pjat6u,5,pyasn1__pyasn1.0f07d724.lm_rewrite__rli42acr.82pjat6u,6576,true,42,185,0,0,0,0,0,,0,0,150000000,150000000,0,0,0,ok,,
2355,,,,pyasn1__pyasn1.0f07d724.lm_rewrite__rli42acr.82pjat6u,6,pyasn1__pyasn1.0f07d724.lm_rewrite__rli42acr.82pjat6u,6805,true,17,35,0,0,0,0,0,,0,0,180000000,180000000,0,0,0,ok,,
2356,,,,pyasn1__pyasn1.0f07d724.lm_rewrite__rli42acr.82pjat6u,7,pyasn1__pyasn1.0f07d724.lm_rewrite__rli42acr.82pjat6u,6858,true,16,308,0,0,0,0,0,,0,0,210000000,210000000,0,0,0,ok,,
2357,,,,pyasn1__pyasn1.0f07d724.lm_rewrite__rli42acr.82pjat6u,8,pyasn1__pyasn1.0f07d724.lm_rewrite__rli42acr.82pjat6u,7183,true,218,176,0,0,0,0,0,,0,0,240000000,240000000,0,0,0,ok,,
2358,,,,pyasn1__pyasn1.0f07d724.lm_rewrite__rli42acr.82pjat6u,9,pyasn1__pyasn1.0f07d724.lm_rewrite__rli42acr.82pjat6u,7577,true,220,54,0,0,0,0,0,,0,0,270000000,270000000,0,0,0,ok,,
2359,,,,pyasn1__pyasn1.0f07d724.lm_rewrite__rli42acr.82pjat6u,10,pyasn1__pyasn1.0f07d724.lm_rewrite__rli42acr.82pjat6u,7852,true,16,112,0,0,0,0,0,,0,0,300000000,300000000,0,0,0,ok,,
2360,,,,pyasn1__pyasn1.0f07d724.lm_rewrite__rli42acr.82pjat6u,11,pyasn1__pyasn1.0f07d724.lm_rewrite__rli42acr.82pjat6u,7982,true,559,87,0,0,0,0,0,,0,0,330000000,330000000,0,0,0,ok,,
2361,,,,pyasn1__pyasn1.0f07d724.lm_rewrite__rli42acr.82pjat6u,12,pyasn1__pyasn1.0f07d724.lm_rewrite__rli42acr.82pjat6u,8628,true,116,291,0,0,0,0,0,,0,0,360000000,360000000,0,0,0,ok,,
2362,,,,pyasn1__pyasn1.0f07d724.lm_rewrite__rli42acr.82pjat6u,13,pyasn1__pyasn1.0f07d724.lm_rewrite__rli42acr.82pjat6u,9036,true,204,149,0,0,0,0,0,,0,0,390000000,390000000,0,0,0,ok,,
2363,,,,pyasn1__pyasn1.0f07d724.lm_rewrite__rli42acr.82pjat6u,14,pyasn1__pyasn1.0f07d724.lm_rewrite__rli42acr.82pjat6u,9389,true,201,1146,0,0,0,0,0,,0,0,420000000,420000000,0,0,0,ok,,
2364,,,,pyasn1__pyasn1.0f07d724.lm_rewrite__rli42acr.82pjat6u,15,pyasn1__pyasn1.0f07d724.lm_rewrite__rli42acr.82pjat6u,10737,true,924,41,0,0,0,0,0,,0,0,450000000,450000000,0,0,0,ok,,
2365,,,,pyasn1__pyasn1.0f07d724.lm_rewrite__rli42acr.82pjat6u,16,pyasn1__pyasn1.0f07d724.lm_rewrite__rli42acr.82pjat6u,11703,true,16,561,0,0,0,0,0,,0,0,480000000,480000000,0,0,0,ok,,
2366,,,,pyasn1__pyasn1.0f07d724.lm_rewrite__rli42acr.82pjat6u,17,pyasn1__pyasn1.0f07d724.lm_rewrite__rli42acr.82pjat6u,12281,true,17,31,0,0,0,0,0,,0,0,510000000,510000000,0,0,0,ok,,
2367,,,,pyasn1__pyasn1.0f07d724.lm_rewrite__rli42acr.82pjat6u,18,pyasn1__pyasn1.0f07d724.lm_rewrite__rli42acr.82pjat6u,12329,true,142,211,0,0,0,0,0,,0,0,540000000,540000000,0,0,0,ok,,
2368,,,,pyasn1__pyasn1.0f07d724.lm_rewrite__rli42acr.82pjat6u,19,pyasn1__pyasn1.0f07d724.lm_rewrite__rli42acr.82pjat6u,12683,true,1440,41,0,0,0,0,0,,0,0,570000000,570000000,0,0,0,ok,,
2369,,,,pyasn1__pyasn1.0f07d724.lm_rewrite__rli42acr.82pjat6u,20,pyasn1__pyasn1.0f07d724.lm_rewrite__rli42acr.82pjat6u,14164,true,15,7,0,0,0,0,0,,0,0,600000000,600000000,0,0,0,ok,,
2370,,,,seperman__deepdiff.ed252022.lm_rewrite__8antbd9j.63okxalb,0,seperman__deepdiff.ed252022.lm_rewrite__8antbd9j.63okxalb,978,true,676,74,0,0,0,0,0,,0,0,0,0,0,0,0,ok,,
2371,,,,seperman__deepdiff.ed252022.lm_rewrite__8antbd9j.63okxalb,1,seperman__deepdiff.ed252022.lm_rewrite__8antbd9j.63okxalb,1729,true,319,59,0,0,0,0,0,,0,0,30000000,30000000,0,0,0,ok,,
2372,,,,seperman__deepdiff.ed252022.lm_rewrite__8antbd9j.63okxalb,2,seperman__deepdiff.ed252022.lm_rewrite__8antbd9j.63okxalb,2107,true,4237,40,0,0,0,0,0,,0,0,60000000,60000000,0,0,0,ok,,
2373,,,,seperman__deepdiff.ed252022.lm_rewrite__8antbd9j.63okxalb,3,seperman__deepdiff.ed252022.lm_rewrite__8antbd9j.63okxalb,6385,true,15,72,0,0,0,0,0,,0,0,90000000,90000000,0,0,0,ok,,
2374,,,,seperman__deepdiff.ed252022.lm_rewrite__8antbd9j.63okxalb,4,seperman__deepdiff.ed252022.lm_rewrite__8antbd9j.63okxalb,6473,true,2130,69,0,0,0,0,0,,0,0,120000000,120000000,0,0,0,ok,,
2375,,,,seperman__deepdiff.ed252022.lm_rewrite__8antbd9j.63okxalb,5,seperman__deepdiff.ed252022.lm_rewrite__8antbd9j.63okxalb,8672,true,583,46,0,0,0,0,0,,0,0,150000000,150000000,0,0,0,ok,,
2376,,,,seperman__deepdiff.ed252022.lm_rewrite__8antbd9j.63okxalb,6,seperman__deepdiff.ed252022.lm_rewrite__8antbd9j.63okxalb,9302,true,287,274,0,0,0,0,0,,0,0,180000000,180000000,0,0,0,ok,,
2377,,,,seperman__deepdiff.ed252022.lm_rewrite__8antbd9j.63okxalb,7,seperman__deepdiff.ed252022.lm_rewrite__8antbd9j.63okxalb,9864,true,17,35,0,0,0,0,0,,0,0,210000000,210000000,0,0,0,ok,,
2378,,,,seperman__deepdiff.ed252022.lm_rewrite__8antbd9j.63okxalb,8,seperman__deepdiff.ed252022.lm_rewrite__8antbd9j.63okxalb,9917,true,52,307,0,0,0,0,0,,0,0,240000000,240000000,0,0,0,ok,,
2379,,,,seperman__deepdiff.ed252022.lm_rewrite__8antbd9j.63okxalb,9,seperman__deepdiff.ed252022.lm_rewrite__8antbd9j.63okxalb,10277,true,21,28,0,0,0,0,0,,0,0,270000000,270000000,0,0,0,ok,,
2380,,,,seperman__deepdiff.ed252022.lm_rewrite__8antbd9j.63okxalb,10,seperman__deepdiff.ed252022.lm_rewrite__8antbd9j.63okxalb,10327,true,173,693,0,0,0,0,0,,0,0,300000000,300000000,0,0,0,ok,,
2381,,,,seperman__deepdiff.ed252022.lm_rewrite__8antbd9j.63okxalb,11,seperman__deepdiff.ed252022.lm_rewrite__8antbd9j.63okxalb,11194,true,473,40,0,0,0,0,0,,0,0,330000000,330000000,0,0,0,ok,,
2382,,,,seperman__deepdiff.ed252022.lm_rewrite__8antbd9j.63okxalb,12,seperman__deepdiff.ed252022.lm_rewrite__8antbd9j.63okxalb,11707,true,205,92,0,0,0,0,0,,0,0,360000000,360000000,0,0,0,ok,,
2383,,,,seperman__deepdiff.ed252022.lm_rewrite__8antbd9j.63okxalb,13,seperman__deepdiff.ed252022.lm_rewrite__8antbd9j.63okxalb,12005,true,84,59,0,0,0,0,0,,0,0,390000000,390000000,0,0,0,ok,,
2384,,,,seperman__deepdiff.ed252022.lm_rewrite__8antbd9j.63okxalb,14,seperman__deepdiff.ed252022.lm_rewrite__8antbd9j.63okxalb,12149,true,46,34,0,0,0,0,0,,0,0,420000000,420000000,0,0,0,ok,,
2385,,,,seperman__deepdiff.ed252022.lm_rewrite__8antbd9j.63okxalb,15,seperman__deepdiff.ed252022.lm_rewrite__8antbd9j.63okxalb,12229,true,136,343,0,0,0,0,0,,0,0,450000000,450000000,0,0,0,ok,,
2386,,,,seperman__deepdiff.ed252022.lm_rewrite__8antbd9j.63okxalb,16,seperman__deepdiff.ed252022.lm_rewrite__8antbd9j.63okxalb,12709,true,18,26,0,0,0,0,0,,0,0,480000000,480000000,0,0,0,ok,,
2387,,,,seperman__deepdiff.ed252022.lm_rewrite__8antbd9j.63okxalb,17,seperman__deepdiff.ed252022.lm_rewrite__8antbd9j.63okxalb,12753,true,145,801,0,0,0,0,0,,0,0,510000000,510000000,0,0,0,ok,,
2388,,,,seperman__deepdiff.ed252022.lm_rewrite__8antbd9j.63okxalb,18,seperman__deepdiff.ed252022.lm_rewrite__8antbd9j.63okxalb,13700,true,595,243,0,0,0,0,0,,0,0,540000000,540000000,0,0,0,ok,,
2389,,,,seperman__deepdiff.ed252022.lm_rewrite__8antbd9j.63okxalb,19,seperman__deepdiff.ed252022.lm_rewrite__8antbd9j.63okxalb,14539,true,18,26,0,0,0,0,0,,0,0,570000000,570000000,0,0,0,ok,,
2390,,,,seperman__deepdiff.ed252022.lm_rewrite__8antbd9j.63okxalb,20,seperman__deepdiff.ed252022.lm_rewrite__8antbd9j.63okxalb,14584,true,93,298,0,0,0,0,0,,0,0,600000000,600000000,0,0,0,ok,,
2391,,,,seperman__deepdiff.ed252022.lm_rewrite__8antbd9j.63okxalb,21,seperman__deepdiff.ed252022.lm_rewrite__8antbd9j.63okxalb,14975,true,17,24,0,0,0,0,0,,0,0,630000000,630000000,0,0,0,ok,,
2392,,,,seperman__deepdiff.ed252022.lm_rewrite__8antbd9j.63okxalb,22,seperman__deepdiff.ed252022.lm_rewrite__8antbd9j.63okxalb,15018,true,77,275,0,0,0,0,0,,0,0,660000000,660000000,0,0,0,ok,,
2393,,,,seperman__deepdiff.ed252022.lm_rewrite__8antbd9j.63okxalb,23,seperman__deepdiff.ed252022.lm_rewrite__8antbd9j.63okxalb,15370,true,1846,70,0,0,0,0,0,,0,0,690000000,690000000,0,0,0,ok,,
2394,,,,seperman__deepdiff.ed252022.lm_rewrite__8antbd9j.63okxalb,24,seperman__deepdiff.ed252022.lm_rewrite__8antbd9j.63okxalb,17286,true,15,16,0,0,0,0,0,,0,0,720000000,720000000,0,0,0,ok,,
2395,,,,iterative__dvc.1d6ea681.pr_7899.68tpylhg,0,iterative__dvc.1d6ea681.pr_7899.68tpylhg,978,true,660,127,0,0,0,0,0,,0,0,0,0,0,0,0,ok,,
2396,,,,iterative__dvc.1d6ea681.pr_7899.68tpylhg,1,iterative__dvc.1d6ea681.pr_7899.68tpylhg,1765,true,27,60,0,0,0,0,0,,0,0,30000000,30000000,0,0,0,ok,,
2397,,,,iterative__dvc.1d6ea681.pr_7899.68tpylhg,2,iterative__dvc.1d6ea681.pr_7899.68tpylhg,1853,true,1651,125,0,0,0,0,0,,0,0,60000000,60000000,0,0,0,ok,,
2398,,,,iterative__dvc.1d6ea681.pr_7899.68tpylhg,3,iterative__dvc.1d6ea681.pr_7899.68tpylhg,3630,true,2296,75,0,0,0,0,0,,0,0,90000000,90000000,0,0,0,ok,,
2399,,,,iterative__dvc.1d6ea681.pr_7899.68tpylhg,4,iterative__dvc.1d6ea681.pr_7899.68tpylhg,6001,true,6,304,0,0,0,0,0,,0,0,120000000,120000000,0,0,0,ok,,
2400,,,,iterative__dvc.1d6ea681.pr_7899.68tpylhg,5,iterative__dvc.1d6ea681.pr_7899.68tpylhg,6313,true,17,36,0,0,0,0,0,,0,0,150000000,150000000,0,0,0,ok,,
2401,,,,iterative__dvc.1d6ea681.pr_7899.68tpylhg,6,iterative__dvc.1d6ea681.pr_7899.68tpylhg,6367,true,726,551,0,0,0,0,0,,0,0,180000000,180000000,0,0,0,ok,,
2402,,,,iterative__dvc.1d6ea681.pr_7899.68tpylhg,7,iterative__dvc.1d6ea681.pr_7899.68tpylhg,7644,true,384,32,0,0,0,0,0,,0,0,210000000,210000000,0,0,0,ok,,
2403,,,,iterative__dvc.1d6ea681.pr_7899.68tpylhg,8,iterative__dvc.1d6ea681.pr_7899.68tpylhg,8061,true,765,99,0,0,0,0,0,,0,0,240000000,240000000,0,0,0,ok,,
2404,,,,iterative__dvc.1d6ea681.pr_7899.68tpylhg,9,iterative__dvc.1d6ea681.pr_7899.68tpylhg,8926,true,20,59,0,0,0,0,0,,0,0,270000000,270000000,0,0,0,ok,,
2405,,,,iterative__dvc.1d6ea681.pr_7899.68tpylhg,10,iterative__dvc.1d6ea681.pr_7899.68tpylhg,9006,true,350,62,0,0,0,0,0,,0,0,300000000,300000000,0,0,0,ok,,
2406,,,,iterative__dvc.1d6ea681.pr_7899.68tpylhg,11,iterative__dvc.1d6ea681.pr_7899.68tpylhg,9418,true,725,479,0,0,0,0,0,,0,0,330000000,330000000,0,0,0,ok,,
2407,,,,iterative__dvc.1d6ea681.pr_7899.68tpylhg,12,iterative__dvc.1d6ea681.pr_7899.68tpylhg,10623,true,472,40,0,0,0,0,0,,0,0,360000000,360000000,0,0,0,ok,,
2408,,,,iterative__dvc.1d6ea681.pr_7899.68tpylhg,13,iterative__dvc.1d6ea681.pr_7899.68tpylhg,11136,true,117,107,0,0,0,0,0,,0,0,390000000,390000000,0,0,0,ok,,
2409,,,,iterative__dvc.1d6ea681.pr_7899.68tpylhg,14,iterative__dvc.1d6ea681.pr_7899.68tpylhg,11361,true,144,32,0,0,0,0,0,,0,0,420000000,420000000,0,0,0,ok,,
2410,,,,iterative__dvc.1d6ea681.pr_7899.68tpylhg,15,iterative__dvc.1d6ea681.pr_7899.68tpylhg,11537,true,670,424,0,0,0,0,0,,0,0,450000000,450000000,0,0,0,ok,,
2411,,,,iterative__dvc.1d6ea681.pr_7899.68tpylhg,16,iterative__dvc.1d6ea681.pr_7899.68tpylhg,12632,true,17,33,0,0,0,0,0,,0,0,480000000,480000000,0,0,0,ok,,
2412,,,,iterative__dvc.1d6ea681.pr_7899.68tpylhg,17,iterative__dvc.1d6ea681.pr_7899.68tpylhg,12683,true,2194,469,0,0,0,0,0,,0,0,510000000,510000000,0,0,0,ok,,
2413,,,,iterative__dvc.1d6ea681.pr_7899.68tpylhg,18,iterative__dvc.1d6ea681.pr_7899.68tpylhg,15346,true,18,35,0,0,0,0,0,,0,0,540000000,540000000,0,0,0,ok,,
2414,,,,iterative__dvc.1d6ea681.pr_7899.68tpylhg,19,iterative__dvc.1d6ea681.pr_7899.68tpylhg,15400,true,2900,274,0,0,0,0,0,,0,0,570000000,570000000,0,0,0,ok,,
2415,,,,iterative__dvc.1d6ea681.pr_7899.68tpylhg,20,iterative__dvc.1d6ea681.pr_7899.68tpylhg,18575,true,7118,48,0,0,0,0,0,,0,0,600000000,600000000,0,0,0,ok,,
2416,,,,iterative__dvc.1d6ea681.pr_7899.68tpylhg,21,iterative__dvc.1d6ea681.pr_7899.68tpylhg,25742,true,15,7,0,0,0,0,0,,0,0,630000000,630000000,0,0,0,ok,,
2417,,,,pygments__pygments.27649ebb.pr_2474.5fyjc736,0,pygments__pygments.27649ebb.pr_2474.5fyjc736,978,true,822,108,0,0,0,0,0,,0,0,0,0,0,0,0,ok,,
2418,,,,pygments__pygments.27649ebb.pr_2474.5fyjc736,1,pygments__pygments.27649ebb.pr_2474.5fyjc736,1909,true,443,57,0,0,0,0,0,,0,0,30000000,30000000,0,0,0,ok,,
2419,,,,pygments__pygments.27649ebb.pr_2474.5fyjc736,2,pygments__pygments.27649ebb.pr_2474.5fyjc736,2410,true,646,53,0,0,0,0,0,,0,0,60000000,60000000,0,0,0,ok,,
2420,,,,pygments__pygments.27649ebb.pr_2474.5fyjc736,3,pygments__pygments.27649ebb.pr_2474.5fyjc736,3110,true,960,77,0,0,0,0,0,,0,0,90000000,90000000,0,0,0,ok,,
2421,,,,pygments__pygments.27649ebb.pr_2474.5fyjc736,4,pygments__pygments.27649ebb.pr_2474.5fyjc736,4148,true,15,71,0,0,0,0,0,,0,0,120000000,120000000,0,0,0,ok,,
2422,,,,pygments__pygments.27649ebb.pr_2474.5fyjc736,5,pygments__pygments.27649ebb.pr_2474.5fyjc736,4235,true,750,45,0,0,0,0,0,,0,0,150000000,150000000,0,0,0,ok,,
2423,,,,pygments__pygments.27649ebb.pr_2474.5fyjc736,6,pygments__pygments.27649ebb.pr_2474.5fyjc736,5031,true,1544,52,0,0,0,0,0,,0,0,180000000,180000000,0,0,0,ok,,
2424,,,,pygments__pygments.27649ebb.pr_2474.5fyjc736,7,pygments__pygments.27649ebb.pr_2474.5fyjc736,6628,true,2030,56,0,0,0,0,0,,0,0,210000000,210000000,0,0,0,ok,,
2425,,,,pygments__pygments.27649ebb.pr_2474.5fyjc736,8,pygments__pygments.27649ebb.pr_2474.5fyjc736,8714,true,45,58,0,0,0,0,0,,0,0,240000000,240000000,0,0,0,ok,,
2426,,,,pygments__pygments.27649ebb.pr_2474.5fyjc736,9,pygments__pygments.27649ebb.pr_2474.5fyjc736,8818,true,357,44,0,0,0,0,0,,0,0,270000000,270000000,0,0,0,ok,,
2427,,,,pygments__pygments.27649ebb.pr_2474.5fyjc736,10,pygments__pygments.27649ebb.pr_2474.5fyjc736,9219,true,18,150,0,0,0,0,0,,0,0,300000000,300000000,0,0,0,ok,,
2428,,,,pygments__pygments.27649ebb.pr_2474.5fyjc736,11,pygments__pygments.27649ebb.pr_2474.5fyjc736,9388,true,17,36,0,0,0,0,0,,0,0,330000000,330000000,0,0,0,ok,,
2429,,,,pygments__pygments.27649ebb.pr_2474.5fyjc736,12,pygments__pygments.27649ebb.pr_2474.5fyjc736,9442,true,182,1195,0,0,0,0,0,,0,0,360000000,360000000,0,0,0,ok,,
2430,,,,pygments__pygments.27649ebb.pr_2474.5fyjc736,13,pygments__pygments.27649ebb.pr_2474.5fyjc736,10820,true,20,53,0,0,0,0,0,,0,0,390000000,390000000,0,0,0,ok,,
2431,,,,pygments__pygments.27649ebb.pr_2474.5fyjc736,14,pygments__pygments.27649ebb.pr_2474.5fyjc736,10894,true,175,557,0,0,0,0,0,,0,0,420000000,420000000,0,0,0,ok,,
2432,,,,pygments__pygments.27649ebb.pr_2474.5fyjc736,15,pygments__pygments.27649ebb.pr_2474.5fyjc736,11626,true,18,36,0,0,0,0,0,,0,0,450000000,450000000,0,0,0,ok,,
2433,,,,pygments__pygments.27649ebb.pr_2474.5fyjc736,16,pygments__pygments.27649ebb.pr_2474.5fyjc736,11681,true,305,566,0,0,0,0,0,,0,0,480000000,480000000,0,0,0,ok,,
2434,,,,pygments__pygments.27649ebb.pr_2474.5fyjc736,17,pygments__pygments.27649ebb.pr_2474.5fyjc736,12553,true,17,31,0,0,0,0,0,,0,0,510000000,510000000,0,0,0,ok,,
2435,,,,pygments__pygments.27649ebb.pr_2474.5fyjc736,18,pygments__pygments.27649ebb.pr_2474.5fyjc736,12601,true,1132,130,0,0,0,0,0,,0,0,540000000,540000000,0,0,0,ok,,
2436,,,,pygments__pygments.27649ebb.pr_2474.5fyjc736,19,pygments__pygments.27649ebb.pr_2474.5fyjc736,13865,true,142,40,0,0,0,0,0,,0,0,570000000,570000000,0,0,0,ok,,
2437,,,,pygments__pygments.27649ebb.pr_2474.5fyjc736,20,pygments__pygments.27649ebb.pr_2474.5fyjc736,14048,true,1132,89,0,0,0,0,0,,0,0,600000000,600000000,0,0,0,ok,,
2438,,,,pygments__pygments.27649ebb.pr_2474.5fyjc736,21,pygments__pygments.27649ebb.pr_2474.5fyjc736,15269,true,305,238,0,0,0,0,0,,0,0,630000000,630000000,0,0,0,ok,,
2439,,,,pygments__pygments.27649ebb.pr_2474.5fyjc736,22,pygments__pygments.27649ebb.pr_2474.5fyjc736,15814,true,2538,47,0,0,0,0,0,,0,0,660000000,660000000,0,0,0,ok,,
2440,,,,pygments__pygments.27649ebb.pr_2474.5fyjc736,23,pygments__pygments.27649ebb.pr_2474.5fyjc736,18400,true,15,13,0,0,0,0,0,,0,0,690000000,690000000,0,0,0,ok,,
2441,,,,lepture__mistune.bf54ef67.lm_rewrite__bwo2to9m.b1q5dsis,0,lepture__mistune.bf54ef67.lm_rewrite__bwo2to9m.b1q5dsis,978,true,695,82,0,0,0,0,0,,0,0,0,0,0,0,0,ok,,
2442,,,,lepture__mistune.bf54ef67.lm_rewrite__bwo2to9m.b1q5dsis,1,lepture__mistune.bf54ef67.lm_rewrite__bwo2to9m.b1q5dsis,1755,true,443,91,0,0,0,0,0,,0,0,30000000,30000000,0,0,0,ok,,
2443,,,,lepture__mistune.bf54ef67.lm_rewrite__bwo2to9m.b1q5dsis,2,lepture__mistune.bf54ef67.lm_rewrite__bwo2to9m.b1q5dsis,2290,true,1449,55,0,0,0,0,0,,0,0,60000000,60000000,0,0,0,ok,,
2444,,,,lepture__mistune.bf54ef67.lm_rewrite__bwo2to9m.b1q5dsis,3,lepture__mistune.bf54ef67.lm_rewrite__bwo2to9m.b1q5dsis,3795,true,4010,53,0,0,0,0,0,,0,0,90000000,90000000,0,0,0,ok,,
2445,,,,lepture__mistune.bf54ef67.lm_rewrite__bwo2to9m.b1q5dsis,4,lepture__mistune.bf54ef67.lm_rewrite__bwo2to9m.b1q5dsis,7858,true,1357,51,0,0,0,0,0,,0,0,120000000,120000000,0,0,0,ok,,
2446,,,,lepture__mistune.bf54ef67.lm_rewrite__bwo2to9m.b1q5dsis,5,lepture__mistune.bf54ef67.lm_rewrite__bwo2to9m.b1q5dsis,9267,true,685,353,0,0,0,0,0,,0,0,150000000,150000000,0,0,0,ok,,
2447,,,,lepture__mistune.bf54ef67.lm_rewrite__bwo2to9m.b1q5dsis,6,lepture__mistune.bf54ef67.lm_rewrite__bwo2to9m.b1q5dsis,10307,true,16,36,0,0,0,0,0,,0,0,180000000,180000000,0,0,0,ok,,
2448,,,,lepture__mistune.bf54ef67.lm_rewrite__bwo2to9m.b1q5dsis,7,lepture__mistune.bf54ef67.lm_rewrite__bwo2to9m.b1q5dsis,10359,true,193,586,0,0,0,0,0,,0,0,210000000,210000000,0,0,0,ok,,
2449,,,,lepture__mistune.bf54ef67.lm_rewrite__bwo2to9m.b1q5dsis,8,lepture__mistune.bf54ef67.lm_rewrite__bwo2to9m.b1q5dsis,11139,true,496,41,0,0,0,0,0,,0,0,240000000,240000000,0,0,0,ok,,
2450,,,,lepture__mistune.bf54ef67.lm_rewrite__bwo2to9m.b1q5dsis,9,lepture__mistune.bf54ef67.lm_rewrite__bwo2to9m.b1q5dsis,11677,true,178,686,0,0,0,0,0,,0,0,270000000,270000000,0,0,0,ok,,
2451,,,,lepture__mistune.bf54ef67.lm_rewrite__bwo2to9m.b1q5dsis,10,lepture__mistune.bf54ef67.lm_rewrite__bwo2to9m.b1q5dsis,12541,true,437,39,0,0,0,0,0,,0,0,300000000,300000000,0,0,0,ok,,
2452,,,,lepture__mistune.bf54ef67.lm_rewrite__bwo2to9m.b1q5dsis,11,lepture__mistune.bf54ef67.lm_rewrite__bwo2to9m.b1q5dsis,13018,true,178,638,0,0,0,0,0,,0,0,330000000,330000000,0,0,0,ok,,
2453,,,,lepture__mistune.bf54ef67.lm_rewrite__bwo2to9m.b1q5dsis,12,lepture__mistune.bf54ef67.lm_rewrite__bwo2to9m.b1q5dsis,13834,true,16,31,0,0,0,0,0,,0,0,360000000,360000000,0,0,0,ok,,
2454,,,,lepture__mistune.bf54ef67.lm_rewrite__bwo2to9m.b1q5dsis,13,lepture__mistune.bf54ef67.lm_rewrite__bwo2to9m.b1q5dsis,13882,true,606,110,0,0,0,0,0,,0,0,390000000,390000000,0,0,0,ok,,
2455,,,,lepture__mistune.bf54ef67.lm_rewrite__bwo2to9m.b1q5dsis,14,lepture__mistune.bf54ef67.lm_rewrite__bwo2to9m.b1q5dsis,14599,true,1555,34,0,0,0,0,0,,0,0,420000000,420000000,0,0,0,ok,,
2456,,,,lepture__mistune.bf54ef67.lm_rewrite__bwo2to9m.b1q5dsis,15,lepture__mistune.bf54ef67.lm_rewrite__bwo2to9m.b1q5dsis,16188,true,15,13,0,0,0,0,0,,0,0,450000000,450000000,0,0,0,ok,,
2457,,,,conan-io__conan.86f29e13.lm_rewrite__bpnk34rf.5u0vfu9z,0,conan-io__conan.86f29e13.lm_rewrite__bpnk34rf.5u0vfu9z,978,true,495,74,0,0,0,0,0,,0,0,0,0,0,0,0,ok,,
2458,,,,conan-io__conan.86f29e13.lm_rewrite__bpnk34rf.5u0vfu9z,1,conan-io__conan.86f29e13.lm_rewrite__bpnk34rf.5u0vfu9z,1547,true,13891,55,0,0,0,0,0,,0,0,30000000,30000000,0,0,0,ok,,
2459,,,,conan-io__conan.86f29e13.lm_rewrite__bpnk34rf.5u0vfu9z,2,conan-io__conan.86f29e13.lm_rewrite__bpnk34rf.5u0vfu9z,15495,true,58,54,0,0,0,0,0,,0,0,60000000,60000000,0,0,0,ok,,
2460,,,,conan-io__conan.86f29e13.lm_rewrite__bpnk34rf.5u0vfu9z,3,conan-io__conan.86f29e13.lm_rewrite__bpnk34rf.5u0vfu9z,15608,true,3103,49,0,0,0,0,0,,0,0,90000000,90000000,0,0,0,ok,,
2461,,,,conan-io__conan.86f29e13.lm_rewrite__bpnk34rf.5u0vfu9z,4,conan-io__conan.86f29e13.lm_rewrite__bpnk34rf.5u0vfu9z,18761,true,1139,62,0,0,0,0,0,,0,0,120000000,120000000,0,0,0,ok,,
2462,,,,conan-io__conan.86f29e13.lm_rewrite__bpnk34rf.5u0vfu9z,5,conan-io__conan.86f29e13.lm_rewrite__bpnk34rf.5u0vfu9z,19962,true,32,46,0,0,0,0,0,,0,0,150000000,150000000,0,0,0,ok,,
2463,,,,conan-io__conan.86f29e13.lm_rewrite__bpnk34rf.5u0vfu9z,6,conan-io__conan.86f29e13.lm_rewrite__bpnk34rf.5u0vfu9z,20041,true,1094,197,0,0,0,0,0,,0,0,180000000,180000000,0,0,0,ok,,
2464,,,,conan-io__conan.86f29e13.lm_rewrite__bpnk34rf.5u0vfu9z,7,conan-io__conan.86f29e13.lm_rewrite__bpnk34rf.5u0vfu9z,21333,true,17,35,0,0,0,0,0,,0,0,210000000,210000000,0,0,0,ok,,
2465,,,,conan-io__conan.86f29e13.lm_rewrite__bpnk34rf.5u0vfu9z,8,conan-io__conan.86f29e13.lm_rewrite__bpnk34rf.5u0vfu9z,21386,true,22,361,0,0,0,0,0,,0,0,240000000,240000000,0,0,0,ok,,
2466,,,,conan-io__conan.86f29e13.lm_rewrite__bpnk34rf.5u0vfu9z,9,conan-io__conan.86f29e13.lm_rewrite__bpnk34rf.5u0vfu9z,21771,true,283,41,0,0,0,0,0,,0,0,270000000,270000000,0,0,0,ok,,
2467,,,,conan-io__conan.86f29e13.lm_rewrite__bpnk34rf.5u0vfu9z,10,conan-io__conan.86f29e13.lm_rewrite__bpnk34rf.5u0vfu9z,22095,true,24,139,0,0,0,0,0,,0,0,300000000,300000000,0,0,0,ok,,
2468,,,,conan-io__conan.86f29e13.lm_rewrite__bpnk34rf.5u0vfu9z,11,conan-io__conan.86f29e13.lm_rewrite__bpnk34rf.5u0vfu9z,22259,true,94,59,0,0,0,0,0,,0,0,330000000,330000000,0,0,0,ok,,
2469,,,,conan-io__conan.86f29e13.lm_rewrite__bpnk34rf.5u0vfu9z,12,conan-io__conan.86f29e13.lm_rewrite__bpnk34rf.5u0vfu9z,22413,true,884,50,0,0,0,0,0,,0,0,360000000,360000000,0,0,0,ok,,
2470,,,,conan-io__conan.86f29e13.lm_rewrite__bpnk34rf.5u0vfu9z,13,conan-io__conan.86f29e13.lm_rewrite__bpnk34rf.5u0vfu9z,23348,true,1720,48,0,0,0,0,0,,0,0,390000000,390000000,0,0,0,ok,,
2471,,,,conan-io__conan.86f29e13.lm_rewrite__bpnk34rf.5u0vfu9z,14,conan-io__conan.86f29e13.lm_rewrite__bpnk34rf.5u0vfu9z,25117,true,811,126,0,0,0,0,0,,0,0,420000000,420000000,0,0,0,ok,,
2472,,,,conan-io__conan.86f29e13.lm_rewrite__bpnk34rf.5u0vfu9z,15,conan-io__conan.86f29e13.lm_rewrite__bpnk34rf.5u0vfu9z,26055,true,655,59,0,0,0,0,0,,0,0,450000000,450000000,0,0,0,ok,,
2473,,,,conan-io__conan.86f29e13.lm_rewrite__bpnk34rf.5u0vfu9z,16,conan-io__conan.86f29e13.lm_rewrite__bpnk34rf.5u0vfu9z,26770,true,718,64,0,0,0,0,0,,0,0,480000000,480000000,0,0,0,ok,,
2474,,,,conan-io__conan.86f29e13.lm_rewrite__bpnk34rf.5u0vfu9z,17,conan-io__conan.86f29e13.lm_rewrite__bpnk34rf.5u0vfu9z,27553,true,733,58,0,0,0,0,0,,0,0,510000000,510000000,0,0,0,ok,,
2475,,,,conan-io__conan.86f29e13.lm_rewrite__bpnk34rf.5u0vfu9z,18,conan-io__conan.86f29e13.lm_rewrite__bpnk34rf.5u0vfu9z,28345,true,656,119,0,0,0,0,0,,0,0,540000000,540000000,0,0,0,ok,,
2476,,,,conan-io__conan.86f29e13.lm_rewrite__bpnk34rf.5u0vfu9z,19,conan-io__conan.86f29e13.lm_rewrite__bpnk34rf.5u0vfu9z,29121,true,24,283,0,0,0,0,0,,0,0,570000000,570000000,0,0,0,ok,,
2477,,,,conan-io__conan.86f29e13.lm_rewrite__bpnk34rf.5u0vfu9z,20,conan-io__conan.86f29e13.lm_rewrite__bpnk34rf.5u0vfu9z,29429,true,247,14,0,0,0,0,0,,0,0,600000000,600000000,0,0,0,ok,,
2478,,,,conan-io__conan.86f29e13.lm_rewrite__bpnk34rf.5u0vfu9z,21,conan-io__conan.86f29e13.lm_rewrite__bpnk34rf.5u0vfu9z,29691,true,633,36,0,0,0,0,0,,0,0,630000000,630000000,0,0,0,ok,,
2479,,,,conan-io__conan.86f29e13.lm_rewrite__bpnk34rf.5u0vfu9z,22,conan-io__conan.86f29e13.lm_rewrite__bpnk34rf.5u0vfu9z,30361,true,15,7,0,0,0,0,0,,0,0,660000000,660000000,0,0,0,ok,,
2480,,,,conan-io__conan.86f29e13.pr_14643.vv9pmkbc,0,conan-io__conan.86f29e13.pr_14643.vv9pmkbc,978,true,593,110,0,0,0,0,0,,0,0,0,0,0,0,0,ok,,
2481,,,,conan-io__conan.86f29e13.pr_14643.vv9pmkbc,1,conan-io__conan.86f29e13.pr_14643.vv9pmkbc,1682,true,262,51,0,0,0,0,0,,0,0,30000000,30000000,0,0,0,ok,,
2482,,,,conan-io__conan.86f29e13.pr_14643.vv9pmkbc,2,conan-io__conan.86f29e13.pr_14643.vv9pmkbc,1995,true,3610,57,0,0,0,0,0,,0,0,60000000,60000000,0,0,0,ok,,
2483,,,,conan-io__conan.86f29e13.pr_14643.vv9pmkbc,3,conan-io__conan.86f29e13.pr_14643.vv9pmkbc,5663,true,3562,525,0,0,0,0,0,,0,0,90000000,90000000,0,0,0,ok,,
2484,,,,conan-io__conan.86f29e13.pr_14643.vv9pmkbc,4,conan-io__conan.86f29e13.pr_14643.vv9pmkbc,9751,true,17,35,0,0,0,0,0,,0,0,120000000,120000000,0,0,0,ok,,
2485,,,,conan-io__conan.86f29e13.pr_14643.vv9pmkbc,5,conan-io__conan.86f29e13.pr_14643.vv9pmkbc,9804,true,27,286,0,0,0,0,0,,0,0,150000000,150000000,0,0,0,ok,,
2486,,,,conan-io__conan.86f29e13.pr_14643.vv9pmkbc,6,conan-io__conan.86f29e13.pr_14643.vv9pmkbc,10117,true,28,271,0,0,0,0,0,,0,0,180000000,180000000,0,0,0,ok,,
2487,,,,conan-io__conan.86f29e13.pr_14643.vv9pmkbc,7,conan-io__conan.86f29e13.pr_14643.vv9pmkbc,10417,true,17,25,0,0,0,0,0,,0,0,210000000,210000000,0,0,0,ok,,
2488,,,,conan-io__conan.86f29e13.pr_14643.vv9pmkbc,8,conan-io__conan.86f29e13.pr_14643.vv9pmkbc,10459,true,189,739,0,0,0,0,0,,0,0,240000000,240000000,0,0,0,ok,,
2489,,,,conan-io__conan.86f29e13.pr_14643.vv9pmkbc,9,conan-io__conan.86f29e13.pr_14643.vv9pmkbc,11389,true,477,320,0,0,0,0,0,,0,0,270000000,270000000,0,0,0,ok,,
2490,,,,conan-io__conan.86f29e13.pr_14643.vv9pmkbc,10,conan-io__conan.86f29e13.pr_14643.vv9pmkbc,12187,true,261,695,0,0,0,0,0,,0,0,300000000,300000000,0,0,0,ok,,
2491,,,,conan-io__conan.86f29e13.pr_14643.vv9pmkbc,11,conan-io__conan.86f29e13.pr_14643.vv9pmkbc,13144,true,16,32,0,0,0,0,0,,0,0,330000000,330000000,0,0,0,ok,,
2492,,,,conan-io__conan.86f29e13.pr_14643.vv9pmkbc,12,conan-io__conan.86f29e13.pr_14643.vv9pmkbc,13193,true,53,165,0,0,0,0,0,,0,0,360000000,360000000,0,0,0,ok,,
2493,,,,conan-io__conan.86f29e13.pr_14643.vv9pmkbc,13,conan-io__conan.86f29e13.pr_14643.vv9pmkbc,13412,true,531,65,0,0,0,0,0,,0,0,390000000,390000000,0,0,0,ok,,
2494,,,,conan-io__conan.86f29e13.pr_14643.vv9pmkbc,14,conan-io__conan.86f29e13.pr_14643.vv9pmkbc,14008,true,611,47,0,0,0,0,0,,0,0,420000000,420000000,0,0,0,ok,,
2495,,,,conan-io__conan.86f29e13.pr_14643.vv9pmkbc,15,conan-io__conan.86f29e13.pr_14643.vv9pmkbc,14667,true,704,58,0,0,0,0,0,,0,0,450000000,450000000,0,0,0,ok,,
2496,,,,conan-io__conan.86f29e13.pr_14643.vv9pmkbc,16,conan-io__conan.86f29e13.pr_14643.vv9pmkbc,15430,true,153,47,0,0,0,0,0,,0,0,480000000,480000000,0,0,0,ok,,
2497,,,,conan-io__conan.86f29e13.pr_14643.vv9pmkbc,17,conan-io__conan.86f29e13.pr_14643.vv9pmkbc,15630,true,351,39,0,0,0,0,0,,0,0,510000000,510000000,0,0,0,ok,,
2498,,,,conan-io__conan.86f29e13.pr_14643.vv9pmkbc,18,conan-io__conan.86f29e13.pr_14643.vv9pmkbc,16021,true,181,39,0,0,0,0,0,,0,0,540000000,540000000,0,0,0,ok,,
2499,,,,conan-io__conan.86f29e13.pr_14643.vv9pmkbc,19,conan-io__conan.86f29e13.pr_14643.vv9pmkbc,16242,true,805,233,0,0,0,0,0,,0,0,570000000,570000000,0,0,0,ok,,
2500,,,,conan-io__conan.86f29e13.pr_14643.vv9pmkbc,20,conan-io__conan.86f29e13.pr_14643.vv9pmkbc,17281,true,245,320,0,0,0,0,0,,0,0,600000000,600000000,0,0,0,ok,,
2501,,,,conan-io__conan.86f29e13.pr_14643.vv9pmkbc,21,conan-io__conan.86f29e13.pr_14643.vv9pmkbc,17847,true,261,679,0,0,0,0,0,,0,0,630000000,630000000,0,0,0,ok,,
2502,,,,conan-io__conan.86f29e13.pr_14643.vv9pmkbc,22,conan-io__conan.86f29e13.pr_14643.vv9pmkbc,18787,true,19,27,0,0,0,0,0,,0,0,660000000,660000000,0,0,0,ok,,
2503,,,,conan-io__conan.86f29e13.pr_14643.vv9pmkbc,23,conan-io__conan.86f29e13.pr_14643.vv9pmkbc,18834,true,120,272,0,0,0,0,0,,0,0,690000000,690000000,0,0,0,ok,,
2504,,,,conan-io__conan.86f29e13.pr_14643.vv9pmkbc,24,conan-io__conan.86f29e13.pr_14643.vv9pmkbc,19227,true,2483,52,0,0,0,0,0,,0,0,720000000,720000000,0,0,0,ok,,
2505,,,,conan-io__conan.86f29e13.pr_14643.vv9pmkbc,25,conan-io__conan.86f29e13.pr_14643.vv9pmkbc,21762,true,15,13,0,0,0,0,0,,0,0,750000000,750000000,0,0,0,ok,,
2506,,,,luozhouyang__python-string-similarity.115acaac.lm_rewrite__fhcm2miv.9kxj2bcw,0,luozhouyang__python-string-similarity.115acaac.lm_rewrite__fhcm2miv.9kxj2bcw,978,true,556,97,0,0,0,0,0,,0,0,0,0,0,0,0,ok,,
2507,,,,luozhouyang__python-string-similarity.115acaac.lm_rewrite__fhcm2miv.9kxj2bcw,1,luozhouyang__python-string-similarity.115acaac.lm_rewrite__fhcm2miv.9kxj2bcw,1632,true,331,47,0,0,0,0,0,,0,0,30000000,30000000,0,0,0,ok,,
2508,,,,luozhouyang__python-string-similarity.115acaac.lm_rewrite__fhcm2miv.9kxj2bcw,2,luozhouyang__python-string-similarity.115acaac.lm_rewrite__fhcm2miv.9kxj2bcw,2010,true,1212,59,0,0,0,0,0,,0,0,60000000,60000000,0,0,0,ok,,
2509,,,,luozhouyang__python-string-similarity.115acaac.lm_rewrite__fhcm2miv.9kxj2bcw,3,luozhouyang__python-string-similarity.115acaac.lm_rewrite__fhcm2miv.9kxj2bcw,3282,true,724,52,0,0,0,0,0,,0,0,90000000,90000000,0,0,0,ok,,
2510,,,,luozhouyang__python-string-similarity.115acaac.lm_rewrite__fhcm2miv.9kxj2bcw,4,luozhouyang__python-string-similarity.115acaac.lm_rewrite__fhcm2miv.9kxj2bcw,4060,true,453,36,0,0,0,0,0,,0,0,120000000,120000000,0,0,0,ok,,
2511,,,,luozhouyang__python-string-similarity.115acaac.lm_rewrite__fhcm2miv.9kxj2bcw,5,luozhouyang__python-string-similarity.115acaac.lm_rewrite__fhcm2miv.9kxj2bcw,4549,true,415,121,0,0,0,0,0,,0,0,150000000,150000000,0,0,0,ok,,
2512,,,,luozhouyang__python-string-similarity.115acaac.lm_rewrite__fhcm2miv.9kxj2bcw,6,luozhouyang__python-string-similarity.115acaac.lm_rewrite__fhcm2miv.9kxj2bcw,5086,true,17,36,0,0,0,0,0,,0,0,180000000,180000000,0,0,0,ok,,
2513,,,,luozhouyang__python-string-similarity.115acaac.lm_rewrite__fhcm2miv.9kxj2bcw,7,luozhouyang__python-string-similarity.115acaac.lm_rewrite__fhcm2miv.9kxj2bcw,5140,true,81,1135,0,0,0,0,0,,0,0,210000000,210000000,0,0,0,ok,,
2514,,,,luozhouyang__python-string-similarity.115acaac.lm_rewrite__fhcm2miv.9kxj2bcw,8,luozhouyang__python-string-similarity.115acaac.lm_rewrite__fhcm2miv.9kxj2bcw,6357,true,684,52,0,0,0,0,0,,0,0,240000000,240000000,0,0,0,ok,,
2515,,,,luozhouyang__python-string-similarity.115acaac.lm_rewrite__fhcm2miv.9kxj2bcw,9,luozhouyang__python-string-similarity.115acaac.lm_rewrite__fhcm2miv.9kxj2bcw,7095,true,9,587,0,0,0,0,0,,0,0,270000000,270000000,0,0,0,ok,,
2516,,,,luozhouyang__python-string-similarity.115acaac.lm_rewrite__fhcm2miv.9kxj2bcw,10,luozhouyang__python-string-similarity.115acaac.lm_rewrite__fhcm2miv.9kxj2bcw,7691,true,17,34,0,0,0,0,0,,0,0,300000000,300000000,0,0,0,ok,,
2517,,,,luozhouyang__python-string-similarity.115acaac.lm_rewrite__fhcm2miv.9kxj2bcw,11,luozhouyang__python-string-similarity.115acaac.lm_rewrite__fhcm2miv.9kxj2bcw,7743,true,908,309,0,0,0,0,0,,0,0,330000000,330000000,0,0,0,ok,,
2518,,,,luozhouyang__python-string-similarity.115acaac.lm_rewrite__fhcm2miv.9kxj2bcw,12,luozhouyang__python-string-similarity.115acaac.lm_rewrite__fhcm2miv.9kxj2bcw,8961,true,1089,40,0,0,0,0,0,,0,0,360000000,360000000,0,0,0,ok,,
2519,,,,luozhouyang__python-string-similarity.115acaac.lm_rewrite__fhcm2miv.9kxj2bcw,13,luozhouyang__python-string-similarity.115acaac.lm_rewrite__fhcm2miv.9kxj2bcw,10090,true,15,13,0,0,0,0,0,,0,0,390000000,390000000,0,0,0,ok,,
2520,,,,buriy__python-readability.40256f40.func_pm_op_swap__6qaf1vop.yxq655kj,0,buriy__python-readability.40256f40.func_pm_op_swap__6qaf1vop.yxq655kj,978,true,606,113,0,0,0,0,0,,0,0,0,0,0,0,0,ok,,
2521,,,,buriy__python-readability.40256f40.func_pm_op_swap__6qaf1vop.yxq655kj,1,buriy__python-readability.40256f40.func_pm_op_swap__6qaf1vop.yxq655kj,1697,true,10,68,0,0,0,0,0,,0,0,30000000,30000000,0,0,0,ok,,
2522,,,,buriy__python-readability.40256f40.func_pm_op_swap__6qaf1vop.yxq655kj,2,buriy__python-readability.40256f40.func_pm_op_swap__6qaf1vop.yxq655kj,1776,true,450,192,0,0,0,0,0,,0,0,60000000,60000000,0,0,0,ok,,
2523,,,,buriy__python-readability.40256f40.func_pm_op_swap__6qaf1vop.yxq655kj,3,buriy__python-readability.40256f40.func_pm_op_swap__6qaf1vop.yxq655kj,2419,true,15,32,0,0,0,0,0,,0,0,90000000,90000000,0,0,0,ok,,
2524,,,,buriy__python-readability.40256f40.func_pm_op_swap__6qaf1vop.yxq655kj,4,buriy__python-readability.40256f40.func_pm_op_swap__6qaf1vop.yxq655kj,2467,true,232,35,0,0,0,0,0,,0,0,120000000,120000000,0,0,0,ok,,
2525,,,,buriy__python-readability.40256f40.func_pm_op_swap__6qaf1vop.yxq655kj,5,buriy__python-readability.40256f40.func_pm_op_swap__6qaf1vop.yxq655kj,2735,true,123,57,0,0,0,0,0,,0,0,150000000,150000000,0,0,0,ok,,
2526,,,,buriy__python-readability.40256f40.func_pm_op_swap__6qaf1vop.yxq655kj,6,buriy__python-readability.40256f40.func_pm_op_swap__6qaf1vop.yxq655kj,2916,true,44,56,0,0,0,0,0,,0,0,180000000,180000000,0,0,0,ok,,
2527,,,,buriy__python-readability.40256f40.func_pm_op_swap__6qaf1vop.yxq655kj,7,buriy__python-readability.40256f40.func_pm_op_swap__6qaf1vop.yxq655kj,3016,true,299,295,0,0,0,0,0,,0,0,210000000,210000000,0,0,0,ok,,
2528,,,,buriy__python-readability.40256f40.func_pm_op_swap__6qaf1vop.yxq655kj,8,buriy__python-readability.40256f40.func_pm_op_swap__6qaf1vop.yxq655kj,3611,true,17,34,0,0,0,0,0,,0,0,240000000,240000000,0,0,0,ok,,
2529,,,,buriy__python-readability.40256f40.func_pm_op_swap__6qaf1vop.yxq655kj,9,buriy__python-readability.40256f40.func_pm_op_swap__6qaf1vop.yxq655kj,3663,true,49,191,0,0,0,0,0,,0,0,270000000,270000000,0,0,0,ok,,
2530,,,,buriy__python-readability.40256f40.func_pm_op_swap__6qaf1vop.yxq655kj,10,buriy__python-readability.40256f40.func_pm_op_swap__6qaf1vop.yxq655kj,3903,true,168,132,0,0,0,0,0,,0,0,300000000,300000000,0,0,0,ok,,
2531,,,,buriy__python-readability.40256f40.func_pm_op_swap__6qaf1vop.yxq655kj,11,buriy__python-readability.40256f40.func_pm_op_swap__6qaf1vop.yxq655kj,4204,true,48,543,0,0,0,0,0,,0,0,330000000,330000000,0,0,0,ok,,
2532,,,,buriy__python-readability.40256f40.func_pm_op_swap__6qaf1vop.yxq655kj,12,buriy__python-readability.40256f40.func_pm_op_swap__6qaf1vop.yxq655kj,4795,true,17,32,0,0,0,0,0,,0,0,360000000,360000000,0,0,0,ok,,
2533,,,,buriy__python-readability.40256f40.func_pm_op_swap__6qaf1vop.yxq655kj,13,buriy__python-readability.40256f40.func_pm_op_swap__6qaf1vop.yxq655kj,4845,true,127,59,0,0,0,0,0,,0,0,390000000,390000000,0,0,0,ok,,
2534,,,,buriy__python-readability.40256f40.func_pm_op_swap__6qaf1vop.yxq655kj,14,buriy__python-readability.40256f40.func_pm_op_swap__6qaf1vop.yxq655kj,5031,true,98,853,0,0,0,0,0,,0,0,420000000,420000000,0,0,0,ok,,
2535,,,,buriy__python-readability.40256f40.func_pm_op_swap__6qaf1vop.yxq655kj,15,buriy__python-readability.40256f40.func_pm_op_swap__6qaf1vop.yxq655kj,5983,true,597,33,0,0,0,0,0,,0,0,450000000,450000000,0,0,0,ok,,
2536,,,,buriy__python-readability.40256f40.func_pm_op_swap__6qaf1vop.yxq655kj,16,buriy__python-readability.40256f40.func_pm_op_swap__6qaf1vop.yxq655kj,6614,true,129,142,0,0,0,0,0,,0,0,480000000,480000000,0,0,0,ok,,
2537,,,,buriy__python-readability.40256f40.func_pm_op_swap__6qaf1vop.yxq655kj,17,buriy__python-readability.40256f40.func_pm_op_swap__6qaf1vop.yxq655kj,6885,true,178,32,0,0,0,0,0,,0,0,510000000,510000000,0,0,0,ok,,
2538,,,,buriy__python-readability.40256f40.func_pm_op_swap__6qaf1vop.yxq655kj,18,buriy__python-readability.40256f40.func_pm_op_swap__6qaf1vop.yxq655kj,7096,true,250,50,0,0,0,0,0,,0,0,540000000,540000000,0,0,0,ok,,
2539,,,,buriy__python-readability.40256f40.func_pm_op_swap__6qaf1vop.yxq655kj,19,buriy__python-readability.40256f40.func_pm_op_swap__6qaf1vop.yxq655kj,7397,true,48,295,0,0,0,0,0,,0,0,570000000,570000000,0,0,0,ok,,
2540,,,,buriy__python-readability.40256f40.func_pm_op_swap__6qaf1vop.yxq655kj,20,buriy__python-readability.40256f40.func_pm_op_swap__6qaf1vop.yxq655kj,7740,true,1134,39,0,0,0,0,0,,0,0,600000000,600000000,0,0,0,ok,,
2541,,,,buriy__python-readability.40256f40.func_pm_op_swap__6qaf1vop.yxq655kj,21,buriy__python-readability.40256f40.func_pm_op_swap__6qaf1vop.yxq655kj,8914,true,15,13,0,0,0,0,0,,0,0,630000000,630000000,0,0,0,ok,,
2542,,,,sunpy__sunpy.f8edfd5c.lm_rewrite__kcbvs8ti.2rh9axxn,0,sunpy__sunpy.f8edfd5c.lm_rewrite__kcbvs8ti.2rh9axxn,978,true,650,74,0,0,0,0,0,,0,0,0,0,0,0,0,ok,,
2543,,,,sunpy__sunpy.f8edfd5c.lm_rewrite__kcbvs8ti.2rh9axxn,1,sunpy__sunpy.f8edfd5c.lm_rewrite__kcbvs8ti.2rh9axxn,1703,true,5244,76,0,0,0,0,0,,0,0,30000000,30000000,0,0,0,ok,,
2544,,,,sunpy__sunpy.f8edfd5c.lm_rewrite__kcbvs8ti.2rh9axxn,2,sunpy__sunpy.f8edfd5c.lm_rewrite__kcbvs8ti.2rh9axxn,7023,true,562,62,0,0,0,0,0,,0,0,60000000,60000000,0,0,0,ok,,
2545,,,,sunpy__sunpy.f8edfd5c.lm_rewrite__kcbvs8ti.2rh9axxn,3,sunpy__sunpy.f8edfd5c.lm_rewrite__kcbvs8ti.2rh9axxn,7648,true,1508,57,0,0,0,0,0,,0,0,90000000,90000000,0,0,0,ok,,
2546,,,,sunpy__sunpy.f8edfd5c.lm_rewrite__kcbvs8ti.2rh9axxn,4,sunpy__sunpy.f8edfd5c.lm_rewrite__kcbvs8ti.2rh9axxn,9214,true,1029,60,0,0,0,0,0,,0,0,120000000,120000000,0,0,0,ok,,
2547,,,,sunpy__sunpy.f8edfd5c.lm_rewrite__kcbvs8ti.2rh9axxn,5,sunpy__sunpy.f8edfd5c.lm_rewrite__kcbvs8ti.2rh9axxn,10303,true,33,57,0,0,0,0,0,,0,0,150000000,150000000,0,0,0,ok,,
2548,,,,sunpy__sunpy.f8edfd5c.lm_rewrite__kcbvs8ti.2rh9axxn,6,sunpy__sunpy.f8edfd5c.lm_rewrite__kcbvs8ti.2rh9axxn,10393,true,527,58,0,0,0,0,0,,0,0,180000000,180000000,0,0,0,ok,,
2549,,,,sunpy__sunpy.f8edfd5c.lm_rewrite__kcbvs8ti.2rh9axxn,7,sunpy__sunpy.f8edfd5c.lm_rewrite__kcbvs8ti.2rh9axxn,10978,true,2340,288,0,0,0,0,0,,0,0,210000000,210000000,0,0,0,ok,,
2550,,,,sunpy__sunpy.f8edfd5c.lm_rewrite__kcbvs8ti.2rh9axxn,8,sunpy__sunpy.f8edfd5c.lm_rewrite__kcbvs8ti.2rh9axxn,13606,true,17,37,0,0,0,0,0,,0,0,240000000,240000000,0,0,0,ok,,
2551,,,,sunpy__sunpy.f8edfd5c.lm_rewrite__kcbvs8ti.2rh9axxn,9,sunpy__sunpy.f8edfd5c.lm_rewrite__kcbvs8ti.2rh9axxn,13662,true,49,594,0,0,0,0,0,,0,0,270000000,270000000,0,0,0,ok,,
2552,,,,sunpy__sunpy.f8edfd5c.lm_rewrite__kcbvs8ti.2rh9axxn,10,sunpy__sunpy.f8edfd5c.lm_rewrite__kcbvs8ti.2rh9axxn,14305,true,434,290,0,0,0,0,0,,0,0,300000000,300000000,0,0,0,ok,,
2553,,,,sunpy__sunpy.f8edfd5c.lm_rewrite__kcbvs8ti.2rh9axxn,11,sunpy__sunpy.f8edfd5c.lm_rewrite__kcbvs8ti.2rh9axxn,15029,true,301,41,0,0,0,0,0,,0,0,330000000,330000000,0,0,0,ok,,
2554,,,,sunpy__sunpy.f8edfd5c.lm_rewrite__kcbvs8ti.2rh9axxn,12,sunpy__sunpy.f8edfd5c.lm_rewrite__kcbvs8ti.2rh9axxn,15372,true,56,298,0,0,0,0,0,,0,0,360000000,360000000,0,0,0,ok,,
2555,,,,sunpy__sunpy.f8edfd5c.lm_rewrite__kcbvs8ti.2rh9axxn,13,sunpy__sunpy.f8edfd5c.lm_rewrite__kcbvs8ti.2rh9axxn,15726,true,251,40,0,0,0,0,0,,0,0,390000000,390000000,0,0,0,ok,,
2556,,,,sunpy__sunpy.f8edfd5c.lm_rewrite__kcbvs8ti.2rh9axxn,14,sunpy__sunpy.f8edfd5c.lm_rewrite__kcbvs8ti.2rh9axxn,16017,true,75,59,0,0,0,0,0,,0,0,420000000,420000000,0,0,0,ok,,
2557,,,,sunpy__sunpy.f8edfd5c.lm_rewrite__kcbvs8ti.2rh9axxn,15,sunpy__sunpy.f8edfd5c.lm_rewrite__kcbvs8ti.2rh9axxn,16151,true,822,639,0,0,0,0,0,,0,0,450000000,450000000,0,0,0,ok,,
2558,,,,sunpy__sunpy.f8edfd5c.lm_rewrite__kcbvs8ti.2rh9axxn,16,sunpy__sunpy.f8edfd5c.lm_rewrite__kcbvs8ti.2rh9axxn,17613,true,16,34,0,0,0,0,0,,0,0,480000000,480000000,0,0,0,ok,,
2559,,,,sunpy__sunpy.f8edfd5c.lm_rewrite__kcbvs8ti.2rh9axxn,17,sunpy__sunpy.f8edfd5c.lm_rewrite__kcbvs8ti.2rh9axxn,17663,true,165,197,0,0,0,0,0,,0,0,510000000,510000000,0,0,0,ok,,
2560,,,,sunpy__sunpy.f8edfd5c.lm_rewrite__kcbvs8ti.2rh9axxn,18,sunpy__sunpy.f8edfd5c.lm_rewrite__kcbvs8ti.2rh9axxn,18026,true,1416,40,0,0,0,0,0,,0,0,540000000,540000000,0,0,0,ok,,
2561,,,,sunpy__sunpy.f8edfd5c.lm_rewrite__kcbvs8ti.2rh9axxn,19,sunpy__sunpy.f8edfd5c.lm_rewrite__kcbvs8ti.2rh9axxn,19482,true,15,7,0,0,0,0,0,,0,0,570000000,570000000,0,0,0,ok,,
2562,,,,theskumar__python-dotenv.2b8635b7.combine_module__uvqxiubw.4up0txkr,0,theskumar__python-dotenv.2b8635b7.combine_module__uvqxiubw.4up0txkr,978,true,613,113,0,0,0,0,0,,0,0,0,0,0,0,0,ok,,
2563,,,,theskumar__python-dotenv.2b8635b7.combine_module__uvqxiubw.4up0txkr,1,theskumar__python-dotenv.2b8635b7.combine_module__uvqxiubw.4up0txkr,1705,true,139,83,0,0,0,0,0,,0,0,30000000,30000000,0,0,0,ok,,
2564,,,,theskumar__python-dotenv.2b8635b7.combine_module__uvqxiubw.4up0txkr,2,theskumar__python-dotenv.2b8635b7.combine_module__uvqxiubw.4up0txkr,1928,true,1841,47,0,0,0,0,0,,0,0,60000000,60000000,0,0,0,ok,,
2565,,,,theskumar__python-dotenv.2b8635b7.combine_module__uvqxiubw.4up0txkr,3,theskumar__python-dotenv.2b8635b7.combine_module__uvqxiubw.4up0txkr,3817,true,3888,56,0,0,0,0,0,,0,0,90000000,90000000,0,0,0,ok,,
2566,,,,theskumar__python-dotenv.2b8635b7.combine_module__uvqxiubw.4up0txkr,4,theskumar__python-dotenv.2b8635b7.combine_module__uvqxiubw.4up0txkr,7761,true,444,219,0,0,0,0,0,,0,0,120000000,120000000,0,0,0,ok,,
2567,,,,theskumar__python-dotenv.2b8635b7.combine_module__uvqxiubw.4up0txkr,5,theskumar__python-dotenv.2b8635b7.combine_module__uvqxiubw.4up0txkr,8425,true,16,34,0,0,0,0,0,,0,0,150000000,150000000,0,0,0,ok,,
2568,,,,theskumar__python-dotenv.2b8635b7.combine_module__uvqxiubw.4up0txkr,6,theskumar__python-dotenv.2b8635b7.combine_module__uvqxiubw.4up0txkr,8476,true,5,248,0,0,0,0,0,,0,0,180000000,180000000,0,0,0,ok,,
2569,,,,theskumar__python-dotenv.2b8635b7.combine_module__uvqxiubw.4up0txkr,7,theskumar__python-dotenv.2b8635b7.combine_module__uvqxiubw.4up0txkr,8729,true,194,236,0,0,0,0,0,,0,0,210000000,210000000,0,0,0,ok,,
2570,,,,theskumar__python-dotenv.2b8635b7.combine_module__uvqxiubw.4up0txkr,8,theskumar__python-dotenv.2b8635b7.combine_module__uvqxiubw.4up0txkr,9159,true,211,230,0,0,0,0,0,,0,0,240000000,240000000,0,0,0,ok,,
2571,,,,theskumar__python-dotenv.2b8635b7.combine_module__uvqxiubw.4up0txkr,9,theskumar__python-dotenv.2b8635b7.combine_module__uvqxiubw.4up0txkr,9601,true,210,55,0,0,0,0,0,,0,0,270000000,270000000,0,0,0,ok,,
2572,,,,theskumar__python-dotenv.2b8635b7.combine_module__uvqxiubw.4up0txkr,10,theskumar__python-dotenv.2b8635b7.combine_module__uvqxiubw.4up0txkr,9866,true,6,431,0,0,0,0,0,,0,0,300000000,300000000,0,0,0,ok,,
2573,,,,theskumar__python-dotenv.2b8635b7.combine_module__uvqxiubw.4up0txkr,11,theskumar__python-dotenv.2b8635b7.combine_module__uvqxiubw.4up0txkr,10303,true,16,32,0,0,0,0,0,,0,0,330000000,330000000,0,0,0,ok,,
2574,,,,theskumar__python-dotenv.2b8635b7.combine_module__uvqxiubw.4up0txkr,12,theskumar__python-dotenv.2b8635b7.combine_module__uvqxiubw.4up0txkr,10352,true,58,148,0,0,0,0,0,,0,0,360000000,360000000,0,0,0,ok,,
2575,,,,theskumar__python-dotenv.2b8635b7.combine_module__uvqxiubw.4up0txkr,13,theskumar__python-dotenv.2b8635b7.combine_module__uvqxiubw.4up0txkr,10558,true,6,43,0,0,0,0,0,,0,0,390000000,390000000,0,0,0,ok,,
2576,,,,theskumar__python-dotenv.2b8635b7.combine_module__uvqxiubw.4up0txkr,14,theskumar__python-dotenv.2b8635b7.combine_module__uvqxiubw.4up0txkr,10608,true,967,39,0,0,0,0,0,,0,0,420000000,420000000,0,0,0,ok,,
2577,,,,theskumar__python-dotenv.2b8635b7.combine_module__uvqxiubw.4up0txkr,15,theskumar__python-dotenv.2b8635b7.combine_module__uvqxiubw.4up0txkr,11614,true,15,7,0,0,0,0,0,,0,0,450000000,450000000,0,0,0,ok,,
2578,,,,jawah__charset_normalizer.1fdd6463.104.wxxb1qme,0,jawah__charset_normalizer.1fdd6463.104.wxxb1qme,978,true,746,75,0,0,0,0,0,,0,0,0,0,0,0,0,ok,,
2579,,,,jawah__charset_normalizer.1fdd6463.104.wxxb1qme,1,jawah__charset_normalizer.1fdd6463.104.wxxb1qme,1799,true,592,68,0,0,0,0,0,,0,0,30000000,30000000,0,0,0,ok,,
2580,,,,jawah__charset_normalizer.1fdd6463.104.wxxb1qme,2,jawah__charset_normalizer.1fdd6463.104.wxxb1qme,2460,true,5092,46,0,0,0,0,0,,0,0,60000000,60000000,0,0,0,ok,,
2581,,,,jawah__charset_normalizer.1fdd6463.104.wxxb1qme,3,jawah__charset_normalizer.1fdd6463.104.wxxb1qme,7599,true,34,56,0,0,0,0,0,,0,0,90000000,90000000,0,0,0,ok,,
2582,,,,jawah__charset_normalizer.1fdd6463.104.wxxb1qme,4,jawah__charset_normalizer.1fdd6463.104.wxxb1qme,7690,true,194,55,0,0,0,0,0,,0,0,120000000,120000000,0,0,0,ok,,
2583,,,,jawah__charset_normalizer.1fdd6463.104.wxxb1qme,5,jawah__charset_normalizer.1fdd6463.104.wxxb1qme,7939,true,224,46,0,0,0,0,0,,0,0,150000000,150000000,0,0,0,ok,,
2584,,,,jawah__charset_normalizer.1fdd6463.104.wxxb1qme,6,jawah__charset_normalizer.1fdd6463.104.wxxb1qme,8209,true,240,46,0,0,0,0,0,,0,0,180000000,180000000,0,0,0,ok,,
2585,,,,jawah__charset_normalizer.1fdd6463.104.wxxb1qme,7,jawah__charset_normalizer.1fdd6463.104.wxxb1qme,8496,true,273,54,0,0,0,0,0,,0,0,210000000,210000000,0,0,0,ok,,
2586,,,,jawah__charset_normalizer.1fdd6463.104.wxxb1qme,8,jawah__charset_normalizer.1fdd6463.104.wxxb1qme,8824,true,96,56,0,0,0,0,0,,0,0,240000000,240000000,0,0,0,ok,,
2587,,,,jawah__charset_normalizer.1fdd6463.104.wxxb1qme,9,jawah__charset_normalizer.1fdd6463.104.wxxb1qme,8977,true,249,47,0,0,0,0,0,,0,0,270000000,270000000,0,0,0,ok,,
2588,,,,jawah__charset_normalizer.1fdd6463.104.wxxb1qme,10,jawah__charset_normalizer.1fdd6463.104.wxxb1qme,9274,true,15,47,0,0,0,0,0,,0,0,300000000,300000000,0,0,0,ok,,
2589,,,,jawah__charset_normalizer.1fdd6463.104.wxxb1qme,11,jawah__charset_normalizer.1fdd6463.104.wxxb1qme,9336,true,282,419,0,0,0,0,0,,0,0,330000000,330000000,0,0,0,ok,,
2590,,,,jawah__charset_normalizer.1fdd6463.104.wxxb1qme,12,jawah__charset_normalizer.1fdd6463.104.wxxb1qme,10037,true,16,30,0,0,0,0,0,,0,0,360000000,360000000,0,0,0,ok,,
2591,,,,jawah__charset_normalizer.1fdd6463.104.wxxb1qme,13,jawah__charset_normalizer.1fdd6463.104.wxxb1qme,10084,true,103,322,0,0,0,0,0,,0,0,390000000,390000000,0,0,0,ok,,
2592,,,,jawah__charset_normalizer.1fdd6463.104.wxxb1qme,14,jawah__charset_normalizer.1fdd6463.104.wxxb1qme,10510,true,265,172,0,0,0,0,0,,0,0,420000000,420000000,0,0,0,ok,,
2593,,,,jawah__charset_normalizer.1fdd6463.104.wxxb1qme,15,jawah__charset_normalizer.1fdd6463.104.wxxb1qme,10948,true,25,391,0,0,0,0,0,,0,0,450000000,450000000,0,0,0,ok,,
2594,,,,python-openxml__python-docx.0cf6d71f.func_pm_ctrl_shuffle__b1e5b0xm.2qfbqllq,0,python-openxml__python-docx.0cf6d71f.func_pm_ctrl_shuffle__b1e5b0xm.2qfbqllq,978,true,690,98,0,0,0,0,0,,0,0,0,0,0,0,0,ok,,
2595,,,,python-openxml__python-docx.0cf6d71f.func_pm_ctrl_shuffle__b1e5b0xm.2qfbqllq,1,python-openxml__python-docx.0cf6d71f.func_pm_ctrl_shuffle__b1e5b0xm.2qfbqllq,1767,true,1265,75,0,0,0,0,0,,0,0,30000000,30000000,0,0,0,ok,,
2596,,,,python-openxml__python-docx.0cf6d71f.func_pm_ctrl_shuffle__b1e5b0xm.2qfbqllq,2,python-openxml__python-docx.0cf6d71f.func_pm_ctrl_shuffle__b1e5b0xm.2qfbqllq,3108,true,4258,51,0,0,0,0,0,,0,0,60000000,60000000,0,0,0,ok,,
2597,,,,python-openxml__python-docx.0cf6d71f.func_pm_ctrl_shuffle__b1e5b0xm.2qfbqllq,3,python-openxml__python-docx.0cf6d71f.func_pm_ctrl_shuffle__b1e5b0xm.2qfbqllq,7417,true,31,69,0,0,0,0,0,,0,0,90000000,90000000,0,0,0,ok,,
2598,,,,python-openxml__python-docx.0cf6d71f.func_pm_ctrl_shuffle__b1e5b0xm.2qfbqllq,4,python-openxml__python-docx.0cf6d71f.func_pm_ctrl_shuffle__b1e5b0xm.2qfbqllq,7517,true,290,49,0,0,0,0,0,,0,0,120000000,120000000,0,0,0,ok,,
2599,,,,python-openxml__python-docx.0cf6d71f.func_pm_ctrl_shuffle__b1e5b0xm.2qfbqllq,5,python-openxml__python-docx.0cf6d71f.func_pm_ctrl_shuffle__b1e5b0xm.2qfbqllq,7856,true,110,44,0,0,0,0,0,,0,0,150000000,150000000,0,0,0,ok,,
2600,,,,python-openxml__python-docx.0cf6d71f.func_pm_ctrl_shuffle__b1e5b0xm.2qfbqllq,6,python-openxml__python-docx.0cf6d71f.func_pm_ctrl_shuffle__b1e5b0xm.2qfbqllq,8010,true,173,46,0,0,0,0,0,,0,0,180000000,180000000,0,0,0,ok,,
2601,,,,python-openxml__python-docx.0cf6d71f.func_pm_ctrl_shuffle__b1e5b0xm.2qfbqllq,7,python-openxml__python-docx.0cf6d71f.func_pm_ctrl_shuffle__b1e5b0xm.2qfbqllq,8230,true,55,59,0,0,0,0,0,,0,0,210000000,210000000,0,0,0,ok,,
2602,,,,python-openxml__python-docx.0cf6d71f.func_pm_ctrl_shuffle__b1e5b0xm.2qfbqllq,8,python-openxml__python-docx.0cf6d71f.func_pm_ctrl_shuffle__b1e5b0xm.2qfbqllq,8344,true,185,207,0,0,0,0,0,,0,0,240000000,240000000,0,0,0,ok,,
2603,,,,python-openxml__python-docx.0cf6d71f.func_pm_ctrl_shuffle__b1e5b0xm.2qfbqllq,9,python-openxml__python-docx.0cf6d71f.func_pm_ctrl_shuffle__b1e5b0xm.2qfbqllq,8737,true,17,34,0,0,0,0,0,,0,0,270000000,270000000,0,0,0,ok,,
2604,,,,python-openxml__python-docx.0cf6d71f.func_pm_ctrl_shuffle__b1e5b0xm.2qfbqllq,10,python-openxml__python-docx.0cf6d71f.func_pm_ctrl_shuffle__b1e5b0xm.2qfbqllq,8789,true,113,299,0,0,0,0,0,,0,0,300000000,300000000,0,0,0,ok,,
2605,,,,python-openxml__python-docx.0cf6d71f.func_pm_ctrl_shuffle__b1e5b0xm.2qfbqllq,11,python-openxml__python-docx.0cf6d71f.func_pm_ctrl_shuffle__b1e5b0xm.2qfbqllq,9202,true,253,51,0,0,0,0,0,,0,0,330000000,330000000,0,0,0,ok,,
2606,,,,python-openxml__python-docx.0cf6d71f.func_pm_ctrl_shuffle__b1e5b0xm.2qfbqllq,12,python-openxml__python-docx.0cf6d71f.func_pm_ctrl_shuffle__b1e5b0xm.2qfbqllq,9506,true,10,349,0,0,0,0,0,,0,0,360000000,360000000,0,0,0,ok,,
2607,,,,python-openxml__python-docx.0cf6d71f.func_pm_ctrl_shuffle__b1e5b0xm.2qfbqllq,13,python-openxml__python-docx.0cf6d71f.func_pm_ctrl_shuffle__b1e5b0xm.2qfbqllq,9866,true,17,30,0,0,0,0,0,,0,0,390000000,390000000,0,0,0,ok,,
2608,,,,python-openxml__python-docx.0cf6d71f.func_pm_ctrl_shuffle__b1e5b0xm.2qfbqllq,14,python-openxml__python-docx.0cf6d71f.func_pm_ctrl_shuffle__b1e5b0xm.2qfbqllq,9914,true,21,258,0,0,0,0,0,,0,0,420000000,420000000,0,0,0,ok,,
2609,,,,python-openxml__python-docx.0cf6d71f.func_pm_ctrl_shuffle__b1e5b0xm.2qfbqllq,15,python-openxml__python-docx.0cf6d71f.func_pm_ctrl_shuffle__b1e5b0xm.2qfbqllq,10193,true,18,31,0,0,0,0,0,,0,0,450000000,450000000,0,0,0,ok,,
2610,,,,python-openxml__python-docx.0cf6d71f.func_pm_ctrl_shuffle__b1e5b0xm.2qfbqllq,16,python-openxml__python-docx.0cf6d71f.func_pm_ctrl_shuffle__b1e5b0xm.2qfbqllq,10242,true,13,231,0,0,0,0,0,,0,0,480000000,480000000,0,0,0,ok,,
2611,,,,python-openxml__python-docx.0cf6d71f.func_pm_ctrl_shuffle__b1e5b0xm.2qfbqllq,17,python-openxml__python-docx.0cf6d71f.func_pm_ctrl_shuffle__b1e5b0xm.2qfbqllq,10487,true,1079,47,0,0,0,0,0,,0,0,510000000,510000000,0,0,0,ok,,
2612,,,,python-openxml__python-docx.0cf6d71f.func_pm_ctrl_shuffle__b1e5b0xm.2qfbqllq,18,python-openxml__python-docx.0cf6d71f.func_pm_ctrl_shuffle__b1e5b0xm.2qfbqllq,11614,true,15,13,0,0,0,0,0,,0,0,540000000,540000000,0,0,0,ok,,
2613,,,,pyutils__line_profiler.a646bf0f.121.f5rjpwkg,0,pyutils__line_profiler.a646bf0f.121.f5rjpwkg,978,true,523,79,0,0,0,0,0,,0,0,0,0,0,0,0,ok,,
2614,,,,pyutils__line_profiler.a646bf0f.121.f5rjpwkg,1,pyutils__line_profiler.a646bf0f.121.f5rjpwkg,1580,true,547,92,0,0,0,0,0,,0,0,30000000,30000000,0,0,0,ok,,
2615,,,,pyutils__line_profiler.a646bf0f.121.f5rjpwkg,2,pyutils__line_profiler.a646bf0f.121.f5rjpwkg,2220,true,5033,194,0,0,0,0,0,,0,0,60000000,60000000,0,0,0,ok,,
2616,,,,pyutils__line_profiler.a646bf0f.121.f5rjpwkg,3,pyutils__line_profiler.a646bf0f.121.f5rjpwkg,7448,true,17,31,0,0,0,0,0,,0,0,90000000,90000000,0,0,0,ok,,
2617,,,,pyutils__line_profiler.a646bf0f.121.f5rjpwkg,4,pyutils__line_profiler.a646bf0f.121.f5rjpwkg,7496,true,216,35,0,0,0,0,0,,0,0,120000000,120000000,0,0,0,ok,,
2618,,,,pyutils__line_profiler.a646bf0f.121.f5rjpwkg,5,pyutils__line_profiler.a646bf0f.121.f5rjpwkg,7748,true,351,33,0,0,0,0,0,,0,0,150000000,150000000,0,0,0,ok,,
2619,,,,pyutils__line_profiler.a646bf0f.121.f5rjpwkg,6,pyutils__line_profiler.a646bf0f.121.f5rjpwkg,8133,true,6,340,0,0,0,0,0,,0,0,180000000,180000000,0,0,0,ok,,
2620,,,,pyutils__line_profiler.a646bf0f.121.f5rjpwkg,7,pyutils__line_profiler.a646bf0f.121.f5rjpwkg,8479,true,227,264,0,0,0,0,0,,0,0,210000000,210000000,0,0,0,ok,,
2621,,,,pyutils__line_profiler.a646bf0f.121.f5rjpwkg,8,pyutils__line_profiler.a646bf0f.121.f5rjpwkg,8970,true,12,163,0,0,0,0,0,,0,0,240000000,240000000,0,0,0,ok,,
2622,,,,pyutils__line_profiler.a646bf0f.121.f5rjpwkg,9,pyutils__line_profiler.a646bf0f.121.f5rjpwkg,9146,true,17,179,0,0,0,0,0,,0,0,270000000,270000000,0,0,0,ok,,
2623,,,,pyutils__line_profiler.a646bf0f.121.f5rjpwkg,10,pyutils__line_profiler.a646bf0f.121.f5rjpwkg,9343,true,17,150,0,0,0,0,0,,0,0,300000000,300000000,0,0,0,ok,,
2624,,,,pyutils__line_profiler.a646bf0f.121.f5rjpwkg,11,pyutils__line_profiler.a646bf0f.121.f5rjpwkg,9510,true,17,50,0,0,0,0,0,,0,0,330000000,330000000,0,0,0,ok,,
2625,,,,pyutils__line_profiler.a646bf0f.121.f5rjpwkg,12,pyutils__line_profiler.a646bf0f.121.f5rjpwkg,9578,true,74,45,0,0,0,0,0,,0,0,360000000,360000000,0,0,0,ok,,
2626,,,,tox-dev__pipdeptree.c31b6418.func_pm_ctrl_shuffle__ravg2zmp.mjsk20mr,0,tox-dev__pipdeptree.c31b6418.func_pm_ctrl_shuffle__ravg2zmp.mjsk20mr,978,true,529,99,0,0,0,0,0,,0,0,0,0,0,0,0,ok,,
2627,,,,tox-dev__pipdeptree.c31b6418.func_pm_ctrl_shuffle__ravg2zmp.mjsk20mr,1,tox-dev__pipdeptree.c31b6418.func_pm_ctrl_shuffle__ravg2zmp.mjsk20mr,1606,true,337,72,0,0,0,0,0,,0,0,30000000,30000000,0,0,0,ok,,
2628,,,,tox-dev__pipdeptree.c31b6418.func_pm_ctrl_shuffle__ravg2zmp.mjsk20mr,2,tox-dev__pipdeptree.c31b6418.func_pm_ctrl_shuffle__ravg2zmp.mjsk20mr,2016,true,2616,60,0,0,0,0,0,,0,0,60000000,60000000,0,0,0,ok,,
2629,,,,tox-dev__pipdeptree.c31b6418.func_pm_ctrl_shuffle__ravg2zmp.mjsk20mr,3,tox-dev__pipdeptree.c31b6418.func_pm_ctrl_shuffle__ravg2zmp.mjsk20mr,4693,true,920,55,0,0,0,0,0,,0,0,90000000,90000000,0,0,0,ok,,
2630,,,,tox-dev__pipdeptree.c31b6418.func_pm_ctrl_shuffle__ravg2zmp.mjsk20mr,4,tox-dev__pipdeptree.c31b6418.func_pm_ctrl_shuffle__ravg2zmp.mjsk20mr,5668,true,2399,203,0,0,0,0,0,,0,0,120000000,120000000,0,0,0,ok,,
2631,,,,tox-dev__pipdeptree.c31b6418.func_pm_ctrl_shuffle__ravg2zmp.mjsk20mr,5,tox-dev__pipdeptree.c31b6418.func_pm_ctrl_shuffle__ravg2zmp.mjsk20mr,8271,true,17,36,0,0,0,0,0,,0,0,150000000,150000000,0,0,0,ok,,
2632,,,,tox-dev__pipdeptree.c31b6418.func_pm_ctrl_shuffle__ravg2zmp.mjsk20mr,6,tox-dev__pipdeptree.c31b6418.func_pm_ctrl_shuffle__ravg2zmp.mjsk20mr,8325,true,11,280,0,0,0,0,0,,0,0,180000000,180000000,0,0,0,ok,,
2633,,,,tox-dev__pipdeptree.c31b6418.func_pm_ctrl_shuffle__ravg2zmp.mjsk20mr,7,tox-dev__pipdeptree.c31b6418.func_pm_ctrl_shuffle__ravg2zmp.mjsk20mr,8617,true,234,55,0,0,0,0,0,,0,0,210000000,210000000,0,0,0,ok,,
2634,,,,tox-dev__pipdeptree.c31b6418.func_pm_ctrl_shuffle__ravg2zmp.mjsk20mr,8,tox-dev__pipdeptree.c31b6418.func_pm_ctrl_shuffle__ravg2zmp.mjsk20mr,8906,true,367,385,0,0,0,0,0,,0,0,240000000,240000000,0,0,0,ok,,
2635,,,,tox-dev__pipdeptree.c31b6418.func_pm_ctrl_shuffle__ravg2zmp.mjsk20mr,9,tox-dev__pipdeptree.c31b6418.func_pm_ctrl_shuffle__ravg2zmp.mjsk20mr,9659,true,269,33,0,0,0,0,0,,0,0,270000000,270000000,0,0,0,ok,,
2636,,,,tox-dev__pipdeptree.c31b6418.func_pm_ctrl_shuffle__ravg2zmp.mjsk20mr,10,tox-dev__pipdeptree.c31b6418.func_pm_ctrl_shuffle__ravg2zmp.mjsk20mr,9962,true,13,737,0,0,0,0,0,,0,0,300000000,300000000,0,0,0,ok,,
2637,,,,tox-dev__pipdeptree.c31b6418.func_pm_ctrl_shuffle__ravg2zmp.mjsk20mr,11,tox-dev__pipdeptree.c31b6418.func_pm_ctrl_shuffle__ravg2zmp.mjsk20mr,10713,true,17,32,0,0,0,0,0,,0,0,330000000,330000000,0,0,0,ok,,
2638,,,,tox-dev__pipdeptree.c31b6418.func_pm_ctrl_shuffle__ravg2zmp.mjsk20mr,12,tox-dev__pipdeptree.c31b6418.func_pm_ctrl_shuffle__ravg2zmp.mjsk20mr,10763,true,104,234,0,0,0,0,0,,0,0,360000000,360000000,0,0,0,ok,,
2639,,,,tox-dev__pipdeptree.c31b6418.func_pm_ctrl_shuffle__ravg2zmp.mjsk20mr,13,tox-dev__pipdeptree.c31b6418.func_pm_ctrl_shuffle__ravg2zmp.mjsk20mr,11102,true,151,262,0,0,0,0,0,,0,0,390000000,390000000,0,0,0,ok,,
2640,,,,tox-dev__pipdeptree.c31b6418.func_pm_ctrl_shuffle__ravg2zmp.mjsk20mr,14,tox-dev__pipdeptree.c31b6418.func_pm_ctrl_shuffle__ravg2zmp.mjsk20mr,11516,true,1192,41,0,0,0,0,0,,0,0,420000000,420000000,0,0,0,ok,,
2641,,,,tox-dev__pipdeptree.c31b6418.func_pm_ctrl_shuffle__ravg2zmp.mjsk20mr,15,tox-dev__pipdeptree.c31b6418.func_pm_ctrl_shuffle__ravg2zmp.mjsk20mr,12750,true,15,7,0,0,0,0,0,,0,0,450000000,450000000,0,0,0,ok,,
2642,,,,pydicom__pydicom.7d361b3d.func_pm_remove_cond__wbfeq52x.npv6db2j,0,pydicom__pydicom.7d361b3d.func_pm_remove_cond__wbfeq52x.npv6db2j,978,true,707,93,0,0,0,0,0,,0,0,0,0,0,0,0,ok,,
2643,,,,pydicom__pydicom.7d361b3d.func_pm_remove_cond__wbfeq52x.npv6db2j,1,pydicom__pydicom.7d361b3d.func_pm_remove_cond__wbfeq52x.npv6db2j,1779,true,21,70,0,0,0,0,0,,0,0,30000000,30000000,0,0,0,ok,,
2644,,,,pydicom__pydicom.7d361b3d.func_pm_remove_cond__wbfeq52x.npv6db2j,2,pydicom__pydicom.7d361b3d.func_pm_remove_cond__wbfeq52x.npv6db2j,1870,true,1152,77,0,0,0,0,0,,0,0,60000000,60000000,0,0,0,ok,,
2645,,,,pydicom__pydicom.7d361b3d.func_pm_remove_cond__wbfeq52x.npv6db2j,3,pydicom__pydicom.7d361b3d.func_pm_remove_cond__wbfeq52x.npv6db2j,3099,true,481,58,0,0,0,0,0,,0,0,90000000,90000000,0,0,0,ok,,
2646,,,,pydicom__pydicom.7d361b3d.func_pm_remove_cond__wbfeq52x.npv6db2j,4,pydicom__pydicom.7d361b3d.func_pm_remove_cond__wbfeq52x.npv6db2j,3639,true,297,58,0,0,0,0,0,,0,0,120000000,120000000,0,0,0,ok,,
2647,,,,pydicom__pydicom.7d361b3d.func_pm_remove_cond__wbfeq52x.npv6db2j,5,pydicom__pydicom.7d361b3d.func_pm_remove_cond__wbfeq52x.npv6db2j,3995,true,335,60,0,0,0,0,0,,0,0,150000000,150000000,0,0,0,ok,,
2648,,,,pydicom__pydicom.7d361b3d.func_pm_remove_cond__wbfeq52x.npv6db2j,6,pydicom__pydicom.7d361b3d.func_pm_remove_cond__wbfeq52x.npv6db2j,4390,true,372,60,0,0,0,0,0,,0,0,180000000,180000000,0,0,0,ok,,
2649,,,,pydicom__pydicom.7d361b3d.func_pm_remove_cond__wbfeq52x.npv6db2j,7,pydicom__pydicom.7d361b3d.func_pm_remove_cond__wbfeq52x.npv6db2j,4823,true,390,67,0,0,0,0,0,,0,0,210000000,210000000,0,0,0,ok,,
2650,,,,pydicom__pydicom.7d361b3d.func_pm_remove_cond__wbfeq52x.npv6db2j,8,pydicom__pydicom.7d361b3d.func_pm_remove_cond__wbfeq52x.npv6db2j,5280,true,80,269,0,0,0,0,0,,0,0,240000000,240000000,0,0,0,ok,,
2651,,,,pydicom__pydicom.7d361b3d.func_pm_remove_cond__wbfeq52x.npv6db2j,9,pydicom__pydicom.7d361b3d.func_pm_remove_cond__wbfeq52x.npv6db2j,5631,true,17,37,0,0,0,0,0,,0,0,270000000,270000000,0,0,0,ok,,
2652,,,,pydicom__pydicom.7d361b3d.func_pm_remove_cond__wbfeq52x.npv6db2j,10,pydicom__pydicom.7d361b3d.func_pm_remove_cond__wbfeq52x.npv6db2j,5686,true,83,55,0,0,0,0,0,,0,0,300000000,300000000,0,0,0,ok,,
2653,,,,pydicom__pydicom.7d361b3d.func_pm_remove_cond__wbfeq52x.npv6db2j,11,pydicom__pydicom.7d361b3d.func_pm_remove_cond__wbfeq52x.npv6db2j,5824,true,187,139,0,0,0,0,0,,0,0,330000000,330000000,0,0,0,ok,,
2654,,,,pydicom__pydicom.7d361b3d.func_pm_remove_cond__wbfeq52x.npv6db2j,12,pydicom__pydicom.7d361b3d.func_pm_remove_cond__wbfeq52x.npv6db2j,6151,true,163,32,0,0,0,0,0,,0,0,360000000,360000000,0,0,0,ok,,
2655,,,,pydicom__pydicom.7d361b3d.func_pm_remove_cond__wbfeq52x.npv6db2j,13,pydicom__pydicom.7d361b3d.func_pm_remove_cond__wbfeq52x.npv6db2j,6347,true,18,417,0,0,0,0,0,,0,0,390000000,390000000,0,0,0,ok,,
2656,,,,pydicom__pydicom.7d361b3d.func_pm_remove_cond__wbfeq52x.npv6db2j,14,pydicom__pydicom.7d361b3d.func_pm_remove_cond__wbfeq52x.npv6db2j,6783,true,386,44,0,0,0,0,0,,0,0,420000000,420000000,0,0,0,ok,,
2657,,,,pydicom__pydicom.7d361b3d.func_pm_remove_cond__wbfeq52x.npv6db2j,15,pydicom__pydicom.7d361b3d.func_pm_remove_cond__wbfeq52x.npv6db2j,7213,true,59,432,0,0,0,0,0,,0,0,450000000,450000000,0,0,0,ok,,
2658,,,,pydicom__pydicom.7d361b3d.func_pm_remove_cond__wbfeq52x.npv6db2j,16,pydicom__pydicom.7d361b3d.func_pm_remove_cond__wbfeq52x.npv6db2j,7704,true,19,35,0,0,0,0,0,,0,0,480000000,480000000,0,0,0,ok,,
2659,,,,pydicom__pydicom.7d361b3d.func_pm_remove_cond__wbfeq52x.npv6db2j,17,pydicom__pydicom.7d361b3d.func_pm_remove_cond__wbfeq52x.npv6db2j,7758,true,574,176,0,0,0,0,0,,0,0,510000000,510000000,0,0,0,ok,,
2660,,,,pydicom__pydicom.7d361b3d.func_pm_remove_cond__wbfeq52x.npv6db2j,18,pydicom__pydicom.7d361b3d.func_pm_remove_cond__wbfeq52x.npv6db2j,8509,true,150,236,0,0,0,0,0,,0,0,540000000,540000000,0,0,0,ok,,
2661,,,,pydicom__pydicom.7d361b3d.func_pm_remove_cond__wbfeq52x.npv6db2j,19,pydicom__pydicom.7d361b3d.func_pm_remove_cond__wbfeq52x.npv6db2j,8896,true,13,40,0,0,0,0,0,,0,0,570000000,570000000,0,0,0,ok,,
2662,,,,pydicom__pydicom.7d361b3d.func_pm_remove_cond__wbfeq52x.npv6db2j,20,pydicom__pydicom.7d361b3d.func_pm_remove_cond__wbfeq52x.npv6db2j,8950,true,35,47,0,0,0,0,0,,0,0,600000000,600000000,0,0,0,ok,,
2663,,,,pydicom__pydicom.7d361b3d.func_pm_remove_cond__wbfeq52x.npv6db2j,21,pydicom__pydicom.7d361b3d.func_pm_remove_cond__wbfeq52x.npv6db2j,9033,true,11,37,0,0,0,0,0,,0,0,630000000,630000000,0,0,0,ok,,
2664,,,,pydicom__pydicom.7d361b3d.func_pm_remove_cond__wbfeq52x.npv6db2j,22,pydicom__pydicom.7d361b3d.func_pm_remove_cond__wbfeq52x.npv6db2j,9081,true,29,44,0,0,0,0,0,,0,0,660000000,660000000,0,0,0,ok,,
2665,,,,pydicom__pydicom.7d361b3d.func_pm_remove_cond__wbfeq52x.npv6db2j,23,pydicom__pydicom.7d361b3d.func_pm_remove_cond__wbfeq52x.npv6db2j,9155,true,2394,44,0,0,0,0,0,,0,0,690000000,690000000,0,0,0,ok,,
2666,,,,pydicom__pydicom.7d361b3d.func_pm_remove_cond__wbfeq52x.npv6db2j,24,pydicom__pydicom.7d361b3d.func_pm_remove_cond__wbfeq52x.npv6db2j,11593,true,329,62,0,0,0,0,0,,0,0,720000000,720000000,0,0,0,ok,,
2667,,,,pydicom__pydicom.7d361b3d.func_pm_remove_cond__wbfeq52x.npv6db2j,25,pydicom__pydicom.7d361b3d.func_pm_remove_cond__wbfeq52x.npv6db2j,11984,true,224,265,0,0,0,0,0,,0,0,750000000,750000000,0,0,0,ok,,
2668,,,,pydicom__pydicom.7d361b3d.func_pm_remove_cond__wbfeq52x.npv6db2j,26,pydicom__pydicom.7d361b3d.func_pm_remove_cond__wbfeq52x.npv6db2j,12474,true,1093,41,0,0,0,0,0,,0,0,780000000,780000000,0,0,0,ok,,
2669,,,,pydicom__pydicom.7d361b3d.func_pm_remove_cond__wbfeq52x.npv6db2j,27,pydicom__pydicom.7d361b3d.func_pm_remove_cond__wbfeq52x.npv6db2j,13609,true,15,13,0,0,0,0,0,,0,0,810000000,810000000,0,0,0,ok,,
2670,,,,getmoto__moto.694ce1f4.pr_7905.98om7l73,0,getmoto__moto.694ce1f4.pr_7905.98om7l73,978,true,737,100,0,0,0,0,0,,0,0,0,0,0,0,0,ok,,
2671,,,,getmoto__moto.694ce1f4.pr_7905.98om7l73,1,getmoto__moto.694ce1f4.pr_7905.98om7l73,1816,true,652,51,0,0,0,0,0,,0,0,30000000,30000000,0,0,0,ok,,
2672,,,,getmoto__moto.694ce1f4.pr_7905.98om7l73,2,getmoto__moto.694ce1f4.pr_7905.98om7l73,2519,true,489,47,0,0,0,0,0,,0,0,60000000,60000000,0,0,0,ok,,
2673,,,,getmoto__moto.694ce1f4.pr_7905.98om7l73,3,getmoto__moto.694ce1f4.pr_7905.98om7l73,3055,true,18,52,0,0,0,0,0,,0,0,90000000,90000000,0,0,0,ok,,
2674,,,,getmoto__moto.694ce1f4.pr_7905.98om7l73,4,getmoto__moto.694ce1f4.pr_7905.98om7l73,3126,true,1316,37,0,0,0,0,0,,0,0,120000000,120000000,0,0,0,ok,,
2675,,,,getmoto__moto.694ce1f4.pr_7905.98om7l73,5,getmoto__moto.694ce1f4.pr_7905.98om7l73,4480,true,711,62,0,0,0,0,0,,0,0,150000000,150000000,0,0,0,ok,,
2676,,,,getmoto__moto.694ce1f4.pr_7905.98om7l73,6,getmoto__moto.694ce1f4.pr_7905.98om7l73,5253,true,632,50,0,0,0,0,0,,0,0,180000000,180000000,0,0,0,ok,,
2677,,,,getmoto__moto.694ce1f4.pr_7905.98om7l73,7,getmoto__moto.694ce1f4.pr_7905.98om7l73,5935,true,3883,49,0,0,0,0,0,,0,0,210000000,210000000,0,0,0,ok,,
2678,,,,getmoto__moto.694ce1f4.pr_7905.98om7l73,8,getmoto__moto.694ce1f4.pr_7905.98om7l73,9868,true,1835,54,0,0,0,0,0,,0,0,240000000,240000000,0,0,0,ok,,
2679,,,,getmoto__moto.694ce1f4.pr_7905.98om7l73,9,getmoto__moto.694ce1f4.pr_7905.98om7l73,11758,true,18,65,0,0,0,0,0,,0,0,270000000,270000000,0,0,0,ok,,
2680,,,,getmoto__moto.694ce1f4.pr_7905.98om7l73,10,getmoto__moto.694ce1f4.pr_7905.98om7l73,11843,true,1538,406,0,0,0,0,0,,0,0,300000000,300000000,0,0,0,ok,,
2681,,,,getmoto__moto.694ce1f4.pr_7905.98om7l73,11,getmoto__moto.694ce1f4.pr_7905.98om7l73,13787,true,17,36,0,0,0,0,0,,0,0,330000000,330000000,0,0,0,ok,,
2682,,,,getmoto__moto.694ce1f4.pr_7905.98om7l73,12,getmoto__moto.694ce1f4.pr_7905.98om7l73,13841,true,1255,751,0,0,0,0,0,,0,0,360000000,360000000,0,0,0,ok,,
2683,,,,getmoto__moto.694ce1f4.pr_7905.98om7l73,13,getmoto__moto.694ce1f4.pr_7905.98om7l73,15848,true,554,32,0,0,0,0,0,,0,0,390000000,390000000,0,0,0,ok,,
2684,,,,getmoto__moto.694ce1f4.pr_7905.98om7l73,14,getmoto__moto.694ce1f4.pr_7905.98om7l73,16435,true,198,305,0,0,0,0,0,,0,0,420000000,420000000,0,0,0,ok,,
2685,,,,getmoto__moto.694ce1f4.pr_7905.98om7l73,15,getmoto__moto.694ce1f4.pr_7905.98om7l73,16939,true,362,748,0,0,0,0,0,,0,0,450000000,450000000,0,0,0,ok,,
2686,,,,getmoto__moto.694ce1f4.pr_7905.98om7l73,16,getmoto__moto.694ce1f4.pr_7905.98om7l73,18050,true,666,385,0,0,0,0,0,,0,0,480000000,480000000,0,0,0,ok,,
2687,,,,getmoto__moto.694ce1f4.pr_7905.98om7l73,17,getmoto__moto.694ce1f4.pr_7905.98om7l73,19102,true,390,312,0,0,0,0,0,,0,0,510000000,510000000,0,0,0,ok,,
2688,,,,getmoto__moto.694ce1f4.pr_7905.98om7l73,18,getmoto__moto.694ce1f4.pr_7905.98om7l73,19805,true,286,1422,0,0,0,0,0,,0,0,540000000,540000000,0,0,0,ok,,
2689,,,,getmoto__moto.694ce1f4.pr_7905.98om7l73,19,getmoto__moto.694ce1f4.pr_7905.98om7l73,21513,true,1292,522,0,0,0,0,0,,0,0,570000000,570000000,0,0,0,ok,,
2690,,,,getmoto__moto.694ce1f4.pr_7905.98om7l73,20,getmoto__moto.694ce1f4.pr_7905.98om7l73,23327,true,476,1374,0,0,0,0,0,,0,0,600000000,600000000,0,0,0,ok,,
2691,,,,getmoto__moto.694ce1f4.pr_7905.98om7l73,21,getmoto__moto.694ce1f4.pr_7905.98om7l73,25179,true,1145,36,0,0,0,0,0,,0,0,630000000,630000000,0,0,0,ok,,
2692,,,,getmoto__moto.694ce1f4.pr_7905.98om7l73,22,getmoto__moto.694ce1f4.pr_7905.98om7l73,26361,true,456,63,0,0,0,0,0,,0,0,660000000,660000000,0,0,0,ok,,
2693,,,,getmoto__moto.694ce1f4.pr_7905.98om7l73,23,getmoto__moto.694ce1f4.pr_7905.98om7l73,26881,true,233,319,0,0,0,0,0,,0,0,690000000,690000000,0,0,0,ok,,
2694,,,,getmoto__moto.694ce1f4.pr_7905.98om7l73,24,getmoto__moto.694ce1f4.pr_7905.98om7l73,27433,true,3701,36,0,0,0,0,0,,0,0,720000000,720000000,0,0,0,ok,,
2695,,,,getmoto__moto.694ce1f4.pr_7905.98om7l73,25,getmoto__moto.694ce1f4.pr_7905.98om7l73,31171,true,15,7,0,0,0,0,0,,0,0,750000000,750000000,0,0,0,ok,,
2696,,,,Project-MONAI__MONAI.a09c1f08.func_pm_class_rm_base__jhh5qtvj.iu2kkc8f,0,Project-MONAI__MONAI.a09c1f08.func_pm_class_rm_base__jhh5qtvj.iu2kkc8f,978,true,621,112,0,0,0,0,0,,0,0,0,0,0,0,0,ok,,
2697,,,,Project-MONAI__MONAI.a09c1f08.func_pm_class_rm_base__jhh5qtvj.iu2kkc8f,1,Project-MONAI__MONAI.a09c1f08.func_pm_class_rm_base__jhh5qtvj.iu2kkc8f,1711,true,18,72,0,0,0,0,0,,0,0,30000000,30000000,0,0,0,ok,,
2698,,,,Project-MONAI__MONAI.a09c1f08.func_pm_class_rm_base__jhh5qtvj.iu2kkc8f,2,Project-MONAI__MONAI.a09c1f08.func_pm_class_rm_base__jhh5qtvj.iu2kkc8f,1801,true,4224,56,0,0,0,0,0,,0,0,60000000,60000000,0,0,0,ok,,
2699,,,,Project-MONAI__MONAI.a09c1f08.func_pm_class_rm_base__jhh5qtvj.iu2kkc8f,3,Project-MONAI__MONAI.a09c1f08.func_pm_class_rm_base__jhh5qtvj.iu2kkc8f,6082,true,10,69,0,0,0,0,0,,0,0,90000000,90000000,0,0,0,ok,,
2700,,,,Project-MONAI__MONAI.a09c1f08.func_pm_class_rm_base__jhh5qtvj.iu2kkc8f,4,Project-MONAI__MONAI.a09c1f08.func_pm_class_rm_base__jhh5qtvj.iu2kkc8f,6162,true,2188,63,0,0,0,0,0,,0,0,120000000,120000000,0,0,0,ok,,
2701,,,,Project-MONAI__MONAI.a09c1f08.func_pm_class_rm_base__jhh5qtvj.iu2kkc8f,5,Project-MONAI__MONAI.a09c1f08.func_pm_class_rm_base__jhh5qtvj.iu2kkc8f,8414,true,264,66,0,0,0,0,0,,0,0,150000000,150000000,0,0,0,ok,,
2702,,,,Project-MONAI__MONAI.a09c1f08.func_pm_class_rm_base__jhh5qtvj.iu2kkc8f,6,Project-MONAI__MONAI.a09c1f08.func_pm_class_rm_base__jhh5qtvj.iu2kkc8f,8744,true,391,63,0,0,0,0,0,,0,0,180000000,180000000,0,0,0,ok,,
2703,,,,Project-MONAI__MONAI.a09c1f08.func_pm_class_rm_base__jhh5qtvj.iu2kkc8f,7,Project-MONAI__MONAI.a09c1f08.func_pm_class_rm_base__jhh5qtvj.iu2kkc8f,9200,true,814,68,0,0,0,0,0,,0,0,210000000,210000000,0,0,0,ok,,
2704,,,,Project-MONAI__MONAI.a09c1f08.func_pm_class_rm_base__jhh5qtvj.iu2kkc8f,8,Project-MONAI__MONAI.a09c1f08.func_pm_class_rm_base__jhh5qtvj.iu2kkc8f,10082,true,551,189,0,0,0,0,0,,0,0,240000000,240000000,0,0,0,ok,,
2705,,,,Project-MONAI__MONAI.a09c1f08.func_pm_class_rm_base__jhh5qtvj.iu2kkc8f,9,Project-MONAI__MONAI.a09c1f08.func_pm_class_rm_base__jhh5qtvj.iu2kkc8f,10822,true,17,34,0,0,0,0,0,,0,0,270000000,270000000,0,0,0,ok,,
2706,,,,Project-MONAI__MONAI.a09c1f08.func_pm_class_rm_base__jhh5qtvj.iu2kkc8f,10,Project-MONAI__MONAI.a09c1f08.func_pm_class_rm_base__jhh5qtvj.iu2kkc8f,10874,true,67,366,0,0,0,0,0,,0,0,300000000,300000000,0,0,0,ok,,
2707,,,,Project-MONAI__MONAI.a09c1f08.func_pm_class_rm_base__jhh5qtvj.iu2kkc8f,11,Project-MONAI__MONAI.a09c1f08.func_pm_class_rm_base__jhh5qtvj.iu2kkc8f,11307,true,270,718,0,0,0,0,0,,0,0,330000000,330000000,0,0,0,ok,,
2708,,,,Project-MONAI__MONAI.a09c1f08.func_pm_class_rm_base__jhh5qtvj.iu2kkc8f,12,Project-MONAI__MONAI.a09c1f08.func_pm_class_rm_base__jhh5qtvj.iu2kkc8f,12296,true,697,38,0,0,0,0,0,,0,0,360000000,360000000,0,0,0,ok,,
2709,,,,Project-MONAI__MONAI.a09c1f08.func_pm_class_rm_base__jhh5qtvj.iu2kkc8f,13,Project-MONAI__MONAI.a09c1f08.func_pm_class_rm_base__jhh5qtvj.iu2kkc8f,13031,true,100,640,0,0,0,0,0,,0,0,390000000,390000000,0,0,0,ok,,
2710,,,,Project-MONAI__MONAI.a09c1f08.func_pm_class_rm_base__jhh5qtvj.iu2kkc8f,14,Project-MONAI__MONAI.a09c1f08.func_pm_class_rm_base__jhh5qtvj.iu2kkc8f,13771,true,469,32,0,0,0,0,0,,0,0,420000000,420000000,0,0,0,ok,,
2711,,,,Project-MONAI__MONAI.a09c1f08.func_pm_class_rm_base__jhh5qtvj.iu2kkc8f,15,Project-MONAI__MONAI.a09c1f08.func_pm_class_rm_base__jhh5qtvj.iu2kkc8f,14273,true,55,307,0,0,0,0,0,,0,0,450000000,450000000,0,0,0,ok,,
2712,,,,Project-MONAI__MONAI.a09c1f08.func_pm_class_rm_base__jhh5qtvj.iu2kkc8f,16,Project-MONAI__MONAI.a09c1f08.func_pm_class_rm_base__jhh5qtvj.iu2kkc8f,14636,true,234,31,0,0,0,0,0,,0,0,480000000,480000000,0,0,0,ok,,
2713,,,,Project-MONAI__MONAI.a09c1f08.func_pm_class_rm_base__jhh5qtvj.iu2kkc8f,17,Project-MONAI__MONAI.a09c1f08.func_pm_class_rm_base__jhh5qtvj.iu2kkc8f,14901,true,52,333,0,0,0,0,0,,0,0,510000000,510000000,0,0,0,ok,,
2714,,,,Project-MONAI__MONAI.a09c1f08.func_pm_class_rm_base__jhh5qtvj.iu2kkc8f,18,Project-MONAI__MONAI.a09c1f08.func_pm_class_rm_base__jhh5qtvj.iu2kkc8f,15287,true,288,31,0,0,0,0,0,,0,0,540000000,540000000,0,0,0,ok,,
2715,,,,Project-MONAI__MONAI.a09c1f08.func_pm_class_rm_base__jhh5qtvj.iu2kkc8f,19,Project-MONAI__MONAI.a09c1f08.func_pm_class_rm_base__jhh5qtvj.iu2kkc8f,15606,true,52,1108,0,0,0,0,0,,0,0,570000000,570000000,0,0,0,ok,,
2716,,,,Project-MONAI__MONAI.a09c1f08.func_pm_class_rm_base__jhh5qtvj.iu2kkc8f,20,Project-MONAI__MONAI.a09c1f08.func_pm_class_rm_base__jhh5qtvj.iu2kkc8f,16768,true,18,32,0,0,0,0,0,,0,0,600000000,600000000,0,0,0,ok,,
2717,,,,Project-MONAI__MONAI.a09c1f08.func_pm_class_rm_base__jhh5qtvj.iu2kkc8f,21,Project-MONAI__MONAI.a09c1f08.func_pm_class_rm_base__jhh5qtvj.iu2kkc8f,16819,true,344,297,0,0,0,0,0,,0,0,630000000,630000000,0,0,0,ok,,
2718,,,,Project-MONAI__MONAI.a09c1f08.func_pm_class_rm_base__jhh5qtvj.iu2kkc8f,22,Project-MONAI__MONAI.a09c1f08.func_pm_class_rm_base__jhh5qtvj.iu2kkc8f,17461,true,2004,42,0,0,0,0,0,,0,0,660000000,660000000,0,0,0,ok,,
2719,,,,Project-MONAI__MONAI.a09c1f08.func_pm_class_rm_base__jhh5qtvj.iu2kkc8f,23,Project-MONAI__MONAI.a09c1f08.func_pm_class_rm_base__jhh5qtvj.iu2kkc8f,19507,true,15,7,0,0,0,0,0,,0,0,690000000,690000000,0,0,0,ok,,
2720,,,,iterative__dvc.1d6ea681.func_pm_ctrl_invert_if__ntv844lr.qevj6bvk,0,iterative__dvc.1d6ea681.func_pm_ctrl_invert_if__ntv844lr.qevj6bvk,978,true,535,88,0,0,0,0,0,,0,0,0,0,0,0,0,ok,,
2721,,,,iterative__dvc.1d6ea681.func_pm_ctrl_invert_if__ntv844lr.qevj6bvk,1,iterative__dvc.1d6ea681.func_pm_ctrl_invert_if__ntv844lr.qevj6bvk,1601,true,9,53,0,0,0,0,0,,0,0,30000000,30000000,0,0,0,ok,,
2722,,,,iterative__dvc.1d6ea681.func_pm_ctrl_invert_if__ntv844lr.qevj6bvk,2,iterative__dvc.1d6ea681.func_pm_ctrl_invert_if__ntv844lr.qevj6bvk,1664,true,699,325,0,0,0,0,0,,0,0,60000000,60000000,0,0,0,ok,,
2723,,,,iterative__dvc.1d6ea681.func_pm_ctrl_invert_if__ntv844lr.qevj6bvk,3,iterative__dvc.1d6ea681.func_pm_ctrl_invert_if__ntv844lr.qevj6bvk,2689,true,17,36,0,0,0,0,0,,0,0,90000000,90000000,0,0,0,ok,,
2724,,,,iterative__dvc.1d6ea681.func_pm_ctrl_invert_if__ntv844lr.qevj6bvk,4,iterative__dvc.1d6ea681.func_pm_ctrl_invert_if__ntv844lr.qevj6bvk,2743,true,36,254,0,0,0,0,0,,0,0,120000000,120000000,0,0,0,ok,,
2725,,,,iterative__dvc.1d6ea681.func_pm_ctrl_invert_if__ntv844lr.qevj6bvk,5,iterative__dvc.1d6ea681.func_pm_ctrl_invert_if__ntv844lr.qevj6bvk,3034,true,219,126,0,0,0,0,0,,0,0,150000000,150000000,0,0,0,ok,,
2726,,,,iterative__dvc.1d6ea681.func_pm_ctrl_invert_if__ntv844lr.qevj6bvk,6,iterative__dvc.1d6ea681.func_pm_ctrl_invert_if__ntv844lr.qevj6bvk,3379,true,26,858,0,0,0,0,0,,0,0,180000000,180000000,0,0,0,ok,,
2727,,,,iterative__dvc.1d6ea681.func_pm_ctrl_invert_if__ntv844lr.qevj6bvk,7,iterative__dvc.1d6ea681.func_pm_ctrl_invert_if__ntv844lr.qevj6bvk,4264,true,17,36,0,0,0,0,0,,0,0,210000000,210000000,0,0,0,ok,,
2728,,,,iterative__dvc.1d6ea681.func_pm_ctrl_invert_if__ntv844lr.qevj6bvk,8,iterative__dvc.1d6ea681.func_pm_ctrl_invert_if__ntv844lr.qevj6bvk,4318,true,189,35,0,0,0,0,0,,0,0,240000000,240000000,0,0,0,ok,,
2729,,,,iterative__dvc.1d6ea681.func_pm_ctrl_invert_if__ntv844lr.qevj6bvk,9,iterative__dvc.1d6ea681.func_pm_ctrl_invert_if__ntv844lr.qevj6bvk,4543,true,1390,50,0,0,0,0,0,,0,0,270000000,270000000,0,0,0,ok,,
2730,,,,iterative__dvc.1d6ea681.func_pm_ctrl_invert_if__ntv844lr.qevj6bvk,10,iterative__dvc.1d6ea681.func_pm_ctrl_invert_if__ntv844lr.qevj6bvk,5984,true,15,13,0,0,0,0,0,,0,0,300000000,300000000,0,0,0,ok,,
2731,,,,pyca__pyopenssl.04766a49.func_pm_remove_assign__2j27akkq.w24c0l1f,0,pyca__pyopenssl.04766a49.func_pm_remove_assign__2j27akkq.w24c0l1f,978,true,760,74,0,0,0,0,0,,0,0,0,0,0,0,0,ok,,
2732,,,,pyca__pyopenssl.04766a49.func_pm_remove_assign__2j27akkq.w24c0l1f,1,pyca__pyopenssl.04766a49.func_pm_remove_assign__2j27akkq.w24c0l1f,1812,true,124,68,0,0,0,0,0,,0,0,30000000,30000000,0,0,0,ok,,
2733,,,,pyca__pyopenssl.04766a49.func_pm_remove_assign__2j27akkq.w24c0l1f,2,pyca__pyopenssl.04766a49.func_pm_remove_assign__2j27akkq.w24c0l1f,2005,true,4280,49,0,0,0,0,0,,0,0,60000000,60000000,0,0,0,ok,,
2734,,,,pyca__pyopenssl.04766a49.func_pm_remove_assign__2j27akkq.w24c0l1f,3,pyca__pyopenssl.04766a49.func_pm_remove_assign__2j27akkq.w24c0l1f,6335,true,9,60,0,0,0,0,0,,0,0,90000000,90000000,0,0,0,ok,,
2735,,,,pyca__pyopenssl.04766a49.func_pm_remove_assign__2j27akkq.w24c0l1f,4,pyca__pyopenssl.04766a49.func_pm_remove_assign__2j27akkq.w24c0l1f,6405,true,918,435,0,0,0,0,0,,0,0,120000000,120000000,0,0,0,ok,,
2736,,,,pyca__pyopenssl.04766a49.func_pm_remove_assign__2j27akkq.w24c0l1f,5,pyca__pyopenssl.04766a49.func_pm_remove_assign__2j27akkq.w24c0l1f,7758,true,17,37,0,0,0,0,0,,0,0,150000000,150000000,0,0,0,ok,,
2737,,,,pyca__pyopenssl.04766a49.func_pm_remove_assign__2j27akkq.w24c0l1f,6,pyca__pyopenssl.04766a49.func_pm_remove_assign__2j27akkq.w24c0l1f,7813,true,194,400,0,0,0,0,0,,0,0,180000000,180000000,0,0,0,ok,,
2738,,,,pyca__pyopenssl.04766a49.func_pm_remove_assign__2j27akkq.w24c0l1f,7,pyca__pyopenssl.04766a49.func_pm_remove_assign__2j27akkq.w24c0l1f,8408,true,321,79,0,0,0,0,0,,0,0,210000000,210000000,0,0,0,ok,,
2739,,,,pyca__pyopenssl.04766a49.func_pm_remove_assign__2j27akkq.w24c0l1f,8,pyca__pyopenssl.04766a49.func_pm_remove_assign__2j27akkq.w24c0l1f,8809,true,821,1245,0,0,0,0,0,,0,0,240000000,240000000,0,0,0,ok,,
2740,,,,pyca__pyopenssl.04766a49.func_pm_remove_assign__2j27akkq.w24c0l1f,9,pyca__pyopenssl.04766a49.func_pm_remove_assign__2j27akkq.w24c0l1f,10876,true,17,32,0,0,0,0,0,,0,0,270000000,270000000,0,0,0,ok,,
2741,,,,pyca__pyopenssl.04766a49.func_pm_remove_assign__2j27akkq.w24c0l1f,10,pyca__pyopenssl.04766a49.func_pm_remove_assign__2j27akkq.w24c0l1f,10926,true,1784,271,0,0,0,0,0,,0,0,300000000,300000000,0,0,0,ok,,
2742,,,,pyca__pyopenssl.04766a49.func_pm_remove_assign__2j27akkq.w24c0l1f,11,pyca__pyopenssl.04766a49.func_pm_remove_assign__2j27akkq.w24c0l1f,12982,true,1879,48,0,0,0,0,0,,0,0,330000000,330000000,0,0,0,ok,,
2743,,,,pyca__pyopenssl.04766a49.func_pm_remove_assign__2j27akkq.w24c0l1f,12,pyca__pyopenssl.04766a49.func_pm_remove_assign__2j27akkq.w24c0l1f,14909,true,15,13,0,0,0,0,0,,0,0,360000000,360000000,0,0,0,ok,,
2744,,,,scrapy__scrapy.35212ec5.pr_5705.h1s6dyem,0,scrapy__scrapy.35212ec5.pr_5705.h1s6dyem,978,true,2090,73,0,0,0,0,0,,0,0,0,0,0,0,0,ok,,
2745,,,,scrapy__scrapy.35212ec5.pr_5705.h1s6dyem,1,scrapy__scrapy.35212ec5.pr_5705.h1s6dyem,3141,true,2045,121,0,0,0,0,0,,0,0,30000000,30000000,0,0,0,ok,,
2746,,,,scrapy__scrapy.35212ec5.pr_5705.h1s6dyem,2,scrapy__scrapy.35212ec5.pr_5705.h1s6dyem,5308,true,4192,36,0,0,0,0,0,,0,0,60000000,60000000,0,0,0,ok,,
2747,,,,scrapy__scrapy.35212ec5.pr_5705.h1s6dyem,3,scrapy__scrapy.35212ec5.pr_5705.h1s6dyem,9537,true,3619,456,0,0,0,0,0,,0,0,90000000,90000000,0,0,0,ok,,
2748,,,,scrapy__scrapy.35212ec5.pr_5705.h1s6dyem,4,scrapy__scrapy.35212ec5.pr_5705.h1s6dyem,13612,true,19,25,0,0,0,0,0,,0,0,120000000,120000000,0,0,0,ok,,
2749,,,,scrapy__scrapy.35212ec5.pr_5705.h1s6dyem,5,scrapy__scrapy.35212ec5.pr_5705.h1s6dyem,13656,true,145,616,0,0,0,0,0,,0,0,150000000,150000000,0,0,0,ok,,
2750,,,,scrapy__scrapy.35212ec5.pr_5705.h1s6dyem,6,scrapy__scrapy.35212ec5.pr_5705.h1s6dyem,14418,true,418,158,0,0,0,0,0,,0,0,180000000,180000000,0,0,0,ok,,
2751,,,,scrapy__scrapy.35212ec5.pr_5705.h1s6dyem,7,scrapy__scrapy.35212ec5.pr_5705.h1s6dyem,14995,true,210,274,0,0,0,0,0,,0,0,210000000,210000000,0,0,0,ok,,
2752,,,,scrapy__scrapy.35212ec5.pr_5705.h1s6dyem,8,scrapy__scrapy.35212ec5.pr_5705.h1s6dyem,15481,true,296,353,0,0,0,0,0,,0,0,240000000,240000000,0,0,0,ok,,
2753,,,,scrapy__scrapy.35212ec5.pr_5705.h1s6dyem,9,scrapy__scrapy.35212ec5.pr_5705.h1s6dyem,16131,true,332,25,0,0,0,0,0,,0,0,270000000,270000000,0,0,0,ok,,
2754,,,,scrapy__scrapy.35212ec5.pr_5705.h1s6dyem,10,scrapy__scrapy.35212ec5.pr_5705.h1s6dyem,16489,true,145,38,0,0,0,0,0,,0,0,300000000,300000000,0,0,0,ok,,
2755,,,,life4__textdistance.c3aca916.lm_rewrite__9v6u6jmp.85nuqi8m,0,life4__textdistance.c3aca916.lm_rewrite__9v6u6jmp.85nuqi8m,978,true,671,94,0,0,0,0,0,,0,0,0,0,0,0,0,ok,,
2756,,,,life4__textdistance.c3aca916.lm_rewrite__9v6u6jmp.85nuqi8m,1,life4__textdistance.c3aca916.lm_rewrite__9v6u6jmp.85nuqi8m,1744,true,16,65,0,0,0,0,0,,0,0,30000000,30000000,0,0,0,ok,,
2757,,,,life4__textdistance.c3aca916.lm_rewrite__9v6u6jmp.85nuqi8m,2,life4__textdistance.c3aca916.lm_rewrite__9v6u6jmp.85nuqi8m,1826,true,2845,56,0,0,0,0,0,,0,0,60000000,60000000,0,0,0,ok,,
2758,,,,life4__textdistance.c3aca916.lm_rewrite__9v6u6jmp.85nuqi8m,3,life4__textdistance.c3aca916.lm_rewrite__9v6u6jmp.85nuqi8m,4728,true,1990,55,0,0,0,0,0,,0,0,90000000,90000000,0,0,0,ok,,
2759,,,,life4__textdistance.c3aca916.lm_rewrite__9v6u6jmp.85nuqi8m,4,life4__textdistance.c3aca916.lm_rewrite__9v6u6jmp.85nuqi8m,6774,true,152,56,0,0,0,0,0,,0,0,120000000,120000000,0,0,0,ok,,
2760,,,,life4__textdistance.c3aca916.lm_rewrite__9v6u6jmp.85nuqi8m,5,life4__textdistance.c3aca916.lm_rewrite__9v6u6jmp.85nuqi8m,6984,true,97,198,0,0,0,0,0,,0,0,150000000,150000000,0,0,0,ok,,
2761,,,,life4__textdistance.c3aca916.lm_rewrite__9v6u6jmp.85nuqi8m,6,life4__textdistance.c3aca916.lm_rewrite__9v6u6jmp.85nuqi8m,7279,true,18,36,0,0,0,0,0,,0,0,180000000,180000000,0,0,0,ok,,
2762,,,,life4__textdistance.c3aca916.lm_rewrite__9v6u6jmp.85nuqi8m,7,life4__textdistance.c3aca916.lm_rewrite__9v6u6jmp.85nuqi8m,7334,true,59,669,0,0,0,0,0,,0,0,210000000,210000000,0,0,0,ok,,
2763,,,,life4__textdistance.c3aca916.lm_rewrite__9v6u6jmp.85nuqi8m,8,life4__textdistance.c3aca916.lm_rewrite__9v6u6jmp.85nuqi8m,8063,true,613,45,0,0,0,0,0,,0,0,240000000,240000000,0,0,0,ok,,
2764,,,,life4__textdistance.c3aca916.lm_rewrite__9v6u6jmp.85nuqi8m,9,life4__textdistance.c3aca916.lm_rewrite__9v6u6jmp.85nuqi8m,8723,true,132,1046,0,0,0,0,0,,0,0,270000000,270000000,0,0,0,ok,,
2765,,,,life4__textdistance.c3aca916.lm_rewrite__9v6u6jmp.85nuqi8m,10,life4__textdistance.c3aca916.lm_rewrite__9v6u6jmp.85nuqi8m,9901,true,687,42,0,0,0,0,0,,0,0,300000000,300000000,0,0,0,ok,,
2766,,,,life4__textdistance.c3aca916.lm_rewrite__9v6u6jmp.85nuqi8m,11,life4__textdistance.c3aca916.lm_rewrite__9v6u6jmp.85nuqi8m,10631,true,405,1317,0,0,0,0,0,,0,0,330000000,330000000,0,0,0,ok,,
2767,,,,life4__textdistance.c3aca916.lm_rewrite__9v6u6jmp.85nuqi8m,12,life4__textdistance.c3aca916.lm_rewrite__9v6u6jmp.85nuqi8m,12355,true,914,364,0,0,0,0,0,,0,0,360000000,360000000,0,0,0,ok,,
2768,,,,life4__textdistance.c3aca916.lm_rewrite__9v6u6jmp.85nuqi8m,13,life4__textdistance.c3aca916.lm_rewrite__9v6u6jmp.85nuqi8m,13633,true,290,33,0,0,0,0,0,,0,0,390000000,390000000,0,0,0,ok,,
2769,,,,life4__textdistance.c3aca916.lm_rewrite__9v6u6jmp.85nuqi8m,14,life4__textdistance.c3aca916.lm_rewrite__9v6u6jmp.85nuqi8m,13956,true,321,1024,0,0,0,0,0,,0,0,420000000,420000000,0,0,0,ok,,
2770,,,,life4__textdistance.c3aca916.lm_rewrite__9v6u6jmp.85nuqi8m,15,life4__textdistance.c3aca916.lm_rewrite__9v6u6jmp.85nuqi8m,15302,true,18,33,0,0,0,0,0,,0,0,450000000,450000000,0,0,0,ok,,
2771,,,,life4__textdistance.c3aca916.lm_rewrite__9v6u6jmp.85nuqi8m,16,life4__textdistance.c3aca916.lm_rewrite__9v6u6jmp.85nuqi8m,15353,true,1514,1588,0,0,0,0,0,,0,0,480000000,480000000,0,0,0,ok,,
2772,,,,life4__textdistance.c3aca916.lm_rewrite__9v6u6jmp.85nuqi8m,17,life4__textdistance.c3aca916.lm_rewrite__9v6u6jmp.85nuqi8m,18456,true,640,62,0,0,0,0,0,,0,0,510000000,510000000,0,0,0,ok,,
2773,,,,life4__textdistance.c3aca916.lm_rewrite__9v6u6jmp.85nuqi8m,18,life4__textdistance.c3aca916.lm_rewrite__9v6u6jmp.85nuqi8m,19158,true,1514,463,0,0,0,0,0,,0,0,540000000,540000000,0,0,0,ok,,
2774,,,,life4__textdistance.c3aca916.lm_rewrite__9v6u6jmp.85nuqi8m,19,life4__textdistance.c3aca916.lm_rewrite__9v6u6jmp.85nuqi8m,21135,true,18,39,0,0,0,0,0,,0,0,570000000,570000000,0,0,0,ok,,
2775,,,,life4__textdistance.c3aca916.lm_rewrite__9v6u6jmp.85nuqi8m,20,life4__textdistance.c3aca916.lm_rewrite__9v6u6jmp.85nuqi8m,21193,true,84,753,0,0,0,0,0,,0,0,600000000,600000000,0,0,0,ok,,
2776,,,,life4__textdistance.c3aca916.lm_rewrite__9v6u6jmp.85nuqi8m,21,life4__textdistance.c3aca916.lm_rewrite__9v6u6jmp.85nuqi8m,22030,true,17,36,0,0,0,0,0,,0,0,630000000,630000000,0,0,0,ok,,
2777,,,,life4__textdistance.c3aca916.lm_rewrite__9v6u6jmp.85nuqi8m,22,life4__textdistance.c3aca916.lm_rewrite__9v6u6jmp.85nuqi8m,22084,true,483,1089,0,0,0,0,0,,0,0,660000000,660000000,0,0,0,ok,,
2778,,,,life4__textdistance.c3aca916.lm_rewrite__9v6u6jmp.85nuqi8m,23,life4__textdistance.c3aca916.lm_rewrite__9v6u6jmp.85nuqi8m,23657,true,706,46,0,0,0,0,0,,0,0,690000000,690000000,0,0,0,ok,,
2779,,,,life4__textdistance.c3aca916.lm_rewrite__9v6u6jmp.85nuqi8m,24,life4__textdistance.c3aca916.lm_rewrite__9v6u6jmp.85nuqi8m,24410,true,482,77,0,0,0,0,0,,0,0,720000000,720000000,0,0,0,ok,,
2780,,,,life4__textdistance.c3aca916.lm_rewrite__9v6u6jmp.85nuqi8m,25,life4__textdistance.c3aca916.lm_rewrite__9v6u6jmp.85nuqi8m,24969,true,84,269,0,0,0,0,0,,0,0,750000000,750000000,0,0,0,ok,,
2781,,,,life4__textdistance.c3aca916.lm_rewrite__9v6u6jmp.85nuqi8m,26,life4__textdistance.c3aca916.lm_rewrite__9v6u6jmp.85nuqi8m,25322,true,3427,56,0,0,0,0,0,,0,0,780000000,780000000,0,0,0,ok,,
2782,,,,life4__textdistance.c3aca916.lm_rewrite__9v6u6jmp.85nuqi8m,27,life4__textdistance.c3aca916.lm_rewrite__9v6u6jmp.85nuqi8m,28806,true,15,7,0,0,0,0,0,,0,0,810000000,810000000,0,0,0,ok,,
2783,,,,tox-dev__pipdeptree.c31b6418.86.2s12i3oe,0,tox-dev__pipdeptree.c31b6418.86.2s12i3oe,978,true,711,94,0,0,0,0,0,,0,0,0,0,0,0,0,ok,,
2784,,,,tox-dev__pipdeptree.c31b6418.86.2s12i3oe,1,tox-dev__pipdeptree.c31b6418.86.2s12i3oe,1784,true,12,47,0,0,0,0,0,,0,0,30000000,30000000,0,0,0,ok,,
2785,,,,tox-dev__pipdeptree.c31b6418.86.2s12i3oe,2,tox-dev__pipdeptree.c31b6418.86.2s12i3oe,1844,true,1505,481,0,0,0,0,0,,0,0,60000000,60000000,0,0,0,ok,,
2786,,,,tox-dev__pipdeptree.c31b6418.86.2s12i3oe,3,tox-dev__pipdeptree.c31b6418.86.2s12i3oe,3830,true,16,36,0,0,0,0,0,,0,0,90000000,90000000,0,0,0,ok,,
2787,,,,tox-dev__pipdeptree.c31b6418.86.2s12i3oe,4,tox-dev__pipdeptree.c31b6418.86.2s12i3oe,3882,true,122,912,0,0,0,0,0,,0,0,120000000,120000000,0,0,0,ok,,
2788,,,,tox-dev__pipdeptree.c31b6418.86.2s12i3oe,5,tox-dev__pipdeptree.c31b6418.86.2s12i3oe,4917,true,584,154,0,0,0,0,0,,0,0,150000000,150000000,0,0,0,ok,,
2789,,,,tox-dev__pipdeptree.c31b6418.86.2s12i3oe,6,tox-dev__pipdeptree.c31b6418.86.2s12i3oe,5656,true,137,364,0,0,0,0,0,,0,0,180000000,180000000,0,0,0,ok,,
2790,,,,mahmoud__glom.fb3c4e76.lm_rewrite__c2jyxhuv.0bb11ym7,0,mahmoud__glom.fb3c4e76.lm_rewrite__c2jyxhuv.0bb11ym7,978,true,561,99,0,0,0,0,0,,0,0,0,0,0,0,0,ok,,
2791,,,,mahmoud__glom.fb3c4e76.lm_rewrite__c2jyxhuv.0bb11ym7,1,mahmoud__glom.fb3c4e76.lm_rewrite__c2jyxhuv.0bb11ym7,1638,true,246,48,0,0,0,0,0,,0,0,30000000,30000000,0,0,0,ok,,
2792,,,,mahmoud__glom.fb3c4e76.lm_rewrite__c2jyxhuv.0bb11ym7,2,mahmoud__glom.fb3c4e76.lm_rewrite__c2jyxhuv.0bb11ym7,1933,true,92,63,0,0,0,0,0,,0,0,60000000,60000000,0,0,0,ok,,
2793,,,,mahmoud__glom.fb3c4e76.lm_rewrite__c2jyxhuv.0bb11ym7,3,mahmoud__glom.fb3c4e76.lm_rewrite__c2jyxhuv.0bb11ym7,2088,true,4254,42,0,0,0,0,0,,0,0,90000000,90000000,0,0,0,ok,,
2794,,,,mahmoud__glom.fb3c4e76.lm_rewrite__c2jyxhuv.0bb11ym7,4,mahmoud__glom.fb3c4e76.lm_rewrite__c2jyxhuv.0bb11ym7,6385,true,74,55,0,0,0,0,0,,0,0,120000000,120000000,0,0,0,ok,,
2795,,,,mahmoud__glom.fb3c4e76.lm_rewrite__c2jyxhuv.0bb11ym7,5,mahmoud__glom.fb3c4e76.lm_rewrite__c2jyxhuv.0bb11ym7,6514,true,433,158,0,0,0,0,0,,0,0,150000000,150000000,0,0,0,ok,,
2796,,,,mahmoud__glom.fb3c4e76.lm_rewrite__c2jyxhuv.0bb11ym7,6,mahmoud__glom.fb3c4e76.lm_rewrite__c2jyxhuv.0bb11ym7,7106,true,17,37,0,0,0,0,0,,0,0,180000000,180000000,0,0,0,ok,,
2797,,,,mahmoud__glom.fb3c4e76.lm_rewrite__c2jyxhuv.0bb11ym7,7,mahmoud__glom.fb3c4e76.lm_rewrite__c2jyxhuv.0bb11ym7,7160,true,304,113,0,0,0,0,0,,0,0,210000000,210000000,0,0,0,ok,,
2798,,,,mahmoud__glom.fb3c4e76.lm_rewrite__c2jyxhuv.0bb11ym7,8,mahmoud__glom.fb3c4e76.lm_rewrite__c2jyxhuv.0bb11ym7,7579,true,306,65,0,0,0,0,0,,0,0,240000000,240000000,0,0,0,ok,,
2799,,,,mahmoud__glom.fb3c4e76.lm_rewrite__c2jyxhuv.0bb11ym7,9,mahmoud__glom.fb3c4e76.lm_rewrite__c2jyxhuv.0bb11ym7,7950,true,262,68,0,0,0,0,0,,0,0,270000000,270000000,0,0,0,ok,,
2800,,,,mahmoud__glom.fb3c4e76.lm_rewrite__c2jyxhuv.0bb11ym7,10,mahmoud__glom.fb3c4e76.lm_rewrite__c2jyxhuv.0bb11ym7,8281,true,247,864,0,0,0,0,0,,0,0,300000000,300000000,0,0,0,ok,,
2801,,,,mahmoud__glom.fb3c4e76.lm_rewrite__c2jyxhuv.0bb11ym7,11,mahmoud__glom.fb3c4e76.lm_rewrite__c2jyxhuv.0bb11ym7,9393,true,620,50,0,0,0,0,0,,0,0,330000000,330000000,0,0,0,ok,,
2802,,,,mahmoud__glom.fb3c4e76.lm_rewrite__c2jyxhuv.0bb11ym7,12,mahmoud__glom.fb3c4e76.lm_rewrite__c2jyxhuv.0bb11ym7,10064,true,268,100,0,0,0,0,0,,0,0,360000000,360000000,0,0,0,ok,,
2803,,,,mahmoud__glom.fb3c4e76.lm_rewrite__c2jyxhuv.0bb11ym7,13,mahmoud__glom.fb3c4e76.lm_rewrite__c2jyxhuv.0bb11ym7,10433,true,614,1054,0,0,0,0,0,,0,0,390000000,390000000,0,0,0,ok,,
2804,,,,mahmoud__glom.fb3c4e76.lm_rewrite__c2jyxhuv.0bb11ym7,14,mahmoud__glom.fb3c4e76.lm_rewrite__c2jyxhuv.0bb11ym7,12102,true,753,31,0,0,0,0,0,,0,0,420000000,420000000,0,0,0,ok,,
2805,,,,mahmoud__glom.fb3c4e76.lm_rewrite__c2jyxhuv.0bb11ym7,15,mahmoud__glom.fb3c4e76.lm_rewrite__c2jyxhuv.0bb11ym7,12887,true,87,381,0,0,0,0,0,,0,0,450000000,450000000,0,0,0,ok,,
2806,,,,mahmoud__glom.fb3c4e76.lm_rewrite__c2jyxhuv.0bb11ym7,16,mahmoud__glom.fb3c4e76.lm_rewrite__c2jyxhuv.0bb11ym7,13356,true,17,24,0,0,0,0,0,,0,0,480000000,480000000,0,0,0,ok,,
2807,,,,mahmoud__glom.fb3c4e76.lm_rewrite__c2jyxhuv.0bb11ym7,17,mahmoud__glom.fb3c4e76.lm_rewrite__c2jyxhuv.0bb11ym7,13398,true,241,239,0,0,0,0,0,,0,0,510000000,510000000,0,0,0,ok,,
2808,,,,mahmoud__glom.fb3c4e76.lm_rewrite__c2jyxhuv.0bb11ym7,18,mahmoud__glom.fb3c4e76.lm_rewrite__c2jyxhuv.0bb11ym7,13879,true,1484,41,0,0,0,0,0,,0,0,540000000,540000000,0,0,0,ok,,
2809,,,,mahmoud__glom.fb3c4e76.lm_rewrite__c2jyxhuv.0bb11ym7,19,mahmoud__glom.fb3c4e76.lm_rewrite__c2jyxhuv.0bb11ym7,15405,true,15,7,0,0,0,0,0,,0,0,570000000,570000000,0,0,0,ok,,
2810,,,,luozhouyang__python-string-similarity.115acaac.func_pm_ctrl_shuffle__llhbww8d.jp4fdvha,0,luozhouyang__python-string-similarity.115acaac.func_pm_ctrl_shuffle__llhbww8d.jp4fdvha,978,true,549,97,0,0,0,0,0,,0,0,0,0,0,0,0,ok,,
2811,,,,luozhouyang__python-string-similarity.115acaac.func_pm_ctrl_shuffle__llhbww8d.jp4fdvha,1,luozhouyang__python-string-similarity.115acaac.func_pm_ctrl_shuffle__llhbww8d.jp4fdvha,1625,true,331,63,0,0,0,0,0,,0,0,30000000,30000000,0,0,0,ok,,
2812,,,,luozhouyang__python-string-similarity.115acaac.func_pm_ctrl_shuffle__llhbww8d.jp4fdvha,2,luozhouyang__python-string-similarity.115acaac.func_pm_ctrl_shuffle__llhbww8d.jp4fdvha,2019,true,670,55,0,0,0,0,0,,0,0,60000000,60000000,0,0,0,ok,,
2813,,,,luozhouyang__python-string-similarity.115acaac.func_pm_ctrl_shuffle__llhbww8d.jp4fdvha,3,luozhouyang__python-string-similarity.115acaac.func_pm_ctrl_shuffle__llhbww8d.jp4fdvha,2745,true,530,54,0,0,0,0,0,,0,0,90000000,90000000,0,0,0,ok,,
2814,,,,luozhouyang__python-string-similarity.115acaac.func_pm_ctrl_shuffle__llhbww8d.jp4fdvha,4,luozhouyang__python-string-similarity.115acaac.func_pm_ctrl_shuffle__llhbww8d.jp4fdvha,3330,true,570,145,0,0,0,0,0,,0,0,120000000,120000000,0,0,0,ok,,
2815,,,,luozhouyang__python-string-similarity.115acaac.func_pm_ctrl_shuffle__llhbww8d.jp4fdvha,5,luozhouyang__python-string-similarity.115acaac.func_pm_ctrl_shuffle__llhbww8d.jp4fdvha,4046,true,17,36,0,0,0,0,0,,0,0,150000000,150000000,0,0,0,ok,,
2816,,,,luozhouyang__python-string-similarity.115acaac.func_pm_ctrl_shuffle__llhbww8d.jp4fdvha,6,luozhouyang__python-string-similarity.115acaac.func_pm_ctrl_shuffle__llhbww8d.jp4fdvha,4100,true,23,342,0,0,0,0,0,,0,0,180000000,180000000,0,0,0,ok,,
2817,,,,luozhouyang__python-string-similarity.115acaac.func_pm_ctrl_shuffle__llhbww8d.jp4fdvha,7,luozhouyang__python-string-similarity.115acaac.func_pm_ctrl_shuffle__llhbww8d.jp4fdvha,4466,true,240,144,0,0,0,0,0,,0,0,210000000,210000000,0,0,0,ok,,
2818,,,,luozhouyang__python-string-similarity.115acaac.func_pm_ctrl_shuffle__llhbww8d.jp4fdvha,8,luozhouyang__python-string-similarity.115acaac.func_pm_ctrl_shuffle__llhbww8d.jp4fdvha,4851,true,13,588,0,0,0,0,0,,0,0,240000000,240000000,0,0,0,ok,,
2819,,,,luozhouyang__python-string-similarity.115acaac.func_pm_ctrl_shuffle__llhbww8d.jp4fdvha,9,luozhouyang__python-string-similarity.115acaac.func_pm_ctrl_shuffle__llhbww8d.jp4fdvha,5453,true,17,32,0,0,0,0,0,,0,0,270000000,270000000,0,0,0,ok,,
2820,,,,luozhouyang__python-string-similarity.115acaac.func_pm_ctrl_shuffle__llhbww8d.jp4fdvha,10,luozhouyang__python-string-similarity.115acaac.func_pm_ctrl_shuffle__llhbww8d.jp4fdvha,5503,true,92,139,0,0,0,0,0,,0,0,300000000,300000000,0,0,0,ok,,
2821,,,,luozhouyang__python-string-similarity.115acaac.func_pm_ctrl_shuffle__llhbww8d.jp4fdvha,11,luozhouyang__python-string-similarity.115acaac.func_pm_ctrl_shuffle__llhbww8d.jp4fdvha,5735,true,82,282,0,0,0,0,0,,0,0,330000000,330000000,0,0,0,ok,,
2822,,,,luozhouyang__python-string-similarity.115acaac.func_pm_ctrl_shuffle__llhbww8d.jp4fdvha,12,luozhouyang__python-string-similarity.115acaac.func_pm_ctrl_shuffle__llhbww8d.jp4fdvha,6100,true,1098,50,0,0,0,0,0,,0,0,360000000,360000000,0,0,0,ok,,
2823,,,,luozhouyang__python-string-similarity.115acaac.func_pm_ctrl_shuffle__llhbww8d.jp4fdvha,13,luozhouyang__python-string-similarity.115acaac.func_pm_ctrl_shuffle__llhbww8d.jp4fdvha,7248,true,15,13,0,0,0,0,0,,0,0,390000000,390000000,0,0,0,ok,,
2824,,,,marshmallow-code__marshmallow.9716fc62.lm_rewrite__zlhsjbno.ssn48dpy,0,marshmallow-code__marshmallow.9716fc62.lm_rewrite__zlhsjbno.ssn48dpy,978,true,489,104,0,0,0,0,0,,0,0,0,0,0,0,0,ok,,
2825,,,,marshmallow-code__marshmallow.9716fc62.lm_rewrite__zlhsjbno.ssn48dpy,1,marshmallow-code__marshmallow.9716fc62.lm_rewrite__zlhsjbno.ssn48dpy,1572,true,337,64,0,0,0,0,0,,0,0,30000000,30000000,0,0,0,ok,,
2826,,,,marshmallow-code__marshmallow.9716fc62.lm_rewrite__zlhsjbno.ssn48dpy,2,marshmallow-code__marshmallow.9716fc62.lm_rewrite__zlhsjbno.ssn48dpy,1973,true,4251,62,0,0,0,0,0,,0,0,60000000,60000000,0,0,0,ok,,
2827,,,,marshmallow-code__marshmallow.9716fc62.lm_rewrite__zlhsjbno.ssn48dpy,3,marshmallow-code__marshmallow.9716fc62.lm_rewrite__zlhsjbno.ssn48dpy,6287,true,34,57,0,0,0,0,0,,0,0,90000000,90000000,0,0,0,ok,,
2828,,,,marshmallow-code__marshmallow.9716fc62.lm_rewrite__zlhsjbno.ssn48dpy,4,marshmallow-code__marshmallow.9716fc62.lm_rewrite__zlhsjbno.ssn48dpy,6380,true,147,63,0,0,0,0,0,,0,0,120000000,120000000,0,0,0,ok,,
2829,,,,marshmallow-code__marshmallow.9716fc62.lm_rewrite__zlhsjbno.ssn48dpy,5,marshmallow-code__marshmallow.9716fc62.lm_rewrite__zlhsjbno.ssn48dpy,6590,true,157,64,0,0,0,0,0,,0,0,150000000,150000000,0,0,0,ok,,
2830,,,,marshmallow-code__marshmallow.9716fc62.lm_rewrite__zlhsjbno.ssn48dpy,6,marshmallow-code__marshmallow.9716fc62.lm_rewrite__zlhsjbno.ssn48dpy,6812,true,49,74,0,0,0,0,0,,0,0,180000000,180000000,0,0,0,ok,,
2831,,,,marshmallow-code__marshmallow.9716fc62.lm_rewrite__zlhsjbno.ssn48dpy,7,marshmallow-code__marshmallow.9716fc62.lm_rewrite__zlhsjbno.ssn48dpy,6936,true,226,229,0,0,0,0,0,,0,0,210000000,210000000,0,0,0,ok,,
2832,,,,marshmallow-code__marshmallow.9716fc62.lm_rewrite__zlhsjbno.ssn48dpy,8,marshmallow-code__marshmallow.9716fc62.lm_rewrite__zlhsjbno.ssn48dpy,7392,true,17,35,0,0,0,0,0,,0,0,240000000,240000000,0,0,0,ok,,
2833,,,,marshmallow-code__marshmallow.9716fc62.lm_rewrite__zlhsjbno.ssn48dpy,9,marshmallow-code__marshmallow.9716fc62.lm_rewrite__zlhsjbno.ssn48dpy,7445,true,39,199,0,0,0,0,0,,0,0,270000000,270000000,0,0,0,ok,,
2834,,,,marshmallow-code__marshmallow.9716fc62.lm_rewrite__zlhsjbno.ssn48dpy,10,marshmallow-code__marshmallow.9716fc62.lm_rewrite__zlhsjbno.ssn48dpy,7684,true,191,53,0,0,0,0,0,,0,0,300000000,300000000,0,0,0,ok,,
2835,,,,marshmallow-code__marshmallow.9716fc62.lm_rewrite__zlhsjbno.ssn48dpy,11,marshmallow-code__marshmallow.9716fc62.lm_rewrite__zlhsjbno.ssn48dpy,7929,true,17,473,0,0,0,0,0,,0,0,330000000,330000000,0,0,0,ok,,
2836,,,,marshmallow-code__marshmallow.9716fc62.lm_rewrite__zlhsjbno.ssn48dpy,12,marshmallow-code__marshmallow.9716fc62.lm_rewrite__zlhsjbno.ssn48dpy,8420,true,17,32,0,0,0,0,0,,0,0,360000000,360000000,0,0,0,ok,,
2837,,,,marshmallow-code__marshmallow.9716fc62.lm_rewrite__zlhsjbno.ssn48dpy,13,marshmallow-code__marshmallow.9716fc62.lm_rewrite__zlhsjbno.ssn48dpy,8470,true,90,148,0,0,0,0,0,,0,0,390000000,390000000,0,0,0,ok,,
2838,,,,marshmallow-code__marshmallow.9716fc62.lm_rewrite__zlhsjbno.ssn48dpy,14,marshmallow-code__marshmallow.9716fc62.lm_rewrite__zlhsjbno.ssn48dpy,8709,true,46,55,0,0,0,0,0,,0,0,420000000,420000000,0,0,0,ok,,
2839,,,,marshmallow-code__marshmallow.9716fc62.lm_rewrite__zlhsjbno.ssn48dpy,15,marshmallow-code__marshmallow.9716fc62.lm_rewrite__zlhsjbno.ssn48dpy,8810,true,132,57,0,0,0,0,0,,0,0,450000000,450000000,0,0,0,ok,,
2840,,,,marshmallow-code__marshmallow.9716fc62.lm_rewrite__zlhsjbno.ssn48dpy,16,marshmallow-code__marshmallow.9716fc62.lm_rewrite__zlhsjbno.ssn48dpy,8999,true,227,96,0,0,0,0,0,,0,0,480000000,480000000,0,0,0,ok,,
2841,,,,marshmallow-code__marshmallow.9716fc62.lm_rewrite__zlhsjbno.ssn48dpy,17,marshmallow-code__marshmallow.9716fc62.lm_rewrite__zlhsjbno.ssn48dpy,9323,true,11,45,0,0,0,0,0,,0,0,510000000,510000000,0,0,0,ok,,
2842,,,,marshmallow-code__marshmallow.9716fc62.lm_rewrite__zlhsjbno.ssn48dpy,18,marshmallow-code__marshmallow.9716fc62.lm_rewrite__zlhsjbno.ssn48dpy,9380,true,166,48,0,0,0,0,0,,0,0,540000000,540000000,0,0,0,ok,,
2843,,,,marshmallow-code__marshmallow.9716fc62.lm_rewrite__zlhsjbno.ssn48dpy,19,marshmallow-code__marshmallow.9716fc62.lm_rewrite__zlhsjbno.ssn48dpy,9595,true,15,45,0,0,0,0,0,,0,0,570000000,570000000,0,0,0,ok,,
2844,,,,marshmallow-code__marshmallow.9716fc62.lm_rewrite__zlhsjbno.ssn48dpy,20,marshmallow-code__marshmallow.9716fc62.lm_rewrite__zlhsjbno.ssn48dpy,9656,true,95,249,0,0,0,0,0,,0,0,600000000,600000000,0,0,0,ok,,
2845,,,,marshmallow-code__marshmallow.9716fc62.lm_rewrite__zlhsjbno.ssn48dpy,21,marshmallow-code__marshmallow.9716fc62.lm_rewrite__zlhsjbno.ssn48dpy,10000,true,867,41,0,0,0,0,0,,0,0,630000000,630000000,0,0,0,ok,,
2846,,,,marshmallow-code__marshmallow.9716fc62.lm_rewrite__zlhsjbno.ssn48dpy,22,marshmallow-code__marshmallow.9716fc62.lm_rewrite__zlhsjbno.ssn48dpy,10910,true,15,7,0,0,0,0,0,,0,0,660000000,660000000,0,0,0,ok,,
2847,,,,mahmoud__boltons.3bfcfdd0.func_pm_ctrl_invert_if__548m4o51.efjijkl1,0,mahmoud__boltons.3bfcfdd0.func_pm_ctrl_invert_if__548m4o51.efjijkl1,978,true,477,107,0,0,0,0,0,,0,0,0,0,0,0,0,ok,,
2848,,,,mahmoud__boltons.3bfcfdd0.func_pm_ctrl_invert_if__548m4o51.efjijkl1,1,mahmoud__boltons.3bfcfdd0.func_pm_ctrl_invert_if__548m4o51.efjijkl1,1563,true,531,69,0,0,0,0,0,,0,0,30000000,30000000,0,0,0,ok,,
2849,,,,mahmoud__boltons.3bfcfdd0.func_pm_ctrl_invert_if__548m4o51.efjijkl1,2,mahmoud__boltons.3bfcfdd0.func_pm_ctrl_invert_if__548m4o51.efjijkl1,2163,true,3705,61,0,0,0,0,0,,0,0,60000000,60000000,0,0,0,ok,,
2850,,,,mahmoud__boltons.3bfcfdd0.func_pm_ctrl_invert_if__548m4o51.efjijkl1,3,mahmoud__boltons.3bfcfdd0.func_pm_ctrl_invert_if__548m4o51.efjijkl1,5929,true,328,68,0,0,0,0,0,,0,0,90000000,90000000,0,0,0,ok,,
2851,,,,mahmoud__boltons.3bfcfdd0.func_pm_ctrl_invert_if__548m4o51.efjijkl1,4,mahmoud__boltons.3bfcfdd0.func_pm_ctrl_invert_if__548m4o51.efjijkl1,6326,true,759,187,0,0,0,0,0,,0,0,120000000,120000000,0,0,0,ok,,
2852,,,,mahmoud__boltons.3bfcfdd0.func_pm_ctrl_invert_if__548m4o51.efjijkl1,5,mahmoud__boltons.3bfcfdd0.func_pm_ctrl_invert_if__548m4o51.efjijkl1,7273,true,17,35,0,0,0,0,0,,0,0,150000000,150000000,0,0,0,ok,,
2853,,,,mahmoud__boltons.3bfcfdd0.func_pm_ctrl_invert_if__548m4o51.efjijkl1,6,mahmoud__boltons.3bfcfdd0.func_pm_ctrl_invert_if__548m4o51.efjijkl1,7326,true,136,399,0,0,0,0,0,,0,0,180000000,180000000,0,0,0,ok,,
2854,,,,mahmoud__boltons.3bfcfdd0.func_pm_ctrl_invert_if__548m4o51.efjijkl1,7,mahmoud__boltons.3bfcfdd0.func_pm_ctrl_invert_if__548m4o51.efjijkl1,7862,true,208,52,0,0,0,0,0,,0,0,210000000,210000000,0,0,0,ok,,
2855,,,,mahmoud__boltons.3bfcfdd0.func_pm_ctrl_invert_if__548m4o51.efjijkl1,8,mahmoud__boltons.3bfcfdd0.func_pm_ctrl_invert_if__548m4o51.efjijkl1,8123,true,25,379,0,0,0,0,0,,0,0,240000000,240000000,0,0,0,ok,,
2856,,,,mahmoud__boltons.3bfcfdd0.func_pm_ctrl_invert_if__548m4o51.efjijkl1,9,mahmoud__boltons.3bfcfdd0.func_pm_ctrl_invert_if__548m4o51.efjijkl1,8528,true,17,32,0,0,0,0,0,,0,0,270000000,270000000,0,0,0,ok,,
2857,,,,mahmoud__boltons.3bfcfdd0.func_pm_ctrl_invert_if__548m4o51.efjijkl1,10,mahmoud__boltons.3bfcfdd0.func_pm_ctrl_invert_if__548m4o51.efjijkl1,8578,true,126,378,0,0,0,0,0,,0,0,300000000,300000000,0,0,0,ok,,
2858,,,,mahmoud__boltons.3bfcfdd0.func_pm_ctrl_invert_if__548m4o51.efjijkl1,11,mahmoud__boltons.3bfcfdd0.func_pm_ctrl_invert_if__548m4o51.efjijkl1,9083,true,228,131,0,0,0,0,0,,0,0,330000000,330000000,0,0,0,ok,,
2859,,,,mahmoud__boltons.3bfcfdd0.func_pm_ctrl_invert_if__548m4o51.efjijkl1,12,mahmoud__boltons.3bfcfdd0.func_pm_ctrl_invert_if__548m4o51.efjijkl1,9443,true,25,258,0,0,0,0,0,,0,0,360000000,360000000,0,0,0,ok,,
2860,,,,mahmoud__boltons.3bfcfdd0.func_pm_ctrl_invert_if__548m4o51.efjijkl1,13,mahmoud__boltons.3bfcfdd0.func_pm_ctrl_invert_if__548m4o51.efjijkl1,9726,true,819,40,0,0,0,0,0,,0,0,390000000,390000000,0,0,0,ok,,
2861,,,,mahmoud__boltons.3bfcfdd0.func_pm_ctrl_invert_if__548m4o51.efjijkl1,14,mahmoud__boltons.3bfcfdd0.func_pm_ctrl_invert_if__548m4o51.efjijkl1,10586,true,15,13,0,0,0,0,0,,0,0,420000000,420000000,0,0,0,ok,,
2862,,,,PyCQA__flake8.cf1542ce.lm_rewrite__3y6aw3tc.caqi0fgi,0,PyCQA__flake8.cf1542ce.lm_rewrite__3y6aw3tc.caqi0fgi,978,true,612,115,0,0,0,0,0,,0,0,0,0,0,0,0,ok,,
2863,,,,PyCQA__flake8.cf1542ce.lm_rewrite__3y6aw3tc.caqi0fgi,1,PyCQA__flake8.cf1542ce.lm_rewrite__3y6aw3tc.caqi0fgi,1706,true,116,69,0,0,0,0,0,,0,0,30000000,30000000,0,0,0,ok,,
2864,,,,PyCQA__flake8.cf1542ce.lm_rewrite__3y6aw3tc.caqi0fgi,2,PyCQA__flake8.cf1542ce.lm_rewrite__3y6aw3tc.caqi0fgi,1891,true,3302,61,0,0,0,0,0,,0,0,60000000,60000000,0,0,0,ok,,
2865,,,,PyCQA__flake8.cf1542ce.lm_rewrite__3y6aw3tc.caqi0fgi,3,PyCQA__flake8.cf1542ce.lm_rewrite__3y6aw3tc.caqi0fgi,5255,true,566,209,0,0,0,0,0,,0,0,90000000,90000000,0,0,0,ok,,
2866,,,,PyCQA__flake8.cf1542ce.lm_rewrite__3y6aw3tc.caqi0fgi,4,PyCQA__flake8.cf1542ce.lm_rewrite__3y6aw3tc.caqi0fgi,6031,true,17,35,0,0,0,0,0,,0,0,120000000,120000000,0,0,0,ok,,
2867,,,,PyCQA__flake8.cf1542ce.lm_rewrite__3y6aw3tc.caqi0fgi,5,PyCQA__flake8.cf1542ce.lm_rewrite__3y6aw3tc.caqi0fgi,6084,true,9,499,0,0,0,0,0,,0,0,150000000,150000000,0,0,0,ok,,
2868,,,,PyCQA__flake8.cf1542ce.lm_rewrite__3y6aw3tc.caqi0fgi,6,PyCQA__flake8.cf1542ce.lm_rewrite__3y6aw3tc.caqi0fgi,6593,true,253,53,0,0,0,0,0,,0,0,180000000,180000000,0,0,0,ok,,
2869,,,,PyCQA__flake8.cf1542ce.lm_rewrite__3y6aw3tc.caqi0fgi,7,PyCQA__flake8.cf1542ce.lm_rewrite__3y6aw3tc.caqi0fgi,6901,true,8,497,0,0,0,0,0,,0,0,210000000,210000000,0,0,0,ok,,
2870,,,,PyCQA__flake8.cf1542ce.lm_rewrite__3y6aw3tc.caqi0fgi,8,PyCQA__flake8.cf1542ce.lm_rewrite__3y6aw3tc.caqi0fgi,7406,true,17,33,0,0,0,0,0,,0,0,240000000,240000000,0,0,0,ok,,
2871,,,,PyCQA__flake8.cf1542ce.lm_rewrite__3y6aw3tc.caqi0fgi,9,PyCQA__flake8.cf1542ce.lm_rewrite__3y6aw3tc.caqi0fgi,7457,true,93,355,0,0,0,0,0,,0,0,270000000,270000000,0,0,0,ok,,
2872,,,,PyCQA__flake8.cf1542ce.lm_rewrite__3y6aw3tc.caqi0fgi,10,PyCQA__flake8.cf1542ce.lm_rewrite__3y6aw3tc.caqi0fgi,7906,true,300,44,0,0,0,0,0,,0,0,300000000,300000000,0,0,0,ok,,
2873,,,,PyCQA__flake8.cf1542ce.lm_rewrite__3y6aw3tc.caqi0fgi,11,PyCQA__flake8.cf1542ce.lm_rewrite__3y6aw3tc.caqi0fgi,8251,true,107,166,0,0,0,0,0,,0,0,330000000,330000000,0,0,0,ok,,
2874,,,,PyCQA__flake8.cf1542ce.lm_rewrite__3y6aw3tc.caqi0fgi,12,PyCQA__flake8.cf1542ce.lm_rewrite__3y6aw3tc.caqi0fgi,8525,true,602,125,0,0,0,0,0,,0,0,360000000,360000000,0,0,0,ok,,
2875,,,,PyCQA__flake8.cf1542ce.lm_rewrite__3y6aw3tc.caqi0fgi,13,PyCQA__flake8.cf1542ce.lm_rewrite__3y6aw3tc.caqi0fgi,9253,true,1171,394,0,0,0,0,0,,0,0,390000000,390000000,0,0,0,ok,,
2876,,,,PyCQA__flake8.cf1542ce.lm_rewrite__3y6aw3tc.caqi0fgi,14,PyCQA__flake8.cf1542ce.lm_rewrite__3y6aw3tc.caqi0fgi,10818,true,261,238,0,0,0,0,0,,0,0,420000000,420000000,0,0,0,ok,,
2877,,,,PyCQA__flake8.cf1542ce.lm_rewrite__3y6aw3tc.caqi0fgi,15,PyCQA__flake8.cf1542ce.lm_rewrite__3y6aw3tc.caqi0fgi,11318,true,286,46,0,0,0,0,0,,0,0,450000000,450000000,0,0,0,ok,,
2878,,,,PyCQA__flake8.cf1542ce.lm_rewrite__3y6aw3tc.caqi0fgi,16,PyCQA__flake8.cf1542ce.lm_rewrite__3y6aw3tc.caqi0fgi,11651,true,495,84,0,0,0,0,0,,0,0,480000000,480000000,0,0,0,ok,,
2879,,,,PyCQA__flake8.cf1542ce.lm_rewrite__3y6aw3tc.caqi0fgi,17,PyCQA__flake8.cf1542ce.lm_rewrite__3y6aw3tc.caqi0fgi,12230,true,187,453,0,0,0,0,0,,0,0,510000000,510000000,0,0,0,ok,,
2880,,,,PyCQA__flake8.cf1542ce.lm_rewrite__3y6aw3tc.caqi0fgi,18,PyCQA__flake8.cf1542ce.lm_rewrite__3y6aw3tc.caqi0fgi,12871,true,366,46,0,0,0,0,0,,0,0,540000000,540000000,0,0,0,ok,,
2881,,,,PyCQA__flake8.cf1542ce.lm_rewrite__3y6aw3tc.caqi0fgi,19,PyCQA__flake8.cf1542ce.lm_rewrite__3y6aw3tc.caqi0fgi,13283,true,216,52,0,0,0,0,0,,0,0,570000000,570000000,0,0,0,ok,,
2882,,,,PyCQA__flake8.cf1542ce.lm_rewrite__3y6aw3tc.caqi0fgi,20,PyCQA__flake8.cf1542ce.lm_rewrite__3y6aw3tc.caqi0fgi,13552,true,107,38,0,0,0,0,0,,0,0,600000000,600000000,0,0,0,ok,,
2883,,,,PyCQA__flake8.cf1542ce.lm_rewrite__3y6aw3tc.caqi0fgi,21,PyCQA__flake8.cf1542ce.lm_rewrite__3y6aw3tc.caqi0fgi,13697,true,8,51,0,0,0,0,0,,0,0,630000000,630000000,0,0,0,ok,,
2884,,,,PyCQA__flake8.cf1542ce.lm_rewrite__3y6aw3tc.caqi0fgi,22,PyCQA__flake8.cf1542ce.lm_rewrite__3y6aw3tc.caqi0fgi,13757,true,25066,72,0,0,0,0,0,,0,0,660000000,660000000,0,0,0,ok,,
2885,,,,PyCQA__flake8.cf1542ce.lm_rewrite__3y6aw3tc.caqi0fgi,23,PyCQA__flake8.cf1542ce.lm_rewrite__3y6aw3tc.caqi0fgi,38896,true,1527,40,0,0,0,0,0,,0,0,690000000,690000000,0,0,0,ok,,
2886,,,,PyCQA__flake8.cf1542ce.lm_rewrite__3y6aw3tc.caqi0fgi,24,PyCQA__flake8.cf1542ce.lm_rewrite__3y6aw3tc.caqi0fgi,40464,true,15,13,0,0,0,0,0,,0,0,720000000,720000000,0,0,0,ok,,
2887,,,,oauthlib__oauthlib.1fd52536.lm_rewrite__1zoa1aes.u3fasg1o,0,oauthlib__oauthlib.1fd52536.lm_rewrite__1zoa1aes.u3fasg1o,978,true,833,93,0,0,0,0,0,,0,0,0,0,0,0,0,ok,,
2888,,,,oauthlib__oauthlib.1fd52536.lm_rewrite__1zoa1aes.u3fasg1o,1,oauthlib__oauthlib.1fd52536.lm_rewrite__1zoa1aes.u3fasg1o,1905,true,2081,76,0,0,0,0,0,,0,0,30000000,30000000,0,0,0,ok,,
2889,,,,oauthlib__oauthlib.1fd52536.lm_rewrite__1zoa1aes.u3fasg1o,2,oauthlib__oauthlib.1fd52536.lm_rewrite__1zoa1aes.u3fasg1o,4063,true,3273,69,0,0,0,0,0,,0,0,60000000,60000000,0,0,0,ok,,
2890,,,,oauthlib__oauthlib.1fd52536.lm_rewrite__1zoa1aes.u3fasg1o,3,oauthlib__oauthlib.1fd52536.lm_rewrite__1zoa1aes.u3fasg1o,7406,true,1072,69,0,0,0,0,0,,0,0,90000000,90000000,0,0,0,ok,,
2891,,,,oauthlib__oauthlib.1fd52536.lm_rewrite__1zoa1aes.u3fasg1o,4,oauthlib__oauthlib.1fd52536.lm_rewrite__1zoa1aes.u3fasg1o,8547,true,327,72,0,0,0,0,0,,0,0,120000000,120000000,0,0,0,ok,,
2892,,,,oauthlib__oauthlib.1fd52536.lm_rewrite__1zoa1aes.u3fasg1o,5,oauthlib__oauthlib.1fd52536.lm_rewrite__1zoa1aes.u3fasg1o,8947,true,33,59,0,0,0,0,0,,0,0,150000000,150000000,0,0,0,ok,,
2893,,,,oauthlib__oauthlib.1fd52536.lm_rewrite__1zoa1aes.u3fasg1o,6,oauthlib__oauthlib.1fd52536.lm_rewrite__1zoa1aes.u3fasg1o,9040,true,36,59,0,0,0,0,0,,0,0,180000000,180000000,0,0,0,ok,,
2894,,,,oauthlib__oauthlib.1fd52536.lm_rewrite__1zoa1aes.u3fasg1o,7,oauthlib__oauthlib.1fd52536.lm_rewrite__1zoa1aes.u3fasg1o,9135,true,743,384,0,0,0,0,0,,0,0,210000000,210000000,0,0,0,ok,,
2895,,,,oauthlib__oauthlib.1fd52536.lm_rewrite__1zoa1aes.u3fasg1o,8,oauthlib__oauthlib.1fd52536.lm_rewrite__1zoa1aes.u3fasg1o,10263,true,18,37,0,0,0,0,0,,0,0,240000000,240000000,0,0,0,ok,,
2896,,,,oauthlib__oauthlib.1fd52536.lm_rewrite__1zoa1aes.u3fasg1o,9,oauthlib__oauthlib.1fd52536.lm_rewrite__1zoa1aes.u3fasg1o,10319,true,14,601,0,0,0,0,0,,0,0,270000000,270000000,0,0,0,ok,,
2897,,,,oauthlib__oauthlib.1fd52536.lm_rewrite__1zoa1aes.u3fasg1o,10,oauthlib__oauthlib.1fd52536.lm_rewrite__1zoa1aes.u3fasg1o,10935,true,361,55,0,0,0,0,0,,0,0,300000000,300000000,0,0,0,ok,,
2898,,,,oauthlib__oauthlib.1fd52536.lm_rewrite__1zoa1aes.u3fasg1o,11,oauthlib__oauthlib.1fd52536.lm_rewrite__1zoa1aes.u3fasg1o,11351,true,14,799,0,0,0,0,0,,0,0,330000000,330000000,0,0,0,ok,,
2899,,,,oauthlib__oauthlib.1fd52536.lm_rewrite__1zoa1aes.u3fasg1o,12,oauthlib__oauthlib.1fd52536.lm_rewrite__1zoa1aes.u3fasg1o,12165,true,530,33,0,0,0,0,0,,0,0,360000000,360000000,0,0,0,ok,,
2900,,,,oauthlib__oauthlib.1fd52536.lm_rewrite__1zoa1aes.u3fasg1o,13,oauthlib__oauthlib.1fd52536.lm_rewrite__1zoa1aes.u3fasg1o,12729,true,45,886,0,0,0,0,0,,0,0,390000000,390000000,0,0,0,ok,,
2901,,,,oauthlib__oauthlib.1fd52536.lm_rewrite__1zoa1aes.u3fasg1o,14,oauthlib__oauthlib.1fd52536.lm_rewrite__1zoa1aes.u3fasg1o,13661,true,553,33,0,0,0,0,0,,0,0,420000000,420000000,0,0,0,ok,,
2902,,,,oauthlib__oauthlib.1fd52536.lm_rewrite__1zoa1aes.u3fasg1o,15,oauthlib__oauthlib.1fd52536.lm_rewrite__1zoa1aes.u3fasg1o,14248,true,78,827,0,0,0,0,0,,0,0,450000000,450000000,0,0,0,ok,,
2903,,,,oauthlib__oauthlib.1fd52536.lm_rewrite__1zoa1aes.u3fasg1o,16,oauthlib__oauthlib.1fd52536.lm_rewrite__1zoa1aes.u3fasg1o,15154,true,18,34,0,0,0,0,0,,0,0,480000000,480000000,0,0,0,ok,,
2904,,,,oauthlib__oauthlib.1fd52536.lm_rewrite__1zoa1aes.u3fasg1o,17,oauthlib__oauthlib.1fd52536.lm_rewrite__1zoa1aes.u3fasg1o,15207,true,282,409,0,0,0,0,0,,0,0,510000000,510000000,0,0,0,ok,,
2905,,,,oauthlib__oauthlib.1fd52536.lm_rewrite__1zoa1aes.u3fasg1o,18,oauthlib__oauthlib.1fd52536.lm_rewrite__1zoa1aes.u3fasg1o,15899,true,1823,44,0,0,0,0,0,,0,0,540000000,540000000,0,0,0,ok,,
2906,,,,oauthlib__oauthlib.1fd52536.lm_rewrite__1zoa1aes.u3fasg1o,19,oauthlib__oauthlib.1fd52536.lm_rewrite__1zoa1aes.u3fasg1o,17766,true,15,7,0,0,0,0,0,,0,0,570000000,570000000,0,0,0,ok,,
2907,,,,getmoto__moto.694ce1f4.pr_6387.u9uo2usf,0,getmoto__moto.694ce1f4.pr_6387.u9uo2usf,978,true,744,72,0,0,0,0,0,,0,0,0,0,0,0,0,ok,,
2908,,,,getmoto__moto.694ce1f4.pr_6387.u9uo2usf,1,getmoto__moto.694ce1f4.pr_6387.u9uo2usf,1794,true,2786,54,0,0,0,0,0,,0,0,30000000,30000000,0,0,0,ok,,
2909,,,,getmoto__moto.694ce1f4.pr_6387.u9uo2usf,2,getmoto__moto.694ce1f4.pr_6387.u9uo2usf,4635,true,165,63,0,0,0,0,0,,0,0,60000000,60000000,0,0,0,ok,,
2910,,,,getmoto__moto.694ce1f4.pr_6387.u9uo2usf,3,getmoto__moto.694ce1f4.pr_6387.u9uo2usf,4864,true,1663,45,0,0,0,0,0,,0,0,90000000,90000000,0,0,0,ok,,
2911,,,,getmoto__moto.694ce1f4.pr_6387.u9uo2usf,4,getmoto__moto.694ce1f4.pr_6387.u9uo2usf,6572,true,82,65,0,0,0,0,0,,0,0,120000000,120000000,0,0,0,ok,,
2912,,,,getmoto__moto.694ce1f4.pr_6387.u9uo2usf,5,getmoto__moto.694ce1f4.pr_6387.u9uo2usf,6720,true,4226,45,0,0,0,0,0,,0,0,150000000,150000000,0,0,0,ok,,
2913,,,,getmoto__moto.694ce1f4.pr_6387.u9uo2usf,6,getmoto__moto.694ce1f4.pr_6387.u9uo2usf,10992,true,52,59,0,0,0,0,0,,0,0,180000000,180000000,0,0,0,ok,,
2914,,,,getmoto__moto.694ce1f4.pr_6387.u9uo2usf,7,getmoto__moto.694ce1f4.pr_6387.u9uo2usf,11104,true,210,50,0,0,0,0,0,,0,0,210000000,210000000,0,0,0,ok,,
2915,,,,getmoto__moto.694ce1f4.pr_6387.u9uo2usf,8,getmoto__moto.694ce1f4.pr_6387.u9uo2usf,11365,true,2829,59,0,0,0,0,0,,0,0,240000000,240000000,0,0,0,ok,,
2916,,,,getmoto__moto.694ce1f4.pr_6387.u9uo2usf,9,getmoto__moto.694ce1f4.pr_6387.u9uo2usf,14253,true,140,59,0,0,0,0,0,,0,0,270000000,270000000,0,0,0,ok,,
2917,,,,getmoto__moto.694ce1f4.pr_6387.u9uo2usf,10,getmoto__moto.694ce1f4.pr_6387.u9uo2usf,14453,true,147,721,0,0,0,0,0,,0,0,300000000,300000000,0,0,0,ok,,
2918,,,,getmoto__moto.694ce1f4.pr_6387.u9uo2usf,11,getmoto__moto.694ce1f4.pr_6387.u9uo2usf,15322,true,16,31,0,0,0,0,0,,0,0,330000000,330000000,0,0,0,ok,,
2919,,,,getmoto__moto.694ce1f4.pr_6387.u9uo2usf,12,getmoto__moto.694ce1f4.pr_6387.u9uo2usf,15369,true,445,681,0,0,0,0,0,,0,0,360000000,360000000,0,0,0,ok,,
2920,,,,getmoto__moto.694ce1f4.pr_6387.u9uo2usf,13,getmoto__moto.694ce1f4.pr_6387.u9uo2usf,16496,true,26,20,0,0,0,0,0,,0,0,390000000,390000000,0,0,0,ok,,
2921,,,,getmoto__moto.694ce1f4.pr_6387.u9uo2usf,14,getmoto__moto.694ce1f4.pr_6387.u9uo2usf,16543,true,15,660,0,0,0,0,0,,0,0,420000000,420000000,0,0,0,ok,,
2922,,,,getmoto__moto.694ce1f4.pr_6387.u9uo2usf,15,getmoto__moto.694ce1f4.pr_6387.u9uo2usf,17219,true,16,23,0,0,0,0,0,,0,0,450000000,450000000,0,0,0,ok,,
2923,,,,getmoto__moto.694ce1f4.pr_6387.u9uo2usf,16,getmoto__moto.694ce1f4.pr_6387.u9uo2usf,17258,true,171,251,0,0,0,0,0,,0,0,480000000,480000000,0,0,0,ok,,
2924,,,,getmoto__moto.694ce1f4.pr_6387.u9uo2usf,17,getmoto__moto.694ce1f4.pr_6387.u9uo2usf,17680,true,248,168,0,0,0,0,0,,0,0,510000000,510000000,0,0,0,ok,,
2925,,,,getmoto__moto.694ce1f4.pr_6387.u9uo2usf,18,getmoto__moto.694ce1f4.pr_6387.u9uo2usf,18097,true,118,76,0,0,0,0,0,,0,0,540000000,540000000,0,0,0,ok,,
2926,,,,getmoto__moto.694ce1f4.pr_6387.u9uo2usf,19,getmoto__moto.694ce1f4.pr_6387.u9uo2usf,18291,true,157,79,0,0,0,0,0,,0,0,570000000,570000000,0,0,0,ok,,
2927,,,,getmoto__moto.694ce1f4.pr_6387.u9uo2usf,20,getmoto__moto.694ce1f4.pr_6387.u9uo2usf,18528,true,181,360,0,0,0,0,0,,0,0,600000000,600000000,0,0,0,ok,,
2928,,,,getmoto__moto.694ce1f4.pr_6387.u9uo2usf,21,getmoto__moto.694ce1f4.pr_6387.u9uo2usf,19070,true,365,28,0,0,0,0,0,,0,0,630000000,630000000,0,0,0,ok,,
2929,,,,getmoto__moto.694ce1f4.pr_6387.u9uo2usf,22,getmoto__moto.694ce1f4.pr_6387.u9uo2usf,19464,true,19,1146,0,0,0,0,0,,0,0,660000000,660000000,0,0,0,ok,,
2930,,,,getmoto__moto.694ce1f4.pr_6387.u9uo2usf,23,getmoto__moto.694ce1f4.pr_6387.u9uo2usf,20631,true,17,24,0,0,0,0,0,,0,0,690000000,690000000,0,0,0,ok,,
2931,,,,getmoto__moto.694ce1f4.pr_6387.u9uo2usf,24,getmoto__moto.694ce1f4.pr_6387.u9uo2usf,20673,true,22,31,0,0,0,0,0,,0,0,720000000,720000000,0,0,0,ok,,
2932,,,,conan-io__conan.86f29e13.pr_17500.h2mu7zio,0,conan-io__conan.86f29e13.pr_17500.h2mu7zio,978,true,749,125,0,0,0,0,0,,0,0,0,0,0,0,0,ok,,
2933,,,,conan-io__conan.86f29e13.pr_17500.h2mu7zio,1,conan-io__conan.86f29e13.pr_17500.h2mu7zio,1852,true,340,45,0,0,0,0,0,,0,0,30000000,30000000,0,0,0,ok,,
2934,,,,conan-io__conan.86f29e13.pr_17500.h2mu7zio,2,conan-io__conan.86f29e13.pr_17500.h2mu7zio,2238,true,75,68,0,0,0,0,0,,0,0,60000000,60000000,0,0,0,ok,,
2935,,,,conan-io__conan.86f29e13.pr_17500.h2mu7zio,3,conan-io__conan.86f29e13.pr_17500.h2mu7zio,2382,true,3261,53,0,0,0,0,0,,0,0,90000000,90000000,0,0,0,ok,,
2936,,,,conan-io__conan.86f29e13.pr_17500.h2mu7zio,4,conan-io__conan.86f29e13.pr_17500.h2mu7zio,5697,true,121,64,0,0,0,0,0,,0,0,120000000,120000000,0,0,0,ok,,
2937,,,,conan-io__conan.86f29e13.pr_17500.h2mu7zio,5,conan-io__conan.86f29e13.pr_17500.h2mu7zio,5882,true,2063,75,0,0,0,0,0,,0,0,150000000,150000000,0,0,0,ok,,
2938,,,,conan-io__conan.86f29e13.pr_17500.h2mu7zio,6,conan-io__conan.86f29e13.pr_17500.h2mu7zio,8020,true,736,73,0,0,0,0,0,,0,0,180000000,180000000,0,0,0,ok,,
2939,,,,conan-io__conan.86f29e13.pr_17500.h2mu7zio,7,conan-io__conan.86f29e13.pr_17500.h2mu7zio,8830,true,781,63,0,0,0,0,0,,0,0,210000000,210000000,0,0,0,ok,,
2940,,,,conan-io__conan.86f29e13.pr_17500.h2mu7zio,8,conan-io__conan.86f29e13.pr_17500.h2mu7zio,9675,true,4196,51,0,0,0,0,0,,0,0,240000000,240000000,0,0,0,ok,,
2941,,,,conan-io__conan.86f29e13.pr_17500.h2mu7zio,9,conan-io__conan.86f29e13.pr_17500.h2mu7zio,13923,true,71,51,0,0,0,0,0,,0,0,270000000,270000000,0,0,0,ok,,
2942,,,,conan-io__conan.86f29e13.pr_17500.h2mu7zio,10,conan-io__conan.86f29e13.pr_17500.h2mu7zio,14046,true,154,66,0,0,0,0,0,,0,0,300000000,300000000,0,0,0,ok,,
2943,,,,conan-io__conan.86f29e13.pr_17500.h2mu7zio,11,conan-io__conan.86f29e13.pr_17500.h2mu7zio,14267,true,300,56,0,0,0,0,0,,0,0,330000000,330000000,0,0,0,ok,,
2944,,,,conan-io__conan.86f29e13.pr_17500.h2mu7zio,12,conan-io__conan.86f29e13.pr_17500.h2mu7zio,14624,true,301,135,0,0,0,0,0,,0,0,360000000,360000000,0,0,0,ok,,
2945,,,,conan-io__conan.86f29e13.pr_17500.h2mu7zio,13,conan-io__conan.86f29e13.pr_17500.h2mu7zio,15060,true,17,39,0,0,0,0,0,,0,0,390000000,390000000,0,0,0,ok,,
2946,,,,conan-io__conan.86f29e13.pr_17500.h2mu7zio,14,conan-io__conan.86f29e13.pr_17500.h2mu7zio,15117,true,16,77,0,0,0,0,0,,0,0,420000000,420000000,0,0,0,ok,,
2947,,,,conan-io__conan.86f29e13.pr_17500.h2mu7zio,15,conan-io__conan.86f29e13.pr_17500.h2mu7zio,15211,true,16,22,0,0,0,0,0,,0,0,450000000,450000000,0,0,0,ok,,
2948,,,,conan-io__conan.86f29e13.pr_17500.h2mu7zio,16,conan-io__conan.86f29e13.pr_17500.h2mu7zio,15249,true,58,31,0,0,0,0,0,,0,0,480000000,480000000,0,0,0,ok,,
2949,,,,conan-io__conan.86f29e13.pr_17500.h2mu7zio,17,conan-io__conan.86f29e13.pr_17500.h2mu7zio,15339,true,148,27,0,0,0,0,0,,0,0,510000000,510000000,0,0,0,ok,,
2950,,,,conan-io__conan.86f29e13.pr_17500.h2mu7zio,18,conan-io__conan.86f29e13.pr_17500.h2mu7zio,15515,true,364,708,0,0,0,0,0,,0,0,540000000,540000000,0,0,0,ok,,
2951,,,,conan-io__conan.86f29e13.pr_17500.h2mu7zio,19,conan-io__conan.86f29e13.pr_17500.h2mu7zio,16588,true,514,607,0,0,0,0,0,,0,0,570000000,570000000,0,0,0,ok,,
2952,,,,conan-io__conan.86f29e13.pr_17500.h2mu7zio,20,conan-io__conan.86f29e13.pr_17500.h2mu7zio,17711,true,564,49,0,0,0,0,0,,0,0,600000000,600000000,0,0,0,ok,,
2953,,,,conan-io__conan.86f29e13.pr_17500.h2mu7zio,21,conan-io__conan.86f29e13.pr_17500.h2mu7zio,18324,true,201,76,0,0,0,0,0,,0,0,630000000,630000000,0,0,0,ok,,
2954,,,,conan-io__conan.86f29e13.pr_17500.h2mu7zio,22,conan-io__conan.86f29e13.pr_17500.h2mu7zio,18602,true,376,54,0,0,0,0,0,,0,0,660000000,660000000,0,0,0,ok,,
2955,,,,conan-io__conan.86f29e13.pr_17500.h2mu7zio,23,conan-io__conan.86f29e13.pr_17500.h2mu7zio,19033,true,215,62,0,0,0,0,0,,0,0,690000000,690000000,0,0,0,ok,,
2956,,,,conan-io__conan.86f29e13.pr_17500.h2mu7zio,24,conan-io__conan.86f29e13.pr_17500.h2mu7zio,19311,true,376,54,0,0,0,0,0,,0,0,720000000,720000000,0,0,0,ok,,
2957,,,,conan-io__conan.86f29e13.pr_17500.h2mu7zio,25,conan-io__conan.86f29e13.pr_17500.h2mu7zio,19742,true,212,271,0,0,0,0,0,,0,0,750000000,750000000,0,0,0,ok,,
2958,,,,conan-io__conan.86f29e13.pr_17500.h2mu7zio,26,conan-io__conan.86f29e13.pr_17500.h2mu7zio,20225,true,2447,60,0,0,0,0,0,,0,0,780000000,780000000,0,0,0,ok,,
2959,,,,conan-io__conan.86f29e13.pr_17500.h2mu7zio,27,conan-io__conan.86f29e13.pr_17500.h2mu7zio,22733,true,15,13,0,0,0,0,0,,0,0,810000000,810000000,0,0,0,ok,,
2960,,,,pyutils__line_profiler.a646bf0f.combine_file__bumhrrob.jp7vexl7,0,pyutils__line_profiler.a646bf0f.combine_file__bumhrrob.jp7vexl7,978,true,804,78,0,0,0,0,0,,0,0,0,0,0,0,0,ok,,
2961,,,,pyutils__line_profiler.a646bf0f.combine_file__bumhrrob.jp7vexl7,1,pyutils__line_profiler.a646bf0f.combine_file__bumhrrob.jp7vexl7,1861,true,280,71,0,0,0,0,0,,0,0,30000000,30000000,0,0,0,ok,,
2962,,,,pyutils__line_profiler.a646bf0f.combine_file__bumhrrob.jp7vexl7,2,pyutils__line_profiler.a646bf0f.combine_file__bumhrrob.jp7vexl7,2212,true,1900,79,0,0,0,0,0,,0,0,60000000,60000000,0,0,0,ok,,
2963,,,,pyutils__line_profiler.a646bf0f.combine_file__bumhrrob.jp7vexl7,3,pyutils__line_profiler.a646bf0f.combine_file__bumhrrob.jp7vexl7,4192,true,445,50,0,0,0,0,0,,0,0,90000000,90000000,0,0,0,ok,,
2964,,,,pyutils__line_profiler.a646bf0f.combine_file__bumhrrob.jp7vexl7,4,pyutils__line_profiler.a646bf0f.combine_file__bumhrrob.jp7vexl7,4688,true,103,42,0,0,0,0,0,,0,0,120000000,120000000,0,0,0,ok,,
2965,,,,pyutils__line_profiler.a646bf0f.combine_file__bumhrrob.jp7vexl7,5,pyutils__line_profiler.a646bf0f.combine_file__bumhrrob.jp7vexl7,4834,true,500,40,0,0,0,0,0,,0,0,150000000,150000000,0,0,0,ok,,
2966,,,,pyutils__line_profiler.a646bf0f.combine_file__bumhrrob.jp7vexl7,6,pyutils__line_profiler.a646bf0f.combine_file__bumhrrob.jp7vexl7,5376,true,247,74,0,0,0,0,0,,0,0,180000000,180000000,0,0,0,ok,,
2967,,,,pyutils__line_profiler.a646bf0f.combine_file__bumhrrob.jp7vexl7,7,pyutils__line_profiler.a646bf0f.combine_file__bumhrrob.jp7vexl7,5697,true,1157,71,0,0,0,0,0,,0,0,210000000,210000000,0,0,0,ok,,
2968,,,,pyutils__line_profiler.a646bf0f.combine_file__bumhrrob.jp7vexl7,8,pyutils__line_profiler.a646bf0f.combine_file__bumhrrob.jp7vexl7,6926,true,712,528,0,0,0,0,0,,0,0,240000000,240000000,0,0,0,ok,,
2969,,,,pyutils__line_profiler.a646bf0f.combine_file__bumhrrob.jp7vexl7,9,pyutils__line_profiler.a646bf0f.combine_file__bumhrrob.jp7vexl7,8166,true,17,36,0,0,0,0,0,,0,0,270000000,270000000,0,0,0,ok,,
2970,,,,pyutils__line_profiler.a646bf0f.combine_file__bumhrrob.jp7vexl7,10,pyutils__line_profiler.a646bf0f.combine_file__bumhrrob.jp7vexl7,8220,true,574,956,0,0,0,0,0,,0,0,300000000,300000000,0,0,0,ok,,
2971,,,,pyutils__line_profiler.a646bf0f.combine_file__bumhrrob.jp7vexl7,11,pyutils__line_profiler.a646bf0f.combine_file__bumhrrob.jp7vexl7,9751,true,540,679,0,0,0,0,0,,0,0,330000000,330000000,0,0,0,ok,,
2972,,,,pyutils__line_profiler.a646bf0f.combine_file__bumhrrob.jp7vexl7,12,pyutils__line_profiler.a646bf0f.combine_file__bumhrrob.jp7vexl7,10970,true,532,398,0,0,0,0,0,,0,0,360000000,360000000,0,0,0,ok,,
2973,,,,pyutils__line_profiler.a646bf0f.combine_file__bumhrrob.jp7vexl7,13,pyutils__line_profiler.a646bf0f.combine_file__bumhrrob.jp7vexl7,11900,true,337,384,0,0,0,0,0,,0,0,390000000,390000000,0,0,0,ok,,
2974,,,,pyutils__line_profiler.a646bf0f.combine_file__bumhrrob.jp7vexl7,14,pyutils__line_profiler.a646bf0f.combine_file__bumhrrob.jp7vexl7,12622,true,307,40,0,0,0,0,0,,0,0,420000000,420000000,0,0,0,ok,,
2975,,,,pyutils__line_profiler.a646bf0f.combine_file__bumhrrob.jp7vexl7,15,pyutils__line_profiler.a646bf0f.combine_file__bumhrrob.jp7vexl7,12970,true,294,316,0,0,0,0,0,,0,0,450000000,450000000,0,0,0,ok,,
2976,,,,pyutils__line_profiler.a646bf0f.combine_file__bumhrrob.jp7vexl7,16,pyutils__line_profiler.a646bf0f.combine_file__bumhrrob.jp7vexl7,13581,true,236,39,0,0,0,0,0,,0,0,480000000,480000000,0,0,0,ok,,
2977,,,,pyutils__line_profiler.a646bf0f.combine_file__bumhrrob.jp7vexl7,17,pyutils__line_profiler.a646bf0f.combine_file__bumhrrob.jp7vexl7,13857,true,102,73,0,0,0,0,0,,0,0,510000000,510000000,0,0,0,ok,,
2978,,,,pyutils__line_profiler.a646bf0f.combine_file__bumhrrob.jp7vexl7,18,pyutils__line_profiler.a646bf0f.combine_file__bumhrrob.jp7vexl7,14033,true,369,972,0,0,0,0,0,,0,0,540000000,540000000,0,0,0,ok,,
2979,,,,pyutils__line_profiler.a646bf0f.combine_file__bumhrrob.jp7vexl7,19,pyutils__line_profiler.a646bf0f.combine_file__bumhrrob.jp7vexl7,15374,true,16,43,0,0,0,0,0,,0,0,570000000,570000000,0,0,0,ok,,
2980,,,,pyutils__line_profiler.a646bf0f.combine_file__bumhrrob.jp7vexl7,20,pyutils__line_profiler.a646bf0f.combine_file__bumhrrob.jp7vexl7,15435,true,110,55,0,0,0,0,0,,0,0,600000000,600000000,0,0,0,ok,,
2981,,,,pyutils__line_profiler.a646bf0f.combine_file__bumhrrob.jp7vexl7,21,pyutils__line_profiler.a646bf0f.combine_file__bumhrrob.jp7vexl7,15601,true,529,143,0,0,0,0,0,,0,0,630000000,630000000,0,0,0,ok,,
2982,,,,pyutils__line_profiler.a646bf0f.combine_file__bumhrrob.jp7vexl7,22,pyutils__line_profiler.a646bf0f.combine_file__bumhrrob.jp7vexl7,16273,true,2198,36,0,0,0,0,0,,0,0,660000000,660000000,0,0,0,ok,,
2983,,,,pyutils__line_profiler.a646bf0f.combine_file__bumhrrob.jp7vexl7,23,pyutils__line_profiler.a646bf0f.combine_file__bumhrrob.jp7vexl7,18508,true,15,13,0,0,0,0,0,,0,0,690000000,690000000,0,0,0,ok,,
2984,,,,scanny__python-pptx.278b47b1.func_pm_ctrl_shuffle__vba0ufyh.jflrqw7m,0,scanny__python-pptx.278b47b1.func_pm_ctrl_shuffle__vba0ufyh.jflrqw7m,978,true,618,100,0,0,0,0,0,,0,0,0,0,0,0,0,ok,,
2985,,,,scanny__python-pptx.278b47b1.func_pm_ctrl_shuffle__vba0ufyh.jflrqw7m,1,scanny__python-pptx.278b47b1.func_pm_ctrl_shuffle__vba0ufyh.jflrqw7m,1696,true,1992,49,0,0,0,0,0,,0,0,30000000,30000000,0,0,0,ok,,
2986,,,,scanny__python-pptx.278b47b1.func_pm_ctrl_shuffle__vba0ufyh.jflrqw7m,2,scanny__python-pptx.278b47b1.func_pm_ctrl_shuffle__vba0ufyh.jflrqw7m,3738,true,964,54,0,0,0,0,0,,0,0,60000000,60000000,0,0,0,ok,,
2987,,,,scanny__python-pptx.278b47b1.func_pm_ctrl_shuffle__vba0ufyh.jflrqw7m,3,scanny__python-pptx.278b47b1.func_pm_ctrl_shuffle__vba0ufyh.jflrqw7m,4757,true,4251,53,0,0,0,0,0,,0,0,90000000,90000000,0,0,0,ok,,
2988,,,,scanny__python-pptx.278b47b1.func_pm_ctrl_shuffle__vba0ufyh.jflrqw7m,4,scanny__python-pptx.278b47b1.func_pm_ctrl_shuffle__vba0ufyh.jflrqw7m,9062,true,24,65,0,0,0,0,0,,0,0,120000000,120000000,0,0,0,ok,,
2989,,,,scanny__python-pptx.278b47b1.func_pm_ctrl_shuffle__vba0ufyh.jflrqw7m,5,scanny__python-pptx.278b47b1.func_pm_ctrl_shuffle__vba0ufyh.jflrqw7m,9152,true,644,63,0,0,0,0,0,,0,0,150000000,150000000,0,0,0,ok,,
2990,,,,scanny__python-pptx.278b47b1.func_pm_ctrl_shuffle__vba0ufyh.jflrqw7m,6,scanny__python-pptx.278b47b1.func_pm_ctrl_shuffle__vba0ufyh.jflrqw7m,9860,true,405,96,0,0,0,0,0,,0,0,180000000,180000000,0,0,0,ok,,
2991,,,,scanny__python-pptx.278b47b1.func_pm_ctrl_shuffle__vba0ufyh.jflrqw7m,7,scanny__python-pptx.278b47b1.func_pm_ctrl_shuffle__vba0ufyh.jflrqw7m,10361,true,218,241,0,0,0,0,0,,0,0,210000000,210000000,0,0,0,ok,,
2992,,,,scanny__python-pptx.278b47b1.func_pm_ctrl_shuffle__vba0ufyh.jflrqw7m,8,scanny__python-pptx.278b47b1.func_pm_ctrl_shuffle__vba0ufyh.jflrqw7m,10821,true,17,34,0,0,0,0,0,,0,0,240000000,240000000,0,0,0,ok,,
2993,,,,scanny__python-pptx.278b47b1.func_pm_ctrl_shuffle__vba0ufyh.jflrqw7m,9,scanny__python-pptx.278b47b1.func_pm_ctrl_shuffle__vba0ufyh.jflrqw7m,10874,true,182,461,0,0,0,0,0,,0,0,270000000,270000000,0,0,0,ok,,
2994,,,,scanny__python-pptx.278b47b1.func_pm_ctrl_shuffle__vba0ufyh.jflrqw7m,10,scanny__python-pptx.278b47b1.func_pm_ctrl_shuffle__vba0ufyh.jflrqw7m,11517,true,351,137,0,0,0,0,0,,0,0,300000000,300000000,0,0,0,ok,,
2995,,,,scanny__python-pptx.278b47b1.func_pm_ctrl_shuffle__vba0ufyh.jflrqw7m,11,scanny__python-pptx.278b47b1.func_pm_ctrl_shuffle__vba0ufyh.jflrqw7m,12006,true,181,778,0,0,0,0,0,,0,0,330000000,330000000,0,0,0,ok,,
2996,,,,scanny__python-pptx.278b47b1.func_pm_ctrl_shuffle__vba0ufyh.jflrqw7m,12,scanny__python-pptx.278b47b1.func_pm_ctrl_shuffle__vba0ufyh.jflrqw7m,12966,true,17,34,0,0,0,0,0,,0,0,360000000,360000000,0,0,0,ok,,
2997,,,,scanny__python-pptx.278b47b1.func_pm_ctrl_shuffle__vba0ufyh.jflrqw7m,13,scanny__python-pptx.278b47b1.func_pm_ctrl_shuffle__vba0ufyh.jflrqw7m,13018,true,166,62,0,0,0,0,0,,0,0,390000000,390000000,0,0,0,ok,,
2998,,,,scanny__python-pptx.278b47b1.func_pm_ctrl_shuffle__vba0ufyh.jflrqw7m,14,scanny__python-pptx.278b47b1.func_pm_ctrl_shuffle__vba0ufyh.jflrqw7m,13246,true,4257,101,0,0,0,0,0,,0,0,420000000,420000000,0,0,0,ok,,
2999,,,,scanny__python-pptx.278b47b1.func_pm_ctrl_shuffle__vba0ufyh.jflrqw7m,15,scanny__python-pptx.278b47b1.func_pm_ctrl_shuffle__vba0ufyh.jflrqw7m,17605,true,187,34,0,0,0,0,0,,0,0,450000000,450000000,0,0,0,ok,,
3000,,,,scanny__python-pptx.278b47b1.func_pm_ctrl_shuffle__vba0ufyh.jflrqw7m,16,scanny__python-pptx.278b47b1.func_pm_ctrl_shuffle__vba0ufyh.jflrqw7m,17827,true,140,35,0,0,0,0,0,,0,0,480000000,480000000,0,0,0,ok,,
3001,,,,scanny__python-pptx.278b47b1.func_pm_ctrl_shuffle__vba0ufyh.jflrqw7m,17,scanny__python-pptx.278b47b1.func_pm_ctrl_shuffle__vba0ufyh.jflrqw7m,18003,true,1483,45,0,0,0,0,0,,0,0,510000000,510000000,0,0,0,ok,,
3002,,,,scanny__python-pptx.278b47b1.func_pm_ctrl_shuffle__vba0ufyh.jflrqw7m,18,scanny__python-pptx.278b47b1.func_pm_ctrl_shuffle__vba0ufyh.jflrqw7m,19532,true,15,13,0,0,0,0,0,,0,0,540000000,540000000,0,0,0,ok,,
3003,,,,marshmallow-code__apispec.8b421526.61.i01ciz1e,0,marshmallow-code__apispec.8b421526.61.i01ciz1e,978,true,687,124,0,0,0,0,0,,0,0,0,0,0,0,0,ok,,
3004,,,,marshmallow-code__apispec.8b421526.61.i01ciz1e,1,marshmallow-code__apispec.8b421526.61.i01ciz1e,1790,true,317,54,0,0,0,0,0,,0,0,30000000,30000000,0,0,0,ok,,
3005,,,,marshmallow-code__apispec.8b421526.61.i01ciz1e,2,marshmallow-code__apispec.8b421526.61.i01ciz1e,2162,true,117,56,0,0,0,0,0,,0,0,60000000,60000000,0,0,0,ok,,
3006,,,,marshmallow-code__apispec.8b421526.61.i01ciz1e,3,marshmallow-code__apispec.8b421526.61.i01ciz1e,2335,true,4933,43,0,0,0,0,0,,0,0,90000000,90000000,0,0,0,ok,,
3007,,,,marshmallow-code__apispec.8b421526.61.i01ciz1e,4,marshmallow-code__apispec.8b421526.61.i01ciz1e,7312,true,113,67,0,0,0,0,0,,0,0,120000000,120000000,0,0,0,ok,,
3008,,,,marshmallow-code__apispec.8b421526.61.i01ciz1e,5,marshmallow-code__apispec.8b421526.61.i01ciz1e,7493,true,121,392,0,0,0,0,0,,0,0,150000000,150000000,0,0,0,ok,,
3009,,,,marshmallow-code__apispec.8b421526.61.i01ciz1e,6,marshmallow-code__apispec.8b421526.61.i01ciz1e,8007,true,16,27,0,0,0,0,0,,0,0,180000000,180000000,0,0,0,ok,,
3010,,,,marshmallow-code__apispec.8b421526.61.i01ciz1e,7,marshmallow-code__apispec.8b421526.61.i01ciz1e,8050,true,30,314,0,0,0,0,0,,0,0,210000000,210000000,0,0,0,ok,,
3011,,,,marshmallow-code__apispec.8b421526.61.i01ciz1e,8,marshmallow-code__apispec.8b421526.61.i01ciz1e,8394,true,266,91,0,0,0,0,0,,0,0,240000000,240000000,0,0,0,ok,,
3012,,,,marshmallow-code__apispec.8b421526.61.i01ciz1e,9,marshmallow-code__apispec.8b421526.61.i01ciz1e,8751,true,37,385,0,0,0,0,0,,0,0,270000000,270000000,0,0,0,ok,,
3013,,,,marshmallow-code__apispec.8b421526.61.i01ciz1e,10,marshmallow-code__apispec.8b421526.61.i01ciz1e,9174,true,18,25,0,0,0,0,0,,0,0,300000000,300000000,0,0,0,ok,,
3014,,,,marshmallow-code__apispec.8b421526.61.i01ciz1e,11,marshmallow-code__apispec.8b421526.61.i01ciz1e,9218,true,57,313,0,0,0,0,0,,0,0,330000000,330000000,0,0,0,ok,,
3015,,,,marshmallow-code__apispec.8b421526.61.i01ciz1e,12,marshmallow-code__apispec.8b421526.61.i01ciz1e,9589,true,17,24,0,0,0,0,0,,0,0,360000000,360000000,0,0,0,ok,,
3016,,,,marshmallow-code__apispec.8b421526.61.i01ciz1e,13,marshmallow-code__apispec.8b421526.61.i01ciz1e,9631,true,54,35,0,0,0,0,0,,0,0,390000000,390000000,0,0,0,ok,,
3017,,,,weaveworks__grafanalib.5c3b17ed.19.eul9grrw,0,weaveworks__grafanalib.5c3b17ed.19.eul9grrw,978,true,630,68,0,0,0,0,0,,0,0,0,0,0,0,0,ok,,
3018,,,,weaveworks__grafanalib.5c3b17ed.19.eul9grrw,1,weaveworks__grafanalib.5c3b17ed.19.eul9grrw,1676,true,909,45,0,0,0,0,0,,0,0,30000000,30000000,0,0,0,ok,,
3019,,,,weaveworks__grafanalib.5c3b17ed.19.eul9grrw,2,weaveworks__grafanalib.5c3b17ed.19.eul9grrw,2631,true,504,171,0,0,0,0,0,,0,0,60000000,60000000,0,0,0,ok,,
3020,,,,weaveworks__grafanalib.5c3b17ed.19.eul9grrw,3,weaveworks__grafanalib.5c3b17ed.19.eul9grrw,3306,true,16,30,0,0,0,0,0,,0,0,90000000,90000000,0,0,0,ok,,
3021,,,,weaveworks__grafanalib.5c3b17ed.19.eul9grrw,4,weaveworks__grafanalib.5c3b17ed.19.eul9grrw,3352,true,109,444,0,0,0,0,0,,0,0,120000000,120000000,0,0,0,ok,,
3022,,,,weaveworks__grafanalib.5c3b17ed.19.eul9grrw,5,weaveworks__grafanalib.5c3b17ed.19.eul9grrw,3907,true,16,30,0,0,0,0,0,,0,0,150000000,150000000,0,0,0,ok,,
3023,,,,weaveworks__grafanalib.5c3b17ed.19.eul9grrw,6,weaveworks__grafanalib.5c3b17ed.19.eul9grrw,3954,true,15,17,0,0,0,0,0,,0,0,180000000,180000000,0,0,0,ok,,
3024,,,,weaveworks__grafanalib.5c3b17ed.19.eul9grrw,7,weaveworks__grafanalib.5c3b17ed.19.eul9grrw,3987,true,605,46,0,0,0,0,0,,0,0,210000000,210000000,0,0,0,ok,,
3025,,,,pydata__patsy.a5d16484.func_pm_ctrl_shuffle__sat9xuvf.xy8f2n7e,0,pydata__patsy.a5d16484.func_pm_ctrl_shuffle__sat9xuvf.xy8f2n7e,978,true,518,92,0,0,0,0,0,,0,0,0,0,0,0,0,ok,,
3026,,,,pydata__patsy.a5d16484.func_pm_ctrl_shuffle__sat9xuvf.xy8f2n7e,1,pydata__patsy.a5d16484.func_pm_ctrl_shuffle__sat9xuvf.xy8f2n7e,1589,true,10,54,0,0,0,0,0,,0,0,30000000,30000000,0,0,0,ok,,
3027,,,,pydata__patsy.a5d16484.func_pm_ctrl_shuffle__sat9xuvf.xy8f2n7e,2,pydata__patsy.a5d16484.func_pm_ctrl_shuffle__sat9xuvf.xy8f2n7e,1654,true,2914,58,0,0,0,0,0,,0,0,60000000,60000000,0,0,0,ok,,
3028,,,,pydata__patsy.a5d16484.func_pm_ctrl_shuffle__sat9xuvf.xy8f2n7e,3,pydata__patsy.a5d16484.func_pm_ctrl_shuffle__sat9xuvf.xy8f2n7e,4626,true,465,133,0,0,0,0,0,,0,0,90000000,90000000,0,0,0,ok,,
3029,,,,pydata__patsy.a5d16484.func_pm_ctrl_shuffle__sat9xuvf.xy8f2n7e,4,pydata__patsy.a5d16484.func_pm_ctrl_shuffle__sat9xuvf.xy8f2n7e,5225,true,433,135,0,0,0,0,0,,0,0,120000000,120000000,0,0,0,ok,,
3030,,,,pydata__patsy.a5d16484.func_pm_ctrl_shuffle__sat9xuvf.xy8f2n7e,5,pydata__patsy.a5d16484.func_pm_ctrl_shuffle__sat9xuvf.xy8f2n7e,5793,true,17,35,0,0,0,0,0,,0,0,150000000,150000000,0,0,0,ok,,
3031,,,,pydata__patsy.a5d16484.func_pm_ctrl_shuffle__sat9xuvf.xy8f2n7e,6,pydata__patsy.a5d16484.func_pm_ctrl_shuffle__sat9xuvf.xy8f2n7e,5847,true,23,929,0,0,0,0,0,,0,0,180000000,180000000,0,0,0,ok,,
3032,,,,pydata__patsy.a5d16484.func_pm_ctrl_shuffle__sat9xuvf.xy8f2n7e,7,pydata__patsy.a5d16484.func_pm_ctrl_shuffle__sat9xuvf.xy8f2n7e,6799,true,581,138,0,0,0,0,0,,0,0,210000000,210000000,0,0,0,ok,,
3033,,,,pydata__patsy.a5d16484.func_pm_ctrl_shuffle__sat9xuvf.xy8f2n7e,8,pydata__patsy.a5d16484.func_pm_ctrl_shuffle__sat9xuvf.xy8f2n7e,7519,true,13,562,0,0,0,0,0,,0,0,240000000,240000000,0,0,0,ok,,
3034,,,,pydata__patsy.a5d16484.func_pm_ctrl_shuffle__sat9xuvf.xy8f2n7e,9,pydata__patsy.a5d16484.func_pm_ctrl_shuffle__sat9xuvf.xy8f2n7e,8094,true,17,33,0,0,0,0,0,,0,0,270000000,270000000,0,0,0,ok,,
3035,,,,pydata__patsy.a5d16484.func_pm_ctrl_shuffle__sat9xuvf.xy8f2n7e,10,pydata__patsy.a5d16484.func_pm_ctrl_shuffle__sat9xuvf.xy8f2n7e,8146,true,83,86,0,0,0,0,0,,0,0,300000000,300000000,0,0,0,ok,,
3036,,,,pydata__patsy.a5d16484.func_pm_ctrl_shuffle__sat9xuvf.xy8f2n7e,11,pydata__patsy.a5d16484.func_pm_ctrl_shuffle__sat9xuvf.xy8f2n7e,8315,true,15,275,0,0,0,0,0,,0,0,330000000,330000000,0,0,0,ok,,
3037,,,,pydata__patsy.a5d16484.func_pm_ctrl_shuffle__sat9xuvf.xy8f2n7e,12,pydata__patsy.a5d16484.func_pm_ctrl_shuffle__sat9xuvf.xy8f2n7e,8606,true,1376,40,0,0,0,0,0,,0,0,360000000,360000000,0,0,0,ok,,
3038,,,,pydata__patsy.a5d16484.func_pm_ctrl_shuffle__sat9xuvf.xy8f2n7e,13,pydata__patsy.a5d16484.func_pm_ctrl_shuffle__sat9xuvf.xy8f2n7e,10023,true,15,13,0,0,0,0,0,,0,0,390000000,390000000,0,0,0,ok,,
3039,,,,tobymao__sqlglot.036601ba.lm_rewrite__f4qftn3p.zhp6bexp,0,tobymao__sqlglot.036601ba.lm_rewrite__f4qftn3p.zhp6bexp,978,true,514,115,0,0,0,0,0,,0,0,0,0,0,0,0,ok,,
3040,,,,tobymao__sqlglot.036601ba.lm_rewrite__f4qftn3p.zhp6bexp,1,tobymao__sqlglot.036601ba.lm_rewrite__f4qftn3p.zhp6bexp,1608,true,22,43,0,0,0,0,0,,0,0,30000000,30000000,0,0,0,ok,,
3041,,,,tobymao__sqlglot.036601ba.lm_rewrite__f4qftn3p.zhp6bexp,2,tobymao__sqlglot.036601ba.lm_rewrite__f4qftn3p.zhp6bexp,1673,true,15,38,0,0,0,0,0,,0,0,60000000,60000000,0,0,0,ok,,
3042,,,,tobymao__sqlglot.036601ba.lm_rewrite__f4qftn3p.zhp6bexp,3,tobymao__sqlglot.036601ba.lm_rewrite__f4qftn3p.zhp6bexp,1726,true,811,48,0,0,0,0,0,,0,0,90000000,90000000,0,0,0,ok,,
3043,,,,tobymao__sqlglot.036601ba.lm_rewrite__f4qftn3p.zhp6bexp,4,tobymao__sqlglot.036601ba.lm_rewrite__f4qftn3p.zhp6bexp,2587,true,1969,62,0,0,0,0,0,,0,0,120000000,120000000,0,0,0,ok,,
3044,,,,tobymao__sqlglot.036601ba.lm_rewrite__f4qftn3p.zhp6bexp,5,tobymao__sqlglot.036601ba.lm_rewrite__f4qftn3p.zhp6bexp,4618,true,3382,65,0,0,0,0,0,,0,0,150000000,150000000,0,0,0,ok,,
3045,,,,tobymao__sqlglot.036601ba.lm_rewrite__f4qftn3p.zhp6bexp,6,tobymao__sqlglot.036601ba.lm_rewrite__f4qftn3p.zhp6bexp,8066,true,410,46,0,0,0,0,0,,0,0,180000000,180000000,0,0,0,ok,,
3046,,,,tobymao__sqlglot.036601ba.lm_rewrite__f4qftn3p.zhp6bexp,7,tobymao__sqlglot.036601ba.lm_rewrite__f4qftn3p.zhp6bexp,8522,true,112,59,0,0,0,0,0,,0,0,210000000,210000000,0,0,0,ok,,
3047,,,,tobymao__sqlglot.036601ba.lm_rewrite__f4qftn3p.zhp6bexp,8,tobymao__sqlglot.036601ba.lm_rewrite__f4qftn3p.zhp6bexp,8694,true,650,578,0,0,0,0,0,,0,0,240000000,240000000,0,0,0,ok,,
3048,,,,tobymao__sqlglot.036601ba.lm_rewrite__f4qftn3p.zhp6bexp,9,tobymao__sqlglot.036601ba.lm_rewrite__f4qftn3p.zhp6bexp,9922,true,17,33,0,0,0,0,0,,0,0,270000000,270000000,0,0,0,ok,,
3049,,,,tobymao__sqlglot.036601ba.lm_rewrite__f4qftn3p.zhp6bexp,10,tobymao__sqlglot.036601ba.lm_rewrite__f4qftn3p.zhp6bexp,9973,true,144,594,0,0,0,0,0,,0,0,300000000,300000000,0,0,0,ok,,
3050,,,,tobymao__sqlglot.036601ba.lm_rewrite__f4qftn3p.zhp6bexp,11,tobymao__sqlglot.036601ba.lm_rewrite__f4qftn3p.zhp6bexp,10712,true,462,38,0,0,0,0,0,,0,0,330000000,330000000,0,0,0,ok,,
3051,,,,tobymao__sqlglot.036601ba.lm_rewrite__f4qftn3p.zhp6bexp,12,tobymao__sqlglot.036601ba.lm_rewrite__f4qftn3p.zhp6bexp,11213,true,144,1035,0,0,0,0,0,,0,0,360000000,360000000,0,0,0,ok,,
3052,,,,tobymao__sqlglot.036601ba.lm_rewrite__f4qftn3p.zhp6bexp,13,tobymao__sqlglot.036601ba.lm_rewrite__f4qftn3p.zhp6bexp,12393,true,708,38,0,0,0,0,0,,0,0,390000000,390000000,0,0,0,ok,,
3053,,,,tobymao__sqlglot.036601ba.lm_rewrite__f4qftn3p.zhp6bexp,14,tobymao__sqlglot.036601ba.lm_rewrite__f4qftn3p.zhp6bexp,13139,true,252,697,0,0,0,0,0,,0,0,420000000,420000000,0,0,0,ok,,
3054,,,,tobymao__sqlglot.036601ba.lm_rewrite__f4qftn3p.zhp6bexp,15,tobymao__sqlglot.036601ba.lm_rewrite__f4qftn3p.zhp6bexp,14089,true,493,37,0,0,0,0,0,,0,0,450000000,450000000,0,0,0,ok,,
3055,,,,tobymao__sqlglot.036601ba.lm_rewrite__f4qftn3p.zhp6bexp,16,tobymao__sqlglot.036601ba.lm_rewrite__f4qftn3p.zhp6bexp,14620,true,261,821,0,0,0,0,0,,0,0,480000000,480000000,0,0,0,ok,,
3056,,,,tobymao__sqlglot.036601ba.lm_rewrite__f4qftn3p.zhp6bexp,17,tobymao__sqlglot.036601ba.lm_rewrite__f4qftn3p.zhp6bexp,15703,true,601,37,0,0,0,0,0,,0,0,510000000,510000000,0,0,0,ok,,
3057,,,,tobymao__sqlglot.036601ba.lm_rewrite__f4qftn3p.zhp6bexp,18,tobymao__sqlglot.036601ba.lm_rewrite__f4qftn3p.zhp6bexp,16342,true,260,1234,0,0,0,0,0,,0,0,540000000,540000000,0,0,0,ok,,
3058,,,,tobymao__sqlglot.036601ba.lm_rewrite__f4qftn3p.zhp6bexp,19,tobymao__sqlglot.036601ba.lm_rewrite__f4qftn3p.zhp6bexp,17836,true,17,31,0,0,0,0,0,,0,0,570000000,570000000,0,0,0,ok,,
3059,,,,tobymao__sqlglot.036601ba.lm_rewrite__f4qftn3p.zhp6bexp,20,tobymao__sqlglot.036601ba.lm_rewrite__f4qftn3p.zhp6bexp,17885,true,266,2392,0,0,0,0,0,,0,0,600000000,600000000,0,0,0,ok,,
3060,,,,tobymao__sqlglot.036601ba.lm_rewrite__f4qftn3p.zhp6bexp,21,tobymao__sqlglot.036601ba.lm_rewrite__f4qftn3p.zhp6bexp,20544,true,1492,32,0,0,0,0,0,,0,0,630000000,630000000,0,0,0,ok,,
3061,,,,tobymao__sqlglot.036601ba.lm_rewrite__f4qftn3p.zhp6bexp,22,tobymao__sqlglot.036601ba.lm_rewrite__f4qftn3p.zhp6bexp,22070,true,455,956,0,0,0,0,0,,0,0,660000000,660000000,0,0,0,ok,,
3062,,,,tobymao__sqlglot.036601ba.lm_rewrite__f4qftn3p.zhp6bexp,23,tobymao__sqlglot.036601ba.lm_rewrite__f4qftn3p.zhp6bexp,23482,true,651,32,0,0,0,0,0,,0,0,690000000,690000000,0,0,0,ok,,
3063,,,,tobymao__sqlglot.036601ba.lm_rewrite__f4qftn3p.zhp6bexp,24,tobymao__sqlglot.036601ba.lm_rewrite__f4qftn3p.zhp6bexp,24166,true,457,49,0,0,0,0,0,,0,0,720000000,720000000,0,0,0,ok,,
3064,,,,tobymao__sqlglot.036601ba.lm_rewrite__f4qftn3p.zhp6bexp,25,tobymao__sqlglot.036601ba.lm_rewrite__f4qftn3p.zhp6bexp,24673,true,260,247,0,0,0,0,0,,0,0,750000000,750000000,0,0,0,ok,,
3065,,,,tobymao__sqlglot.036601ba.lm_rewrite__f4qftn3p.zhp6bexp,26,tobymao__sqlglot.036601ba.lm_rewrite__f4qftn3p.zhp6bexp,25180,true,2733,40,0,0,0,0,0,,0,0,780000000,780000000,0,0,0,ok,,
3066,,,,tobymao__sqlglot.036601ba.lm_rewrite__f4qftn3p.zhp6bexp,27,tobymao__sqlglot.036601ba.lm_rewrite__f4qftn3p.zhp6bexp,27954,true,15,7,0,0,0,0,0,,0,0,810000000,810000000,0,0,0,ok,,
3067,,,,encode__starlette.db5063c2.lm_rewrite__pev8qvgw.53i3bpoh,0,encode__starlette.db5063c2.lm_rewrite__pev8qvgw.53i3bpoh,978,true,502,94,0,0,0,0,0,,0,0,0,0,0,0,0,ok,,
3068,,,,encode__starlette.db5063c2.lm_rewrite__pev8qvgw.53i3bpoh,1,encode__starlette.db5063c2.lm_rewrite__pev8qvgw.53i3bpoh,1574,true,26,53,0,0,0,0,0,,0,0,30000000,30000000,0,0,0,ok,,
3069,,,,encode__starlette.db5063c2.lm_rewrite__pev8qvgw.53i3bpoh,2,encode__starlette.db5063c2.lm_rewrite__pev8qvgw.53i3bpoh,1654,true,763,60,0,0,0,0,0,,0,0,60000000,60000000,0,0,0,ok,,
3070,,,,encode__starlette.db5063c2.lm_rewrite__pev8qvgw.53i3bpoh,3,encode__starlette.db5063c2.lm_rewrite__pev8qvgw.53i3bpoh,2477,true,577,187,0,0,0,0,0,,0,0,90000000,90000000,0,0,0,ok,,
3071,,,,encode__starlette.db5063c2.lm_rewrite__pev8qvgw.53i3bpoh,4,encode__starlette.db5063c2.lm_rewrite__pev8qvgw.53i3bpoh,3241,true,17,36,0,0,0,0,0,,0,0,120000000,120000000,0,0,0,ok,,
3072,,,,encode__starlette.db5063c2.lm_rewrite__pev8qvgw.53i3bpoh,5,encode__starlette.db5063c2.lm_rewrite__pev8qvgw.53i3bpoh,3296,true,26,677,0,0,0,0,0,,0,0,150000000,150000000,0,0,0,ok,,
3073,,,,encode__starlette.db5063c2.lm_rewrite__pev8qvgw.53i3bpoh,6,encode__starlette.db5063c2.lm_rewrite__pev8qvgw.53i3bpoh,4000,true,510,37,0,0,0,0,0,,0,0,180000000,180000000,0,0,0,ok,,
3074,,,,encode__starlette.db5063c2.lm_rewrite__pev8qvgw.53i3bpoh,7,encode__starlette.db5063c2.lm_rewrite__pev8qvgw.53i3bpoh,4547,true,129,863,0,0,0,0,0,,0,0,210000000,210000000,0,0,0,ok,,
3075,,,,encode__starlette.db5063c2.lm_rewrite__pev8qvgw.53i3bpoh,8,encode__starlette.db5063c2.lm_rewrite__pev8qvgw.53i3bpoh,5540,true,18,42,0,0,0,0,0,,0,0,240000000,240000000,0,0,0,ok,,
3076,,,,encode__starlette.db5063c2.lm_rewrite__pev8qvgw.53i3bpoh,9,encode__starlette.db5063c2.lm_rewrite__pev8qvgw.53i3bpoh,5601,true,18,1208,0,0,0,0,0,,0,0,270000000,270000000,0,0,0,ok,,
3077,,,,encode__starlette.db5063c2.lm_rewrite__pev8qvgw.53i3bpoh,10,encode__starlette.db5063c2.lm_rewrite__pev8qvgw.53i3bpoh,6829,true,777,33,0,0,0,0,0,,0,0,300000000,300000000,0,0,0,ok,,
3078,,,,encode__starlette.db5063c2.lm_rewrite__pev8qvgw.53i3bpoh,11,encode__starlette.db5063c2.lm_rewrite__pev8qvgw.53i3bpoh,7640,true,132,359,0,0,0,0,0,,0,0,330000000,330000000,0,0,0,ok,,
3079,,,,encode__starlette.db5063c2.lm_rewrite__pev8qvgw.53i3bpoh,12,encode__starlette.db5063c2.lm_rewrite__pev8qvgw.53i3bpoh,8132,true,224,154,0,0,0,0,0,,0,0,360000000,360000000,0,0,0,ok,,
3080,,,,encode__starlette.db5063c2.lm_rewrite__pev8qvgw.53i3bpoh,13,encode__starlette.db5063c2.lm_rewrite__pev8qvgw.53i3bpoh,8511,true,132,408,0,0,0,0,0,,0,0,390000000,390000000,0,0,0,ok,,
3081,,,,encode__starlette.db5063c2.lm_rewrite__pev8qvgw.53i3bpoh,14,encode__starlette.db5063c2.lm_rewrite__pev8qvgw.53i3bpoh,9052,true,305,41,0,0,0,0,0,,0,0,420000000,420000000,0,0,0,ok,,
3082,,,,encode__starlette.db5063c2.lm_rewrite__pev8qvgw.53i3bpoh,15,encode__starlette.db5063c2.lm_rewrite__pev8qvgw.53i3bpoh,9399,true,132,632,0,0,0,0,0,,0,0,450000000,450000000,0,0,0,ok,,
3083,,,,encode__starlette.db5063c2.lm_rewrite__pev8qvgw.53i3bpoh,16,encode__starlette.db5063c2.lm_rewrite__pev8qvgw.53i3bpoh,10164,true,507,347,0,0,0,0,0,,0,0,480000000,480000000,0,0,0,ok,,
3084,,,,encode__starlette.db5063c2.lm_rewrite__pev8qvgw.53i3bpoh,17,encode__starlette.db5063c2.lm_rewrite__pev8qvgw.53i3bpoh,11020,true,311,34,0,0,0,0,0,,0,0,510000000,510000000,0,0,0,ok,,
3085,,,,encode__starlette.db5063c2.lm_rewrite__pev8qvgw.53i3bpoh,18,encode__starlette.db5063c2.lm_rewrite__pev8qvgw.53i3bpoh,11365,true,213,951,0,0,0,0,0,,0,0,540000000,540000000,0,0,0,ok,,
3086,,,,encode__starlette.db5063c2.lm_rewrite__pev8qvgw.53i3bpoh,19,encode__starlette.db5063c2.lm_rewrite__pev8qvgw.53i3bpoh,12531,true,23,751,0,0,0,0,0,,0,0,570000000,570000000,0,0,0,ok,,
3087,,,,encode__starlette.db5063c2.lm_rewrite__pev8qvgw.53i3bpoh,20,encode__starlette.db5063c2.lm_rewrite__pev8qvgw.53i3bpoh,13306,true,17,32,0,0,0,0,0,,0,0,600000000,600000000,0,0,0,ok,,
3088,,,,encode__starlette.db5063c2.lm_rewrite__pev8qvgw.53i3bpoh,21,encode__starlette.db5063c2.lm_rewrite__pev8qvgw.53i3bpoh,13356,true,154,177,0,0,0,0,0,,0,0,630000000,630000000,0,0,0,ok,,
3089,,,,encode__starlette.db5063c2.lm_rewrite__pev8qvgw.53i3bpoh,22,encode__starlette.db5063c2.lm_rewrite__pev8qvgw.53i3bpoh,13688,true,223,34,0,0,0,0,0,,0,0,660000000,660000000,0,0,0,ok,,
3090,,,,encode__starlette.db5063c2.lm_rewrite__pev8qvgw.53i3bpoh,23,encode__starlette.db5063c2.lm_rewrite__pev8qvgw.53i3bpoh,13946,true,163,146,0,0,0,0,0,,0,0,690000000,690000000,0,0,0,ok,,
3091,,,,encode__starlette.db5063c2.lm_rewrite__pev8qvgw.53i3bpoh,24,encode__starlette.db5063c2.lm_rewrite__pev8qvgw.53i3bpoh,14256,true,129,287,0,0,0,0,0,,0,0,720000000,720000000,0,0,0,ok,,
3092,,,,encode__starlette.db5063c2.lm_rewrite__pev8qvgw.53i3bpoh,25,encode__starlette.db5063c2.lm_rewrite__pev8qvgw.53i3bpoh,14673,true,2607,45,0,0,0,0,0,,0,0,750000000,750000000,0,0,0,ok,,
3093,,,,encode__starlette.db5063c2.lm_rewrite__pev8qvgw.53i3bpoh,26,encode__starlette.db5063c2.lm_rewrite__pev8qvgw.53i3bpoh,17326,true,15,13,0,0,0,0,0,,0,0,780000000,780000000,0,0,0,ok,,
3094,,,,spulec__freezegun.5f171db0.77.zrfil5kb,0,spulec__freezegun.5f171db0.77.zrfil5kb,978,true,613,74,0,0,0,0,0,,0,0,0,0,0,0,0,ok,,
3095,,,,spulec__freezegun.5f171db0.77.zrfil5kb,1,spulec__freezegun.5f171db0.77.zrfil5kb,1665,true,279,51,0,0,0,0,0,,0,0,30000000,30000000,0,0,0,ok,,
3096,,,,spulec__freezegun.5f171db0.77.zrfil5kb,2,spulec__freezegun.5f171db0.77.zrfil5kb,1996,true,5086,40,0,0,0,0,0,,0,0,60000000,60000000,0,0,0,ok,,
3097,,,,spulec__freezegun.5f171db0.77.zrfil5kb,3,spulec__freezegun.5f171db0.77.zrfil5kb,7123,true,153,59,0,0,0,0,0,,0,0,90000000,90000000,0,0,0,ok,,
3098,,,,spulec__freezegun.5f171db0.77.zrfil5kb,4,spulec__freezegun.5f171db0.77.zrfil5kb,7335,true,72,275,0,0,0,0,0,,0,0,120000000,120000000,0,0,0,ok,,
3099,,,,spulec__freezegun.5f171db0.77.zrfil5kb,5,spulec__freezegun.5f171db0.77.zrfil5kb,7683,true,16,30,0,0,0,0,0,,0,0,150000000,150000000,0,0,0,ok,,
3100,,,,spulec__freezegun.5f171db0.77.zrfil5kb,6,spulec__freezegun.5f171db0.77.zrfil5kb,7729,true,102,370,0,0,0,0,0,,0,0,180000000,180000000,0,0,0,ok,,
3101,,,,spulec__freezegun.5f171db0.77.zrfil5kb,7,spulec__freezegun.5f171db0.77.zrfil5kb,8202,true,240,199,0,0,0,0,0,,0,0,210000000,210000000,0,0,0,ok,,
3102,,,,spulec__freezegun.5f171db0.77.zrfil5kb,8,spulec__freezegun.5f171db0.77.zrfil5kb,8642,true,199,164,0,0,0,0,0,,0,0,240000000,240000000,0,0,0,ok,,
3103,,,,spulec__freezegun.5f171db0.77.zrfil5kb,9,spulec__freezegun.5f171db0.77.zrfil5kb,9006,true,43,311,0,0,0,0,0,,0,0,270000000,270000000,0,0,0,ok,,
3104,,,,un33k__python-slugify.872b3750.85.d5qfrh0v,0,un33k__python-slugify.872b3750.85.d5qfrh0v,978,true,625,66,0,0,0,0,0,,0,0,0,0,0,0,0,ok,,
3105,,,,un33k__python-slugify.872b3750.85.d5qfrh0v,1,un33k__python-slugify.872b3750.85.d5qfrh0v,1670,true,180,50,0,0,0,0,0,,0,0,30000000,30000000,0,0,0,ok,,
3106,,,,un33k__python-slugify.872b3750.85.d5qfrh0v,2,un33k__python-slugify.872b3750.85.d5qfrh0v,1901,true,124,43,0,0,0,0,0,,0,0,60000000,60000000,0,0,0,ok,,
3107,,,,un33k__python-slugify.872b3750.85.d5qfrh0v,3,un33k__python-slugify.872b3750.85.d5qfrh0v,2069,true,4279,38,0,0,0,0,0,,0,0,90000000,90000000,0,0,0,ok,,
3108,,,,un33k__python-slugify.872b3750.85.d5qfrh0v,4,un33k__python-slugify.872b3750.85.d5qfrh0v,6387,true,25,49,0,0,0,0,0,,0,0,120000000,120000000,0,0,0,ok,,
3109,,,,un33k__python-slugify.872b3750.85.d5qfrh0v,5,un33k__python-slugify.872b3750.85.d5qfrh0v,6462,true,144,52,0,0,0,0,0,,0,0,150000000,150000000,0,0,0,ok,,
3110,,,,un33k__python-slugify.872b3750.85.d5qfrh0v,6,un33k__python-slugify.872b3750.85.d5qfrh0v,6659,true,69,159,0,0,0,0,0,,0,0,180000000,180000000,0,0,0,ok,,
3111,,,,un33k__python-slugify.872b3750.85.d5qfrh0v,7,un33k__python-slugify.872b3750.85.d5qfrh0v,6888,true,16,30,0,0,0,0,0,,0,0,210000000,210000000,0,0,0,ok,,
3112,,,,un33k__python-slugify.872b3750.85.d5qfrh0v,8,un33k__python-slugify.872b3750.85.d5qfrh0v,6934,true,40,381,0,0,0,0,0,,0,0,240000000,240000000,0,0,0,ok,,
3113,,,,un33k__python-slugify.872b3750.85.d5qfrh0v,9,un33k__python-slugify.872b3750.85.d5qfrh0v,7356,true,16,31,0,0,0,0,0,,0,0,270000000,270000000,0,0,0,ok,,
3114,,,,un33k__python-slugify.872b3750.85.d5qfrh0v,10,un33k__python-slugify.872b3750.85.d5qfrh0v,7403,true,15,13,0,0,0,0,0,,0,0,300000000,300000000,0,0,0,ok,,
3115,,,,un33k__python-slugify.872b3750.85.d5qfrh0v,11,un33k__python-slugify.872b3750.85.d5qfrh0v,7432,true,535,39,0,0,0,0,0,,0,0,330000000,330000000,0,0,0,ok,,
3116,,,,marshmallow-code__apispec.8b421526.lm_rewrite__3ifk7v2p.qtym2reo,0,marshmallow-code__apispec.8b421526.lm_rewrite__3ifk7v2p.qtym2reo,978,true,707,99,0,0,0,0,0,,0,0,0,0,0,0,0,ok,,
3117,,,,marshmallow-code__apispec.8b421526.lm_rewrite__3ifk7v2p.qtym2reo,1,marshmallow-code__apispec.8b421526.lm_rewrite__3ifk7v2p.qtym2reo,1785,true,228,77,0,0,0,0,0,,0,0,30000000,30000000,0,0,0,ok,,
3118,,,,marshmallow-code__apispec.8b421526.lm_rewrite__3ifk7v2p.qtym2reo,2,marshmallow-code__apispec.8b421526.lm_rewrite__3ifk7v2p.qtym2reo,2091,true,2767,62,0,0,0,0,0,,0,0,60000000,60000000,0,0,0,ok,,
3119,,,,marshmallow-code__apispec.8b421526.lm_rewrite__3ifk7v2p.qtym2reo,3,marshmallow-code__apispec.8b421526.lm_rewrite__3ifk7v2p.qtym2reo,4920,true,3586,107,0,0,0,0,0,,0,0,90000000,90000000,0,0,0,ok,,
3120,,,,marshmallow-code__apispec.8b421526.lm_rewrite__3ifk7v2p.qtym2reo,4,marshmallow-code__apispec.8b421526.lm_rewrite__3ifk7v2p.qtym2reo,8614,true,657,65,0,0,0,0,0,,0,0,120000000,120000000,0,0,0,ok,,
3121,,,,marshmallow-code__apispec.8b421526.lm_rewrite__3ifk7v2p.qtym2reo,5,marshmallow-code__apispec.8b421526.lm_rewrite__3ifk7v2p.qtym2reo,9337,true,549,49,0,0,0,0,0,,0,0,150000000,150000000,0,0,0,ok,,
3122,,,,marshmallow-code__apispec.8b421526.lm_rewrite__3ifk7v2p.qtym2reo,6,marshmallow-code__apispec.8b421526.lm_rewrite__3ifk7v2p.qtym2reo,9936,true,635,75,0,0,0,0,0,,0,0,180000000,180000000,0,0,0,ok,,
3123,,,,marshmallow-code__apispec.8b421526.lm_rewrite__3ifk7v2p.qtym2reo,7,marshmallow-code__apispec.8b421526.lm_rewrite__3ifk7v2p.qtym2reo,10647,true,599,72,0,0,0,0,0,,0,0,210000000,210000000,0,0,0,ok,,
3124,,,,marshmallow-code__apispec.8b421526.lm_rewrite__3ifk7v2p.qtym2reo,8,marshmallow-code__apispec.8b421526.lm_rewrite__3ifk7v2p.qtym2reo,11318,true,606,71,0,0,0,0,0,,0,0,240000000,240000000,0,0,0,ok,,
3125,,,,marshmallow-code__apispec.8b421526.lm_rewrite__3ifk7v2p.qtym2reo,9,marshmallow-code__apispec.8b421526.lm_rewrite__3ifk7v2p.qtym2reo,11996,true,528,302,0,0,0,0,0,,0,0,270000000,270000000,0,0,0,ok,,
3126,,,,marshmallow-code__apispec.8b421526.lm_rewrite__3ifk7v2p.qtym2reo,10,marshmallow-code__apispec.8b421526.lm_rewrite__3ifk7v2p.qtym2reo,12827,true,17,35,0,0,0,0,0,,0,0,300000000,300000000,0,0,0,ok,,
3127,,,,marshmallow-code__apispec.8b421526.lm_rewrite__3ifk7v2p.qtym2reo,11,marshmallow-code__apispec.8b421526.lm_rewrite__3ifk7v2p.qtym2reo,12880,true,71,473,0,0,0,0,0,,0,0,330000000,330000000,0,0,0,ok,,
3128,,,,marshmallow-code__apispec.8b421526.lm_rewrite__3ifk7v2p.qtym2reo,12,marshmallow-code__apispec.8b421526.lm_rewrite__3ifk7v2p.qtym2reo,13425,true,347,32,0,0,0,0,0,,0,0,360000000,360000000,0,0,0,ok,,
3129,,,,marshmallow-code__apispec.8b421526.lm_rewrite__3ifk7v2p.qtym2reo,13,marshmallow-code__apispec.8b421526.lm_rewrite__3ifk7v2p.qtym2reo,13804,true,55,1181,0,0,0,0,0,,0,0,390000000,390000000,0,0,0,ok,,
3130,,,,marshmallow-code__apispec.8b421526.lm_rewrite__3ifk7v2p.qtym2reo,14,marshmallow-code__apispec.8b421526.lm_rewrite__3ifk7v2p.qtym2reo,15040,true,849,125,0,0,0,0,0,,0,0,420000000,420000000,0,0,0,ok,,
3131,,,,marshmallow-code__apispec.8b421526.lm_rewrite__3ifk7v2p.qtym2reo,15,marshmallow-code__apispec.8b421526.lm_rewrite__3ifk7v2p.qtym2reo,16015,true,32,336,0,0,0,0,0,,0,0,450000000,450000000,0,0,0,ok,,
3132,,,,marshmallow-code__apispec.8b421526.lm_rewrite__3ifk7v2p.qtym2reo,16,marshmallow-code__apispec.8b421526.lm_rewrite__3ifk7v2p.qtym2reo,16384,true,17,39,0,0,0,0,0,,0,0,480000000,480000000,0,0,0,ok,,
3133,,,,marshmallow-code__apispec.8b421526.lm_rewrite__3ifk7v2p.qtym2reo,17,marshmallow-code__apispec.8b421526.lm_rewrite__3ifk7v2p.qtym2reo,16441,true,63,66,0,0,0,0,0,,0,0,510000000,510000000,0,0,0,ok,,
3134,,,,marshmallow-code__apispec.8b421526.lm_rewrite__3ifk7v2p.qtym2reo,18,marshmallow-code__apispec.8b421526.lm_rewrite__3ifk7v2p.qtym2reo,16571,true,3507,1197,0,0,0,0,0,,0,0,540000000,540000000,0,0,0,ok,,
3135,,,,marshmallow-code__apispec.8b421526.lm_rewrite__3ifk7v2p.qtym2reo,19,marshmallow-code__apispec.8b421526.lm_rewrite__3ifk7v2p.qtym2reo,21276,true,817,90,0,0,0,0,0,,0,0,570000000,570000000,0,0,0,ok,,
3136,,,,marshmallow-code__apispec.8b421526.lm_rewrite__3ifk7v2p.qtym2reo,20,marshmallow-code__apispec.8b421526.lm_rewrite__3ifk7v2p.qtym2reo,22184,true,3219,50,0,0,0,0,0,,0,0,600000000,600000000,0,0,0,ok,,
3137,,,,marshmallow-code__apispec.8b421526.lm_rewrite__3ifk7v2p.qtym2reo,21,marshmallow-code__apispec.8b421526.lm_rewrite__3ifk7v2p.qtym2reo,25453,true,535,273,0,0,0,0,0,,0,0,630000000,630000000,0,0,0,ok,,
3138,,,,marshmallow-code__apispec.8b421526.lm_rewrite__3ifk7v2p.qtym2reo,22,marshmallow-code__apispec.8b421526.lm_rewrite__3ifk7v2p.qtym2reo,26262,true,1266,41,0,0,0,0,0,,0,0,660000000,660000000,0,0,0,ok,,
3139,,,,marshmallow-code__apispec.8b421526.lm_rewrite__3ifk7v2p.qtym2reo,23,marshmallow-code__apispec.8b421526.lm_rewrite__3ifk7v2p.qtym2reo,27569,true,15,7,0,0,0,0,0,,0,0,690000000,690000000,0,0,0,ok,,
3140,,,,jawah__charset_normalizer.1fdd6463.func_pm_remove_cond__1kxdv091.fcwep0gk,0,jawah__charset_normalizer.1fdd6463.func_pm_remove_cond__1kxdv091.fcwep0gk,978,true,671,92,0,0,0,0,0,,0,0,0,0,0,0,0,ok,,
3141,,,,jawah__charset_normalizer.1fdd6463.func_pm_remove_cond__1kxdv091.fcwep0gk,1,jawah__charset_normalizer.1fdd6463.func_pm_remove_cond__1kxdv091.fcwep0gk,1742,true,11,59,0,0,0,0,0,,0,0,30000000,30000000,0,0,0,ok,,
3142,,,,jawah__charset_normalizer.1fdd6463.func_pm_remove_cond__1kxdv091.fcwep0gk,2,jawah__charset_normalizer.1fdd6463.func_pm_remove_cond__1kxdv091.fcwep0gk,1812,true,3878,55,0,0,0,0,0,,0,0,60000000,60000000,0,0,0,ok,,
3143,,,,jawah__charset_normalizer.1fdd6463.func_pm_remove_cond__1kxdv091.fcwep0gk,3,jawah__charset_normalizer.1fdd6463.func_pm_remove_cond__1kxdv091.fcwep0gk,5746,true,3830,56,0,0,0,0,0,,0,0,90000000,90000000,0,0,0,ok,,
3144,,,,jawah__charset_normalizer.1fdd6463.func_pm_remove_cond__1kxdv091.fcwep0gk,4,jawah__charset_normalizer.1fdd6463.func_pm_remove_cond__1kxdv091.fcwep0gk,9633,true,2635,351,0,0,0,0,0,,0,0,120000000,120000000,0,0,0,ok,,
3145,,,,jawah__charset_normalizer.1fdd6463.func_pm_remove_cond__1kxdv091.fcwep0gk,5,jawah__charset_normalizer.1fdd6463.func_pm_remove_cond__1kxdv091.fcwep0gk,12619,true,17,36,0,0,0,0,0,,0,0,150000000,150000000,0,0,0,ok,,
3146,,,,jawah__charset_normalizer.1fdd6463.func_pm_remove_cond__1kxdv091.fcwep0gk,6,jawah__charset_normalizer.1fdd6463.func_pm_remove_cond__1kxdv091.fcwep0gk,12673,true,77,51,0,0,0,0,0,,0,0,180000000,180000000,0,0,0,ok,,
3147,,,,jawah__charset_normalizer.1fdd6463.func_pm_remove_cond__1kxdv091.fcwep0gk,7,jawah__charset_normalizer.1fdd6463.func_pm_remove_cond__1kxdv091.fcwep0gk,12802,true,274,162,0,0,0,0,0,,0,0,210000000,210000000,0,0,0,ok,,
3148,,,,jawah__charset_normalizer.1fdd6463.func_pm_remove_cond__1kxdv091.fcwep0gk,8,jawah__charset_normalizer.1fdd6463.func_pm_remove_cond__1kxdv091.fcwep0gk,13238,true,135,32,0,0,0,0,0,,0,0,240000000,240000000,0,0,0,ok,,
3149,,,,jawah__charset_normalizer.1fdd6463.func_pm_remove_cond__1kxdv091.fcwep0gk,9,jawah__charset_normalizer.1fdd6463.func_pm_remove_cond__1kxdv091.fcwep0gk,13405,true,147,120,0,0,0,0,0,,0,0,270000000,270000000,0,0,0,ok,,
3150,,,,jawah__charset_normalizer.1fdd6463.func_pm_remove_cond__1kxdv091.fcwep0gk,10,jawah__charset_normalizer.1fdd6463.func_pm_remove_cond__1kxdv091.fcwep0gk,13673,true,312,60,0,0,0,0,0,,0,0,300000000,300000000,0,0,0,ok,,
3151,,,,jawah__charset_normalizer.1fdd6463.func_pm_remove_cond__1kxdv091.fcwep0gk,11,jawah__charset_normalizer.1fdd6463.func_pm_remove_cond__1kxdv091.fcwep0gk,14045,true,218,754,0,0,0,0,0,,0,0,330000000,330000000,0,0,0,ok,,
3152,,,,jawah__charset_normalizer.1fdd6463.func_pm_remove_cond__1kxdv091.fcwep0gk,12,jawah__charset_normalizer.1fdd6463.func_pm_remove_cond__1kxdv091.fcwep0gk,15018,true,510,542,0,0,0,0,0,,0,0,360000000,360000000,0,0,0,ok,,
3153,,,,jawah__charset_normalizer.1fdd6463.func_pm_remove_cond__1kxdv091.fcwep0gk,13,jawah__charset_normalizer.1fdd6463.func_pm_remove_cond__1kxdv091.fcwep0gk,16071,true,419,36,0,0,0,0,0,,0,0,390000000,390000000,0,0,0,ok,,
3154,,,,jawah__charset_normalizer.1fdd6463.func_pm_remove_cond__1kxdv091.fcwep0gk,14,jawah__charset_normalizer.1fdd6463.func_pm_remove_cond__1kxdv091.fcwep0gk,16528,true,314,267,0,0,0,0,0,,0,0,420000000,420000000,0,0,0,ok,,
3155,,,,jawah__charset_normalizer.1fdd6463.func_pm_remove_cond__1kxdv091.fcwep0gk,15,jawah__charset_normalizer.1fdd6463.func_pm_remove_cond__1kxdv091.fcwep0gk,17110,true,852,32,0,0,0,0,0,,0,0,450000000,450000000,0,0,0,ok,,
3156,,,,jawah__charset_normalizer.1fdd6463.func_pm_remove_cond__1kxdv091.fcwep0gk,16,jawah__charset_normalizer.1fdd6463.func_pm_remove_cond__1kxdv091.fcwep0gk,17994,true,15,16,0,0,0,0,0,,0,0,480000000,480000000,0,0,0,ok,,
3157,,,,tobymao__sqlglot.036601ba.func_pm_remove_assign__4k7my5vm.c5an44i2,0,tobymao__sqlglot.036601ba.func_pm_remove_assign__4k7my5vm.c5an44i2,978,true,616,108,0,0,0,0,0,,0,0,0,0,0,0,0,ok,,
3158,,,,tobymao__sqlglot.036601ba.func_pm_remove_assign__4k7my5vm.c5an44i2,1,tobymao__sqlglot.036601ba.func_pm_remove_assign__4k7my5vm.c5an44i2,1703,true,240,64,0,0,0,0,0,,0,0,30000000,30000000,0,0,0,ok,,
3159,,,,tobymao__sqlglot.036601ba.func_pm_remove_assign__4k7my5vm.c5an44i2,2,tobymao__sqlglot.036601ba.func_pm_remove_assign__4k7my5vm.c5an44i2,2008,true,4276,55,0,0,0,0,0,,0,0,60000000,60000000,0,0,0,ok,,
3160,,,,tobymao__sqlglot.036601ba.func_pm_remove_assign__4k7my5vm.c5an44i2,3,tobymao__sqlglot.036601ba.func_pm_remove_assign__4k7my5vm.c5an44i2,6340,true,12,65,0,0,0,0,0,,0,0,90000000,90000000,0,0,0,ok,,
3161,,,,tobymao__sqlglot.036601ba.func_pm_remove_assign__4k7my5vm.c5an44i2,4,tobymao__sqlglot.036601ba.func_pm_remove_assign__4k7my5vm.c5an44i2,6418,true,463,70,0,0,0,0,0,,0,0,120000000,120000000,0,0,0,ok,,
3162,,,,tobymao__sqlglot.036601ba.func_pm_remove_assign__4k7my5vm.c5an44i2,5,tobymao__sqlglot.036601ba.func_pm_remove_assign__4k7my5vm.c5an44i2,6951,true,271,59,0,0,0,0,0,,0,0,150000000,150000000,0,0,0,ok,,
3163,,,,tobymao__sqlglot.036601ba.func_pm_remove_assign__4k7my5vm.c5an44i2,6,tobymao__sqlglot.036601ba.func_pm_remove_assign__4k7my5vm.c5an44i2,7281,true,744,62,0,0,0,0,0,,0,0,180000000,180000000,0,0,0,ok,,
3164,,,,tobymao__sqlglot.036601ba.func_pm_remove_assign__4k7my5vm.c5an44i2,7,tobymao__sqlglot.036601ba.func_pm_remove_assign__4k7my5vm.c5an44i2,8088,true,12,118,0,0,0,0,0,,0,0,210000000,210000000,0,0,0,ok,,
3165,,,,tobymao__sqlglot.036601ba.func_pm_remove_assign__4k7my5vm.c5an44i2,8,tobymao__sqlglot.036601ba.func_pm_remove_assign__4k7my5vm.c5an44i2,8219,true,166,247,0,0,0,0,0,,0,0,240000000,240000000,0,0,0,ok,,
3166,,,,tobymao__sqlglot.036601ba.func_pm_remove_assign__4k7my5vm.c5an44i2,9,tobymao__sqlglot.036601ba.func_pm_remove_assign__4k7my5vm.c5an44i2,8633,true,17,35,0,0,0,0,0,,0,0,270000000,270000000,0,0,0,ok,,
3167,,,,tobymao__sqlglot.036601ba.func_pm_remove_assign__4k7my5vm.c5an44i2,10,tobymao__sqlglot.036601ba.func_pm_remove_assign__4k7my5vm.c5an44i2,8686,true,48,448,0,0,0,0,0,,0,0,300000000,300000000,0,0,0,ok,,
3168,,,,tobymao__sqlglot.036601ba.func_pm_remove_assign__4k7my5vm.c5an44i2,11,tobymao__sqlglot.036601ba.func_pm_remove_assign__4k7my5vm.c5an44i2,9182,true,285,32,0,0,0,0,0,,0,0,330000000,330000000,0,0,0,ok,,
3169,,,,tobymao__sqlglot.036601ba.func_pm_remove_assign__4k7my5vm.c5an44i2,12,tobymao__sqlglot.036601ba.func_pm_remove_assign__4k7my5vm.c5an44i2,9500,true,49,95,0,0,0,0,0,,0,0,360000000,360000000,0,0,0,ok,,
3170,,,,tobymao__sqlglot.036601ba.func_pm_remove_assign__4k7my5vm.c5an44i2,13,tobymao__sqlglot.036601ba.func_pm_remove_assign__4k7my5vm.c5an44i2,9645,true,133,56,0,0,0,0,0,,0,0,390000000,390000000,0,0,0,ok,,
3171,,,,tobymao__sqlglot.036601ba.func_pm_remove_assign__4k7my5vm.c5an44i2,14,tobymao__sqlglot.036601ba.func_pm_remove_assign__4k7my5vm.c5an44i2,9834,true,1096,383,0,0,0,0,0,,0,0,420000000,420000000,0,0,0,ok,,
3172,,,,tobymao__sqlglot.036601ba.func_pm_remove_assign__4k7my5vm.c5an44i2,15,tobymao__sqlglot.036601ba.func_pm_remove_assign__4k7my5vm.c5an44i2,11314,true,302,40,0,0,0,0,0,,0,0,450000000,450000000,0,0,0,ok,,
3173,,,,tobymao__sqlglot.036601ba.func_pm_remove_assign__4k7my5vm.c5an44i2,16,tobymao__sqlglot.036601ba.func_pm_remove_assign__4k7my5vm.c5an44i2,11657,true,47,453,0,0,0,0,0,,0,0,480000000,480000000,0,0,0,ok,,
3174,,,,tobymao__sqlglot.036601ba.func_pm_remove_assign__4k7my5vm.c5an44i2,17,tobymao__sqlglot.036601ba.func_pm_remove_assign__4k7my5vm.c5an44i2,12158,true,17,32,0,0,0,0,0,,0,0,510000000,510000000,0,0,0,ok,,
3175,,,,tobymao__sqlglot.036601ba.func_pm_remove_assign__4k7my5vm.c5an44i2,18,tobymao__sqlglot.036601ba.func_pm_remove_assign__4k7my5vm.c5an44i2,12208,true,131,373,0,0,0,0,0,,0,0,540000000,540000000,0,0,0,ok,,
3176,,,,tobymao__sqlglot.036601ba.func_pm_remove_assign__4k7my5vm.c5an44i2,19,tobymao__sqlglot.036601ba.func_pm_remove_assign__4k7my5vm.c5an44i2,12713,true,17,32,0,0,0,0,0,,0,0,570000000,570000000,0,0,0,ok,,
3177,,,,tobymao__sqlglot.036601ba.func_pm_remove_assign__4k7my5vm.c5an44i2,20,tobymao__sqlglot.036601ba.func_pm_remove_assign__4k7my5vm.c5an44i2,12763,true,76,113,0,0,0,0,0,,0,0,600000000,600000000,0,0,0,ok,,
3178,,,,tobymao__sqlglot.036601ba.func_pm_remove_assign__4k7my5vm.c5an44i2,21,tobymao__sqlglot.036601ba.func_pm_remove_assign__4k7my5vm.c5an44i2,12953,true,47,224,0,0,0,0,0,,0,0,630000000,630000000,0,0,0,ok,,
3179,,,,tobymao__sqlglot.036601ba.func_pm_remove_assign__4k7my5vm.c5an44i2,22,tobymao__sqlglot.036601ba.func_pm_remove_assign__4k7my5vm.c5an44i2,13225,true,1238,46,0,0,0,0,0,,0,0,660000000,660000000,0,0,0,ok,,
3180,,,,tobymao__sqlglot.036601ba.func_pm_remove_assign__4k7my5vm.c5an44i2,23,tobymao__sqlglot.036601ba.func_pm_remove_assign__4k7my5vm.c5an44i2,14510,true,15,13,0,0,0,0,0,,0,0,690000000,690000000,0,0,0,ok,,
3181,,,,pyutils__line_profiler.a646bf0f.90.d5x7mem0,0,pyutils__line_profiler.a646bf0f.90.d5x7mem0,978,true,566,79,0,0,0,0,0,,0,0,0,0,0,0,0,ok,,
3182,,,,pyutils__line_profiler.a646bf0f.90.d5x7mem0,1,pyutils__line_profiler.a646bf0f.90.d5x7mem0,1624,true,547,51,0,0,0,0,0,,0,0,30000000,30000000,0,0,0,ok,,
3183,,,,pyutils__line_profiler.a646bf0f.90.d5x7mem0,2,pyutils__line_profiler.a646bf0f.90.d5x7mem0,2223,true,4599,420,0,0,0,0,0,,0,0,60000000,60000000,0,0,0,ok,,
3184,,,,pyutils__line_profiler.a646bf0f.90.d5x7mem0,3,pyutils__line_profiler.a646bf0f.90.d5x7mem0,7243,true,17,33,0,0,0,0,0,,0,0,90000000,90000000,0,0,0,ok,,
3185,,,,pyutils__line_profiler.a646bf0f.90.d5x7mem0,4,pyutils__line_profiler.a646bf0f.90.d5x7mem0,7294,true,50,196,0,0,0,0,0,,0,0,120000000,120000000,0,0,0,ok,,
3186,,,,pyutils__line_profiler.a646bf0f.90.d5x7mem0,5,pyutils__line_profiler.a646bf0f.90.d5x7mem0,7541,true,176,37,0,0,0,0,0,,0,0,150000000,150000000,0,0,0,ok,,
3187,,,,pyutils__line_profiler.a646bf0f.90.d5x7mem0,6,pyutils__line_profiler.a646bf0f.90.d5x7mem0,7754,true,50,479,0,0,0,0,0,,0,0,180000000,180000000,0,0,0,ok,,
3188,,,,pyutils__line_profiler.a646bf0f.90.d5x7mem0,7,pyutils__line_profiler.a646bf0f.90.d5x7mem0,8284,true,17,31,0,0,0,0,0,,0,0,210000000,210000000,0,0,0,ok,,
3189,,,,pyutils__line_profiler.a646bf0f.90.d5x7mem0,8,pyutils__line_profiler.a646bf0f.90.d5x7mem0,8333,true,91,35,0,0,0,0,0,,0,0,240000000,240000000,0,0,0,ok,,
3190,,,,getmoto__moto.694ce1f4.func_pm_remove_assign__jkmemb9w.onp94ne8,0,getmoto__moto.694ce1f4.func_pm_remove_assign__jkmemb9w.onp94ne8,978,true,608,114,0,0,0,0,0,,0,0,0,0,0,0,0,ok,,
3191,,,,getmoto__moto.694ce1f4.func_pm_remove_assign__jkmemb9w.onp94ne8,1,getmoto__moto.694ce1f4.func_pm_remove_assign__jkmemb9w.onp94ne8,1700,true,11,58,0,0,0,0,0,,0,0,30000000,30000000,0,0,0,ok,,
3192,,,,getmoto__moto.694ce1f4.func_pm_remove_assign__jkmemb9w.onp94ne8,2,getmoto__moto.694ce1f4.func_pm_remove_assign__jkmemb9w.onp94ne8,1769,true,3386,74,0,0,0,0,0,,0,0,60000000,60000000,0,0,0,ok,,
3193,,,,getmoto__moto.694ce1f4.func_pm_remove_assign__jkmemb9w.onp94ne8,3,getmoto__moto.694ce1f4.func_pm_remove_assign__jkmemb9w.onp94ne8,5231,true,80,59,0,0,0,0,0,,0,0,90000000,90000000,0,0,0,ok,,
3194,,,,getmoto__moto.694ce1f4.func_pm_remove_assign__jkmemb9w.onp94ne8,4,getmoto__moto.694ce1f4.func_pm_remove_assign__jkmemb9w.onp94ne8,5371,true,789,58,0,0,0,0,0,,0,0,120000000,120000000,0,0,0,ok,,
3195,,,,getmoto__moto.694ce1f4.func_pm_remove_assign__jkmemb9w.onp94ne8,5,getmoto__moto.694ce1f4.func_pm_remove_assign__jkmemb9w.onp94ne8,6218,true,271,216,0,0,0,0,0,,0,0,150000000,150000000,0,0,0,ok,,
3196,,,,getmoto__moto.694ce1f4.func_pm_remove_assign__jkmemb9w.onp94ne8,6,getmoto__moto.694ce1f4.func_pm_remove_assign__jkmemb9w.onp94ne8,6706,true,17,36,0,0,0,0,0,,0,0,180000000,180000000,0,0,0,ok,,
3197,,,,getmoto__moto.694ce1f4.func_pm_remove_assign__jkmemb9w.onp94ne8,7,getmoto__moto.694ce1f4.func_pm_remove_assign__jkmemb9w.onp94ne8,6761,true,6,406,0,0,0,0,0,,0,0,210000000,210000000,0,0,0,ok,,
3198,,,,getmoto__moto.694ce1f4.func_pm_remove_assign__jkmemb9w.onp94ne8,8,getmoto__moto.694ce1f4.func_pm_remove_assign__jkmemb9w.onp94ne8,7173,true,275,53,0,0,0,0,0,,0,0,240000000,240000000,0,0,0,ok,,
3199,,,,getmoto__moto.694ce1f4.func_pm_remove_assign__jkmemb9w.onp94ne8,9,getmoto__moto.694ce1f4.func_pm_remove_assign__jkmemb9w.onp94ne8,7501,true,18,671,0,0,0,0,0,,0,0,270000000,270000000,0,0,0,ok,,
3200,,,,getmoto__moto.694ce1f4.func_pm_remove_assign__jkmemb9w.onp94ne8,10,getmoto__moto.694ce1f4.func_pm_remove_assign__jkmemb9w.onp94ne8,8192,true,17,32,0,0,0,0,0,,0,0,300000000,300000000,0,0,0,ok,,
3201,,,,getmoto__moto.694ce1f4.func_pm_remove_assign__jkmemb9w.onp94ne8,11,getmoto__moto.694ce1f4.func_pm_remove_assign__jkmemb9w.onp94ne8,8242,true,114,427,0,0,0,0,0,,0,0,330000000,330000000,0,0,0,ok,,
3202,,,,getmoto__moto.694ce1f4.func_pm_remove_assign__jkmemb9w.onp94ne8,12,getmoto__moto.694ce1f4.func_pm_remove_assign__jkmemb9w.onp94ne8,8784,true,18,25,0,0,0,0,0,,0,0,360000000,360000000,0,0,0,ok,,
3203,,,,getmoto__moto.694ce1f4.func_pm_remove_assign__jkmemb9w.onp94ne8,13,getmoto__moto.694ce1f4.func_pm_remove_assign__jkmemb9w.onp94ne8,8828,true,179,263,0,0,0,0,0,,0,0,390000000,390000000,0,0,0,ok,,
3204,,,,getmoto__moto.694ce1f4.func_pm_remove_assign__jkmemb9w.onp94ne8,14,getmoto__moto.694ce1f4.func_pm_remove_assign__jkmemb9w.onp94ne8,9270,true,1476,49,0,0,0,0,0,,0,0,420000000,420000000,0,0,0,ok,,
3205,,,,getmoto__moto.694ce1f4.func_pm_remove_assign__jkmemb9w.onp94ne8,15,getmoto__moto.694ce1f4.func_pm_remove_assign__jkmemb9w.onp94ne8,10795,true,15,7,0,0,0,0,0,,0,0,450000000,450000000,0,0,0,ok,,
3206,,,,pyupio__safety.7654596b.lm_rewrite__rhy4jpfw.7qw19e5w,0,pyupio__safety.7654596b.lm_rewrite__rhy4jpfw.7qw19e5w,978,true,694,102,0,0,0,0,0,,0,0,0,0,0,0,0,ok,,
3207,,,,pyupio__safety.7654596b.lm_rewrite__rhy4jpfw.7qw19e5w,1,pyupio__safety.7654596b.lm_rewrite__rhy4jpfw.7qw19e5w,1775,true,705,47,0,0,0,0,0,,0,0,30000000,30000000,0,0,0,ok,,
3208,,,,pyupio__safety.7654596b.lm_rewrite__rhy4jpfw.7qw19e5w,2,pyupio__safety.7654596b.lm_rewrite__rhy4jpfw.7qw19e5w,2527,true,3965,56,0,0,0,0,0,,0,0,60000000,60000000,0,0,0,ok,,
3209,,,,pyupio__safety.7654596b.lm_rewrite__rhy4jpfw.7qw19e5w,3,pyupio__safety.7654596b.lm_rewrite__rhy4jpfw.7qw19e5w,6549,true,528,44,0,0,0,0,0,,0,0,90000000,90000000,0,0,0,ok,,
3210,,,,pyupio__safety.7654596b.lm_rewrite__rhy4jpfw.7qw19e5w,4,pyupio__safety.7654596b.lm_rewrite__rhy4jpfw.7qw19e5w,7122,true,2678,59,0,0,0,0,0,,0,0,120000000,120000000,0,0,0,ok,,
3211,,,,pyupio__safety.7654596b.lm_rewrite__rhy4jpfw.7qw19e5w,5,pyupio__safety.7654596b.lm_rewrite__rhy4jpfw.7qw19e5w,9861,true,2441,49,0,0,0,0,0,,0,0,150000000,150000000,0,0,0,ok,,
3212,,,,pyupio__safety.7654596b.lm_rewrite__rhy4jpfw.7qw19e5w,6,pyupio__safety.7654596b.lm_rewrite__rhy4jpfw.7qw19e5w,12351,true,15,40,0,0,0,0,0,,0,0,180000000,180000000,0,0,0,ok,,
3213,,,,pyupio__safety.7654596b.lm_rewrite__rhy4jpfw.7qw19e5w,7,pyupio__safety.7654596b.lm_rewrite__rhy4jpfw.7qw19e5w,12407,true,64,31,0,0,0,0,0,,0,0,210000000,210000000,0,0,0,ok,,
3214,,,,pyupio__safety.7654596b.lm_rewrite__rhy4jpfw.7qw19e5w,8,pyupio__safety.7654596b.lm_rewrite__rhy4jpfw.7qw19e5w,12503,true,96,43,0,0,0,0,0,,0,0,240000000,240000000,0,0,0,ok,,
3215,,,,pyupio__safety.7654596b.lm_rewrite__rhy4jpfw.7qw19e5w,9,pyupio__safety.7654596b.lm_rewrite__rhy4jpfw.7qw19e5w,12642,true,54,44,0,0,0,0,0,,0,0,270000000,270000000,0,0,0,ok,,
3216,,,,pyupio__safety.7654596b.lm_rewrite__rhy4jpfw.7qw19e5w,10,pyupio__safety.7654596b.lm_rewrite__rhy4jpfw.7qw19e5w,12740,true,4,58,0,0,0,0,0,,0,0,300000000,300000000,0,0,0,ok,,
3217,,,,pyupio__safety.7654596b.lm_rewrite__rhy4jpfw.7qw19e5w,11,pyupio__safety.7654596b.lm_rewrite__rhy4jpfw.7qw19e5w,12803,true,24,65,0,0,0,0,0,,0,0,330000000,330000000,0,0,0,ok,,
3218,,,,pyupio__safety.7654596b.lm_rewrite__rhy4jpfw.7qw19e5w,12,pyupio__safety.7654596b.lm_rewrite__rhy4jpfw.7qw19e5w,12893,true,4,88,0,0,0,0,0,,0,0,360000000,360000000,0,0,0,ok,,
3219,,,,pyupio__safety.7654596b.lm_rewrite__rhy4jpfw.7qw19e5w,13,pyupio__safety.7654596b.lm_rewrite__rhy4jpfw.7qw19e5w,12986,true,4,668,0,0,0,0,0,,0,0,390000000,390000000,0,0,0,ok,,
3220,,,,pyupio__safety.7654596b.lm_rewrite__rhy4jpfw.7qw19e5w,14,pyupio__safety.7654596b.lm_rewrite__rhy4jpfw.7qw19e5w,13659,true,17,35,0,0,0,0,0,,0,0,420000000,420000000,0,0,0,ok,,
3221,,,,pyupio__safety.7654596b.lm_rewrite__rhy4jpfw.7qw19e5w,15,pyupio__safety.7654596b.lm_rewrite__rhy4jpfw.7qw19e5w,13711,true,280,1281,0,0,0,0,0,,0,0,450000000,450000000,0,0,0,ok,,
3222,,,,pyupio__safety.7654596b.lm_rewrite__rhy4jpfw.7qw19e5w,16,pyupio__safety.7654596b.lm_rewrite__rhy4jpfw.7qw19e5w,15273,true,899,54,0,0,0,0,0,,0,0,480000000,480000000,0,0,0,ok,,
3223,,,,pyupio__safety.7654596b.lm_rewrite__rhy4jpfw.7qw19e5w,17,pyupio__safety.7654596b.lm_rewrite__rhy4jpfw.7qw19e5w,16226,true,222,621,0,0,0,0,0,,0,0,510000000,510000000,0,0,0,ok,,
3224,,,,pyupio__safety.7654596b.lm_rewrite__rhy4jpfw.7qw19e5w,18,pyupio__safety.7654596b.lm_rewrite__rhy4jpfw.7qw19e5w,17070,true,17,32,0,0,0,0,0,,0,0,540000000,540000000,0,0,0,ok,,
3225,,,,pyupio__safety.7654596b.lm_rewrite__rhy4jpfw.7qw19e5w,19,pyupio__safety.7654596b.lm_rewrite__rhy4jpfw.7qw19e5w,17120,true,483,2004,0,0,0,0,0,,0,0,570000000,570000000,0,0,0,ok,,
3226,,,,pyupio__safety.7654596b.lm_rewrite__rhy4jpfw.7qw19e5w,20,pyupio__safety.7654596b.lm_rewrite__rhy4jpfw.7qw19e5w,19608,true,1520,524,0,0,0,0,0,,0,0,600000000,600000000,0,0,0,ok,,
3227,,,,pyupio__safety.7654596b.lm_rewrite__rhy4jpfw.7qw19e5w,21,pyupio__safety.7654596b.lm_rewrite__rhy4jpfw.7qw19e5w,21652,true,462,41,0,0,0,0,0,,0,0,630000000,630000000,0,0,0,ok,,
3228,,,,pyupio__safety.7654596b.lm_rewrite__rhy4jpfw.7qw19e5w,22,pyupio__safety.7654596b.lm_rewrite__rhy4jpfw.7qw19e5w,22156,true,496,146,0,0,0,0,0,,0,0,660000000,660000000,0,0,0,ok,,
3229,,,,pyupio__safety.7654596b.lm_rewrite__rhy4jpfw.7qw19e5w,23,pyupio__safety.7654596b.lm_rewrite__rhy4jpfw.7qw19e5w,22799,true,222,28,0,0,0,0,0,,0,0,690000000,690000000,0,0,0,ok,,
3230,,,,pyupio__safety.7654596b.lm_rewrite__rhy4jpfw.7qw19e5w,24,pyupio__safety.7654596b.lm_rewrite__rhy4jpfw.7qw19e5w,23050,true,2912,41,0,0,0,0,0,,0,0,720000000,720000000,0,0,0,ok,,
3231,,,,pyupio__safety.7654596b.lm_rewrite__rhy4jpfw.7qw19e5w,25,pyupio__safety.7654596b.lm_rewrite__rhy4jpfw.7qw19e5w,26003,true,15,7,0,0,0,0,0,,0,0,750000000,750000000,0,0,0,ok,,
3232,,,,oauthlib__oauthlib.1fd52536.lm_rewrite__1oh6objh.5939iaz8,0,oauthlib__oauthlib.1fd52536.lm_rewrite__1oh6objh.5939iaz8,978,true,655,107,0,0,0,0,0,,0,0,0,0,0,0,0,ok,,
3233,,,,oauthlib__oauthlib.1fd52536.lm_rewrite__1oh6objh.5939iaz8,1,oauthlib__oauthlib.1fd52536.lm_rewrite__1oh6objh.5939iaz8,1741,true,2081,73,0,0,0,0,0,,0,0,30000000,30000000,0,0,0,ok,,
3234,,,,oauthlib__oauthlib.1fd52536.lm_rewrite__1oh6objh.5939iaz8,2,oauthlib__oauthlib.1fd52536.lm_rewrite__1oh6objh.5939iaz8,3896,true,3282,100,0,0,0,0,0,,0,0,60000000,60000000,0,0,0,ok,,
3235,,,,oauthlib__oauthlib.1fd52536.lm_rewrite__1oh6objh.5939iaz8,3,oauthlib__oauthlib.1fd52536.lm_rewrite__1oh6objh.5939iaz8,7279,true,1969,75,0,0,0,0,0,,0,0,90000000,90000000,0,0,0,ok,,
3236,,,,oauthlib__oauthlib.1fd52536.lm_rewrite__1oh6objh.5939iaz8,4,oauthlib__oauthlib.1fd52536.lm_rewrite__1oh6objh.5939iaz8,9324,true,4896,119,0,0,0,0,0,,0,0,120000000,120000000,0,0,0,ok,,
3237,,,,oauthlib__oauthlib.1fd52536.lm_rewrite__1oh6objh.5939iaz8,5,oauthlib__oauthlib.1fd52536.lm_rewrite__1oh6objh.5939iaz8,14340,true,23,301,0,0,0,0,0,,0,0,150000000,150000000,0,0,0,ok,,
3238,,,,oauthlib__oauthlib.1fd52536.lm_rewrite__1oh6objh.5939iaz8,6,oauthlib__oauthlib.1fd52536.lm_rewrite__1oh6objh.5939iaz8,14664,true,17,34,0,0,0,0,0,,0,0,180000000,180000000,0,0,0,ok,,
3239,,,,oauthlib__oauthlib.1fd52536.lm_rewrite__1oh6objh.5939iaz8,7,oauthlib__oauthlib.1fd52536.lm_rewrite__1oh6objh.5939iaz8,14717,true,64,599,0,0,0,0,0,,0,0,210000000,210000000,0,0,0,ok,,
3240,,,,oauthlib__oauthlib.1fd52536.lm_rewrite__1oh6objh.5939iaz8,8,oauthlib__oauthlib.1fd52536.lm_rewrite__1oh6objh.5939iaz8,15380,true,418,32,0,0,0,0,0,,0,0,240000000,240000000,0,0,0,ok,,
3241,,,,oauthlib__oauthlib.1fd52536.lm_rewrite__1oh6objh.5939iaz8,9,oauthlib__oauthlib.1fd52536.lm_rewrite__1oh6objh.5939iaz8,15831,true,97,675,0,0,0,0,0,,0,0,270000000,270000000,0,0,0,ok,,
3242,,,,oauthlib__oauthlib.1fd52536.lm_rewrite__1oh6objh.5939iaz8,10,oauthlib__oauthlib.1fd52536.lm_rewrite__1oh6objh.5939iaz8,16604,true,485,40,0,0,0,0,0,,0,0,300000000,300000000,0,0,0,ok,,
3243,,,,oauthlib__oauthlib.1fd52536.lm_rewrite__1oh6objh.5939iaz8,11,oauthlib__oauthlib.1fd52536.lm_rewrite__1oh6objh.5939iaz8,17129,true,108,842,0,0,0,0,0,,0,0,330000000,330000000,0,0,0,ok,,
3244,,,,oauthlib__oauthlib.1fd52536.lm_rewrite__1oh6objh.5939iaz8,12,oauthlib__oauthlib.1fd52536.lm_rewrite__1oh6objh.5939iaz8,18079,true,15,33,0,0,0,0,0,,0,0,360000000,360000000,0,0,0,ok,,
3245,,,,oauthlib__oauthlib.1fd52536.lm_rewrite__1oh6objh.5939iaz8,13,oauthlib__oauthlib.1fd52536.lm_rewrite__1oh6objh.5939iaz8,18128,true,111,2039,0,0,0,0,0,,0,0,390000000,390000000,0,0,0,ok,,
3246,,,,oauthlib__oauthlib.1fd52536.lm_rewrite__1oh6objh.5939iaz8,14,oauthlib__oauthlib.1fd52536.lm_rewrite__1oh6objh.5939iaz8,20280,true,1426,38,0,0,0,0,0,,0,0,420000000,420000000,0,0,0,ok,,
3247,,,,oauthlib__oauthlib.1fd52536.lm_rewrite__1oh6objh.5939iaz8,15,oauthlib__oauthlib.1fd52536.lm_rewrite__1oh6objh.5939iaz8,21744,true,143,619,0,0,0,0,0,,0,0,450000000,450000000,0,0,0,ok,,
3248,,,,oauthlib__oauthlib.1fd52536.lm_rewrite__1oh6objh.5939iaz8,16,oauthlib__oauthlib.1fd52536.lm_rewrite__1oh6objh.5939iaz8,22507,true,18,34,0,0,0,0,0,,0,0,480000000,480000000,0,0,0,ok,,
3249,,,,oauthlib__oauthlib.1fd52536.lm_rewrite__1oh6objh.5939iaz8,17,oauthlib__oauthlib.1fd52536.lm_rewrite__1oh6objh.5939iaz8,22560,true,63,248,0,0,0,0,0,,0,0,510000000,510000000,0,0,0,ok,,
3250,,,,oauthlib__oauthlib.1fd52536.lm_rewrite__1oh6objh.5939iaz8,18,oauthlib__oauthlib.1fd52536.lm_rewrite__1oh6objh.5939iaz8,22872,true,2545,47,0,0,0,0,0,,0,0,540000000,540000000,0,0,0,ok,,
3251,,,,oauthlib__oauthlib.1fd52536.lm_rewrite__1oh6objh.5939iaz8,19,oauthlib__oauthlib.1fd52536.lm_rewrite__1oh6objh.5939iaz8,25465,true,15,7,0,0,0,0,0,,0,0,570000000,570000000,0,0,0,ok,,
3252,,,,oauthlib__oauthlib.1fd52536.func_pm_ctrl_shuffle__pzqusrn8.6l3e2wj8,0,oauthlib__oauthlib.1fd52536.func_pm_ctrl_shuffle__pzqusrn8.6l3e2wj8,978,true,748,97,0,0,0,0,0,,0,0,0,0,0,0,0,ok,,
3253,,,,oauthlib__oauthlib.1fd52536.func_pm_ctrl_shuffle__pzqusrn8.6l3e2wj8,1,oauthlib__oauthlib.1fd52536.func_pm_ctrl_shuffle__pzqusrn8.6l3e2wj8,1824,true,208,82,0,0,0,0,0,,0,0,30000000,30000000,0,0,0,ok,,
3254,,,,oauthlib__oauthlib.1fd52536.func_pm_ctrl_shuffle__pzqusrn8.6l3e2wj8,2,oauthlib__oauthlib.1fd52536.func_pm_ctrl_shuffle__pzqusrn8.6l3e2wj8,2114,true,505,128,0,0,0,0,0,,0,0,60000000,60000000,0,0,0,ok,,
3255,,,,oauthlib__oauthlib.1fd52536.func_pm_ctrl_shuffle__pzqusrn8.6l3e2wj8,3,oauthlib__oauthlib.1fd52536.func_pm_ctrl_shuffle__pzqusrn8.6l3e2wj8,2747,true,3480,55,0,0,0,0,0,,0,0,90000000,90000000,0,0,0,ok,,
3256,,,,oauthlib__oauthlib.1fd52536.func_pm_ctrl_shuffle__pzqusrn8.6l3e2wj8,4,oauthlib__oauthlib.1fd52536.func_pm_ctrl_shuffle__pzqusrn8.6l3e2wj8,6283,true,1914,283,0,0,0,0,0,,0,0,120000000,120000000,0,0,0,ok,,
3257,,,,oauthlib__oauthlib.1fd52536.func_pm_ctrl_shuffle__pzqusrn8.6l3e2wj8,5,oauthlib__oauthlib.1fd52536.func_pm_ctrl_shuffle__pzqusrn8.6l3e2wj8,8480,true,18,37,0,0,0,0,0,,0,0,150000000,150000000,0,0,0,ok,,
3258,,,,oauthlib__oauthlib.1fd52536.func_pm_ctrl_shuffle__pzqusrn8.6l3e2wj8,6,oauthlib__oauthlib.1fd52536.func_pm_ctrl_shuffle__pzqusrn8.6l3e2wj8,8536,true,7,217,0,0,0,0,0,,0,0,180000000,180000000,0,0,0,ok,,
3259,,,,oauthlib__oauthlib.1fd52536.func_pm_ctrl_shuffle__pzqusrn8.6l3e2wj8,7,oauthlib__oauthlib.1fd52536.func_pm_ctrl_shuffle__pzqusrn8.6l3e2wj8,8762,true,189,143,0,0,0,0,0,,0,0,210000000,210000000,0,0,0,ok,,
3260,,,,oauthlib__oauthlib.1fd52536.func_pm_ctrl_shuffle__pzqusrn8.6l3e2wj8,8,oauthlib__oauthlib.1fd52536.func_pm_ctrl_shuffle__pzqusrn8.6l3e2wj8,9094,true,7,684,0,0,0,0,0,,0,0,240000000,240000000,0,0,0,ok,,
3261,,,,oauthlib__oauthlib.1fd52536.func_pm_ctrl_shuffle__pzqusrn8.6l3e2wj8,9,oauthlib__oauthlib.1fd52536.func_pm_ctrl_shuffle__pzqusrn8.6l3e2wj8,9787,true,18,34,0,0,0,0,0,,0,0,270000000,270000000,0,0,0,ok,,
3262,,,,oauthlib__oauthlib.1fd52536.func_pm_ctrl_shuffle__pzqusrn8.6l3e2wj8,10,oauthlib__oauthlib.1fd52536.func_pm_ctrl_shuffle__pzqusrn8.6l3e2wj8,9840,true,145,322,0,0,0,0,0,,0,0,300000000,300000000,0,0,0,ok,,
3263,,,,oauthlib__oauthlib.1fd52536.func_pm_ctrl_shuffle__pzqusrn8.6l3e2wj8,11,oauthlib__oauthlib.1fd52536.func_pm_ctrl_shuffle__pzqusrn8.6l3e2wj8,10307,true,1222,42,0,0,0,0,0,,0,0,330000000,330000000,0,0,0,ok,,
3264,,,,oauthlib__oauthlib.1fd52536.func_pm_ctrl_shuffle__pzqusrn8.6l3e2wj8,12,oauthlib__oauthlib.1fd52536.func_pm_ctrl_shuffle__pzqusrn8.6l3e2wj8,11572,true,15,13,0,0,0,0,0,,0,0,360000000,360000000,0,0,0,ok,,
3265,,,,Project-MONAI__MONAI.a09c1f08.pr_5807.gir8u3bn,0,Project-MONAI__MONAI.a09c1f08.pr_5807.gir8u3bn,978,true,648,85,0,0,0,0,0,,0,0,0,0,0,0,0,ok,,
3266,,,,Project-MONAI__MONAI.a09c1f08.pr_5807.gir8u3bn,1,Project-MONAI__MONAI.a09c1f08.pr_5807.gir8u3bn,1712,true,37,58,0,0,0,0,0,,0,0,30000000,30000000,0,0,0,ok,,
3267,,,,Project-MONAI__MONAI.a09c1f08.pr_5807.gir8u3bn,2,Project-MONAI__MONAI.a09c1f08.pr_5807.gir8u3bn,1807,true,15,44,0,0,0,0,0,,0,0,60000000,60000000,0,0,0,ok,,
3268,,,,Project-MONAI__MONAI.a09c1f08.pr_5807.gir8u3bn,3,Project-MONAI__MONAI.a09c1f08.pr_5807.gir8u3bn,1867,true,40,56,0,0,0,0,0,,0,0,90000000,90000000,0,0,0,ok,,
3269,,,,Project-MONAI__MONAI.a09c1f08.pr_5807.gir8u3bn,4,Project-MONAI__MONAI.a09c1f08.pr_5807.gir8u3bn,1964,true,3366,92,0,0,0,0,0,,0,0,120000000,120000000,0,0,0,ok,,
3270,,,,Project-MONAI__MONAI.a09c1f08.pr_5807.gir8u3bn,5,Project-MONAI__MONAI.a09c1f08.pr_5807.gir8u3bn,5422,true,74,45,0,0,0,0,0,,0,0,150000000,150000000,0,0,0,ok,,
3271,,,,Project-MONAI__MONAI.a09c1f08.pr_5807.gir8u3bn,6,Project-MONAI__MONAI.a09c1f08.pr_5807.gir8u3bn,5542,true,2019,71,0,0,0,0,0,,0,0,180000000,180000000,0,0,0,ok,,
3272,,,,Project-MONAI__MONAI.a09c1f08.pr_5807.gir8u3bn,7,Project-MONAI__MONAI.a09c1f08.pr_5807.gir8u3bn,7632,true,152,67,0,0,0,0,0,,0,0,210000000,210000000,0,0,0,ok,,
3273,,,,Project-MONAI__MONAI.a09c1f08.pr_5807.gir8u3bn,8,Project-MONAI__MONAI.a09c1f08.pr_5807.gir8u3bn,7852,true,138,111,0,0,0,0,0,,0,0,240000000,240000000,0,0,0,ok,,
3274,,,,Project-MONAI__MONAI.a09c1f08.pr_5807.gir8u3bn,9,Project-MONAI__MONAI.a09c1f08.pr_5807.gir8u3bn,8101,true,2764,170,0,0,0,0,0,,0,0,270000000,270000000,0,0,0,ok,,
3275,,,,Project-MONAI__MONAI.a09c1f08.pr_5807.gir8u3bn,10,Project-MONAI__MONAI.a09c1f08.pr_5807.gir8u3bn,11036,true,17,35,0,0,0,0,0,,0,0,300000000,300000000,0,0,0,ok,,
3276,,,,Project-MONAI__MONAI.a09c1f08.pr_5807.gir8u3bn,11,Project-MONAI__MONAI.a09c1f08.pr_5807.gir8u3bn,11089,true,13,521,0,0,0,0,0,,0,0,330000000,330000000,0,0,0,ok,,
3277,,,,Project-MONAI__MONAI.a09c1f08.pr_5807.gir8u3bn,12,Project-MONAI__MONAI.a09c1f08.pr_5807.gir8u3bn,11624,true,433,32,0,0,0,0,0,,0,0,360000000,360000000,0,0,0,ok,,
3278,,,,Project-MONAI__MONAI.a09c1f08.pr_5807.gir8u3bn,13,Project-MONAI__MONAI.a09c1f08.pr_5807.gir8u3bn,12090,true,61,105,0,0,0,0,0,,0,0,390000000,390000000,0,0,0,ok,,
3279,,,,Project-MONAI__MONAI.a09c1f08.pr_5807.gir8u3bn,14,Project-MONAI__MONAI.a09c1f08.pr_5807.gir8u3bn,12257,true,131,69,0,0,0,0,0,,0,0,420000000,420000000,0,0,0,ok,,
3280,,,,Project-MONAI__MONAI.a09c1f08.pr_5807.gir8u3bn,15,Project-MONAI__MONAI.a09c1f08.pr_5807.gir8u3bn,12458,true,207,69,0,0,0,0,0,,0,0,450000000,450000000,0,0,0,ok,,
3281,,,,Project-MONAI__MONAI.a09c1f08.pr_5807.gir8u3bn,16,Project-MONAI__MONAI.a09c1f08.pr_5807.gir8u3bn,12735,true,750,400,0,0,0,0,0,,0,0,480000000,480000000,0,0,0,ok,,
3282,,,,Project-MONAI__MONAI.a09c1f08.pr_5807.gir8u3bn,17,Project-MONAI__MONAI.a09c1f08.pr_5807.gir8u3bn,13885,true,263,71,0,0,0,0,0,,0,0,510000000,510000000,0,0,0,ok,,
3283,,,,Project-MONAI__MONAI.a09c1f08.pr_5807.gir8u3bn,18,Project-MONAI__MONAI.a09c1f08.pr_5807.gir8u3bn,14220,true,318,91,0,0,0,0,0,,0,0,540000000,540000000,0,0,0,ok,,
3284,,,,Project-MONAI__MONAI.a09c1f08.pr_5807.gir8u3bn,19,Project-MONAI__MONAI.a09c1f08.pr_5807.gir8u3bn,14630,true,197,92,0,0,0,0,0,,0,0,570000000,570000000,0,0,0,ok,,
3285,,,,Project-MONAI__MONAI.a09c1f08.pr_5807.gir8u3bn,20,Project-MONAI__MONAI.a09c1f08.pr_5807.gir8u3bn,14919,true,159,113,0,0,0,0,0,,0,0,600000000,600000000,0,0,0,ok,,
3286,,,,Project-MONAI__MONAI.a09c1f08.pr_5807.gir8u3bn,21,Project-MONAI__MONAI.a09c1f08.pr_5807.gir8u3bn,15192,true,250,102,0,0,0,0,0,,0,0,630000000,630000000,0,0,0,ok,,
3287,,,,Project-MONAI__MONAI.a09c1f08.pr_5807.gir8u3bn,22,Project-MONAI__MONAI.a09c1f08.pr_5807.gir8u3bn,15544,true,227,289,0,0,0,0,0,,0,0,660000000,660000000,0,0,0,ok,,
3288,,,,Project-MONAI__MONAI.a09c1f08.pr_5807.gir8u3bn,23,Project-MONAI__MONAI.a09c1f08.pr_5807.gir8u3bn,16061,true,218,877,0,0,0,0,0,,0,0,690000000,690000000,0,0,0,ok,,
3289,,,,Project-MONAI__MONAI.a09c1f08.pr_5807.gir8u3bn,24,Project-MONAI__MONAI.a09c1f08.pr_5807.gir8u3bn,17157,true,690,40,0,0,0,0,0,,0,0,720000000,720000000,0,0,0,ok,,
3290,,,,Project-MONAI__MONAI.a09c1f08.pr_5807.gir8u3bn,25,Project-MONAI__MONAI.a09c1f08.pr_5807.gir8u3bn,17888,true,116,150,0,0,0,0,0,,0,0,750000000,750000000,0,0,0,ok,,
3291,,,,Project-MONAI__MONAI.a09c1f08.pr_5807.gir8u3bn,26,Project-MONAI__MONAI.a09c1f08.pr_5807.gir8u3bn,18155,true,1902,36,0,0,0,0,0,,0,0,780000000,780000000,0,0,0,ok,,
3292,,,,Project-MONAI__MONAI.a09c1f08.pr_5807.gir8u3bn,27,Project-MONAI__MONAI.a09c1f08.pr_5807.gir8u3bn,20094,true,15,7,0,0,0,0,0,,0,0,810000000,810000000,0,0,0,ok,,
3293,,,,marshmallow-code__apispec.8b421526.35.jrlclqql,0,marshmallow-code__apispec.8b421526.35.jrlclqql,978,true,678,75,0,0,0,0,0,,0,0,0,0,0,0,0,ok,,
3294,,,,marshmallow-code__apispec.8b421526.35.jrlclqql,1,marshmallow-code__apispec.8b421526.35.jrlclqql,1732,true,317,52,0,0,0,0,0,,0,0,30000000,30000000,0,0,0,ok,,
3295,,,,marshmallow-code__apispec.8b421526.35.jrlclqql,2,marshmallow-code__apispec.8b421526.35.jrlclqql,2102,true,117,59,0,0,0,0,0,,0,0,60000000,60000000,0,0,0,ok,,
3296,,,,marshmallow-code__apispec.8b421526.35.jrlclqql,3,marshmallow-code__apispec.8b421526.35.jrlclqql,2279,true,107,67,0,0,0,0,0,,0,0,90000000,90000000,0,0,0,ok,,
3297,,,,marshmallow-code__apispec.8b421526.35.jrlclqql,4,marshmallow-code__apispec.8b421526.35.jrlclqql,2454,true,5001,55,0,0,0,0,0,,0,0,120000000,120000000,0,0,0,ok,,
3298,,,,marshmallow-code__apispec.8b421526.35.jrlclqql,5,marshmallow-code__apispec.8b421526.35.jrlclqql,7511,true,63,73,0,0,0,0,0,,0,0,150000000,150000000,0,0,0,ok,,
3299,,,,marshmallow-code__apispec.8b421526.35.jrlclqql,6,marshmallow-code__apispec.8b421526.35.jrlclqql,7648,true,300,61,0,0,0,0,0,,0,0,180000000,180000000,0,0,0,ok,,
3300,,,,marshmallow-code__apispec.8b421526.35.jrlclqql,7,marshmallow-code__apispec.8b421526.35.jrlclqql,8009,true,33,51,0,0,0,0,0,,0,0,210000000,210000000,0,0,0,ok,,
3301,,,,marshmallow-code__apispec.8b421526.35.jrlclqql,8,marshmallow-code__apispec.8b421526.35.jrlclqql,8094,true,69,486,0,0,0,0,0,,0,0,240000000,240000000,0,0,0,ok,,
3302,,,,marshmallow-code__apispec.8b421526.35.jrlclqql,9,marshmallow-code__apispec.8b421526.35.jrlclqql,8650,true,18,24,0,0,0,0,0,,0,0,270000000,270000000,0,0,0,ok,,
3303,,,,marshmallow-code__apispec.8b421526.35.jrlclqql,10,marshmallow-code__apispec.8b421526.35.jrlclqql,8693,true,135,807,0,0,0,0,0,,0,0,300000000,300000000,0,0,0,ok,,
3304,,,,marshmallow-code__apispec.8b421526.35.jrlclqql,11,marshmallow-code__apispec.8b421526.35.jrlclqql,9635,true,381,38,0,0,0,0,0,,0,0,330000000,330000000,0,0,0,ok,,
3305,,,,marshmallow-code__apispec.8b421526.35.jrlclqql,12,marshmallow-code__apispec.8b421526.35.jrlclqql,10055,true,135,298,0,0,0,0,0,,0,0,360000000,360000000,0,0,0,ok,,
3306,,,,marshmallow-code__apispec.8b421526.35.jrlclqql,13,marshmallow-code__apispec.8b421526.35.jrlclqql,10488,true,225,34,0,0,0,0,0,,0,0,390000000,390000000,0,0,0,ok,,
3307,,,,marshmallow-code__apispec.8b421526.35.jrlclqql,14,marshmallow-code__apispec.8b421526.35.jrlclqql,10747,true,135,311,0,0,0,0,0,,0,0,420000000,420000000,0,0,0,ok,,
3308,,,,rustedpy__result.0b855e1e.28.7uo8of9j,0,rustedpy__result.0b855e1e.28.7uo8of9j,978,true,607,70,0,0,0,0,0,,0,0,0,0,0,0,0,ok,,
3309,,,,rustedpy__result.0b855e1e.28.7uo8of9j,1,rustedpy__result.0b855e1e.28.7uo8of9j,1656,true,161,48,0,0,0,0,0,,0,0,30000000,30000000,0,0,0,ok,,
3310,,,,rustedpy__result.0b855e1e.28.7uo8of9j,2,rustedpy__result.0b855e1e.28.7uo8of9j,1866,true,57,44,0,0,0,0,0,,0,0,60000000,60000000,0,0,0,ok,,
3311,,,,rustedpy__result.0b855e1e.28.7uo8of9j,3,rustedpy__result.0b855e1e.28.7uo8of9j,1968,true,5279,42,0,0,0,0,0,,0,0,90000000,90000000,0,0,0,ok,,
3312,,,,rustedpy__result.0b855e1e.28.7uo8of9j,4,rustedpy__result.0b855e1e.28.7uo8of9j,7289,true,20,65,0,0,0,0,0,,0,0,120000000,120000000,0,0,0,ok,,
3313,,,,rustedpy__result.0b855e1e.28.7uo8of9j,5,rustedpy__result.0b855e1e.28.7uo8of9j,7375,true,120,218,0,0,0,0,0,,0,0,150000000,150000000,0,0,0,ok,,
3314,,,,rustedpy__result.0b855e1e.28.7uo8of9j,6,rustedpy__result.0b855e1e.28.7uo8of9j,7714,true,16,25,0,0,0,0,0,,0,0,180000000,180000000,0,0,0,ok,,
3315,,,,rustedpy__result.0b855e1e.28.7uo8of9j,7,rustedpy__result.0b855e1e.28.7uo8of9j,7755,true,84,193,0,0,0,0,0,,0,0,210000000,210000000,0,0,0,ok,,
3316,,,,rustedpy__result.0b855e1e.28.7uo8of9j,8,rustedpy__result.0b855e1e.28.7uo8of9j,8033,true,153,96,0,0,0,0,0,,0,0,240000000,240000000,0,0,0,ok,,
3317,,,,rustedpy__result.0b855e1e.28.7uo8of9j,9,rustedpy__result.0b855e1e.28.7uo8of9j,8283,true,81,351,0,0,0,0,0,,0,0,270000000,270000000,0,0,0,ok,,
3318,,,,rustedpy__result.0b855e1e.28.7uo8of9j,10,rustedpy__result.0b855e1e.28.7uo8of9j,8715,true,16,22,0,0,0,0,0,,0,0,300000000,300000000,0,0,0,ok,,
3319,,,,rustedpy__result.0b855e1e.28.7uo8of9j,11,rustedpy__result.0b855e1e.28.7uo8of9j,8754,true,104,232,0,0,0,0,0,,0,0,330000000,330000000,0,0,0,ok,,
3320,,,,pyupio__safety.7654596b.pr_645.jsb37rfi,0,pyupio__safety.7654596b.pr_645.jsb37rfi,978,true,626,101,0,0,0,0,0,,0,0,0,0,0,0,0,ok,,
3321,,,,pyupio__safety.7654596b.pr_645.jsb37rfi,1,pyupio__safety.7654596b.pr_645.jsb37rfi,1706,true,84,77,0,0,0,0,0,,0,0,30000000,30000000,0,0,0,ok,,
3322,,,,pyupio__safety.7654596b.pr_645.jsb37rfi,2,pyupio__safety.7654596b.pr_645.jsb37rfi,1868,true,5064,58,0,0,0,0,0,,0,0,60000000,60000000,0,0,0,ok,,
3323,,,,pyupio__safety.7654596b.pr_645.jsb37rfi,3,pyupio__safety.7654596b.pr_645.jsb37rfi,6991,true,433,248,0,0,0,0,0,,0,0,90000000,90000000,0,0,0,ok,,
3324,,,,pyupio__safety.7654596b.pr_645.jsb37rfi,4,pyupio__safety.7654596b.pr_645.jsb37rfi,7672,true,17,36,0,0,0,0,0,,0,0,120000000,120000000,0,0,0,ok,,
3325,,,,pyupio__safety.7654596b.pr_645.jsb37rfi,5,pyupio__safety.7654596b.pr_645.jsb37rfi,7727,true,8,341,0,0,0,0,0,,0,0,150000000,150000000,0,0,0,ok,,
3326,,,,pyupio__safety.7654596b.pr_645.jsb37rfi,6,pyupio__safety.7654596b.pr_645.jsb37rfi,8076,true,242,56,0,0,0,0,0,,0,0,180000000,180000000,0,0,0,ok,,
3327,,,,pyupio__safety.7654596b.pr_645.jsb37rfi,7,pyupio__safety.7654596b.pr_645.jsb37rfi,8375,true,8,574,0,0,0,0,0,,0,0,210000000,210000000,0,0,0,ok,,
3328,,,,pyupio__safety.7654596b.pr_645.jsb37rfi,8,pyupio__safety.7654596b.pr_645.jsb37rfi,8958,true,17,32,0,0,0,0,0,,0,0,240000000,240000000,0,0,0,ok,,
3329,,,,pyupio__safety.7654596b.pr_645.jsb37rfi,9,pyupio__safety.7654596b.pr_645.jsb37rfi,9008,true,103,300,0,0,0,0,0,,0,0,270000000,270000000,0,0,0,ok,,
3330,,,,pyupio__safety.7654596b.pr_645.jsb37rfi,10,pyupio__safety.7654596b.pr_645.jsb37rfi,9412,true,267,42,0,0,0,0,0,,0,0,300000000,300000000,0,0,0,ok,,
3331,,,,pyupio__safety.7654596b.pr_645.jsb37rfi,11,pyupio__safety.7654596b.pr_645.jsb37rfi,9721,true,88,136,0,0,0,0,0,,0,0,330000000,330000000,0,0,0,ok,,
3332,,,,pyupio__safety.7654596b.pr_645.jsb37rfi,12,pyupio__safety.7654596b.pr_645.jsb37rfi,9946,true,8,223,0,0,0,0,0,,0,0,360000000,360000000,0,0,0,ok,,
3333,,,,pyupio__safety.7654596b.pr_645.jsb37rfi,13,pyupio__safety.7654596b.pr_645.jsb37rfi,10177,true,1107,40,0,0,0,0,0,,0,0,390000000,390000000,0,0,0,ok,,
3334,,,,pyupio__safety.7654596b.pr_645.jsb37rfi,14,pyupio__safety.7654596b.pr_645.jsb37rfi,11324,true,15,13,0,0,0,0,0,,0,0,420000000,420000000,0,0,0,ok,,
3335,,,,Project-MONAI__MONAI.a09c1f08.pr_3619.7e6hosa8,0,Project-MONAI__MONAI.a09c1f08.pr_3619.7e6hosa8,978,true,1068,39,0,0,0,0,0,,0,0,0,0,0,0,0,ok,,
3336,,,,Project-MONAI__MONAI.a09c1f08.pr_3619.7e6hosa8,1,Project-MONAI__MONAI.a09c1f08.pr_3619.7e6hosa8,2085,true,22,28,0,0,0,0,0,,0,0,30000000,30000000,0,0,0,ok,,
3337,,,,Project-MONAI__MONAI.a09c1f08.pr_3619.7e6hosa8,2,Project-MONAI__MONAI.a09c1f08.pr_3619.7e6hosa8,2136,true,639,31,0,0,0,0,0,,0,0,60000000,60000000,0,0,0,ok,,
3338,,,,Project-MONAI__MONAI.a09c1f08.pr_3619.7e6hosa8,3,Project-MONAI__MONAI.a09c1f08.pr_3619.7e6hosa8,2808,true,239,33,0,0,0,0,0,,0,0,90000000,90000000,0,0,0,ok,,
3339,,,,Project-MONAI__MONAI.a09c1f08.pr_3619.7e6hosa8,4,Project-MONAI__MONAI.a09c1f08.pr_3619.7e6hosa8,3081,true,4114,45,0,0,0,0,0,,0,0,120000000,120000000,0,0,0,ok,,
3340,,,,Project-MONAI__MONAI.a09c1f08.pr_3619.7e6hosa8,5,Project-MONAI__MONAI.a09c1f08.pr_3619.7e6hosa8,7240,true,920,295,0,0,0,0,0,,0,0,150000000,150000000,0,0,0,ok,,
3341,,,,Project-MONAI__MONAI.a09c1f08.pr_3619.7e6hosa8,6,Project-MONAI__MONAI.a09c1f08.pr_3619.7e6hosa8,8456,true,49,101,0,0,0,0,0,,0,0,180000000,180000000,0,0,0,ok,,
3342,,,,Project-MONAI__MONAI.a09c1f08.pr_3619.7e6hosa8,7,Project-MONAI__MONAI.a09c1f08.pr_3619.7e6hosa8,8606,true,72,120,0,0,0,0,0,,0,0,210000000,210000000,0,0,0,ok,,
3343,,,,Project-MONAI__MONAI.a09c1f08.pr_3619.7e6hosa8,8,Project-MONAI__MONAI.a09c1f08.pr_3619.7e6hosa8,8799,true,49,98,0,0,0,0,0,,0,0,240000000,240000000,0,0,0,ok,,
3344,,,,Project-MONAI__MONAI.a09c1f08.pr_3619.7e6hosa8,9,Project-MONAI__MONAI.a09c1f08.pr_3619.7e6hosa8,8947,true,59,140,0,0,0,0,0,,0,0,270000000,270000000,0,0,0,ok,,
3345,,,,Project-MONAI__MONAI.a09c1f08.pr_3619.7e6hosa8,10,Project-MONAI__MONAI.a09c1f08.pr_3619.7e6hosa8,9147,true,220,162,0,0,0,0,0,,0,0,300000000,300000000,0,0,0,ok,,
3346,,,,Project-MONAI__MONAI.a09c1f08.pr_3619.7e6hosa8,11,Project-MONAI__MONAI.a09c1f08.pr_3619.7e6hosa8,9529,true,17,23,0,0,0,0,0,,0,0,330000000,330000000,0,0,0,ok,,
3347,,,,Project-MONAI__MONAI.a09c1f08.pr_3619.7e6hosa8,12,Project-MONAI__MONAI.a09c1f08.pr_3619.7e6hosa8,9570,true,284,261,0,0,0,0,0,,0,0,360000000,360000000,0,0,0,ok,,
3348,,,,Project-MONAI__MONAI.a09c1f08.pr_3619.7e6hosa8,13,Project-MONAI__MONAI.a09c1f08.pr_3619.7e6hosa8,10116,true,227,23,0,0,0,0,0,,0,0,390000000,390000000,0,0,0,ok,,
3349,,,,Project-MONAI__MONAI.a09c1f08.pr_3619.7e6hosa8,14,Project-MONAI__MONAI.a09c1f08.pr_3619.7e6hosa8,10367,true,290,309,0,0,0,0,0,,0,0,420000000,420000000,0,0,0,ok,,
3350,,,,Project-MONAI__MONAI.a09c1f08.pr_3619.7e6hosa8,15,Project-MONAI__MONAI.a09c1f08.pr_3619.7e6hosa8,10967,true,235,23,0,0,0,0,0,,0,0,450000000,450000000,0,0,0,ok,,
3351,,,,Project-MONAI__MONAI.a09c1f08.pr_3619.7e6hosa8,16,Project-MONAI__MONAI.a09c1f08.pr_3619.7e6hosa8,11225,true,267,328,0,0,0,0,0,,0,0,480000000,480000000,0,0,0,ok,,
3352,,,,Project-MONAI__MONAI.a09c1f08.pr_3619.7e6hosa8,17,Project-MONAI__MONAI.a09c1f08.pr_3619.7e6hosa8,11821,true,250,23,0,0,0,0,0,,0,0,510000000,510000000,0,0,0,ok,,
3353,,,,Project-MONAI__MONAI.a09c1f08.pr_3619.7e6hosa8,18,Project-MONAI__MONAI.a09c1f08.pr_3619.7e6hosa8,12095,true,15,7,0,0,0,0,0,,0,0,540000000,540000000,0,0,0,ok,,
3354,,,,sunpy__sunpy.f8edfd5c.func_pm_ctrl_shuffle__tvmt6zah.6x34tk7f,0,sunpy__sunpy.f8edfd5c.func_pm_ctrl_shuffle__tvmt6zah.6x34tk7f,978,true,621,103,0,0,0,0,0,,0,0,0,0,0,0,0,ok,,
3355,,,,sunpy__sunpy.f8edfd5c.func_pm_ctrl_shuffle__tvmt6zah.6x34tk7f,1,sunpy__sunpy.f8edfd5c.func_pm_ctrl_shuffle__tvmt6zah.6x34tk7f,1702,true,5244,53,0,0,0,0,0,,0,0,30000000,30000000,0,0,0,ok,,
3356,,,,sunpy__sunpy.f8edfd5c.func_pm_ctrl_shuffle__tvmt6zah.6x34tk7f,2,sunpy__sunpy.f8edfd5c.func_pm_ctrl_shuffle__tvmt6zah.6x34tk7f,6999,true,46,53,0,0,0,0,0,,0,0,60000000,60000000,0,0,0,ok,,
3357,,,,sunpy__sunpy.f8edfd5c.func_pm_ctrl_shuffle__tvmt6zah.6x34tk7f,3,sunpy__sunpy.f8edfd5c.func_pm_ctrl_shuffle__tvmt6zah.6x34tk7f,7100,true,1566,159,0,0,0,0,0,,0,0,90000000,90000000,0,0,0,ok,,
3358,,,,sunpy__sunpy.f8edfd5c.func_pm_ctrl_shuffle__tvmt6zah.6x34tk7f,4,sunpy__sunpy.f8edfd5c.func_pm_ctrl_shuffle__tvmt6zah.6x34tk7f,8826,true,419,329,0,0,0,0,0,,0,0,120000000,120000000,0,0,0,ok,,
3359,,,,sunpy__sunpy.f8edfd5c.func_pm_ctrl_shuffle__tvmt6zah.6x34tk7f,5,sunpy__sunpy.f8edfd5c.func_pm_ctrl_shuffle__tvmt6zah.6x34tk7f,9575,true,17,35,0,0,0,0,0,,0,0,150000000,150000000,0,0,0,ok,,
3360,,,,sunpy__sunpy.f8edfd5c.func_pm_ctrl_shuffle__tvmt6zah.6x34tk7f,6,sunpy__sunpy.f8edfd5c.func_pm_ctrl_shuffle__tvmt6zah.6x34tk7f,9628,true,29,397,0,0,0,0,0,,0,0,180000000,180000000,0,0,0,ok,,
3361,,,,sunpy__sunpy.f8edfd5c.func_pm_ctrl_shuffle__tvmt6zah.6x34tk7f,7,sunpy__sunpy.f8edfd5c.func_pm_ctrl_shuffle__tvmt6zah.6x34tk7f,10055,true,281,100,0,0,0,0,0,,0,0,210000000,210000000,0,0,0,ok,,
3362,,,,sunpy__sunpy.f8edfd5c.func_pm_ctrl_shuffle__tvmt6zah.6x34tk7f,8,sunpy__sunpy.f8edfd5c.func_pm_ctrl_shuffle__tvmt6zah.6x34tk7f,10436,true,39,811,0,0,0,0,0,,0,0,240000000,240000000,0,0,0,ok,,
3363,,,,sunpy__sunpy.f8edfd5c.func_pm_ctrl_shuffle__tvmt6zah.6x34tk7f,9,sunpy__sunpy.f8edfd5c.func_pm_ctrl_shuffle__tvmt6zah.6x34tk7f,11287,true,614,38,0,0,0,0,0,,0,0,270000000,270000000,0,0,0,ok,,
3364,,,,sunpy__sunpy.f8edfd5c.func_pm_ctrl_shuffle__tvmt6zah.6x34tk7f,10,sunpy__sunpy.f8edfd5c.func_pm_ctrl_shuffle__tvmt6zah.6x34tk7f,11940,true,170,508,0,0,0,0,0,,0,0,300000000,300000000,0,0,0,ok,,
3365,,,,sunpy__sunpy.f8edfd5c.func_pm_ctrl_shuffle__tvmt6zah.6x34tk7f,11,sunpy__sunpy.f8edfd5c.func_pm_ctrl_shuffle__tvmt6zah.6x34tk7f,12618,true,285,95,0,0,0,0,0,,0,0,330000000,330000000,0,0,0,ok,,
3366,,,,sunpy__sunpy.f8edfd5c.func_pm_ctrl_shuffle__tvmt6zah.6x34tk7f,12,sunpy__sunpy.f8edfd5c.func_pm_ctrl_shuffle__tvmt6zah.6x34tk7f,12999,true,170,276,0,0,0,0,0,,0,0,360000000,360000000,0,0,0,ok,,
3367,,,,sunpy__sunpy.f8edfd5c.func_pm_ctrl_shuffle__tvmt6zah.6x34tk7f,13,sunpy__sunpy.f8edfd5c.func_pm_ctrl_shuffle__tvmt6zah.6x34tk7f,13446,true,267,415,0,0,0,0,0,,0,0,390000000,390000000,0,0,0,ok,,
3368,,,,sunpy__sunpy.f8edfd5c.func_pm_ctrl_shuffle__tvmt6zah.6x34tk7f,14,sunpy__sunpy.f8edfd5c.func_pm_ctrl_shuffle__tvmt6zah.6x34tk7f,14128,true,18,38,0,0,0,0,0,,0,0,420000000,420000000,0,0,0,ok,,
3369,,,,sunpy__sunpy.f8edfd5c.func_pm_ctrl_shuffle__tvmt6zah.6x34tk7f,15,sunpy__sunpy.f8edfd5c.func_pm_ctrl_shuffle__tvmt6zah.6x34tk7f,14185,true,85,300,0,0,0,0,0,,0,0,450000000,450000000,0,0,0,ok,,
3370,,,,sunpy__sunpy.f8edfd5c.func_pm_ctrl_shuffle__tvmt6zah.6x34tk7f,16,sunpy__sunpy.f8edfd5c.func_pm_ctrl_shuffle__tvmt6zah.6x34tk7f,14571,true,1442,40,0,0,0,0,0,,0,0,480000000,480000000,0,0,0,ok,,
3371,,,,sunpy__sunpy.f8edfd5c.func_pm_ctrl_shuffle__tvmt6zah.6x34tk7f,17,sunpy__sunpy.f8edfd5c.func_pm_ctrl_shuffle__tvmt6zah.6x34tk7f,16054,true,15,13,0,0,0,0,0,,0,0,510000000,510000000,0,0,0,ok,,
3372,,,,getmoto__moto.694ce1f4.pr_5706.1yunigzy,0,getmoto__moto.694ce1f4.pr_5706.1yunigzy,978,true,1414,63,0,0,0,0,0,,0,0,0,0,0,0,0,ok,,
3373,,,,getmoto__moto.694ce1f4.pr_5706.1yunigzy,1,getmoto__moto.694ce1f4.pr_5706.1yunigzy,2456,true,354,87,0,0,0,0,0,,0,0,30000000,30000000,0,0,0,ok,,
3374,,,,getmoto__moto.694ce1f4.pr_5706.1yunigzy,2,getmoto__moto.694ce1f4.pr_5706.1yunigzy,2897,true,3437,61,0,0,0,0,0,,0,0,60000000,60000000,0,0,0,ok,,
3375,,,,getmoto__moto.694ce1f4.pr_5706.1yunigzy,3,getmoto__moto.694ce1f4.pr_5706.1yunigzy,6397,true,305,44,0,0,0,0,0,,0,0,90000000,90000000,0,0,0,ok,,
3376,,,,getmoto__moto.694ce1f4.pr_5706.1yunigzy,4,getmoto__moto.694ce1f4.pr_5706.1yunigzy,6746,true,68,44,0,0,0,0,0,,0,0,120000000,120000000,0,0,0,ok,,
3377,,,,getmoto__moto.694ce1f4.pr_5706.1yunigzy,5,getmoto__moto.694ce1f4.pr_5706.1yunigzy,6859,true,810,383,0,0,0,0,0,,0,0,150000000,150000000,0,0,0,ok,,
3378,,,,getmoto__moto.694ce1f4.pr_5706.1yunigzy,6,getmoto__moto.694ce1f4.pr_5706.1yunigzy,8053,true,16,32,0,0,0,0,0,,0,0,180000000,180000000,0,0,0,ok,,
3379,,,,getmoto__moto.694ce1f4.pr_5706.1yunigzy,7,getmoto__moto.694ce1f4.pr_5706.1yunigzy,8101,true,60,79,0,0,0,0,0,,0,0,210000000,210000000,0,0,0,ok,,
3380,,,,getmoto__moto.694ce1f4.pr_5706.1yunigzy,8,getmoto__moto.694ce1f4.pr_5706.1yunigzy,8241,true,92,55,0,0,0,0,0,,0,0,240000000,240000000,0,0,0,ok,,
3381,,,,getmoto__moto.694ce1f4.pr_5706.1yunigzy,9,getmoto__moto.694ce1f4.pr_5706.1yunigzy,8388,true,111,23,0,0,0,0,0,,0,0,270000000,270000000,0,0,0,ok,,
3382,,,,getmoto__moto.694ce1f4.pr_5706.1yunigzy,10,getmoto__moto.694ce1f4.pr_5706.1yunigzy,8523,true,46,334,0,0,0,0,0,,0,0,300000000,300000000,0,0,0,ok,,
3383,,,,getmoto__moto.694ce1f4.pr_5706.1yunigzy,11,getmoto__moto.694ce1f4.pr_5706.1yunigzy,8904,true,273,294,0,0,0,0,0,,0,0,330000000,330000000,0,0,0,ok,,
3384,,,,jawah__charset_normalizer.1fdd6463.9.idtait2b,0,jawah__charset_normalizer.1fdd6463.9.idtait2b,978,true,702,82,0,0,0,0,0,,0,0,0,0,0,0,0,ok,,
3385,,,,jawah__charset_normalizer.1fdd6463.9.idtait2b,1,jawah__charset_normalizer.1fdd6463.9.idtait2b,1763,true,3972,413,0,0,0,0,0,,0,0,30000000,30000000,0,0,0,ok,,
3386,,,,jawah__charset_normalizer.1fdd6463.9.idtait2b,2,jawah__charset_normalizer.1fdd6463.9.idtait2b,6148,true,17,32,0,0,0,0,0,,0,0,60000000,60000000,0,0,0,ok,,
3387,,,,jawah__charset_normalizer.1fdd6463.9.idtait2b,3,jawah__charset_normalizer.1fdd6463.9.idtait2b,6198,true,201,381,0,0,0,0,0,,0,0,90000000,90000000,0,0,0,ok,,
3388,,,,jawah__charset_normalizer.1fdd6463.9.idtait2b,4,jawah__charset_normalizer.1fdd6463.9.idtait2b,6781,true,269,143,0,0,0,0,0,,0,0,120000000,120000000,0,0,0,ok,,
3389,,,,jawah__charset_normalizer.1fdd6463.9.idtait2b,5,jawah__charset_normalizer.1fdd6463.9.idtait2b,7194,true,107,33,0,0,0,0,0,,0,0,150000000,150000000,0,0,0,ok,,
3390,,,,dask__dask.5f61e423.pr_10521.zgrzhlkb,0,dask__dask.5f61e423.pr_10521.zgrzhlkb,978,true,531,76,0,0,0,0,0,,0,0,0,0,0,0,0,ok,,
3391,,,,dask__dask.5f61e423.pr_10521.zgrzhlkb,1,dask__dask.5f61e423.pr_10521.zgrzhlkb,1586,true,18,53,0,0,0,0,0,,0,0,30000000,30000000,0,0,0,ok,,
3392,,,,dask__dask.5f61e423.pr_10521.zgrzhlkb,2,dask__dask.5f61e423.pr_10521.zgrzhlkb,1657,true,2258,63,0,0,0,0,0,,0,0,60000000,60000000,0,0,0,ok,,
3393,,,,dask__dask.5f61e423.pr_10521.zgrzhlkb,3,dask__dask.5f61e423.pr_10521.zgrzhlkb,3979,true,68,43,0,0,0,0,0,,0,0,90000000,90000000,0,0,0,ok,,
3394,,,,dask__dask.5f61e423.pr_10521.zgrzhlkb,4,dask__dask.5f61e423.pr_10521.zgrzhlkb,4091,true,398,142,0,0,0,0,0,,0,0,120000000,120000000,0,0,0,ok,,
3395,,,,dask__dask.5f61e423.pr_10521.zgrzhlkb,5,dask__dask.5f61e423.pr_10521.zgrzhlkb,4631,true,16,34,0,0,0,0,0,,0,0,150000000,150000000,0,0,0,ok,,
3396,,,,dask__dask.5f61e423.pr_10521.zgrzhlkb,6,dask__dask.5f61e423.pr_10521.zgrzhlkb,4681,true,45,217,0,0,0,0,0,,0,0,180000000,180000000,0,0,0,ok,,
3397,,,,dask__dask.5f61e423.pr_10521.zgrzhlkb,7,dask__dask.5f61e423.pr_10521.zgrzhlkb,4944,true,142,38,0,0,0,0,0,,0,0,210000000,210000000,0,0,0,ok,,
3398,,,,dask__dask.5f61e423.pr_10521.zgrzhlkb,8,dask__dask.5f61e423.pr_10521.zgrzhlkb,5125,true,45,499,0,0,0,0,0,,0,0,240000000,240000000,0,0,0,ok,,
3399,,,,dask__dask.5f61e423.pr_10521.zgrzhlkb,9,dask__dask.5f61e423.pr_10521.zgrzhlkb,5670,true,16,23,0,0,0,0,0,,0,0,270000000,270000000,0,0,0,ok,,
3400,,,,dask__dask.5f61e423.pr_10521.zgrzhlkb,10,dask__dask.5f61e423.pr_10521.zgrzhlkb,5710,true,86,36,0,0,0,0,0,,0,0,300000000,300000000,0,0,0,ok,,
3401,,,,kurtmckee__feedparser.cad965a3.lm_rewrite__o7g3k0fq.w1ud10dn,0,kurtmckee__feedparser.cad965a3.lm_rewrite__o7g3k0fq.w1ud10dn,978,true,623,108,0,0,0,0,0,,0,0,0,0,0,0,0,ok,,
3402,,,,kurtmckee__feedparser.cad965a3.lm_rewrite__o7g3k0fq.w1ud10dn,1,kurtmckee__feedparser.cad965a3.lm_rewrite__o7g3k0fq.w1ud10dn,1710,true,505,66,0,0,0,0,0,,0,0,30000000,30000000,0,0,0,ok,,
3403,,,,kurtmckee__feedparser.cad965a3.lm_rewrite__o7g3k0fq.w1ud10dn,2,kurtmckee__feedparser.cad965a3.lm_rewrite__o7g3k0fq.w1ud10dn,2283,true,876,61,0,0,0,0,0,,0,0,60000000,60000000,0,0,0,ok,,
3404,,,,kurtmckee__feedparser.cad965a3.lm_rewrite__o7g3k0fq.w1ud10dn,3,kurtmckee__feedparser.cad965a3.lm_rewrite__o7g3k0fq.w1ud10dn,3220,true,3489,68,0,0,0,0,0,,0,0,90000000,90000000,0,0,0,ok,,
3405,,,,kurtmckee__feedparser.cad965a3.lm_rewrite__o7g3k0fq.w1ud10dn,4,kurtmckee__feedparser.cad965a3.lm_rewrite__o7g3k0fq.w1ud10dn,6778,true,187,63,0,0,0,0,0,,0,0,120000000,120000000,0,0,0,ok,,
3406,,,,kurtmckee__feedparser.cad965a3.lm_rewrite__o7g3k0fq.w1ud10dn,5,kurtmckee__feedparser.cad965a3.lm_rewrite__o7g3k0fq.w1ud10dn,7028,true,234,274,0,0,0,0,0,,0,0,150000000,150000000,0,0,0,ok,,
3407,,,,kurtmckee__feedparser.cad965a3.lm_rewrite__o7g3k0fq.w1ud10dn,6,kurtmckee__feedparser.cad965a3.lm_rewrite__o7g3k0fq.w1ud10dn,7538,true,18,36,0,0,0,0,0,,0,0,180000000,180000000,0,0,0,ok,,
3408,,,,kurtmckee__feedparser.cad965a3.lm_rewrite__o7g3k0fq.w1ud10dn,7,kurtmckee__feedparser.cad965a3.lm_rewrite__o7g3k0fq.w1ud10dn,7593,true,64,271,0,0,0,0,0,,0,0,210000000,210000000,0,0,0,ok,,
3409,,,,kurtmckee__feedparser.cad965a3.lm_rewrite__o7g3k0fq.w1ud10dn,8,kurtmckee__feedparser.cad965a3.lm_rewrite__o7g3k0fq.w1ud10dn,7928,true,228,87,0,0,0,0,0,,0,0,240000000,240000000,0,0,0,ok,,
3410,,,,kurtmckee__feedparser.cad965a3.lm_rewrite__o7g3k0fq.w1ud10dn,9,kurtmckee__feedparser.cad965a3.lm_rewrite__o7g3k0fq.w1ud10dn,8244,true,75,693,0,0,0,0,0,,0,0,270000000,270000000,0,0,0,ok,,
3411,,,,kurtmckee__feedparser.cad965a3.lm_rewrite__o7g3k0fq.w1ud10dn,10,kurtmckee__feedparser.cad965a3.lm_rewrite__o7g3k0fq.w1ud10dn,9013,true,18,33,0,0,0,0,0,,0,0,300000000,300000000,0,0,0,ok,,
3412,,,,kurtmckee__feedparser.cad965a3.lm_rewrite__o7g3k0fq.w1ud10dn,11,kurtmckee__feedparser.cad965a3.lm_rewrite__o7g3k0fq.w1ud10dn,9065,true,249,158,0,0,0,0,0,,0,0,330000000,330000000,0,0,0,ok,,
3413,,,,kurtmckee__feedparser.cad965a3.lm_rewrite__o7g3k0fq.w1ud10dn,12,kurtmckee__feedparser.cad965a3.lm_rewrite__o7g3k0fq.w1ud10dn,9473,true,1220,43,0,0,0,0,0,,0,0,360000000,360000000,0,0,0,ok,,
3414,,,,kurtmckee__feedparser.cad965a3.lm_rewrite__o7g3k0fq.w1ud10dn,13,kurtmckee__feedparser.cad965a3.lm_rewrite__o7g3k0fq.w1ud10dn,10736,true,15,7,0,0,0,0,0,,0,0,390000000,390000000,0,0,0,ok,,
3415,,,,tornadoweb__tornado.d5ac65c1.pr_3315.7l6jdt2a,0,tornadoweb__tornado.d5ac65c1.pr_3315.7l6jdt2a,978,true,1372,75,0,0,0,0,0,,0,0,0,0,0,0,0,ok,,
3416,,,,tornadoweb__tornado.d5ac65c1.pr_3315.7l6jdt2a,1,tornadoweb__tornado.d5ac65c1.pr_3315.7l6jdt2a,2425,true,790,75,0,0,0,0,0,,0,0,30000000,30000000,0,0,0,ok,,
3417,,,,tornadoweb__tornado.d5ac65c1.pr_3315.7l6jdt2a,2,tornadoweb__tornado.d5ac65c1.pr_3315.7l6jdt2a,3291,true,2675,375,0,0,0,0,0,,0,0,60000000,60000000,0,0,0,ok,,
3418,,,,tornadoweb__tornado.d5ac65c1.pr_3315.7l6jdt2a,3,tornadoweb__tornado.d5ac65c1.pr_3315.7l6jdt2a,6342,true,17,36,0,0,0,0,0,,0,0,90000000,90000000,0,0,0,ok,,
3419,,,,tornadoweb__tornado.d5ac65c1.pr_3315.7l6jdt2a,4,tornadoweb__tornado.d5ac65c1.pr_3315.7l6jdt2a,6395,true,45,476,0,0,0,0,0,,0,0,120000000,120000000,0,0,0,ok,,
3420,,,,tornadoweb__tornado.d5ac65c1.pr_3315.7l6jdt2a,5,tornadoweb__tornado.d5ac65c1.pr_3315.7l6jdt2a,6917,true,215,907,0,0,0,0,0,,0,0,150000000,150000000,0,0,0,ok,,
3421,,,,tornadoweb__tornado.d5ac65c1.pr_3315.7l6jdt2a,6,tornadoweb__tornado.d5ac65c1.pr_3315.7l6jdt2a,8040,true,19,33,0,0,0,0,0,,0,0,180000000,180000000,0,0,0,ok,,
3422,,,,tornadoweb__tornado.d5ac65c1.pr_3315.7l6jdt2a,7,tornadoweb__tornado.d5ac65c1.pr_3315.7l6jdt2a,8092,true,286,49,0,0,0,0,0,,0,0,210000000,210000000,0,0,0,ok,,
3423,,,,pexpect__ptyprocess.1067dbda.func_pm_ctrl_shuffle__xib4ybaf.nnuejnkz,0,pexpect__ptyprocess.1067dbda.func_pm_ctrl_shuffle__xib4ybaf.nnuejnkz,978,true,624,103,0,0,0,0,0,,0,0,0,0,0,0,0,ok,,
3424,,,,pexpect__ptyprocess.1067dbda.func_pm_ctrl_shuffle__xib4ybaf.nnuejnkz,1,pexpect__ptyprocess.1067dbda.func_pm_ctrl_shuffle__xib4ybaf.nnuejnkz,1705,true,88,49,0,0,0,0,0,,0,0,30000000,30000000,0,0,0,ok,,
3425,,,,pexpect__ptyprocess.1067dbda.func_pm_ctrl_shuffle__xib4ybaf.nnuejnkz,2,pexpect__ptyprocess.1067dbda.func_pm_ctrl_shuffle__xib4ybaf.nnuejnkz,1843,true,561,57,0,0,0,0,0,,0,0,60000000,60000000,0,0,0,ok,,
3426,,,,pexpect__ptyprocess.1067dbda.func_pm_ctrl_shuffle__xib4ybaf.nnuejnkz,3,pexpect__ptyprocess.1067dbda.func_pm_ctrl_shuffle__xib4ybaf.nnuejnkz,2462,true,1916,75,0,0,0,0,0,,0,0,90000000,90000000,0,0,0,ok,,
3427,,,,pexpect__ptyprocess.1067dbda.func_pm_ctrl_shuffle__xib4ybaf.nnuejnkz,4,pexpect__ptyprocess.1067dbda.func_pm_ctrl_shuffle__xib4ybaf.nnuejnkz,4453,true,280,46,0,0,0,0,0,,0,0,120000000,120000000,0,0,0,ok,,
3428,,,,pexpect__ptyprocess.1067dbda.func_pm_ctrl_shuffle__xib4ybaf.nnuejnkz,5,pexpect__ptyprocess.1067dbda.func_pm_ctrl_shuffle__xib4ybaf.nnuejnkz,4779,true,347,46,0,0,0,0,0,,0,0,150000000,150000000,0,0,0,ok,,
3429,,,,pexpect__ptyprocess.1067dbda.func_pm_ctrl_shuffle__xib4ybaf.nnuejnkz,6,pexpect__ptyprocess.1067dbda.func_pm_ctrl_shuffle__xib4ybaf.nnuejnkz,5173,true,457,57,0,0,0,0,0,,0,0,180000000,180000000,0,0,0,ok,,
3430,,,,pexpect__ptyprocess.1067dbda.func_pm_ctrl_shuffle__xib4ybaf.nnuejnkz,7,pexpect__ptyprocess.1067dbda.func_pm_ctrl_shuffle__xib4ybaf.nnuejnkz,5688,true,231,68,0,0,0,0,0,,0,0,210000000,210000000,0,0,0,ok,,
3431,,,,pexpect__ptyprocess.1067dbda.func_pm_ctrl_shuffle__xib4ybaf.nnuejnkz,8,pexpect__ptyprocess.1067dbda.func_pm_ctrl_shuffle__xib4ybaf.nnuejnkz,5988,true,265,66,0,0,0,0,0,,0,0,240000000,240000000,0,0,0,ok,,
3432,,,,pexpect__ptyprocess.1067dbda.func_pm_ctrl_shuffle__xib4ybaf.nnuejnkz,9,pexpect__ptyprocess.1067dbda.func_pm_ctrl_shuffle__xib4ybaf.nnuejnkz,6320,true,360,68,0,0,0,0,0,,0,0,270000000,270000000,0,0,0,ok,,
3433,,,,pexpect__ptyprocess.1067dbda.func_pm_ctrl_shuffle__xib4ybaf.nnuejnkz,10,pexpect__ptyprocess.1067dbda.func_pm_ctrl_shuffle__xib4ybaf.nnuejnkz,6749,true,645,60,0,0,0,0,0,,0,0,300000000,300000000,0,0,0,ok,,
3434,,,,pexpect__ptyprocess.1067dbda.func_pm_ctrl_shuffle__xib4ybaf.nnuejnkz,11,pexpect__ptyprocess.1067dbda.func_pm_ctrl_shuffle__xib4ybaf.nnuejnkz,7455,true,680,60,0,0,0,0,0,,0,0,330000000,330000000,0,0,0,ok,,
3435,,,,pexpect__ptyprocess.1067dbda.func_pm_ctrl_shuffle__xib4ybaf.nnuejnkz,12,pexpect__ptyprocess.1067dbda.func_pm_ctrl_shuffle__xib4ybaf.nnuejnkz,8196,true,592,45,0,0,0,0,0,,0,0,360000000,360000000,0,0,0,ok,,
3436,,,,pexpect__ptyprocess.1067dbda.func_pm_ctrl_shuffle__xib4ybaf.nnuejnkz,13,pexpect__ptyprocess.1067dbda.func_pm_ctrl_shuffle__xib4ybaf.nnuejnkz,8834,true,54,280,0,0,0,0,0,,0,0,390000000,390000000,0,0,0,ok,,
3437,,,,pexpect__ptyprocess.1067dbda.func_pm_ctrl_shuffle__xib4ybaf.nnuejnkz,14,pexpect__ptyprocess.1067dbda.func_pm_ctrl_shuffle__xib4ybaf.nnuejnkz,9168,true,17,36,0,0,0,0,0,,0,0,420000000,420000000,0,0,0,ok,,
3438,,,,pexpect__ptyprocess.1067dbda.func_pm_ctrl_shuffle__xib4ybaf.nnuejnkz,15,pexpect__ptyprocess.1067dbda.func_pm_ctrl_shuffle__xib4ybaf.nnuejnkz,9221,true,22,259,0,0,0,0,0,,0,0,450000000,450000000,0,0,0,ok,,
3439,,,,pexpect__ptyprocess.1067dbda.func_pm_ctrl_shuffle__xib4ybaf.nnuejnkz,16,pexpect__ptyprocess.1067dbda.func_pm_ctrl_shuffle__xib4ybaf.nnuejnkz,9503,true,188,32,0,0,0,0,0,,0,0,480000000,480000000,0,0,0,ok,,
3440,,,,pexpect__ptyprocess.1067dbda.func_pm_ctrl_shuffle__xib4ybaf.nnuejnkz,17,pexpect__ptyprocess.1067dbda.func_pm_ctrl_shuffle__xib4ybaf.nnuejnkz,9723,true,99,73,0,0,0,0,0,,0,0,510000000,510000000,0,0,0,ok,,
3441,,,,pexpect__ptyprocess.1067dbda.func_pm_ctrl_shuffle__xib4ybaf.nnuejnkz,18,pexpect__ptyprocess.1067dbda.func_pm_ctrl_shuffle__xib4ybaf.nnuejnkz,9896,true,347,436,0,0,0,0,0,,0,0,540000000,540000000,0,0,0,ok,,
3442,,,,pexpect__ptyprocess.1067dbda.func_pm_ctrl_shuffle__xib4ybaf.nnuejnkz,19,pexpect__ptyprocess.1067dbda.func_pm_ctrl_shuffle__xib4ybaf.nnuejnkz,10680,true,365,32,0,0,0,0,0,,0,0,570000000,570000000,0,0,0,ok,,
3443,,,,pexpect__ptyprocess.1067dbda.func_pm_ctrl_shuffle__xib4ybaf.nnuejnkz,20,pexpect__ptyprocess.1067dbda.func_pm_ctrl_shuffle__xib4ybaf.nnuejnkz,11077,true,136,567,0,0,0,0,0,,0,0,600000000,600000000,0,0,0,ok,,
3444,,,,pexpect__ptyprocess.1067dbda.func_pm_ctrl_shuffle__xib4ybaf.nnuejnkz,21,pexpect__ptyprocess.1067dbda.func_pm_ctrl_shuffle__xib4ybaf.nnuejnkz,11781,true,418,163,0,0,0,0,0,,0,0,630000000,630000000,0,0,0,ok,,
3445,,,,pexpect__ptyprocess.1067dbda.func_pm_ctrl_shuffle__xib4ybaf.nnuejnkz,22,pexpect__ptyprocess.1067dbda.func_pm_ctrl_shuffle__xib4ybaf.nnuejnkz,12362,true,21,901,0,0,0,0,0,,0,0,660000000,660000000,0,0,0,ok,,
3446,,,,pexpect__ptyprocess.1067dbda.func_pm_ctrl_shuffle__xib4ybaf.nnuejnkz,23,pexpect__ptyprocess.1067dbda.func_pm_ctrl_shuffle__xib4ybaf.nnuejnkz,13285,true,17,32,0,0,0,0,0,,0,0,690000000,690000000,0,0,0,ok,,
3447,,,,pexpect__ptyprocess.1067dbda.func_pm_ctrl_shuffle__xib4ybaf.nnuejnkz,24,pexpect__ptyprocess.1067dbda.func_pm_ctrl_shuffle__xib4ybaf.nnuejnkz,13335,true,245,349,0,0,0,0,0,,0,0,720000000,720000000,0,0,0,ok,,
3448,,,,pexpect__ptyprocess.1067dbda.func_pm_ctrl_shuffle__xib4ybaf.nnuejnkz,25,pexpect__ptyprocess.1067dbda.func_pm_ctrl_shuffle__xib4ybaf.nnuejnkz,13930,true,1642,39,0,0,0,0,0,,0,0,750000000,750000000,0,0,0,ok,,
3449,,,,pexpect__ptyprocess.1067dbda.func_pm_ctrl_shuffle__xib4ybaf.nnuejnkz,26,pexpect__ptyprocess.1067dbda.func_pm_ctrl_shuffle__xib4ybaf.nnuejnkz,15612,true,15,13,0,0,0,0,0,,0,0,780000000,780000000,0,0,0,ok,,
3450,,,,vi3k6i5__flashtext.b316c7e9.func_pm_ctrl_invert_if__u4vujemy.zvdehg4w,0,vi3k6i5__flashtext.b316c7e9.func_pm_ctrl_invert_if__u4vujemy.zvdehg4w,978,true,637,106,0,0,0,0,0,,0,0,0,0,0,0,0,ok,,
3451,,,,vi3k6i5__flashtext.b316c7e9.func_pm_ctrl_invert_if__u4vujemy.zvdehg4w,1,vi3k6i5__flashtext.b316c7e9.func_pm_ctrl_invert_if__u4vujemy.zvdehg4w,1722,true,165,52,0,0,0,0,0,,0,0,30000000,30000000,0,0,0,ok,,
3452,,,,vi3k6i5__flashtext.b316c7e9.func_pm_ctrl_invert_if__u4vujemy.zvdehg4w,2,vi3k6i5__flashtext.b316c7e9.func_pm_ctrl_invert_if__u4vujemy.zvdehg4w,1940,true,1203,65,0,0,0,0,0,,0,0,60000000,60000000,0,0,0,ok,,
3453,,,,vi3k6i5__flashtext.b316c7e9.func_pm_ctrl_invert_if__u4vujemy.zvdehg4w,3,vi3k6i5__flashtext.b316c7e9.func_pm_ctrl_invert_if__u4vujemy.zvdehg4w,3209,true,298,63,0,0,0,0,0,,0,0,90000000,90000000,0,0,0,ok,,
3454,,,,vi3k6i5__flashtext.b316c7e9.func_pm_ctrl_invert_if__u4vujemy.zvdehg4w,4,vi3k6i5__flashtext.b316c7e9.func_pm_ctrl_invert_if__u4vujemy.zvdehg4w,3570,true,196,56,0,0,0,0,0,,0,0,120000000,120000000,0,0,0,ok,,
3455,,,,vi3k6i5__flashtext.b316c7e9.func_pm_ctrl_invert_if__u4vujemy.zvdehg4w,5,vi3k6i5__flashtext.b316c7e9.func_pm_ctrl_invert_if__u4vujemy.zvdehg4w,3823,true,318,66,0,0,0,0,0,,0,0,150000000,150000000,0,0,0,ok,,
3456,,,,vi3k6i5__flashtext.b316c7e9.func_pm_ctrl_invert_if__u4vujemy.zvdehg4w,6,vi3k6i5__flashtext.b316c7e9.func_pm_ctrl_invert_if__u4vujemy.zvdehg4w,4207,true,304,55,0,0,0,0,0,,0,0,180000000,180000000,0,0,0,ok,,
3457,,,,vi3k6i5__flashtext.b316c7e9.func_pm_ctrl_invert_if__u4vujemy.zvdehg4w,7,vi3k6i5__flashtext.b316c7e9.func_pm_ctrl_invert_if__u4vujemy.zvdehg4w,4567,true,357,315,0,0,0,0,0,,0,0,210000000,210000000,0,0,0,ok,,
3458,,,,vi3k6i5__flashtext.b316c7e9.func_pm_ctrl_invert_if__u4vujemy.zvdehg4w,8,vi3k6i5__flashtext.b316c7e9.func_pm_ctrl_invert_if__u4vujemy.zvdehg4w,5240,true,17,36,0,0,0,0,0,,0,0,240000000,240000000,0,0,0,ok,,
3459,,,,vi3k6i5__flashtext.b316c7e9.func_pm_ctrl_invert_if__u4vujemy.zvdehg4w,9,vi3k6i5__flashtext.b316c7e9.func_pm_ctrl_invert_if__u4vujemy.zvdehg4w,5295,true,46,112,0,0,0,0,0,,0,0,270000000,270000000,0,0,0,ok,,
3460,,,,vi3k6i5__flashtext.b316c7e9.func_pm_ctrl_invert_if__u4vujemy.zvdehg4w,10,vi3k6i5__flashtext.b316c7e9.func_pm_ctrl_invert_if__u4vujemy.zvdehg4w,5453,true,318,644,0,0,0,0,0,,0,0,300000000,300000000,0,0,0,ok,,
3461,,,,vi3k6i5__flashtext.b316c7e9.func_pm_ctrl_invert_if__u4vujemy.zvdehg4w,11,vi3k6i5__flashtext.b316c7e9.func_pm_ctrl_invert_if__u4vujemy.zvdehg4w,6415,true,400,32,0,0,0,0,0,,0,0,330000000,330000000,0,0,0,ok,,
3462,,,,vi3k6i5__flashtext.b316c7e9.func_pm_ctrl_invert_if__u4vujemy.zvdehg4w,12,vi3k6i5__flashtext.b316c7e9.func_pm_ctrl_invert_if__u4vujemy.zvdehg4w,6848,true,65,113,0,0,0,0,0,,0,0,360000000,360000000,0,0,0,ok,,
3463,,,,vi3k6i5__flashtext.b316c7e9.func_pm_ctrl_invert_if__u4vujemy.zvdehg4w,13,vi3k6i5__flashtext.b316c7e9.func_pm_ctrl_invert_if__u4vujemy.zvdehg4w,7026,true,318,589,0,0,0,0,0,,0,0,390000000,390000000,0,0,0,ok,,
3464,,,,vi3k6i5__flashtext.b316c7e9.func_pm_ctrl_invert_if__u4vujemy.zvdehg4w,14,vi3k6i5__flashtext.b316c7e9.func_pm_ctrl_invert_if__u4vujemy.zvdehg4w,7934,true,449,41,0,0,0,0,0,,0,0,420000000,420000000,0,0,0,ok,,
3465,,,,vi3k6i5__flashtext.b316c7e9.func_pm_ctrl_invert_if__u4vujemy.zvdehg4w,15,vi3k6i5__flashtext.b316c7e9.func_pm_ctrl_invert_if__u4vujemy.zvdehg4w,8425,true,68,299,0,0,0,0,0,,0,0,450000000,450000000,0,0,0,ok,,
3466,,,,vi3k6i5__flashtext.b316c7e9.func_pm_ctrl_invert_if__u4vujemy.zvdehg4w,16,vi3k6i5__flashtext.b316c7e9.func_pm_ctrl_invert_if__u4vujemy.zvdehg4w,8793,true,16,23,0,0,0,0,0,,0,0,480000000,480000000,0,0,0,ok,,
3467,,,,vi3k6i5__flashtext.b316c7e9.func_pm_ctrl_invert_if__u4vujemy.zvdehg4w,17,vi3k6i5__flashtext.b316c7e9.func_pm_ctrl_invert_if__u4vujemy.zvdehg4w,8832,true,7,101,0,0,0,0,0,,0,0,510000000,510000000,0,0,0,ok,,
3468,,,,vi3k6i5__flashtext.b316c7e9.func_pm_ctrl_invert_if__u4vujemy.zvdehg4w,18,vi3k6i5__flashtext.b316c7e9.func_pm_ctrl_invert_if__u4vujemy.zvdehg4w,8941,true,733,92,0,0,0,0,0,,0,0,540000000,540000000,0,0,0,ok,,
3469,,,,vi3k6i5__flashtext.b316c7e9.func_pm_ctrl_invert_if__u4vujemy.zvdehg4w,19,vi3k6i5__flashtext.b316c7e9.func_pm_ctrl_invert_if__u4vujemy.zvdehg4w,9766,true,29,51,0,0,0,0,0,,0,0,570000000,570000000,0,0,0,ok,,
3470,,,,vi3k6i5__flashtext.b316c7e9.func_pm_ctrl_invert_if__u4vujemy.zvdehg4w,20,vi3k6i5__flashtext.b316c7e9.func_pm_ctrl_invert_if__u4vujemy.zvdehg4w,9847,true,44,642,0,0,0,0,0,,0,0,600000000,600000000,0,0,0,ok,,
3471,,,,vi3k6i5__flashtext.b316c7e9.func_pm_ctrl_invert_if__u4vujemy.zvdehg4w,21,vi3k6i5__flashtext.b316c7e9.func_pm_ctrl_invert_if__u4vujemy.zvdehg4w,10533,true,16,23,0,0,0,0,0,,0,0,630000000,630000000,0,0,0,ok,,
3472,,,,vi3k6i5__flashtext.b316c7e9.func_pm_ctrl_invert_if__u4vujemy.zvdehg4w,22,vi3k6i5__flashtext.b316c7e9.func_pm_ctrl_invert_if__u4vujemy.zvdehg4w,10573,true,199,279,0,0,0,0,0,,0,0,660000000,660000000,0,0,0,ok,,
3473,,,,vi3k6i5__flashtext.b316c7e9.func_pm_ctrl_invert_if__u4vujemy.zvdehg4w,23,vi3k6i5__flashtext.b316c7e9.func_pm_ctrl_invert_if__u4vujemy.zvdehg4w,11051,true,1536,49,0,0,0,0,0,,0,0,690000000,690000000,0,0,0,ok,,
3474,,,,vi3k6i5__flashtext.b316c7e9.func_pm_ctrl_invert_if__u4vujemy.zvdehg4w,24,vi3k6i5__flashtext.b316c7e9.func_pm_ctrl_invert_if__u4vujemy.zvdehg4w,12637,true,15,13,0,0,0,0,0,,0,0,720000000,720000000,0,0,0,ok,,
3475,,,,seperman__deepdiff.ed252022.pr_385.vwy0xgql,0,seperman__deepdiff.ed252022.pr_385.vwy0xgql,978,true,616,107,0,0,0,0,0,,0,0,0,0,0,0,0,ok,,
3476,,,,seperman__deepdiff.ed252022.pr_385.vwy0xgql,1,seperman__deepdiff.ed252022.pr_385.vwy0xgql,1701,true,319,61,0,0,0,0,0,,0,0,30000000,30000000,0,0,0,ok,,
3477,,,,seperman__deepdiff.ed252022.pr_385.vwy0xgql,2,seperman__deepdiff.ed252022.pr_385.vwy0xgql,2081,true,2118,68,0,0,0,0,0,,0,0,60000000,60000000,0,0,0,ok,,
3478,,,,seperman__deepdiff.ed252022.pr_385.vwy0xgql,3,seperman__deepdiff.ed252022.pr_385.vwy0xgql,4268,true,1166,65,0,0,0,0,0,,0,0,90000000,90000000,0,0,0,ok,,
3479,,,,seperman__deepdiff.ed252022.pr_385.vwy0xgql,4,seperman__deepdiff.ed252022.pr_385.vwy0xgql,5500,true,273,72,0,0,0,0,0,,0,0,120000000,120000000,0,0,0,ok,,
3480,,,,seperman__deepdiff.ed252022.pr_385.vwy0xgql,5,seperman__deepdiff.ed252022.pr_385.vwy0xgql,5845,true,1323,156,0,0,0,0,0,,0,0,150000000,150000000,0,0,0,ok,,
3481,,,,seperman__deepdiff.ed252022.pr_385.vwy0xgql,6,seperman__deepdiff.ed252022.pr_385.vwy0xgql,7326,true,17,35,0,0,0,0,0,,0,0,180000000,180000000,0,0,0,ok,,
3482,,,,seperman__deepdiff.ed252022.pr_385.vwy0xgql,7,seperman__deepdiff.ed252022.pr_385.vwy0xgql,7378,true,103,75,0,0,0,0,0,,0,0,210000000,210000000,0,0,0,ok,,
3483,,,,seperman__deepdiff.ed252022.pr_385.vwy0xgql,8,seperman__deepdiff.ed252022.pr_385.vwy0xgql,7557,true,271,173,0,0,0,0,0,,0,0,240000000,240000000,0,0,0,ok,,
3484,,,,seperman__deepdiff.ed252022.pr_385.vwy0xgql,9,seperman__deepdiff.ed252022.pr_385.vwy0xgql,8002,true,203,32,0,0,0,0,0,,0,0,270000000,270000000,0,0,0,ok,,
3485,,,,seperman__deepdiff.ed252022.pr_385.vwy0xgql,10,seperman__deepdiff.ed252022.pr_385.vwy0xgql,8238,true,49,834,0,0,0,0,0,,0,0,300000000,300000000,0,0,0,ok,,
3486,,,,seperman__deepdiff.ed252022.pr_385.vwy0xgql,11,seperman__deepdiff.ed252022.pr_385.vwy0xgql,9122,true,576,191,0,0,0,0,0,,0,0,330000000,330000000,0,0,0,ok,,
3487,,,,seperman__deepdiff.ed252022.pr_385.vwy0xgql,12,seperman__deepdiff.ed252022.pr_385.vwy0xgql,9890,true,49,644,0,0,0,0,0,,0,0,360000000,360000000,0,0,0,ok,,
3488,,,,seperman__deepdiff.ed252022.pr_385.vwy0xgql,13,seperman__deepdiff.ed252022.pr_385.vwy0xgql,10584,true,17,32,0,0,0,0,0,,0,0,390000000,390000000,0,0,0,ok,,
3489,,,,seperman__deepdiff.ed252022.pr_385.vwy0xgql,14,seperman__deepdiff.ed252022.pr_385.vwy0xgql,10634,true,47,849,0,0,0,0,0,,0,0,420000000,420000000,0,0,0,ok,,
3490,,,,seperman__deepdiff.ed252022.pr_385.vwy0xgql,15,seperman__deepdiff.ed252022.pr_385.vwy0xgql,11531,true,486,35,0,0,0,0,0,,0,0,450000000,450000000,0,0,0,ok,,
3491,,,,seperman__deepdiff.ed252022.pr_385.vwy0xgql,16,seperman__deepdiff.ed252022.pr_385.vwy0xgql,12053,true,185,930,0,0,0,0,0,,0,0,480000000,480000000,0,0,0,ok,,
3492,,,,seperman__deepdiff.ed252022.pr_385.vwy0xgql,17,seperman__deepdiff.ed252022.pr_385.vwy0xgql,13169,true,626,34,0,0,0,0,0,,0,0,510000000,510000000,0,0,0,ok,,
3493,,,,seperman__deepdiff.ed252022.pr_385.vwy0xgql,18,seperman__deepdiff.ed252022.pr_385.vwy0xgql,13830,true,304,367,0,0,0,0,0,,0,0,540000000,540000000,0,0,0,ok,,
3494,,,,seperman__deepdiff.ed252022.pr_385.vwy0xgql,19,seperman__deepdiff.ed252022.pr_385.vwy0xgql,14501,true,1244,39,0,0,0,0,0,,0,0,570000000,570000000,0,0,0,ok,,
3495,,,,seperman__deepdiff.ed252022.pr_385.vwy0xgql,20,seperman__deepdiff.ed252022.pr_385.vwy0xgql,15784,true,15,13,0,0,0,0,0,,0,0,600000000,600000000,0,0,0,ok,,
3496,,,,rsalmei__alive-progress.35853799.lm_rewrite__el8rl392.hjddl64w,0,rsalmei__alive-progress.35853799.lm_rewrite__el8rl392.hjddl64w,978,true,648,100,0,0,0,0,0,,0,0,0,0,0,0,0,ok,,
3497,,,,rsalmei__alive-progress.35853799.lm_rewrite__el8rl392.hjddl64w,1,rsalmei__alive-progress.35853799.lm_rewrite__el8rl392.hjddl64w,1726,true,39,72,0,0,0,0,0,,0,0,30000000,30000000,0,0,0,ok,,
3498,,,,rsalmei__alive-progress.35853799.lm_rewrite__el8rl392.hjddl64w,2,rsalmei__alive-progress.35853799.lm_rewrite__el8rl392.hjddl64w,1838,true,3431,57,0,0,0,0,0,,0,0,60000000,60000000,0,0,0,ok,,
3499,,,,rsalmei__alive-progress.35853799.lm_rewrite__el8rl392.hjddl64w,3,rsalmei__alive-progress.35853799.lm_rewrite__el8rl392.hjddl64w,5327,true,2567,52,0,0,0,0,0,,0,0,90000000,90000000,0,0,0,ok,,
3500,,,,rsalmei__alive-progress.35853799.lm_rewrite__el8rl392.hjddl64w,4,rsalmei__alive-progress.35853799.lm_rewrite__el8rl392.hjddl64w,7947,true,4209,53,0,0,0,0,0,,0,0,120000000,120000000,0,0,0,ok,,
3501,,,,rsalmei__alive-progress.35853799.lm_rewrite__el8rl392.hjddl64w,5,rsalmei__alive-progress.35853799.lm_rewrite__el8rl392.hjddl64w,12210,true,1459,424,0,0,0,0,0,,0,0,150000000,150000000,0,0,0,ok,,
3502,,,,rsalmei__alive-progress.35853799.lm_rewrite__el8rl392.hjddl64w,6,rsalmei__alive-progress.35853799.lm_rewrite__el8rl392.hjddl64w,14094,true,17,34,0,0,0,0,0,,0,0,180000000,180000000,0,0,0,ok,,
3503,,,,rsalmei__alive-progress.35853799.lm_rewrite__el8rl392.hjddl64w,7,rsalmei__alive-progress.35853799.lm_rewrite__el8rl392.hjddl64w,14146,true,477,1358,0,0,0,0,0,,0,0,210000000,210000000,0,0,0,ok,,
3504,,,,rsalmei__alive-progress.35853799.lm_rewrite__el8rl392.hjddl64w,8,rsalmei__alive-progress.35853799.lm_rewrite__el8rl392.hjddl64w,15982,true,870,157,0,0,0,0,0,,0,0,240000000,240000000,0,0,0,ok,,
3505,,,,rsalmei__alive-progress.35853799.lm_rewrite__el8rl392.hjddl64w,9,rsalmei__alive-progress.35853799.lm_rewrite__el8rl392.hjddl64w,17009,true,480,1263,0,0,0,0,0,,0,0,270000000,270000000,0,0,0,ok,,
3506,,,,rsalmei__alive-progress.35853799.lm_rewrite__el8rl392.hjddl64w,10,rsalmei__alive-progress.35853799.lm_rewrite__el8rl392.hjddl64w,18753,true,935,135,0,0,0,0,0,,0,0,300000000,300000000,0,0,0,ok,,
3507,,,,rsalmei__alive-progress.35853799.lm_rewrite__el8rl392.hjddl64w,11,rsalmei__alive-progress.35853799.lm_rewrite__el8rl392.hjddl64w,19824,true,258,1260,0,0,0,0,0,,0,0,330000000,330000000,0,0,0,ok,,
3508,,,,rsalmei__alive-progress.35853799.lm_rewrite__el8rl392.hjddl64w,12,rsalmei__alive-progress.35853799.lm_rewrite__el8rl392.hjddl64w,21342,true,850,130,0,0,0,0,0,,0,0,360000000,360000000,0,0,0,ok,,
3509,,,,rsalmei__alive-progress.35853799.lm_rewrite__el8rl392.hjddl64w,13,rsalmei__alive-progress.35853799.lm_rewrite__el8rl392.hjddl64w,22323,true,258,1350,0,0,0,0,0,,0,0,390000000,390000000,0,0,0,ok,,
3510,,,,rsalmei__alive-progress.35853799.lm_rewrite__el8rl392.hjddl64w,14,rsalmei__alive-progress.35853799.lm_rewrite__el8rl392.hjddl64w,23931,true,1026,147,0,0,0,0,0,,0,0,420000000,420000000,0,0,0,ok,,
3511,,,,rsalmei__alive-progress.35853799.lm_rewrite__el8rl392.hjddl64w,15,rsalmei__alive-progress.35853799.lm_rewrite__el8rl392.hjddl64w,25104,true,126,497,0,0,0,0,0,,0,0,450000000,450000000,0,0,0,ok,,
3512,,,,rsalmei__alive-progress.35853799.lm_rewrite__el8rl392.hjddl64w,16,rsalmei__alive-progress.35853799.lm_rewrite__el8rl392.hjddl64w,25729,true,17,32,0,0,0,0,0,,0,0,480000000,480000000,0,0,0,ok,,
3513,,,,rsalmei__alive-progress.35853799.lm_rewrite__el8rl392.hjddl64w,17,rsalmei__alive-progress.35853799.lm_rewrite__el8rl392.hjddl64w,25779,true,175,1556,0,0,0,0,0,,0,0,510000000,510000000,0,0,0,ok,,
3514,,,,rsalmei__alive-progress.35853799.lm_rewrite__el8rl392.hjddl64w,18,rsalmei__alive-progress.35853799.lm_rewrite__el8rl392.hjddl64w,27510,true,1129,107,0,0,0,0,0,,0,0,540000000,540000000,0,0,0,ok,,
3515,,,,rsalmei__alive-progress.35853799.lm_rewrite__el8rl392.hjddl64w,19,rsalmei__alive-progress.35853799.lm_rewrite__el8rl392.hjddl64w,28748,true,437,1690,0,0,0,0,0,,0,0,570000000,570000000,0,0,0,ok,,
3516,,,,rsalmei__alive-progress.35853799.lm_rewrite__el8rl392.hjddl64w,20,rsalmei__alive-progress.35853799.lm_rewrite__el8rl392.hjddl64w,30876,true,1188,135,0,0,0,0,0,,0,0,600000000,600000000,0,0,0,ok,,
3517,,,,rsalmei__alive-progress.35853799.lm_rewrite__el8rl392.hjddl64w,21,rsalmei__alive-progress.35853799.lm_rewrite__el8rl392.hjddl64w,32200,true,252,57,0,0,0,0,0,,0,0,630000000,630000000,0,0,0,ok,,
3518,,,,rsalmei__alive-progress.35853799.lm_rewrite__el8rl392.hjddl64w,22,rsalmei__alive-progress.35853799.lm_rewrite__el8rl392.hjddl64w,32509,true,126,279,0,0,0,0,0,,0,0,660000000,660000000,0,0,0,ok,,
3519,,,,rsalmei__alive-progress.35853799.lm_rewrite__el8rl392.hjddl64w,23,rsalmei__alive-progress.35853799.lm_rewrite__el8rl392.hjddl64w,32916,true,1753,41,0,0,0,0,0,,0,0,690000000,690000000,0,0,0,ok,,
3520,,,,rsalmei__alive-progress.35853799.lm_rewrite__el8rl392.hjddl64w,24,rsalmei__alive-progress.35853799.lm_rewrite__el8rl392.hjddl64w,34711,true,15,7,0,0,0,0,0,,0,0,720000000,720000000,0,0,0,ok,,
3521,,,,oauthlib__oauthlib.1fd52536.lm_rewrite__qs5qapuw.9bmyw9fg,0,oauthlib__oauthlib.1fd52536.lm_rewrite__qs5qapuw.9bmyw9fg,978,true,760,111,0,0,0,0,0,,0,0,0,0,0,0,0,ok,,
3522,,,,oauthlib__oauthlib.1fd52536.lm_rewrite__qs5qapuw.9bmyw9fg,1,oauthlib__oauthlib.1fd52536.lm_rewrite__qs5qapuw.9bmyw9fg,1849,true,806,74,0,0,0,0,0,,0,0,30000000,30000000,0,0,0,ok,,
3523,,,,oauthlib__oauthlib.1fd52536.lm_rewrite__qs5qapuw.9bmyw9fg,2,oauthlib__oauthlib.1fd52536.lm_rewrite__qs5qapuw.9bmyw9fg,2730,true,4572,57,0,0,0,0,0,,0,0,60000000,60000000,0,0,0,ok,,
3524,,,,oauthlib__oauthlib.1fd52536.lm_rewrite__qs5qapuw.9bmyw9fg,3,oauthlib__oauthlib.1fd52536.lm_rewrite__qs5qapuw.9bmyw9fg,7360,true,1524,57,0,0,0,0,0,,0,0,90000000,90000000,0,0,0,ok,,
3525,,,,oauthlib__oauthlib.1fd52536.lm_rewrite__qs5qapuw.9bmyw9fg,4,oauthlib__oauthlib.1fd52536.lm_rewrite__qs5qapuw.9bmyw9fg,8941,true,4059,65,0,0,0,0,0,,0,0,120000000,120000000,0,0,0,ok,,
3526,,,,oauthlib__oauthlib.1fd52536.lm_rewrite__qs5qapuw.9bmyw9fg,5,oauthlib__oauthlib.1fd52536.lm_rewrite__qs5qapuw.9bmyw9fg,13067,true,27,44,0,0,0,0,0,,0,0,150000000,150000000,0,0,0,ok,,
3527,,,,oauthlib__oauthlib.1fd52536.lm_rewrite__qs5qapuw.9bmyw9fg,6,oauthlib__oauthlib.1fd52536.lm_rewrite__qs5qapuw.9bmyw9fg,13138,true,162,57,0,0,0,0,0,,0,0,180000000,180000000,0,0,0,ok,,
3528,,,,oauthlib__oauthlib.1fd52536.lm_rewrite__qs5qapuw.9bmyw9fg,7,oauthlib__oauthlib.1fd52536.lm_rewrite__qs5qapuw.9bmyw9fg,13358,true,947,62,0,0,0,0,0,,0,0,210000000,210000000,0,0,0,ok,,
3529,,,,oauthlib__oauthlib.1fd52536.lm_rewrite__qs5qapuw.9bmyw9fg,8,oauthlib__oauthlib.1fd52536.lm_rewrite__qs5qapuw.9bmyw9fg,14368,true,1161,57,0,0,0,0,0,,0,0,240000000,240000000,0,0,0,ok,,
3530,,,,oauthlib__oauthlib.1fd52536.lm_rewrite__qs5qapuw.9bmyw9fg,9,oauthlib__oauthlib.1fd52536.lm_rewrite__qs5qapuw.9bmyw9fg,15586,true,903,57,0,0,0,0,0,,0,0,270000000,270000000,0,0,0,ok,,
3531,,,,oauthlib__oauthlib.1fd52536.lm_rewrite__qs5qapuw.9bmyw9fg,10,oauthlib__oauthlib.1fd52536.lm_rewrite__qs5qapuw.9bmyw9fg,16547,true,966,60,0,0,0,0,0,,0,0,300000000,300000000,0,0,0,ok,,
3532,,,,oauthlib__oauthlib.1fd52536.lm_rewrite__qs5qapuw.9bmyw9fg,11,oauthlib__oauthlib.1fd52536.lm_rewrite__qs5qapuw.9bmyw9fg,17574,true,33,53,0,0,0,0,0,,0,0,330000000,330000000,0,0,0,ok,,
3533,,,,oauthlib__oauthlib.1fd52536.lm_rewrite__qs5qapuw.9bmyw9fg,12,oauthlib__oauthlib.1fd52536.lm_rewrite__qs5qapuw.9bmyw9fg,17660,true,385,188,0,0,0,0,0,,0,0,360000000,360000000,0,0,0,ok,,
3534,,,,oauthlib__oauthlib.1fd52536.lm_rewrite__qs5qapuw.9bmyw9fg,13,oauthlib__oauthlib.1fd52536.lm_rewrite__qs5qapuw.9bmyw9fg,18234,true,17,36,0,0,0,0,0,,0,0,390000000,390000000,0,0,0,ok,,
3535,,,,oauthlib__oauthlib.1fd52536.lm_rewrite__qs5qapuw.9bmyw9fg,14,oauthlib__oauthlib.1fd52536.lm_rewrite__qs5qapuw.9bmyw9fg,18288,true,10,650,0,0,0,0,0,,0,0,420000000,420000000,0,0,0,ok,,
3536,,,,oauthlib__oauthlib.1fd52536.lm_rewrite__qs5qapuw.9bmyw9fg,15,oauthlib__oauthlib.1fd52536.lm_rewrite__qs5qapuw.9bmyw9fg,18948,true,483,36,0,0,0,0,0,,0,0,450000000,450000000,0,0,0,ok,,
3537,,,,oauthlib__oauthlib.1fd52536.lm_rewrite__qs5qapuw.9bmyw9fg,16,oauthlib__oauthlib.1fd52536.lm_rewrite__qs5qapuw.9bmyw9fg,19468,true,291,484,0,0,0,0,0,,0,0,480000000,480000000,0,0,0,ok,,
3538,,,,oauthlib__oauthlib.1fd52536.lm_rewrite__qs5qapuw.9bmyw9fg,17,oauthlib__oauthlib.1fd52536.lm_rewrite__qs5qapuw.9bmyw9fg,20244,true,17,32,0,0,0,0,0,,0,0,510000000,510000000,0,0,0,ok,,
3539,,,,oauthlib__oauthlib.1fd52536.lm_rewrite__qs5qapuw.9bmyw9fg,18,oauthlib__oauthlib.1fd52536.lm_rewrite__qs5qapuw.9bmyw9fg,20294,true,171,316,0,0,0,0,0,,0,0,540000000,540000000,0,0,0,ok,,
3540,,,,oauthlib__oauthlib.1fd52536.lm_rewrite__qs5qapuw.9bmyw9fg,19,oauthlib__oauthlib.1fd52536.lm_rewrite__qs5qapuw.9bmyw9fg,20782,true,1105,41,0,0,0,0,0,,0,0,570000000,570000000,0,0,0,ok,,
3541,,,,oauthlib__oauthlib.1fd52536.lm_rewrite__qs5qapuw.9bmyw9fg,20,oauthlib__oauthlib.1fd52536.lm_rewrite__qs5qapuw.9bmyw9fg,21928,true,15,7,0,0,0,0,0,,0,0,600000000,600000000,0,0,0,ok,,
3542,,,,mozilla__bleach.73871d76.lm_rewrite__bd9ti9bc.1sn23pga,0,mozilla__bleach.73871d76.lm_rewrite__bd9ti9bc.1sn23pga,978,true,677,106,0,0,0,0,0,,0,0,0,0,0,0,0,ok,,
3543,,,,mozilla__bleach.73871d76.lm_rewrite__bd9ti9bc.1sn23pga,1,mozilla__bleach.73871d76.lm_rewrite__bd9ti9bc.1sn23pga,1761,true,622,89,0,0,0,0,0,,0,0,30000000,30000000,0,0,0,ok,,
3544,,,,mozilla__bleach.73871d76.lm_rewrite__bd9ti9bc.1sn23pga,2,mozilla__bleach.73871d76.lm_rewrite__bd9ti9bc.1sn23pga,2473,true,216,33,0,0,0,0,0,,0,0,60000000,60000000,0,0,0,ok,,
3545,,,,mozilla__bleach.73871d76.lm_rewrite__bd9ti9bc.1sn23pga,3,mozilla__bleach.73871d76.lm_rewrite__bd9ti9bc.1sn23pga,2723,true,1206,75,0,0,0,0,0,,0,0,90000000,90000000,0,0,0,ok,,
3546,,,,mozilla__bleach.73871d76.lm_rewrite__bd9ti9bc.1sn23pga,4,mozilla__bleach.73871d76.lm_rewrite__bd9ti9bc.1sn23pga,4004,true,103,57,0,0,0,0,0,,0,0,120000000,120000000,0,0,0,ok,,
3547,,,,mozilla__bleach.73871d76.lm_rewrite__bd9ti9bc.1sn23pga,5,mozilla__bleach.73871d76.lm_rewrite__bd9ti9bc.1sn23pga,4164,true,110,277,0,0,0,0,0,,0,0,150000000,150000000,0,0,0,ok,,
3548,,,,mozilla__bleach.73871d76.lm_rewrite__bd9ti9bc.1sn23pga,6,mozilla__bleach.73871d76.lm_rewrite__bd9ti9bc.1sn23pga,4552,true,17,36,0,0,0,0,0,,0,0,180000000,180000000,0,0,0,ok,,
3549,,,,mozilla__bleach.73871d76.lm_rewrite__bd9ti9bc.1sn23pga,7,mozilla__bleach.73871d76.lm_rewrite__bd9ti9bc.1sn23pga,4606,true,49,362,0,0,0,0,0,,0,0,210000000,210000000,0,0,0,ok,,
3550,,,,mozilla__bleach.73871d76.lm_rewrite__bd9ti9bc.1sn23pga,8,mozilla__bleach.73871d76.lm_rewrite__bd9ti9bc.1sn23pga,5018,true,241,56,0,0,0,0,0,,0,0,240000000,240000000,0,0,0,ok,,
3551,,,,mozilla__bleach.73871d76.lm_rewrite__bd9ti9bc.1sn23pga,9,mozilla__bleach.73871d76.lm_rewrite__bd9ti9bc.1sn23pga,5316,true,45,518,0,0,0,0,0,,0,0,270000000,270000000,0,0,0,ok,,
3552,,,,mozilla__bleach.73871d76.lm_rewrite__bd9ti9bc.1sn23pga,10,mozilla__bleach.73871d76.lm_rewrite__bd9ti9bc.1sn23pga,5880,true,17,33,0,0,0,0,0,,0,0,300000000,300000000,0,0,0,ok,,
3553,,,,mozilla__bleach.73871d76.lm_rewrite__bd9ti9bc.1sn23pga,11,mozilla__bleach.73871d76.lm_rewrite__bd9ti9bc.1sn23pga,5932,true,247,344,0,0,0,0,0,,0,0,330000000,330000000,0,0,0,ok,,
3554,,,,mozilla__bleach.73871d76.lm_rewrite__bd9ti9bc.1sn23pga,12,mozilla__bleach.73871d76.lm_rewrite__bd9ti9bc.1sn23pga,6523,true,250,199,0,0,0,0,0,,0,0,360000000,360000000,0,0,0,ok,,
3555,,,,mozilla__bleach.73871d76.lm_rewrite__bd9ti9bc.1sn23pga,13,mozilla__bleach.73871d76.lm_rewrite__bd9ti9bc.1sn23pga,6972,true,200,46,0,0,0,0,0,,0,0,390000000,390000000,0,0,0,ok,,
3556,,,,mozilla__bleach.73871d76.lm_rewrite__bd9ti9bc.1sn23pga,14,mozilla__bleach.73871d76.lm_rewrite__bd9ti9bc.1sn23pga,7220,true,239,318,0,0,0,0,0,,0,0,420000000,420000000,0,0,0,ok,,
3557,,,,mozilla__bleach.73871d76.lm_rewrite__bd9ti9bc.1sn23pga,15,mozilla__bleach.73871d76.lm_rewrite__bd9ti9bc.1sn23pga,7778,true,1126,41,0,0,0,0,0,,0,0,450000000,450000000,0,0,0,ok,,
3558,,,,mozilla__bleach.73871d76.lm_rewrite__bd9ti9bc.1sn23pga,16,mozilla__bleach.73871d76.lm_rewrite__bd9ti9bc.1sn23pga,8946,true,15,7,0,0,0,0,0,,0,0,480000000,480000000,0,0,0,ok,,
3559,,,,agronholm__typeguard.b6a7e438.pr_350.jtalnnvy,0,agronholm__typeguard.b6a7e438.pr_350.jtalnnvy,978,true,991,77,0,0,0,0,0,,0,0,0,0,0,0,0,ok,,
3560,,,,agronholm__typeguard.b6a7e438.pr_350.jtalnnvy,1,agronholm__typeguard.b6a7e438.pr_350.jtalnnvy,2046,true,243,47,0,0,0,0,0,,0,0,30000000,30000000,0,0,0,ok,,
3561,,,,agronholm__typeguard.b6a7e438.pr_350.jtalnnvy,2,agronholm__typeguard.b6a7e438.pr_350.jtalnnvy,2337,true,167,58,0,0,0,0,0,,0,0,60000000,60000000,0,0,0,ok,,
3562,,,,agronholm__typeguard.b6a7e438.pr_350.jtalnnvy,3,agronholm__typeguard.b6a7e438.pr_350.jtalnnvy,2563,true,2665,56,0,0,0,0,0,,0,0,90000000,90000000,0,0,0,ok,,
3563,,,,agronholm__typeguard.b6a7e438.pr_350.jtalnnvy,4,agronholm__typeguard.b6a7e438.pr_350.jtalnnvy,5284,true,638,54,0,0,0,0,0,,0,0,120000000,120000000,0,0,0,ok,,
3564,,,,agronholm__typeguard.b6a7e438.pr_350.jtalnnvy,5,agronholm__typeguard.b6a7e438.pr_350.jtalnnvy,5976,true,951,84,0,0,0,0,0,,0,0,150000000,150000000,0,0,0,ok,,
3565,,,,agronholm__typeguard.b6a7e438.pr_350.jtalnnvy,6,agronholm__typeguard.b6a7e438.pr_350.jtalnnvy,7012,true,15,33,0,0,0,0,0,,0,0,180000000,180000000,0,0,0,ok,,
3566,,,,agronholm__typeguard.b6a7e438.pr_350.jtalnnvy,7,agronholm__typeguard.b6a7e438.pr_350.jtalnnvy,7061,true,139,360,0,0,0,0,0,,0,0,210000000,210000000,0,0,0,ok,,
3567,,,,agronholm__typeguard.b6a7e438.pr_350.jtalnnvy,8,agronholm__typeguard.b6a7e438.pr_350.jtalnnvy,7561,true,225,393,0,0,0,0,0,,0,0,240000000,240000000,0,0,0,ok,,
3568,,,,agronholm__typeguard.b6a7e438.pr_350.jtalnnvy,9,agronholm__typeguard.b6a7e438.pr_350.jtalnnvy,8180,true,339,283,0,0,0,0,0,,0,0,270000000,270000000,0,0,0,ok,,
3569,,,,agronholm__typeguard.b6a7e438.pr_350.jtalnnvy,10,agronholm__typeguard.b6a7e438.pr_350.jtalnnvy,8802,true,299,43,0,0,0,0,0,,0,0,300000000,300000000,0,0,0,ok,,
3570,,,,agronholm__typeguard.b6a7e438.pr_350.jtalnnvy,11,agronholm__typeguard.b6a7e438.pr_350.jtalnnvy,9145,true,15,142,0,0,0,0,0,,0,0,330000000,330000000,0,0,0,ok,,
3571,,,,agronholm__typeguard.b6a7e438.pr_350.jtalnnvy,12,agronholm__typeguard.b6a7e438.pr_350.jtalnnvy,9302,true,17,24,0,0,0,0,0,,0,0,360000000,360000000,0,0,0,ok,,
3572,,,,agronholm__typeguard.b6a7e438.pr_350.jtalnnvy,13,agronholm__typeguard.b6a7e438.pr_350.jtalnnvy,9344,true,15,105,0,0,0,0,0,,0,0,390000000,390000000,0,0,0,ok,,
3573,,,,agronholm__typeguard.b6a7e438.pr_350.jtalnnvy,14,agronholm__typeguard.b6a7e438.pr_350.jtalnnvy,9465,true,16,24,0,0,0,0,0,,0,0,420000000,420000000,0,0,0,ok,,
3574,,,,agronholm__typeguard.b6a7e438.pr_350.jtalnnvy,15,agronholm__typeguard.b6a7e438.pr_350.jtalnnvy,9506,true,15,94,0,0,0,0,0,,0,0,450000000,450000000,0,0,0,ok,,
3575,,,,agronholm__typeguard.b6a7e438.pr_350.jtalnnvy,16,agronholm__typeguard.b6a7e438.pr_350.jtalnnvy,9615,true,17,25,0,0,0,0,0,,0,0,480000000,480000000,0,0,0,ok,,
3576,,,,agronholm__typeguard.b6a7e438.pr_350.jtalnnvy,17,agronholm__typeguard.b6a7e438.pr_350.jtalnnvy,9658,true,15,291,0,0,0,0,0,,0,0,510000000,510000000,0,0,0,ok,,
3577,,,,Project-MONAI__MONAI.a09c1f08.func_pm_remove_assign__4iqnp8k6.4id5qc8s,0,Project-MONAI__MONAI.a09c1f08.func_pm_remove_assign__4iqnp8k6.4id5qc8s,978,true,605,112,0,0,0,0,0,,0,0,0,0,0,0,0,ok,,
3578,,,,Project-MONAI__MONAI.a09c1f08.func_pm_remove_assign__4iqnp8k6.4id5qc8s,1,Project-MONAI__MONAI.a09c1f08.func_pm_remove_assign__4iqnp8k6.4id5qc8s,1696,true,118,62,0,0,0,0,0,,0,0,30000000,30000000,0,0,0,ok,,
3579,,,,Project-MONAI__MONAI.a09c1f08.func_pm_remove_assign__4iqnp8k6.4id5qc8s,2,Project-MONAI__MONAI.a09c1f08.func_pm_remove_assign__4iqnp8k6.4id5qc8s,1876,true,4236,58,0,0,0,0,0,,0,0,60000000,60000000,0,0,0,ok,,
3580,,,,Project-MONAI__MONAI.a09c1f08.func_pm_remove_assign__4iqnp8k6.4id5qc8s,3,Project-MONAI__MONAI.a09c1f08.func_pm_remove_assign__4iqnp8k6.4id5qc8s,6170,true,14,61,0,0,0,0,0,,0,0,90000000,90000000,0,0,0,ok,,
3581,,,,Project-MONAI__MONAI.a09c1f08.func_pm_remove_assign__4iqnp8k6.4id5qc8s,4,Project-MONAI__MONAI.a09c1f08.func_pm_remove_assign__4iqnp8k6.4id5qc8s,6246,true,1452,165,0,0,0,0,0,,0,0,120000000,120000000,0,0,0,ok,,
3582,,,,Project-MONAI__MONAI.a09c1f08.func_pm_remove_assign__4iqnp8k6.4id5qc8s,5,Project-MONAI__MONAI.a09c1f08.func_pm_remove_assign__4iqnp8k6.4id5qc8s,7864,true,15,250,0,0,0,0,0,,0,0,150000000,150000000,0,0,0,ok,,
3583,,,,Project-MONAI__MONAI.a09c1f08.func_pm_remove_assign__4iqnp8k6.4id5qc8s,6,Project-MONAI__MONAI.a09c1f08.func_pm_remove_assign__4iqnp8k6.4id5qc8s,8130,true,17,103,0,0,0,0,0,,0,0,180000000,180000000,0,0,0,ok,,
3584,,,,Project-MONAI__MONAI.a09c1f08.func_pm_remove_assign__4iqnp8k6.4id5qc8s,7,Project-MONAI__MONAI.a09c1f08.func_pm_remove_assign__4iqnp8k6.4id5qc8s,8251,true,257,490,0,0,0,0,0,,0,0,210000000,210000000,0,0,0,ok,,
3585,,,,Project-MONAI__MONAI.a09c1f08.func_pm_remove_assign__4iqnp8k6.4id5qc8s,8,Project-MONAI__MONAI.a09c1f08.func_pm_remove_assign__4iqnp8k6.4id5qc8s,8999,true,329,36,0,0,0,0,0,,0,0,240000000,240000000,0,0,0,ok,,
3586,,,,Project-MONAI__MONAI.a09c1f08.func_pm_remove_assign__4iqnp8k6.4id5qc8s,9,Project-MONAI__MONAI.a09c1f08.func_pm_remove_assign__4iqnp8k6.4id5qc8s,9365,true,25,698,0,0,0,0,0,,0,0,270000000,270000000,0,0,0,ok,,
3587,,,,Project-MONAI__MONAI.a09c1f08.func_pm_remove_assign__4iqnp8k6.4id5qc8s,10,Project-MONAI__MONAI.a09c1f08.func_pm_remove_assign__4iqnp8k6.4id5qc8s,10089,true,496,121,0,0,0,0,0,,0,0,300000000,300000000,0,0,0,ok,,
3588,,,,Project-MONAI__MONAI.a09c1f08.func_pm_remove_assign__4iqnp8k6.4id5qc8s,11,Project-MONAI__MONAI.a09c1f08.func_pm_remove_assign__4iqnp8k6.4id5qc8s,10707,true,31,1019,0,0,0,0,0,,0,0,330000000,330000000,0,0,0,ok,,
3589,,,,Project-MONAI__MONAI.a09c1f08.func_pm_remove_assign__4iqnp8k6.4id5qc8s,12,Project-MONAI__MONAI.a09c1f08.func_pm_remove_assign__4iqnp8k6.4id5qc8s,11757,true,17,44,0,0,0,0,0,,0,0,360000000,360000000,0,0,0,ok,,
3590,,,,Project-MONAI__MONAI.a09c1f08.func_pm_remove_assign__4iqnp8k6.4id5qc8s,13,Project-MONAI__MONAI.a09c1f08.func_pm_remove_assign__4iqnp8k6.4id5qc8s,11819,true,172,80,0,0,0,0,0,,0,0,390000000,390000000,0,0,0,ok,,
3591,,,,Project-MONAI__MONAI.a09c1f08.func_pm_remove_assign__4iqnp8k6.4id5qc8s,14,Project-MONAI__MONAI.a09c1f08.func_pm_remove_assign__4iqnp8k6.4id5qc8s,12072,true,239,473,0,0,0,0,0,,0,0,420000000,420000000,0,0,0,ok,,
3592,,,,Project-MONAI__MONAI.a09c1f08.func_pm_remove_assign__4iqnp8k6.4id5qc8s,15,Project-MONAI__MONAI.a09c1f08.func_pm_remove_assign__4iqnp8k6.4id5qc8s,12784,true,408,33,0,0,0,0,0,,0,0,450000000,450000000,0,0,0,ok,,
3593,,,,Project-MONAI__MONAI.a09c1f08.func_pm_remove_assign__4iqnp8k6.4id5qc8s,16,Project-MONAI__MONAI.a09c1f08.func_pm_remove_assign__4iqnp8k6.4id5qc8s,13226,true,196,876,0,0,0,0,0,,0,0,480000000,480000000,0,0,0,ok,,
3594,,,,Project-MONAI__MONAI.a09c1f08.func_pm_remove_assign__4iqnp8k6.4id5qc8s,17,Project-MONAI__MONAI.a09c1f08.func_pm_remove_assign__4iqnp8k6.4id5qc8s,14298,true,17,31,0,0,0,0,0,,0,0,510000000,510000000,0,0,0,ok,,
3595,,,,Project-MONAI__MONAI.a09c1f08.func_pm_remove_assign__4iqnp8k6.4id5qc8s,18,Project-MONAI__MONAI.a09c1f08.func_pm_remove_assign__4iqnp8k6.4id5qc8s,14347,true,180,318,0,0,0,0,0,,0,0,540000000,540000000,0,0,0,ok,,
3596,,,,Project-MONAI__MONAI.a09c1f08.func_pm_remove_assign__4iqnp8k6.4id5qc8s,19,Project-MONAI__MONAI.a09c1f08.func_pm_remove_assign__4iqnp8k6.4id5qc8s,14846,true,18,31,0,0,0,0,0,,0,0,570000000,570000000,0,0,0,ok,,
3597,,,,Project-MONAI__MONAI.a09c1f08.func_pm_remove_assign__4iqnp8k6.4id5qc8s,20,Project-MONAI__MONAI.a09c1f08.func_pm_remove_assign__4iqnp8k6.4id5qc8s,14895,true,33,79,0,0,0,0,0,,0,0,600000000,600000000,0,0,0,ok,,
3598,,,,Project-MONAI__MONAI.a09c1f08.func_pm_remove_assign__4iqnp8k6.4id5qc8s,21,Project-MONAI__MONAI.a09c1f08.func_pm_remove_assign__4iqnp8k6.4id5qc8s,15008,true,31,210,0,0,0,0,0,,0,0,630000000,630000000,0,0,0,ok,,
3599,,,,Project-MONAI__MONAI.a09c1f08.func_pm_remove_assign__4iqnp8k6.4id5qc8s,22,Project-MONAI__MONAI.a09c1f08.func_pm_remove_assign__4iqnp8k6.4id5qc8s,15250,true,3072,56,0,0,0,0,0,,0,0,660000000,660000000,0,0,0,ok,,
3600,,,,Project-MONAI__MONAI.a09c1f08.func_pm_remove_assign__4iqnp8k6.4id5qc8s,23,Project-MONAI__MONAI.a09c1f08.func_pm_remove_assign__4iqnp8k6.4id5qc8s,18378,true,15,7,0,0,0,0,0,,0,0,690000000,690000000,0,0,0,ok,,
3601,,,,sqlfluff__sqlfluff.50a1c4b6.func_pm_op_swap__15tl8pia.iabiwlnj,0,sqlfluff__sqlfluff.50a1c4b6.func_pm_op_swap__15tl8pia.iabiwlnj,978,true,636,113,0,0,0,0,0,,0,0,0,0,0,0,0,ok,,
3602,,,,sqlfluff__sqlfluff.50a1c4b6.func_pm_op_swap__15tl8pia.iabiwlnj,1,sqlfluff__sqlfluff.50a1c4b6.func_pm_op_swap__15tl8pia.iabiwlnj,1727,true,4541,90,0,0,0,0,0,,0,0,30000000,30000000,0,0,0,ok,,
3603,,,,sqlfluff__sqlfluff.50a1c4b6.func_pm_op_swap__15tl8pia.iabiwlnj,2,sqlfluff__sqlfluff.50a1c4b6.func_pm_op_swap__15tl8pia.iabiwlnj,6359,true,147,59,0,0,0,0,0,,0,0,60000000,60000000,0,0,0,ok,,
3604,,,,sqlfluff__sqlfluff.50a1c4b6.func_pm_op_swap__15tl8pia.iabiwlnj,3,sqlfluff__sqlfluff.50a1c4b6.func_pm_op_swap__15tl8pia.iabiwlnj,6567,true,2900,63,0,0,0,0,0,,0,0,90000000,90000000,0,0,0,ok,,
3605,,,,sqlfluff__sqlfluff.50a1c4b6.func_pm_op_swap__15tl8pia.iabiwlnj,4,sqlfluff__sqlfluff.50a1c4b6.func_pm_op_swap__15tl8pia.iabiwlnj,9530,true,2156,63,0,0,0,0,0,,0,0,120000000,120000000,0,0,0,ok,,
3606,,,,sqlfluff__sqlfluff.50a1c4b6.func_pm_op_swap__15tl8pia.iabiwlnj,5,sqlfluff__sqlfluff.50a1c4b6.func_pm_op_swap__15tl8pia.iabiwlnj,11749,true,2431,130,0,0,0,0,0,,0,0,150000000,150000000,0,0,0,ok,,
3607,,,,sqlfluff__sqlfluff.50a1c4b6.func_pm_op_swap__15tl8pia.iabiwlnj,6,sqlfluff__sqlfluff.50a1c4b6.func_pm_op_swap__15tl8pia.iabiwlnj,14311,true,2572,64,0,0,0,0,0,,0,0,180000000,180000000,0,0,0,ok,,
3608,,,,sqlfluff__sqlfluff.50a1c4b6.func_pm_op_swap__15tl8pia.iabiwlnj,7,sqlfluff__sqlfluff.50a1c4b6.func_pm_op_swap__15tl8pia.iabiwlnj,16947,true,193,64,0,0,0,0,0,,0,0,210000000,210000000,0,0,0,ok,,
3609,,,,sqlfluff__sqlfluff.50a1c4b6.func_pm_op_swap__15tl8pia.iabiwlnj,8,sqlfluff__sqlfluff.50a1c4b6.func_pm_op_swap__15tl8pia.iabiwlnj,17205,true,462,74,0,0,0,0,0,,0,0,240000000,240000000,0,0,0,ok,,
3610,,,,sqlfluff__sqlfluff.50a1c4b6.func_pm_op_swap__15tl8pia.iabiwlnj,9,sqlfluff__sqlfluff.50a1c4b6.func_pm_op_swap__15tl8pia.iabiwlnj,17742,true,739,65,0,0,0,0,0,,0,0,270000000,270000000,0,0,0,ok,,
3611,,,,sqlfluff__sqlfluff.50a1c4b6.func_pm_op_swap__15tl8pia.iabiwlnj,10,sqlfluff__sqlfluff.50a1c4b6.func_pm_op_swap__15tl8pia.iabiwlnj,18547,true,651,65,0,0,0,0,0,,0,0,300000000,300000000,0,0,0,ok,,
3612,,,,sqlfluff__sqlfluff.50a1c4b6.func_pm_op_swap__15tl8pia.iabiwlnj,11,sqlfluff__sqlfluff.50a1c4b6.func_pm_op_swap__15tl8pia.iabiwlnj,19263,true,686,74,0,0,0,0,0,,0,0,330000000,330000000,0,0,0,ok,,
3613,,,,sqlfluff__sqlfluff.50a1c4b6.func_pm_op_swap__15tl8pia.iabiwlnj,12,sqlfluff__sqlfluff.50a1c4b6.func_pm_op_swap__15tl8pia.iabiwlnj,20025,true,1001,65,0,0,0,0,0,,0,0,360000000,360000000,0,0,0,ok,,
3614,,,,sqlfluff__sqlfluff.50a1c4b6.func_pm_op_swap__15tl8pia.iabiwlnj,13,sqlfluff__sqlfluff.50a1c4b6.func_pm_op_swap__15tl8pia.iabiwlnj,21091,true,37,64,0,0,0,0,0,,0,0,390000000,390000000,0,0,0,ok,,
3615,,,,sqlfluff__sqlfluff.50a1c4b6.func_pm_op_swap__15tl8pia.iabiwlnj,14,sqlfluff__sqlfluff.50a1c4b6.func_pm_op_swap__15tl8pia.iabiwlnj,21193,true,1076,71,0,0,0,0,0,,0,0,420000000,420000000,0,0,0,ok,,
3616,,,,sqlfluff__sqlfluff.50a1c4b6.func_pm_op_swap__15tl8pia.iabiwlnj,15,sqlfluff__sqlfluff.50a1c4b6.func_pm_op_swap__15tl8pia.iabiwlnj,22340,true,1120,63,0,0,0,0,0,,0,0,450000000,450000000,0,0,0,ok,,
3617,,,,sqlfluff__sqlfluff.50a1c4b6.func_pm_op_swap__15tl8pia.iabiwlnj,16,sqlfluff__sqlfluff.50a1c4b6.func_pm_op_swap__15tl8pia.iabiwlnj,23524,true,633,418,0,0,0,0,0,,0,0,480000000,480000000,0,0,0,ok,,
3618,,,,sqlfluff__sqlfluff.50a1c4b6.func_pm_op_swap__15tl8pia.iabiwlnj,17,sqlfluff__sqlfluff.50a1c4b6.func_pm_op_swap__15tl8pia.iabiwlnj,24576,true,17,34,0,0,0,0,0,,0,0,510000000,510000000,0,0,0,ok,,
3619,,,,sqlfluff__sqlfluff.50a1c4b6.func_pm_op_swap__15tl8pia.iabiwlnj,18,sqlfluff__sqlfluff.50a1c4b6.func_pm_op_swap__15tl8pia.iabiwlnj,24628,true,69,46,0,0,0,0,0,,0,0,540000000,540000000,0,0,0,ok,,
3620,,,,sqlfluff__sqlfluff.50a1c4b6.func_pm_op_swap__15tl8pia.iabiwlnj,19,sqlfluff__sqlfluff.50a1c4b6.func_pm_op_swap__15tl8pia.iabiwlnj,24744,true,2227,692,0,0,0,0,0,,0,0,570000000,570000000,0,0,0,ok,,
3621,,,,sqlfluff__sqlfluff.50a1c4b6.func_pm_op_swap__15tl8pia.iabiwlnj,20,sqlfluff__sqlfluff.50a1c4b6.func_pm_op_swap__15tl8pia.iabiwlnj,27663,true,473,31,0,0,0,0,0,,0,0,600000000,600000000,0,0,0,ok,,
3622,,,,sqlfluff__sqlfluff.50a1c4b6.func_pm_op_swap__15tl8pia.iabiwlnj,21,sqlfluff__sqlfluff.50a1c4b6.func_pm_op_swap__15tl8pia.iabiwlnj,28168,true,1099,625,0,0,0,0,0,,0,0,630000000,630000000,0,0,0,ok,,
3623,,,,sqlfluff__sqlfluff.50a1c4b6.func_pm_op_swap__15tl8pia.iabiwlnj,22,sqlfluff__sqlfluff.50a1c4b6.func_pm_op_swap__15tl8pia.iabiwlnj,29893,true,358,38,0,0,0,0,0,,0,0,660000000,660000000,0,0,0,ok,,
3624,,,,sqlfluff__sqlfluff.50a1c4b6.func_pm_op_swap__15tl8pia.iabiwlnj,23,sqlfluff__sqlfluff.50a1c4b6.func_pm_op_swap__15tl8pia.iabiwlnj,30290,true,98,508,0,0,0,0,0,,0,0,690000000,690000000,0,0,0,ok,,
3625,,,,sqlfluff__sqlfluff.50a1c4b6.func_pm_op_swap__15tl8pia.iabiwlnj,24,sqlfluff__sqlfluff.50a1c4b6.func_pm_op_swap__15tl8pia.iabiwlnj,30896,true,16,29,0,0,0,0,0,,0,0,720000000,720000000,0,0,0,ok,,
3626,,,,sqlfluff__sqlfluff.50a1c4b6.func_pm_op_swap__15tl8pia.iabiwlnj,25,sqlfluff__sqlfluff.50a1c4b6.func_pm_op_swap__15tl8pia.iabiwlnj,30943,true,300,567,0,0,0,0,0,,0,0,750000000,750000000,0,0,0,ok,,
3627,,,,sqlfluff__sqlfluff.50a1c4b6.func_pm_op_swap__15tl8pia.iabiwlnj,26,sqlfluff__sqlfluff.50a1c4b6.func_pm_op_swap__15tl8pia.iabiwlnj,31810,true,17,31,0,0,0,0,0,,0,0,780000000,780000000,0,0,0,ok,,
3628,,,,sqlfluff__sqlfluff.50a1c4b6.func_pm_op_swap__15tl8pia.iabiwlnj,27,sqlfluff__sqlfluff.50a1c4b6.func_pm_op_swap__15tl8pia.iabiwlnj,31859,true,256,372,0,0,0,0,0,,0,0,810000000,810000000,0,0,0,ok,,
3629,,,,sqlfluff__sqlfluff.50a1c4b6.func_pm_op_swap__15tl8pia.iabiwlnj,28,sqlfluff__sqlfluff.50a1c4b6.func_pm_op_swap__15tl8pia.iabiwlnj,32487,true,1837,48,0,0,0,0,0,,0,0,840000000,840000000,0,0,0,ok,,
3630,,,,sqlfluff__sqlfluff.50a1c4b6.func_pm_op_swap__15tl8pia.iabiwlnj,29,sqlfluff__sqlfluff.50a1c4b6.func_pm_op_swap__15tl8pia.iabiwlnj,34373,true,15,7,0,0,0,0,0,,0,0,870000000,870000000,0,0,0,ok,,
3631,,,,pallets__click.fde47b4b.func_pm_ctrl_shuffle__kz1eskkl.whgzjogq,0,pallets__click.fde47b4b.func_pm_ctrl_shuffle__kz1eskkl.whgzjogq,978,true,535,99,0,0,0,0,0,,0,0,0,0,0,0,0,ok,,
3632,,,,pallets__click.fde47b4b.func_pm_ctrl_shuffle__kz1eskkl.whgzjogq,1,pallets__click.fde47b4b.func_pm_ctrl_shuffle__kz1eskkl.whgzjogq,1613,true,568,45,0,0,0,0,0,,0,0,30000000,30000000,0,0,0,ok,,
3633,,,,pallets__click.fde47b4b.func_pm_ctrl_shuffle__kz1eskkl.whgzjogq,2,pallets__click.fde47b4b.func_pm_ctrl_shuffle__kz1eskkl.whgzjogq,2227,true,94,52,0,0,0,0,0,,0,0,60000000,60000000,0,0,0,ok,,
3634,,,,pallets__click.fde47b4b.func_pm_ctrl_shuffle__kz1eskkl.whgzjogq,3,pallets__click.fde47b4b.func_pm_ctrl_shuffle__kz1eskkl.whgzjogq,2374,true,2223,57,0,0,0,0,0,,0,0,90000000,90000000,0,0,0,ok,,
3635,,,,pallets__click.fde47b4b.func_pm_ctrl_shuffle__kz1eskkl.whgzjogq,4,pallets__click.fde47b4b.func_pm_ctrl_shuffle__kz1eskkl.whgzjogq,4655,true,769,51,0,0,0,0,0,,0,0,120000000,120000000,0,0,0,ok,,
3636,,,,pallets__click.fde47b4b.func_pm_ctrl_shuffle__kz1eskkl.whgzjogq,5,pallets__click.fde47b4b.func_pm_ctrl_shuffle__kz1eskkl.whgzjogq,5476,true,2523,60,0,0,0,0,0,,0,0,150000000,150000000,0,0,0,ok,,
3637,,,,pallets__click.fde47b4b.func_pm_ctrl_shuffle__kz1eskkl.whgzjogq,6,pallets__click.fde47b4b.func_pm_ctrl_shuffle__kz1eskkl.whgzjogq,8060,true,512,57,0,0,0,0,0,,0,0,180000000,180000000,0,0,0,ok,,
3638,,,,pallets__click.fde47b4b.func_pm_ctrl_shuffle__kz1eskkl.whgzjogq,7,pallets__click.fde47b4b.func_pm_ctrl_shuffle__kz1eskkl.whgzjogq,8629,true,281,71,0,0,0,0,0,,0,0,210000000,210000000,0,0,0,ok,,
3639,,,,pallets__click.fde47b4b.func_pm_ctrl_shuffle__kz1eskkl.whgzjogq,8,pallets__click.fde47b4b.func_pm_ctrl_shuffle__kz1eskkl.whgzjogq,8982,true,271,112,0,0,0,0,0,,0,0,240000000,240000000,0,0,0,ok,,
3640,,,,pallets__click.fde47b4b.func_pm_ctrl_shuffle__kz1eskkl.whgzjogq,9,pallets__click.fde47b4b.func_pm_ctrl_shuffle__kz1eskkl.whgzjogq,9365,true,17,35,0,0,0,0,0,,0,0,270000000,270000000,0,0,0,ok,,
3641,,,,pallets__click.fde47b4b.func_pm_ctrl_shuffle__kz1eskkl.whgzjogq,10,pallets__click.fde47b4b.func_pm_ctrl_shuffle__kz1eskkl.whgzjogq,9418,true,133,242,0,0,0,0,0,,0,0,300000000,300000000,0,0,0,ok,,
3642,,,,pallets__click.fde47b4b.func_pm_ctrl_shuffle__kz1eskkl.whgzjogq,11,pallets__click.fde47b4b.func_pm_ctrl_shuffle__kz1eskkl.whgzjogq,9794,true,182,49,0,0,0,0,0,,0,0,330000000,330000000,0,0,0,ok,,
3643,,,,pallets__click.fde47b4b.func_pm_ctrl_shuffle__kz1eskkl.whgzjogq,12,pallets__click.fde47b4b.func_pm_ctrl_shuffle__kz1eskkl.whgzjogq,10026,true,6,527,0,0,0,0,0,,0,0,360000000,360000000,0,0,0,ok,,
3644,,,,pallets__click.fde47b4b.func_pm_ctrl_shuffle__kz1eskkl.whgzjogq,13,pallets__click.fde47b4b.func_pm_ctrl_shuffle__kz1eskkl.whgzjogq,10560,true,17,31,0,0,0,0,0,,0,0,390000000,390000000,0,0,0,ok,,
3645,,,,pallets__click.fde47b4b.func_pm_ctrl_shuffle__kz1eskkl.whgzjogq,14,pallets__click.fde47b4b.func_pm_ctrl_shuffle__kz1eskkl.whgzjogq,10609,true,36,197,0,0,0,0,0,,0,0,420000000,420000000,0,0,0,ok,,
3646,,,,pallets__click.fde47b4b.func_pm_ctrl_shuffle__kz1eskkl.whgzjogq,15,pallets__click.fde47b4b.func_pm_ctrl_shuffle__kz1eskkl.whgzjogq,10843,true,225,30,0,0,0,0,0,,0,0,450000000,450000000,0,0,0,ok,,
3647,,,,pallets__click.fde47b4b.func_pm_ctrl_shuffle__kz1eskkl.whgzjogq,16,pallets__click.fde47b4b.func_pm_ctrl_shuffle__kz1eskkl.whgzjogq,11098,true,50,242,0,0,0,0,0,,0,0,480000000,480000000,0,0,0,ok,,
3648,,,,pallets__click.fde47b4b.func_pm_ctrl_shuffle__kz1eskkl.whgzjogq,17,pallets__click.fde47b4b.func_pm_ctrl_shuffle__kz1eskkl.whgzjogq,11390,true,254,30,0,0,0,0,0,,0,0,510000000,510000000,0,0,0,ok,,
3649,,,,pallets__click.fde47b4b.func_pm_ctrl_shuffle__kz1eskkl.whgzjogq,18,pallets__click.fde47b4b.func_pm_ctrl_shuffle__kz1eskkl.whgzjogq,11675,true,55,321,0,0,0,0,0,,0,0,540000000,540000000,0,0,0,ok,,
3650,,,,pallets__click.fde47b4b.func_pm_ctrl_shuffle__kz1eskkl.whgzjogq,19,pallets__click.fde47b4b.func_pm_ctrl_shuffle__kz1eskkl.whgzjogq,12052,true,869,40,0,0,0,0,0,,0,0,570000000,570000000,0,0,0,ok,,
3651,,,,pallets__click.fde47b4b.func_pm_ctrl_shuffle__kz1eskkl.whgzjogq,20,pallets__click.fde47b4b.func_pm_ctrl_shuffle__kz1eskkl.whgzjogq,12961,true,15,13,0,0,0,0,0,,0,0,600000000,600000000,0,0,0,ok,,
3652,,,,pydicom__pydicom.7d361b3d.lm_rewrite__rw65bq4v.o4mbklh9,0,pydicom__pydicom.7d361b3d.lm_rewrite__rw65bq4v.o4mbklh9,978,true,621,108,0,0,0,0,0,,0,0,0,0,0,0,0,ok,,
3653,,,,pydicom__pydicom.7d361b3d.lm_rewrite__rw65bq4v.o4mbklh9,1,pydicom__pydicom.7d361b3d.lm_rewrite__rw65bq4v.o4mbklh9,1707,true,313,66,0,0,0,0,0,,0,0,30000000,30000000,0,0,0,ok,,
3654,,,,pydicom__pydicom.7d361b3d.lm_rewrite__rw65bq4v.o4mbklh9,2,pydicom__pydicom.7d361b3d.lm_rewrite__rw65bq4v.o4mbklh9,2087,true,1227,71,0,0,0,0,0,,0,0,60000000,60000000,0,0,0,ok,,
3655,,,,pydicom__pydicom.7d361b3d.lm_rewrite__rw65bq4v.o4mbklh9,3,pydicom__pydicom.7d361b3d.lm_rewrite__rw65bq4v.o4mbklh9,3386,true,580,68,0,0,0,0,0,,0,0,90000000,90000000,0,0,0,ok,,
3656,,,,pydicom__pydicom.7d361b3d.lm_rewrite__rw65bq4v.o4mbklh9,4,pydicom__pydicom.7d361b3d.lm_rewrite__rw65bq4v.o4mbklh9,4034,true,201,336,0,0,0,0,0,,0,0,120000000,120000000,0,0,0,ok,,
3657,,,,pydicom__pydicom.7d361b3d.lm_rewrite__rw65bq4v.o4mbklh9,5,pydicom__pydicom.7d361b3d.lm_rewrite__rw65bq4v.o4mbklh9,4572,true,17,40,0,0,0,0,0,,0,0,150000000,150000000,0,0,0,ok,,
3658,,,,pydicom__pydicom.7d361b3d.lm_rewrite__rw65bq4v.o4mbklh9,6,pydicom__pydicom.7d361b3d.lm_rewrite__rw65bq4v.o4mbklh9,4630,true,1320,367,0,0,0,0,0,,0,0,180000000,180000000,0,0,0,ok,,
3659,,,,pydicom__pydicom.7d361b3d.lm_rewrite__rw65bq4v.o4mbklh9,7,pydicom__pydicom.7d361b3d.lm_rewrite__rw65bq4v.o4mbklh9,6318,true,20,27,0,0,0,0,0,,0,0,210000000,210000000,0,0,0,ok,,
3660,,,,pydicom__pydicom.7d361b3d.lm_rewrite__rw65bq4v.o4mbklh9,8,pydicom__pydicom.7d361b3d.lm_rewrite__rw65bq4v.o4mbklh9,6366,true,1542,902,0,0,0,0,0,,0,0,240000000,240000000,0,0,0,ok,,
3661,,,,pydicom__pydicom.7d361b3d.lm_rewrite__rw65bq4v.o4mbklh9,9,pydicom__pydicom.7d361b3d.lm_rewrite__rw65bq4v.o4mbklh9,8811,true,575,556,0,0,0,0,0,,0,0,270000000,270000000,0,0,0,ok,,
3662,,,,pydicom__pydicom.7d361b3d.lm_rewrite__rw65bq4v.o4mbklh9,10,pydicom__pydicom.7d361b3d.lm_rewrite__rw65bq4v.o4mbklh9,9942,true,425,56,0,0,0,0,0,,0,0,300000000,300000000,0,0,0,ok,,
3663,,,,pydicom__pydicom.7d361b3d.lm_rewrite__rw65bq4v.o4mbklh9,11,pydicom__pydicom.7d361b3d.lm_rewrite__rw65bq4v.o4mbklh9,10424,true,2147,66,0,0,0,0,0,,0,0,330000000,330000000,0,0,0,ok,,
3664,,,,pydicom__pydicom.7d361b3d.lm_rewrite__rw65bq4v.o4mbklh9,12,pydicom__pydicom.7d361b3d.lm_rewrite__rw65bq4v.o4mbklh9,12638,true,1320,254,0,0,0,0,0,,0,0,360000000,360000000,0,0,0,ok,,
3665,,,,pydicom__pydicom.7d361b3d.lm_rewrite__rw65bq4v.o4mbklh9,13,pydicom__pydicom.7d361b3d.lm_rewrite__rw65bq4v.o4mbklh9,14213,true,19,26,0,0,0,0,0,,0,0,390000000,390000000,0,0,0,ok,,
3666,,,,pydicom__pydicom.7d361b3d.lm_rewrite__rw65bq4v.o4mbklh9,14,pydicom__pydicom.7d361b3d.lm_rewrite__rw65bq4v.o4mbklh9,14258,true,348,179,0,0,0,0,0,,0,0,420000000,420000000,0,0,0,ok,,
3667,,,,pydicom__pydicom.7d361b3d.lm_rewrite__rw65bq4v.o4mbklh9,15,pydicom__pydicom.7d361b3d.lm_rewrite__rw65bq4v.o4mbklh9,14786,true,19,26,0,0,0,0,0,,0,0,450000000,450000000,0,0,0,ok,,
3668,,,,pydicom__pydicom.7d361b3d.lm_rewrite__rw65bq4v.o4mbklh9,16,pydicom__pydicom.7d361b3d.lm_rewrite__rw65bq4v.o4mbklh9,14832,true,58,298,0,0,0,0,0,,0,0,480000000,480000000,0,0,0,ok,,
3669,,,,pydicom__pydicom.7d361b3d.lm_rewrite__rw65bq4v.o4mbklh9,17,pydicom__pydicom.7d361b3d.lm_rewrite__rw65bq4v.o4mbklh9,15189,true,18,26,0,0,0,0,0,,0,0,510000000,510000000,0,0,0,ok,,
3670,,,,pydicom__pydicom.7d361b3d.lm_rewrite__rw65bq4v.o4mbklh9,18,pydicom__pydicom.7d361b3d.lm_rewrite__rw65bq4v.o4mbklh9,15233,true,59,310,0,0,0,0,0,,0,0,540000000,540000000,0,0,0,ok,,
3671,,,,pydicom__pydicom.7d361b3d.lm_rewrite__rw65bq4v.o4mbklh9,19,pydicom__pydicom.7d361b3d.lm_rewrite__rw65bq4v.o4mbklh9,15603,true,20,28,0,0,0,0,0,,0,0,570000000,570000000,0,0,0,ok,,
3672,,,,pydicom__pydicom.7d361b3d.lm_rewrite__rw65bq4v.o4mbklh9,20,pydicom__pydicom.7d361b3d.lm_rewrite__rw65bq4v.o4mbklh9,15652,true,227,322,0,0,0,0,0,,0,0,600000000,600000000,0,0,0,ok,,
3673,,,,pydicom__pydicom.7d361b3d.lm_rewrite__rw65bq4v.o4mbklh9,21,pydicom__pydicom.7d361b3d.lm_rewrite__rw65bq4v.o4mbklh9,16201,true,2253,79,0,0,0,0,0,,0,0,630000000,630000000,0,0,0,ok,,
3674,,,,pydicom__pydicom.7d361b3d.lm_rewrite__rw65bq4v.o4mbklh9,22,pydicom__pydicom.7d361b3d.lm_rewrite__rw65bq4v.o4mbklh9,18533,true,15,13,0,0,0,0,0,,0,0,660000000,660000000,0,0,0,ok,,
3675,,,,kurtmckee__feedparser.cad965a3.lm_rewrite__ah1phjn6.awcurfrb,0,kurtmckee__feedparser.cad965a3.lm_rewrite__ah1phjn6.awcurfrb,978,true,605,114,0,0,0,0,0,,0,0,0,0,0,0,0,ok,,
3676,,,,kurtmckee__feedparser.cad965a3.lm_rewrite__ah1phjn6.awcurfrb,1,kurtmckee__feedparser.cad965a3.lm_rewrite__ah1phjn6.awcurfrb,1697,true,505,53,0,0,0,0,0,,0,0,30000000,30000000,0,0,0,ok,,
3677,,,,kurtmckee__feedparser.cad965a3.lm_rewrite__ah1phjn6.awcurfrb,2,kurtmckee__feedparser.cad965a3.lm_rewrite__ah1phjn6.awcurfrb,2256,true,1770,60,0,0,0,0,0,,0,0,60000000,60000000,0,0,0,ok,,
3678,,,,kurtmckee__feedparser.cad965a3.lm_rewrite__ah1phjn6.awcurfrb,3,kurtmckee__feedparser.cad965a3.lm_rewrite__ah1phjn6.awcurfrb,4087,true,25,52,0,0,0,0,0,,0,0,90000000,90000000,0,0,0,ok,,
3679,,,,kurtmckee__feedparser.cad965a3.lm_rewrite__ah1phjn6.awcurfrb,4,kurtmckee__feedparser.cad965a3.lm_rewrite__ah1phjn6.awcurfrb,4164,true,1022,52,0,0,0,0,0,,0,0,120000000,120000000,0,0,0,ok,,
3680,,,,kurtmckee__feedparser.cad965a3.lm_rewrite__ah1phjn6.awcurfrb,5,kurtmckee__feedparser.cad965a3.lm_rewrite__ah1phjn6.awcurfrb,5239,true,835,50,0,0,0,0,0,,0,0,150000000,150000000,0,0,0,ok,,
3681,,,,kurtmckee__feedparser.cad965a3.lm_rewrite__ah1phjn6.awcurfrb,6,kurtmckee__feedparser.cad965a3.lm_rewrite__ah1phjn6.awcurfrb,6125,true,680,53,0,0,0,0,0,,0,0,180000000,180000000,0,0,0,ok,,
3682,,,,kurtmckee__feedparser.cad965a3.lm_rewrite__ah1phjn6.awcurfrb,7,kurtmckee__feedparser.cad965a3.lm_rewrite__ah1phjn6.awcurfrb,6858,true,3433,71,0,0,0,0,0,,0,0,210000000,210000000,0,0,0,ok,,
3683,,,,kurtmckee__feedparser.cad965a3.lm_rewrite__ah1phjn6.awcurfrb,8,kurtmckee__feedparser.cad965a3.lm_rewrite__ah1phjn6.awcurfrb,10363,true,553,58,0,0,0,0,0,,0,0,240000000,240000000,0,0,0,ok,,
3684,,,,kurtmckee__feedparser.cad965a3.lm_rewrite__ah1phjn6.awcurfrb,9,kurtmckee__feedparser.cad965a3.lm_rewrite__ah1phjn6.awcurfrb,10975,true,353,61,0,0,0,0,0,,0,0,270000000,270000000,0,0,0,ok,,
3685,,,,kurtmckee__feedparser.cad965a3.lm_rewrite__ah1phjn6.awcurfrb,10,kurtmckee__feedparser.cad965a3.lm_rewrite__ah1phjn6.awcurfrb,11390,true,262,266,0,0,0,0,0,,0,0,300000000,300000000,0,0,0,ok,,
3686,,,,kurtmckee__feedparser.cad965a3.lm_rewrite__ah1phjn6.awcurfrb,11,kurtmckee__feedparser.cad965a3.lm_rewrite__ah1phjn6.awcurfrb,11919,true,17,34,0,0,0,0,0,,0,0,330000000,330000000,0,0,0,ok,,
3687,,,,kurtmckee__feedparser.cad965a3.lm_rewrite__ah1phjn6.awcurfrb,12,kurtmckee__feedparser.cad965a3.lm_rewrite__ah1phjn6.awcurfrb,11971,true,95,361,0,0,0,0,0,,0,0,360000000,360000000,0,0,0,ok,,
3688,,,,kurtmckee__feedparser.cad965a3.lm_rewrite__ah1phjn6.awcurfrb,13,kurtmckee__feedparser.cad965a3.lm_rewrite__ah1phjn6.awcurfrb,12428,true,290,54,0,0,0,0,0,,0,0,390000000,390000000,0,0,0,ok,,
3689,,,,kurtmckee__feedparser.cad965a3.lm_rewrite__ah1phjn6.awcurfrb,14,kurtmckee__feedparser.cad965a3.lm_rewrite__ah1phjn6.awcurfrb,12773,true,90,193,0,0,0,0,0,,0,0,420000000,420000000,0,0,0,ok,,
3690,,,,kurtmckee__feedparser.cad965a3.lm_rewrite__ah1phjn6.awcurfrb,15,kurtmckee__feedparser.cad965a3.lm_rewrite__ah1phjn6.awcurfrb,13057,true,236,30,0,0,0,0,0,,0,0,450000000,450000000,0,0,0,ok,,
3691,,,,kurtmckee__feedparser.cad965a3.lm_rewrite__ah1phjn6.awcurfrb,16,kurtmckee__feedparser.cad965a3.lm_rewrite__ah1phjn6.awcurfrb,13323,true,15,699,0,0,0,0,0,,0,0,480000000,480000000,0,0,0,ok,,
3692,,,,kurtmckee__feedparser.cad965a3.lm_rewrite__ah1phjn6.awcurfrb,17,kurtmckee__feedparser.cad965a3.lm_rewrite__ah1phjn6.awcurfrb,14038,true,17,31,0,0,0,0,0,,0,0,510000000,510000000,0,0,0,ok,,
3693,,,,kurtmckee__feedparser.cad965a3.lm_rewrite__ah1phjn6.awcurfrb,18,kurtmckee__feedparser.cad965a3.lm_rewrite__ah1phjn6.awcurfrb,14087,true,55,257,0,0,0,0,0,,0,0,540000000,540000000,0,0,0,ok,,
3694,,,,kurtmckee__feedparser.cad965a3.lm_rewrite__ah1phjn6.awcurfrb,19,kurtmckee__feedparser.cad965a3.lm_rewrite__ah1phjn6.awcurfrb,14399,true,276,32,0,0,0,0,0,,0,0,570000000,570000000,0,0,0,ok,,
3695,,,,kurtmckee__feedparser.cad965a3.lm_rewrite__ah1phjn6.awcurfrb,20,kurtmckee__feedparser.cad965a3.lm_rewrite__ah1phjn6.awcurfrb,14709,true,45,196,0,0,0,0,0,,0,0,600000000,600000000,0,0,0,ok,,
3696,,,,kurtmckee__feedparser.cad965a3.lm_rewrite__ah1phjn6.awcurfrb,21,kurtmckee__feedparser.cad965a3.lm_rewrite__ah1phjn6.awcurfrb,14950,true,1398,40,0,0,0,0,0,,0,0,630000000,630000000,0,0,0,ok,,
3697,,,,kurtmckee__feedparser.cad965a3.lm_rewrite__ah1phjn6.awcurfrb,22,kurtmckee__feedparser.cad965a3.lm_rewrite__ah1phjn6.awcurfrb,16388,true,15,7,0,0,0,0,0,,0,0,660000000,660000000,0,0,0,ok,,
3698,,,,Cog-Creators__Red-DiscordBot.33e0eac7.func_pm_remove_assign__eb0dnb6d.0ddnh5wo,0,Cog-Creators__Red-DiscordBot.33e0eac7.func_pm_remove_assign__eb0dnb6d.0ddnh5wo,978,true,652,107,0,0,0,0,0,,0,0,0,0,0,0,0,ok,,
3699,,,,Cog-Creators__Red-DiscordBot.33e0eac7.func_pm_remove_assign__eb0dnb6d.0ddnh5wo,1,Cog-Creators__Red-DiscordBot.33e0eac7.func_pm_remove_assign__eb0dnb6d.0ddnh5wo,1738,true,2306,50,0,0,0,0,0,,0,0,30000000,30000000,0,0,0,ok,,
3700,,,,Cog-Creators__Red-DiscordBot.33e0eac7.func_pm_remove_assign__eb0dnb6d.0ddnh5wo,2,Cog-Creators__Red-DiscordBot.33e0eac7.func_pm_remove_assign__eb0dnb6d.0ddnh5wo,4095,true,14,53,0,0,0,0,0,,0,0,60000000,60000000,0,0,0,ok,,
3701,,,,Cog-Creators__Red-DiscordBot.33e0eac7.func_pm_remove_assign__eb0dnb6d.0ddnh5wo,3,Cog-Creators__Red-DiscordBot.33e0eac7.func_pm_remove_assign__eb0dnb6d.0ddnh5wo,4163,true,4155,308,0,0,0,0,0,,0,0,90000000,90000000,0,0,0,ok,,
3702,,,,Cog-Creators__Red-DiscordBot.33e0eac7.func_pm_remove_assign__eb0dnb6d.0ddnh5wo,4,Cog-Creators__Red-DiscordBot.33e0eac7.func_pm_remove_assign__eb0dnb6d.0ddnh5wo,8628,true,17,36,0,0,0,0,0,,0,0,120000000,120000000,0,0,0,ok,,
3703,,,,Cog-Creators__Red-DiscordBot.33e0eac7.func_pm_remove_assign__eb0dnb6d.0ddnh5wo,5,Cog-Creators__Red-DiscordBot.33e0eac7.func_pm_remove_assign__eb0dnb6d.0ddnh5wo,8682,true,9,300,0,0,0,0,0,,0,0,150000000,150000000,0,0,0,ok,,
3704,,,,Cog-Creators__Red-DiscordBot.33e0eac7.func_pm_remove_assign__eb0dnb6d.0ddnh5wo,6,Cog-Creators__Red-DiscordBot.33e0eac7.func_pm_remove_assign__eb0dnb6d.0ddnh5wo,8991,true,181,32,0,0,0,0,0,,0,0,180000000,180000000,0,0,0,ok,,
3705,,,,Cog-Creators__Red-DiscordBot.33e0eac7.func_pm_remove_assign__eb0dnb6d.0ddnh5wo,7,Cog-Creators__Red-DiscordBot.33e0eac7.func_pm_remove_assign__eb0dnb6d.0ddnh5wo,9205,true,9,558,0,0,0,0,0,,0,0,210000000,210000000,0,0,0,ok,,
3706,,,,Cog-Creators__Red-DiscordBot.33e0eac7.func_pm_remove_assign__eb0dnb6d.0ddnh5wo,8,Cog-Creators__Red-DiscordBot.33e0eac7.func_pm_remove_assign__eb0dnb6d.0ddnh5wo,9773,true,529,38,0,0,0,0,0,,0,0,240000000,240000000,0,0,0,ok,,
3707,,,,Cog-Creators__Red-DiscordBot.33e0eac7.func_pm_remove_assign__eb0dnb6d.0ddnh5wo,9,Cog-Creators__Red-DiscordBot.33e0eac7.func_pm_remove_assign__eb0dnb6d.0ddnh5wo,10342,true,108,770,0,0,0,0,0,,0,0,270000000,270000000,0,0,0,ok,,
3708,,,,Cog-Creators__Red-DiscordBot.33e0eac7.func_pm_remove_assign__eb0dnb6d.0ddnh5wo,10,Cog-Creators__Red-DiscordBot.33e0eac7.func_pm_remove_assign__eb0dnb6d.0ddnh5wo,11220,true,506,110,0,0,0,0,0,,0,0,300000000,300000000,0,0,0,ok,,
3709,,,,Cog-Creators__Red-DiscordBot.33e0eac7.func_pm_remove_assign__eb0dnb6d.0ddnh5wo,11,Cog-Creators__Red-DiscordBot.33e0eac7.func_pm_remove_assign__eb0dnb6d.0ddnh5wo,11836,true,90,866,0,0,0,0,0,,0,0,330000000,330000000,0,0,0,ok,,
3710,,,,Cog-Creators__Red-DiscordBot.33e0eac7.func_pm_remove_assign__eb0dnb6d.0ddnh5wo,12,Cog-Creators__Red-DiscordBot.33e0eac7.func_pm_remove_assign__eb0dnb6d.0ddnh5wo,12793,true,18,34,0,0,0,0,0,,0,0,360000000,360000000,0,0,0,ok,,
3711,,,,Cog-Creators__Red-DiscordBot.33e0eac7.func_pm_remove_assign__eb0dnb6d.0ddnh5wo,13,Cog-Creators__Red-DiscordBot.33e0eac7.func_pm_remove_assign__eb0dnb6d.0ddnh5wo,12846,true,371,356,0,0,0,0,0,,0,0,390000000,390000000,0,0,0,ok,,
3712,,,,Cog-Creators__Red-DiscordBot.33e0eac7.func_pm_remove_assign__eb0dnb6d.0ddnh5wo,14,Cog-Creators__Red-DiscordBot.33e0eac7.func_pm_remove_assign__eb0dnb6d.0ddnh5wo,13573,true,1688,40,0,0,0,0,0,,0,0,420000000,420000000,0,0,0,ok,,
3713,,,,Cog-Creators__Red-DiscordBot.33e0eac7.func_pm_remove_assign__eb0dnb6d.0ddnh5wo,15,Cog-Creators__Red-DiscordBot.33e0eac7.func_pm_remove_assign__eb0dnb6d.0ddnh5wo,15303,true,15,13,0,0,0,0,0,,0,0,450000000,450000000,0,0,0,ok,,
3714,,,,chardet__chardet.9630f238.92.ewo7n8h1,0,chardet__chardet.9630f238.92.ewo7n8h1,978,true,551,68,0,0,0,0,0,,0,0,0,0,0,0,0,ok,,
3715,,,,chardet__chardet.9630f238.92.ewo7n8h1,1,chardet__chardet.9630f238.92.ewo7n8h1,1598,true,9,45,0,0,0,0,0,,0,0,30000000,30000000,0,0,0,ok,,
3716,,,,chardet__chardet.9630f238.92.ewo7n8h1,2,chardet__chardet.9630f238.92.ewo7n8h1,1653,true,4260,41,0,0,0,0,0,,0,0,60000000,60000000,0,0,0,ok,,
3717,,,,chardet__chardet.9630f238.92.ewo7n8h1,3,chardet__chardet.9630f238.92.ewo7n8h1,5955,true,17,56,0,0,0,0,0,,0,0,90000000,90000000,0,0,0,ok,,
3718,,,,chardet__chardet.9630f238.92.ewo7n8h1,4,chardet__chardet.9630f238.92.ewo7n8h1,6028,true,237,192,0,0,0,0,0,,0,0,120000000,120000000,0,0,0,ok,,
3719,,,,chardet__chardet.9630f238.92.ewo7n8h1,5,chardet__chardet.9630f238.92.ewo7n8h1,6458,true,16,30,0,0,0,0,0,,0,0,150000000,150000000,0,0,0,ok,,
3720,,,,chardet__chardet.9630f238.92.ewo7n8h1,6,chardet__chardet.9630f238.92.ewo7n8h1,6505,true,23,145,0,0,0,0,0,,0,0,180000000,180000000,0,0,0,ok,,
3721,,,,chardet__chardet.9630f238.92.ewo7n8h1,7,chardet__chardet.9630f238.92.ewo7n8h1,6673,true,155,43,0,0,0,0,0,,0,0,210000000,210000000,0,0,0,ok,,
3722,,,,chardet__chardet.9630f238.92.ewo7n8h1,8,chardet__chardet.9630f238.92.ewo7n8h1,6872,true,24,299,0,0,0,0,0,,0,0,240000000,240000000,0,0,0,ok,,
3723,,,,dask__dask.5f61e423.pr_7894.9tvwjuat,0,dask__dask.5f61e423.pr_7894.9tvwjuat,978,true,630,78,0,0,0,0,0,,0,0,0,0,0,0,0,ok,,
3724,,,,dask__dask.5f61e423.pr_7894.9tvwjuat,1,dask__dask.5f61e423.pr_7894.9tvwjuat,1687,true,1533,73,0,0,0,0,0,,0,0,30000000,30000000,0,0,0,ok,,
3725,,,,dask__dask.5f61e423.pr_7894.9tvwjuat,2,dask__dask.5f61e423.pr_7894.9tvwjuat,3294,true,1154,64,0,0,0,0,0,,0,0,60000000,60000000,0,0,0,ok,,
3726,,,,dask__dask.5f61e423.pr_7894.9tvwjuat,3,dask__dask.5f61e423.pr_7894.9tvwjuat,4512,true,643,56,0,0,0,0,0,,0,0,90000000,90000000,0,0,0,ok,,
3727,,,,dask__dask.5f61e423.pr_7894.9tvwjuat,4,dask__dask.5f61e423.pr_7894.9tvwjuat,5212,true,642,45,0,0,0,0,0,,0,0,120000000,120000000,0,0,0,ok,,
3728,,,,dask__dask.5f61e423.pr_7894.9tvwjuat,5,dask__dask.5f61e423.pr_7894.9tvwjuat,5899,true,659,45,0,0,0,0,0,,0,0,150000000,150000000,0,0,0,ok,,
3729,,,,dask__dask.5f61e423.pr_7894.9tvwjuat,6,dask__dask.5f61e423.pr_7894.9tvwjuat,6604,true,689,45,0,0,0,0,0,,0,0,180000000,180000000,0,0,0,ok,,
3730,,,,dask__dask.5f61e423.pr_7894.9tvwjuat,7,dask__dask.5f61e423.pr_7894.9tvwjuat,7339,true,652,67,0,0,0,0,0,,0,0,210000000,210000000,0,0,0,ok,,
3731,,,,dask__dask.5f61e423.pr_7894.9tvwjuat,8,dask__dask.5f61e423.pr_7894.9tvwjuat,8059,true,421,267,0,0,0,0,0,,0,0,240000000,240000000,0,0,0,ok,,
3732,,,,dask__dask.5f61e423.pr_7894.9tvwjuat,9,dask__dask.5f61e423.pr_7894.9tvwjuat,8748,true,16,30,0,0,0,0,0,,0,0,270000000,270000000,0,0,0,ok,,
3733,,,,dask__dask.5f61e423.pr_7894.9tvwjuat,10,dask__dask.5f61e423.pr_7894.9tvwjuat,8794,true,24,470,0,0,0,0,0,,0,0,300000000,300000000,0,0,0,ok,,
3734,,,,dask__dask.5f61e423.pr_7894.9tvwjuat,11,dask__dask.5f61e423.pr_7894.9tvwjuat,9290,true,377,29,0,0,0,0,0,,0,0,330000000,330000000,0,0,0,ok,,
3735,,,,dask__dask.5f61e423.pr_7894.9tvwjuat,12,dask__dask.5f61e423.pr_7894.9tvwjuat,9696,true,96,633,0,0,0,0,0,,0,0,360000000,360000000,0,0,0,ok,,
3736,,,,dask__dask.5f61e423.pr_7894.9tvwjuat,13,dask__dask.5f61e423.pr_7894.9tvwjuat,10426,true,564,210,0,0,0,0,0,,0,0,390000000,390000000,0,0,0,ok,,
3737,,,,dask__dask.5f61e423.pr_7894.9tvwjuat,14,dask__dask.5f61e423.pr_7894.9tvwjuat,11200,true,95,487,0,0,0,0,0,,0,0,420000000,420000000,0,0,0,ok,,
3738,,,,dask__dask.5f61e423.pr_7894.9tvwjuat,15,dask__dask.5f61e423.pr_7894.9tvwjuat,11782,true,16,28,0,0,0,0,0,,0,0,450000000,450000000,0,0,0,ok,,
3739,,,,dask__dask.5f61e423.pr_7894.9tvwjuat,16,dask__dask.5f61e423.pr_7894.9tvwjuat,11827,true,143,74,0,0,0,0,0,,0,0,480000000,480000000,0,0,0,ok,,
3740,,,,pandas-dev__pandas.95280573.pr_53078.98l2tgxj,0,pandas-dev__pandas.95280573.pr_53078.98l2tgxj,978,true,1438,87,0,0,0,0,0,,0,0,0,0,0,0,0,ok,,
3741,,,,pandas-dev__pandas.95280573.pr_53078.98l2tgxj,1,pandas-dev__pandas.95280573.pr_53078.98l2tgxj,2503,true,742,67,0,0,0,0,0,,0,0,30000000,30000000,0,0,0,ok,,
3742,,,,pandas-dev__pandas.95280573.pr_53078.98l2tgxj,2,pandas-dev__pandas.95280573.pr_53078.98l2tgxj,3313,true,976,74,0,0,0,0,0,,0,0,60000000,60000000,0,0,0,ok,,
3743,,,,pandas-dev__pandas.95280573.pr_53078.98l2tgxj,3,pandas-dev__pandas.95280573.pr_53078.98l2tgxj,4363,true,510,111,0,0,0,0,0,,0,0,90000000,90000000,0,0,0,ok,,
3744,,,,pandas-dev__pandas.95280573.pr_53078.98l2tgxj,4,pandas-dev__pandas.95280573.pr_53078.98l2tgxj,4985,true,16,30,0,0,0,0,0,,0,0,120000000,120000000,0,0,0,ok,,
3745,,,,pandas-dev__pandas.95280573.pr_53078.98l2tgxj,5,pandas-dev__pandas.95280573.pr_53078.98l2tgxj,5032,true,319,42,0,0,0,0,0,,0,0,150000000,150000000,0,0,0,ok,,
3746,,,,pandas-dev__pandas.95280573.pr_53078.98l2tgxj,6,pandas-dev__pandas.95280573.pr_53078.98l2tgxj,5393,true,42,447,0,0,0,0,0,,0,0,180000000,180000000,0,0,0,ok,,
3747,,,,pandas-dev__pandas.95280573.pr_53078.98l2tgxj,7,pandas-dev__pandas.95280573.pr_53078.98l2tgxj,5883,true,276,39,0,0,0,0,0,,0,0,210000000,210000000,0,0,0,ok,,
3748,,,,spulec__freezegun.5f171db0.lm_rewrite__b0ixukh7.o5t3kofx,0,spulec__freezegun.5f171db0.lm_rewrite__b0ixukh7.o5t3kofx,978,true,708,108,0,0,0,0,0,,0,0,0,0,0,0,0,ok,,
3749,,,,spulec__freezegun.5f171db0.lm_rewrite__b0ixukh7.o5t3kofx,1,spulec__freezegun.5f171db0.lm_rewrite__b0ixukh7.o5t3kofx,1795,true,179,62,0,0,0,0,0,,0,0,30000000,30000000,0,0,0,ok,,
3750,,,,spulec__freezegun.5f171db0.lm_rewrite__b0ixukh7.o5t3kofx,2,spulec__freezegun.5f171db0.lm_rewrite__b0ixukh7.o5t3kofx,2036,true,4259,39,0,0,0,0,0,,0,0,60000000,60000000,0,0,0,ok,,
3751,,,,spulec__freezegun.5f171db0.lm_rewrite__b0ixukh7.o5t3kofx,3,spulec__freezegun.5f171db0.lm_rewrite__b0ixukh7.o5t3kofx,6335,true,10,59,0,0,0,0,0,,0,0,90000000,90000000,0,0,0,ok,,
3752,,,,spulec__freezegun.5f171db0.lm_rewrite__b0ixukh7.o5t3kofx,4,spulec__freezegun.5f171db0.lm_rewrite__b0ixukh7.o5t3kofx,6405,true,623,59,0,0,0,0,0,,0,0,120000000,120000000,0,0,0,ok,,
3753,,,,spulec__freezegun.5f171db0.lm_rewrite__b0ixukh7.o5t3kofx,5,spulec__freezegun.5f171db0.lm_rewrite__b0ixukh7.o5t3kofx,7087,true,659,46,0,0,0,0,0,,0,0,150000000,150000000,0,0,0,ok,,
3754,,,,spulec__freezegun.5f171db0.lm_rewrite__b0ixukh7.o5t3kofx,6,spulec__freezegun.5f171db0.lm_rewrite__b0ixukh7.o5t3kofx,7793,true,29,44,0,0,0,0,0,,0,0,180000000,180000000,0,0,0,ok,,
3755,,,,spulec__freezegun.5f171db0.lm_rewrite__b0ixukh7.o5t3kofx,7,spulec__freezegun.5f171db0.lm_rewrite__b0ixukh7.o5t3kofx,7867,true,529,56,0,0,0,0,0,,0,0,210000000,210000000,0,0,0,ok,,
3756,,,,spulec__freezegun.5f171db0.lm_rewrite__b0ixukh7.o5t3kofx,8,spulec__freezegun.5f171db0.lm_rewrite__b0ixukh7.o5t3kofx,8453,true,710,44,0,0,0,0,0,,0,0,240000000,240000000,0,0,0,ok,,
3757,,,,spulec__freezegun.5f171db0.lm_rewrite__b0ixukh7.o5t3kofx,9,spulec__freezegun.5f171db0.lm_rewrite__b0ixukh7.o5t3kofx,9207,true,719,260,0,0,0,0,0,,0,0,270000000,270000000,0,0,0,ok,,
3758,,,,spulec__freezegun.5f171db0.lm_rewrite__b0ixukh7.o5t3kofx,10,spulec__freezegun.5f171db0.lm_rewrite__b0ixukh7.o5t3kofx,10186,true,17,35,0,0,0,0,0,,0,0,300000000,300000000,0,0,0,ok,,
3759,,,,spulec__freezegun.5f171db0.lm_rewrite__b0ixukh7.o5t3kofx,11,spulec__freezegun.5f171db0.lm_rewrite__b0ixukh7.o5t3kofx,10240,true,8,551,0,0,0,0,0,,0,0,330000000,330000000,0,0,0,ok,,
3760,,,,spulec__freezegun.5f171db0.lm_rewrite__b0ixukh7.o5t3kofx,12,spulec__freezegun.5f171db0.lm_rewrite__b0ixukh7.o5t3kofx,10799,true,506,32,0,0,0,0,0,,0,0,360000000,360000000,0,0,0,ok,,
3761,,,,spulec__freezegun.5f171db0.lm_rewrite__b0ixukh7.o5t3kofx,13,spulec__freezegun.5f171db0.lm_rewrite__b0ixukh7.o5t3kofx,11338,true,81,66,0,0,0,0,0,,0,0,390000000,390000000,0,0,0,ok,,
3762,,,,spulec__freezegun.5f171db0.lm_rewrite__b0ixukh7.o5t3kofx,14,spulec__freezegun.5f171db0.lm_rewrite__b0ixukh7.o5t3kofx,11486,true,594,52,0,0,0,0,0,,0,0,420000000,420000000,0,0,0,ok,,
3763,,,,spulec__freezegun.5f171db0.lm_rewrite__b0ixukh7.o5t3kofx,15,spulec__freezegun.5f171db0.lm_rewrite__b0ixukh7.o5t3kofx,12133,true,917,792,0,0,0,0,0,,0,0,450000000,450000000,0,0,0,ok,,
3764,,,,spulec__freezegun.5f171db0.lm_rewrite__b0ixukh7.o5t3kofx,16,spulec__freezegun.5f171db0.lm_rewrite__b0ixukh7.o5t3kofx,13843,true,20,33,0,0,0,0,0,,0,0,480000000,480000000,0,0,0,ok,,
3765,,,,spulec__freezegun.5f171db0.lm_rewrite__b0ixukh7.o5t3kofx,17,spulec__freezegun.5f171db0.lm_rewrite__b0ixukh7.o5t3kofx,13897,true,167,995,0,0,0,0,0,,0,0,510000000,510000000,0,0,0,ok,,
3766,,,,spulec__freezegun.5f171db0.lm_rewrite__b0ixukh7.o5t3kofx,18,spulec__freezegun.5f171db0.lm_rewrite__b0ixukh7.o5t3kofx,15059,true,687,1169,0,0,0,0,0,,0,0,540000000,540000000,0,0,0,ok,,
3767,,,,spulec__freezegun.5f171db0.lm_rewrite__b0ixukh7.o5t3kofx,19,spulec__freezegun.5f171db0.lm_rewrite__b0ixukh7.o5t3kofx,16916,true,846,67,0,0,0,0,0,,0,0,570000000,570000000,0,0,0,ok,,
3768,,,,spulec__freezegun.5f171db0.lm_rewrite__b0ixukh7.o5t3kofx,20,spulec__freezegun.5f171db0.lm_rewrite__b0ixukh7.o5t3kofx,17829,true,116,1592,0,0,0,0,0,,0,0,600000000,600000000,0,0,0,ok,,
3769,,,,spulec__freezegun.5f171db0.lm_rewrite__b0ixukh7.o5t3kofx,21,spulec__freezegun.5f171db0.lm_rewrite__b0ixukh7.o5t3kofx,19538,true,17,32,0,0,0,0,0,,0,0,630000000,630000000,0,0,0,ok,,
3770,,,,spulec__freezegun.5f171db0.lm_rewrite__b0ixukh7.o5t3kofx,22,spulec__freezegun.5f171db0.lm_rewrite__b0ixukh7.o5t3kofx,19588,true,326,307,0,0,0,0,0,,0,0,660000000,660000000,0,0,0,ok,,
3771,,,,spulec__freezegun.5f171db0.lm_rewrite__b0ixukh7.o5t3kofx,23,spulec__freezegun.5f171db0.lm_rewrite__b0ixukh7.o5t3kofx,20223,true,4106,49,0,0,0,0,0,,0,0,690000000,690000000,0,0,0,ok,,
3772,,,,spulec__freezegun.5f171db0.lm_rewrite__b0ixukh7.o5t3kofx,24,spulec__freezegun.5f171db0.lm_rewrite__b0ixukh7.o5t3kofx,24379,true,15,15,0,0,0,0,0,,0,0,720000000,720000000,0,0,0,ok,,
3773,,,,Project-MONAI__MONAI.a09c1f08.pr_8041.vrouvp7g,0,Project-MONAI__MONAI.a09c1f08.pr_8041.vrouvp7g,978,true,686,96,0,0,0,0,0,,0,0,0,0,0,0,0,ok,,
3774,,,,Project-MONAI__MONAI.a09c1f08.pr_8041.vrouvp7g,1,Project-MONAI__MONAI.a09c1f08.pr_8041.vrouvp7g,1761,true,622,53,0,0,0,0,0,,0,0,30000000,30000000,0,0,0,ok,,
3775,,,,Project-MONAI__MONAI.a09c1f08.pr_8041.vrouvp7g,2,Project-MONAI__MONAI.a09c1f08.pr_8041.vrouvp7g,2436,true,702,75,0,0,0,0,0,,0,0,60000000,60000000,0,0,0,ok,,
3776,,,,Project-MONAI__MONAI.a09c1f08.pr_8041.vrouvp7g,3,Project-MONAI__MONAI.a09c1f08.pr_8041.vrouvp7g,3214,true,1966,65,0,0,0,0,0,,0,0,90000000,90000000,0,0,0,ok,,
3777,,,,Project-MONAI__MONAI.a09c1f08.pr_8041.vrouvp7g,4,Project-MONAI__MONAI.a09c1f08.pr_8041.vrouvp7g,5246,true,218,97,0,0,0,0,0,,0,0,120000000,120000000,0,0,0,ok,,
3778,,,,Project-MONAI__MONAI.a09c1f08.pr_8041.vrouvp7g,5,Project-MONAI__MONAI.a09c1f08.pr_8041.vrouvp7g,5561,true,16,27,0,0,0,0,0,,0,0,150000000,150000000,0,0,0,ok,,
3779,,,,Project-MONAI__MONAI.a09c1f08.pr_8041.vrouvp7g,6,Project-MONAI__MONAI.a09c1f08.pr_8041.vrouvp7g,5604,true,63,584,0,0,0,0,0,,0,0,180000000,180000000,0,0,0,ok,,
3780,,,,Project-MONAI__MONAI.a09c1f08.pr_8041.vrouvp7g,7,Project-MONAI__MONAI.a09c1f08.pr_8041.vrouvp7g,6251,true,493,38,0,0,0,0,0,,0,0,210000000,210000000,0,0,0,ok,,
3781,,,,Project-MONAI__MONAI.a09c1f08.pr_8041.vrouvp7g,8,Project-MONAI__MONAI.a09c1f08.pr_8041.vrouvp7g,6783,true,15,352,0,0,0,0,0,,0,0,240000000,240000000,0,0,0,ok,,
3782,,,,Project-MONAI__MONAI.a09c1f08.pr_8041.vrouvp7g,9,Project-MONAI__MONAI.a09c1f08.pr_8041.vrouvp7g,7151,true,16,30,0,0,0,0,0,,0,0,270000000,270000000,0,0,0,ok,,
3783,,,,Project-MONAI__MONAI.a09c1f08.pr_8041.vrouvp7g,10,Project-MONAI__MONAI.a09c1f08.pr_8041.vrouvp7g,7198,true,134,778,0,0,0,0,0,,0,0,300000000,300000000,0,0,0,ok,,
3784,,,,Project-MONAI__MONAI.a09c1f08.pr_8041.vrouvp7g,11,Project-MONAI__MONAI.a09c1f08.pr_8041.vrouvp7g,8110,true,680,31,0,0,0,0,0,,0,0,330000000,330000000,0,0,0,ok,,
3785,,,,Project-MONAI__MONAI.a09c1f08.pr_8041.vrouvp7g,12,Project-MONAI__MONAI.a09c1f08.pr_8041.vrouvp7g,8822,true,121,35,0,0,0,0,0,,0,0,360000000,360000000,0,0,0,ok,,
3786,,,,agronholm__exceptiongroup.0b4f4937.pr_101.ix0zls7y,0,agronholm__exceptiongroup.0b4f4937.pr_101.ix0zls7y,978,true,394,82,0,0,0,0,0,,0,0,0,0,0,0,0,ok,,
3787,,,,agronholm__exceptiongroup.0b4f4937.pr_101.ix0zls7y,1,agronholm__exceptiongroup.0b4f4937.pr_101.ix0zls7y,1454,true,149,48,0,0,0,0,0,,0,0,30000000,30000000,0,0,0,ok,,
3788,,,,agronholm__exceptiongroup.0b4f4937.pr_101.ix0zls7y,2,agronholm__exceptiongroup.0b4f4937.pr_101.ix0zls7y,1652,true,99,121,0,0,0,0,0,,0,0,60000000,60000000,0,0,0,ok,,
3789,,,,agronholm__exceptiongroup.0b4f4937.pr_101.ix0zls7y,3,agronholm__exceptiongroup.0b4f4937.pr_101.ix0zls7y,1873,true,13,47,0,0,0,0,0,,0,0,90000000,90000000,0,0,0,ok,,
3790,,,,agronholm__exceptiongroup.0b4f4937.pr_101.ix0zls7y,4,agronholm__exceptiongroup.0b4f4937.pr_101.ix0zls7y,1934,true,3393,193,0,0,0,0,0,,0,0,120000000,120000000,0,0,0,ok,,
3791,,,,agronholm__exceptiongroup.0b4f4937.pr_101.ix0zls7y,5,agronholm__exceptiongroup.0b4f4937.pr_101.ix0zls7y,5520,true,16,31,0,0,0,0,0,,0,0,150000000,150000000,0,0,0,ok,,
3792,,,,agronholm__exceptiongroup.0b4f4937.pr_101.ix0zls7y,6,agronholm__exceptiongroup.0b4f4937.pr_101.ix0zls7y,5568,true,86,56,0,0,0,0,0,,0,0,180000000,180000000,0,0,0,ok,,
3793,,,,agronholm__exceptiongroup.0b4f4937.pr_101.ix0zls7y,7,agronholm__exceptiongroup.0b4f4937.pr_101.ix0zls7y,5711,true,901,34,0,0,0,0,0,,0,0,210000000,210000000,0,0,0,ok,,
3794,,,,agronholm__exceptiongroup.0b4f4937.pr_101.ix0zls7y,8,agronholm__exceptiongroup.0b4f4937.pr_101.ix0zls7y,6647,true,424,36,0,0,0,0,0,,0,0,240000000,240000000,0,0,0,ok,,
3795,,,,agronholm__exceptiongroup.0b4f4937.pr_101.ix0zls7y,9,agronholm__exceptiongroup.0b4f4937.pr_101.ix0zls7y,7107,true,24,54,0,0,0,0,0,,0,0,270000000,270000000,0,0,0,ok,,
3796,,,,agronholm__exceptiongroup.0b4f4937.pr_101.ix0zls7y,10,agronholm__exceptiongroup.0b4f4937.pr_101.ix0zls7y,7186,true,2976,155,0,0,0,0,0,,0,0,300000000,300000000,0,0,0,ok,,
3797,,,,agronholm__exceptiongroup.0b4f4937.pr_101.ix0zls7y,11,agronholm__exceptiongroup.0b4f4937.pr_101.ix0zls7y,10318,true,219,44,0,0,0,0,0,,0,0,330000000,330000000,0,0,0,ok,,
3798,,,,agronholm__exceptiongroup.0b4f4937.pr_101.ix0zls7y,12,agronholm__exceptiongroup.0b4f4937.pr_101.ix0zls7y,10581,true,3462,108,0,0,0,0,0,,0,0,360000000,360000000,0,0,0,ok,,
3799,,,,agronholm__exceptiongroup.0b4f4937.pr_101.ix0zls7y,13,agronholm__exceptiongroup.0b4f4937.pr_101.ix0zls7y,14152,true,24,243,0,0,0,0,0,,0,0,390000000,390000000,0,0,0,ok,,
3800,,,,tox-dev__pipdeptree.c31b6418.44.r8vod173,0,tox-dev__pipdeptree.c31b6418.44.r8vod173,978,true,664,76,0,0,0,0,0,,0,0,0,0,0,0,0,ok,,
3801,,,,tox-dev__pipdeptree.c31b6418.44.r8vod173,1,tox-dev__pipdeptree.c31b6418.44.r8vod173,1718,true,11,47,0,0,0,0,0,,0,0,30000000,30000000,0,0,0,ok,,
3802,,,,tox-dev__pipdeptree.c31b6418.44.r8vod173,2,tox-dev__pipdeptree.c31b6418.44.r8vod173,1777,true,922,123,0,0,0,0,0,,0,0,60000000,60000000,0,0,0,ok,,
3803,,,,tox-dev__pipdeptree.c31b6418.44.r8vod173,3,tox-dev__pipdeptree.c31b6418.44.r8vod173,2823,true,16,38,0,0,0,0,0,,0,0,90000000,90000000,0,0,0,ok,,
3804,,,,tox-dev__pipdeptree.c31b6418.44.r8vod173,4,tox-dev__pipdeptree.c31b6418.44.r8vod173,2877,true,6,186,0,0,0,0,0,,0,0,120000000,120000000,0,0,0,ok,,
3805,,,,tox-dev__pipdeptree.c31b6418.44.r8vod173,5,tox-dev__pipdeptree.c31b6418.44.r8vod173,3069,true,150,45,0,0,0,0,0,,0,0,150000000,150000000,0,0,0,ok,,
3806,,,,tox-dev__pipdeptree.c31b6418.44.r8vod173,6,tox-dev__pipdeptree.c31b6418.44.r8vod173,3265,true,6,366,0,0,0,0,0,,0,0,180000000,180000000,0,0,0,ok,,
3807,,,,tox-dev__pipdeptree.c31b6418.44.r8vod173,7,tox-dev__pipdeptree.c31b6418.44.r8vod173,3637,true,229,37,0,0,0,0,0,,0,0,210000000,210000000,0,0,0,ok,,
3808,,,,tox-dev__pipdeptree.c31b6418.44.r8vod173,8,tox-dev__pipdeptree.c31b6418.44.r8vod173,3904,true,73,45,0,0,0,0,0,,0,0,240000000,240000000,0,0,0,ok,,
3809,,,,pydantic__pydantic.acb0f10f.pr_9134.jskwb3v6,0,pydantic__pydantic.acb0f10f.pr_9134.jskwb3v6,978,true,972,75,0,0,0,0,0,,0,0,0,0,0,0,0,ok,,
3810,,,,pydantic__pydantic.acb0f10f.pr_9134.jskwb3v6,1,pydantic__pydantic.acb0f10f.pr_9134.jskwb3v6,2025,true,1268,116,0,0,0,0,0,,0,0,30000000,30000000,0,0,0,ok,,
3811,,,,pydantic__pydantic.acb0f10f.pr_9134.jskwb3v6,2,pydantic__pydantic.acb0f10f.pr_9134.jskwb3v6,3410,true,4230,38,0,0,0,0,0,,0,0,60000000,60000000,0,0,0,ok,,
3812,,,,pydantic__pydantic.acb0f10f.pr_9134.jskwb3v6,3,pydantic__pydantic.acb0f10f.pr_9134.jskwb3v6,7679,true,1095,27,0,0,0,0,0,,0,0,90000000,90000000,0,0,0,ok,,
3813,,,,pydantic__pydantic.acb0f10f.pr_9134.jskwb3v6,4,pydantic__pydantic.acb0f10f.pr_9134.jskwb3v6,8801,true,47,61,0,0,0,0,0,,0,0,120000000,120000000,0,0,0,ok,,
3814,,,,pydantic__pydantic.acb0f10f.pr_9134.jskwb3v6,5,pydantic__pydantic.acb0f10f.pr_9134.jskwb3v6,8910,true,2873,64,0,0,0,0,0,,0,0,150000000,150000000,0,0,0,ok,,
3815,,,,pydantic__pydantic.acb0f10f.pr_9134.jskwb3v6,6,pydantic__pydantic.acb0f10f.pr_9134.jskwb3v6,11848,true,240,63,0,0,0,0,0,,0,0,180000000,180000000,0,0,0,ok,,
3816,,,,pydantic__pydantic.acb0f10f.pr_9134.jskwb3v6,7,pydantic__pydantic.acb0f10f.pr_9134.jskwb3v6,12152,true,173,284,0,0,0,0,0,,0,0,210000000,210000000,0,0,0,ok,,
3817,,,,pydantic__pydantic.acb0f10f.pr_9134.jskwb3v6,8,pydantic__pydantic.acb0f10f.pr_9134.jskwb3v6,12609,true,16,30,0,0,0,0,0,,0,0,240000000,240000000,0,0,0,ok,,
3818,,,,pydantic__pydantic.acb0f10f.pr_9134.jskwb3v6,9,pydantic__pydantic.acb0f10f.pr_9134.jskwb3v6,12656,true,129,35,0,0,0,0,0,,0,0,270000000,270000000,0,0,0,ok,,
3819,,,,pydantic__pydantic.acb0f10f.pr_9134.jskwb3v6,10,pydantic__pydantic.acb0f10f.pr_9134.jskwb3v6,12820,true,316,32,0,0,0,0,0,,0,0,300000000,300000000,0,0,0,ok,,
3820,,,,pydantic__pydantic.acb0f10f.pr_9134.jskwb3v6,11,pydantic__pydantic.acb0f10f.pr_9134.jskwb3v6,13168,true,140,31,0,0,0,0,0,,0,0,330000000,330000000,0,0,0,ok,,
3821,,,,pydantic__pydantic.acb0f10f.pr_9134.jskwb3v6,12,pydantic__pydantic.acb0f10f.pr_9134.jskwb3v6,13340,true,157,26,0,0,0,0,0,,0,0,360000000,360000000,0,0,0,ok,,
3822,,,,pydantic__pydantic.acb0f10f.pr_9134.jskwb3v6,13,pydantic__pydantic.acb0f10f.pr_9134.jskwb3v6,13524,true,145,205,0,0,0,0,0,,0,0,390000000,390000000,0,0,0,ok,,
3823,,,,pydantic__pydantic.acb0f10f.pr_9134.jskwb3v6,14,pydantic__pydantic.acb0f10f.pr_9134.jskwb3v6,13874,true,322,46,0,0,0,0,0,,0,0,420000000,420000000,0,0,0,ok,,
3824,,,,pydantic__pydantic.acb0f10f.pr_9134.jskwb3v6,15,pydantic__pydantic.acb0f10f.pr_9134.jskwb3v6,14242,true,342,140,0,0,0,0,0,,0,0,450000000,450000000,0,0,0,ok,,
3825,,,,pydantic__pydantic.acb0f10f.pr_9134.jskwb3v6,16,pydantic__pydantic.acb0f10f.pr_9134.jskwb3v6,14725,true,151,102,0,0,0,0,0,,0,0,480000000,480000000,0,0,0,ok,,
3826,,,,pydantic__pydantic.acb0f10f.pr_9134.jskwb3v6,17,pydantic__pydantic.acb0f10f.pr_9134.jskwb3v6,14979,true,100,707,0,0,0,0,0,,0,0,510000000,510000000,0,0,0,ok,,
3827,,,,pydantic__pydantic.acb0f10f.pr_9134.jskwb3v6,18,pydantic__pydantic.acb0f10f.pr_9134.jskwb3v6,15787,true,540,32,0,0,0,0,0,,0,0,540000000,540000000,0,0,0,ok,,
3828,,,,pydantic__pydantic.acb0f10f.pr_9134.jskwb3v6,19,pydantic__pydantic.acb0f10f.pr_9134.jskwb3v6,16359,true,145,77,0,0,0,0,0,,0,0,570000000,570000000,0,0,0,ok,,
3829,,,,pydantic__pydantic.acb0f10f.pr_9134.jskwb3v6,20,pydantic__pydantic.acb0f10f.pr_9134.jskwb3v6,16582,true,281,388,0,0,0,0,0,,0,0,600000000,600000000,0,0,0,ok,,
3830,,,,pydantic__pydantic.acb0f10f.pr_9134.jskwb3v6,21,pydantic__pydantic.acb0f10f.pr_9134.jskwb3v6,17252,true,351,342,0,0,0,0,0,,0,0,630000000,630000000,0,0,0,ok,,
3831,,,,pydantic__pydantic.acb0f10f.pr_9134.jskwb3v6,22,pydantic__pydantic.acb0f10f.pr_9134.jskwb3v6,17946,true,326,32,0,0,0,0,0,,0,0,660000000,660000000,0,0,0,ok,,
3832,,,,pydantic__pydantic.acb0f10f.pr_9134.jskwb3v6,23,pydantic__pydantic.acb0f10f.pr_9134.jskwb3v6,18305,true,145,62,0,0,0,0,0,,0,0,690000000,690000000,0,0,0,ok,,
3833,,,,pydantic__pydantic.acb0f10f.pr_9134.jskwb3v6,24,pydantic__pydantic.acb0f10f.pr_9134.jskwb3v6,18512,true,196,44,0,0,0,0,0,,0,0,720000000,720000000,0,0,0,ok,,
3834,,,,pydantic__pydantic.acb0f10f.pr_9134.jskwb3v6,25,pydantic__pydantic.acb0f10f.pr_9134.jskwb3v6,18753,true,210,315,0,0,0,0,0,,0,0,750000000,750000000,0,0,0,ok,,
3835,,,,pydantic__pydantic.acb0f10f.pr_9134.jskwb3v6,26,pydantic__pydantic.acb0f10f.pr_9134.jskwb3v6,19279,true,329,32,0,0,0,0,0,,0,0,780000000,780000000,0,0,0,ok,,
3836,,,,pydantic__pydantic.acb0f10f.pr_9134.jskwb3v6,27,pydantic__pydantic.acb0f10f.pr_9134.jskwb3v6,19641,true,10,229,0,0,0,0,0,,0,0,810000000,810000000,0,0,0,ok,,
