request_id,client_id,tenant_id,slo_class,session_id,round_index,prefix_group,prefix_length,streaming,input_tokens,output_tokens,text_tokens,image_tokens,audio_tokens,video_tokens,reason_ratio,model,deadline_us,server_input_tokens,arrival_time_us,send_time_us,first_chunk_time_us,last_chunk_time_us,num_chunks,status,error_message,finish_reason
0,,,,alecthomas__voluptuous.a7a55f83.func_pm_op_swap__ik9k7pih.zlr2c8bz,0,swe_smith_system_prompt,924,True,611,98,0,0,0,0,0.0,,0,0,0,0,0,0,0,ok,,
1,,,,alecthomas__voluptuous.a7a55f83.func_pm_op_swap__ik9k7pih.zlr2c8bz,1,alecthomas__voluptuous.a7a55f83.func_pm_op_swap__ik9k7pih.zlr2c8bz,1633,True,101,56,0,0,0,0,0.0,,0,0,100000,100000,0,0,0,ok,,
2,,,,alecthomas__voluptuous.a7a55f83.func_pm_op_swap__ik9k7pih.zlr2c8bz,2,alecthomas__voluptuous.a7a55f83.func_pm_op_swap__ik9k7pih.zlr2c8bz,1790,True,1172,66,0,0,0,0,0.0,,0,0,200000,200000,0,0,0,ok,,
3,,,,alecthomas__voluptuous.a7a55f83.func_pm_op_swap__ik9k7pih.zlr2c8bz,3,alecthomas__voluptuous.a7a55f83.func_pm_op_swap__ik9k7pih.zlr2c8bz,3028,True,7092,47,0,0,0,0,0.0,,0,0,300000,300000,0,0,0,ok,,
4,,,,alecthomas__voluptuous.a7a55f83.func_pm_op_swap__ik9k7pih.zlr2c8bz,4,alecthomas__voluptuous.a7a55f83.func_pm_op_swap__ik9k7pih.zlr2c8bz,10167,True,15,68,0,0,0,0,0.0,,0,0,400000,400000,0,0,0,ok,,
5,,,,alecthomas__voluptuous.a7a55f83.func_pm_op_swap__ik9k7pih.zlr2c8bz,5,alecthomas__voluptuous.a7a55f83.func_pm_op_swap__ik9k7pih.zlr2c8bz,10250,True,890,65,0,0,0,0,0.0,,0,0,500000,500000,0,0,0,ok,,
6,,,,alecthomas__voluptuous.a7a55f83.func_pm_op_swap__ik9k7pih.zlr2c8bz,6,alecthomas__voluptuous.a7a55f83.func_pm_op_swap__ik9k7pih.zlr2c8bz,11205,True,893,362,0,0,0,0,0.0,,0,0,600000,600000,0,0,0,ok,,
7,,,,alecthomas__voluptuous.a7a55f83.func_pm_op_swap__ik9k7pih.zlr2c8bz,7,alecthomas__voluptuous.a7a55f83.func_pm_op_swap__ik9k7pih.zlr2c8bz,12460,True,19,35,0,0,0,0,0.0,,0,0,700000,700000,0,0,0,ok,,
8,,,,alecthomas__voluptuous.a7a55f83.func_pm_op_swap__ik9k7pih.zlr2c8bz,8,alecthomas__voluptuous.a7a55f83.func_pm_op_swap__ik9k7pih.zlr2c8bz,12514,True,50,386,0,0,0,0,0.0,,0,0,800000,800000,0,0,0,ok,,
9,,,,alecthomas__voluptuous.a7a55f83.func_pm_op_swap__ik9k7pih.zlr2c8bz,9,alecthomas__voluptuous.a7a55f83.func_pm_op_swap__ik9k7pih.zlr2c8bz,12950,True,478,40,0,0,0,0,0.0,,0,0,900000,900000,0,0,0,ok,,
10,,,,alecthomas__voluptuous.a7a55f83.func_pm_op_swap__ik9k7pih.zlr2c8bz,10,alecthomas__voluptuous.a7a55f83.func_pm_op_swap__ik9k7pih.zlr2c8bz,13468,True,57,292,0,0,0,0,0.0,,0,0,1000000,1000000,0,0,0,ok,,
11,,,,alecthomas__voluptuous.a7a55f83.func_pm_op_swap__ik9k7pih.zlr2c8bz,11,alecthomas__voluptuous.a7a55f83.func_pm_op_swap__ik9k7pih.zlr2c8bz,13817,True,292,683,0,0,0,0,0.0,,0,0,1100000,1100000,0,0,0,ok,,
12,,,,alecthomas__voluptuous.a7a55f83.func_pm_op_swap__ik9k7pih.zlr2c8bz,12,alecthomas__voluptuous.a7a55f83.func_pm_op_swap__ik9k7pih.zlr2c8bz,14792,True,19,35,0,0,0,0,0.0,,0,0,1200000,1200000,0,0,0,ok,,
13,,,,alecthomas__voluptuous.a7a55f83.func_pm_op_swap__ik9k7pih.zlr2c8bz,13,alecthomas__voluptuous.a7a55f83.func_pm_op_swap__ik9k7pih.zlr2c8bz,14846,True,329,138,0,0,0,0,0.0,,0,0,1300000,1300000,0,0,0,ok,,
14,,,,alecthomas__voluptuous.a7a55f83.func_pm_op_swap__ik9k7pih.zlr2c8bz,14,alecthomas__voluptuous.a7a55f83.func_pm_op_swap__ik9k7pih.zlr2c8bz,15313,True,295,246,0,0,0,0,0.0,,0,0,1400000,1400000,0,0,0,ok,,
15,,,,alecthomas__voluptuous.a7a55f83.func_pm_op_swap__ik9k7pih.zlr2c8bz,15,alecthomas__voluptuous.a7a55f83.func_pm_op_swap__ik9k7pih.zlr2c8bz,15854,True,266,34,0,0,0,0,0.0,,0,0,1500000,1500000,0,0,0,ok,,
16,,,,alecthomas__voluptuous.a7a55f83.func_pm_op_swap__ik9k7pih.zlr2c8bz,16,alecthomas__voluptuous.a7a55f83.func_pm_op_swap__ik9k7pih.zlr2c8bz,16154,True,345,50,0,0,0,0,0.0,,0,0,1600000,1600000,0,0,0,ok,,
17,,,,alecthomas__voluptuous.a7a55f83.func_pm_op_swap__ik9k7pih.zlr2c8bz,17,alecthomas__voluptuous.a7a55f83.func_pm_op_swap__ik9k7pih.zlr2c8bz,16549,True,57,214,0,0,0,0,0.0,,0,0,1700000,1700000,0,0,0,ok,,
18,,,,alecthomas__voluptuous.a7a55f83.func_pm_op_swap__ik9k7pih.zlr2c8bz,18,alecthomas__voluptuous.a7a55f83.func_pm_op_swap__ik9k7pih.zlr2c8bz,16820,True,1805,42,0,0,0,0,0.0,,0,0,1800000,1800000,0,0,0,ok,,
19,,,,alecthomas__voluptuous.a7a55f83.func_pm_op_swap__ik9k7pih.zlr2c8bz,19,alecthomas__voluptuous.a7a55f83.func_pm_op_swap__ik9k7pih.zlr2c8bz,18667,True,11,14,0,0,0,0,0.0,,0,0,1900000,1900000,0,0,0,ok,,
20,,,,marshmallow-code__apispec.8b421526.lm_rewrite__lbt9ngyl.j8q4nrht,0,swe_smith_system_prompt,924,True,700,108,0,0,0,0,0.0,,0,0,0,0,0,0,0,ok,,
21,,,,marshmallow-code__apispec.8b421526.lm_rewrite__lbt9ngyl.j8q4nrht,1,marshmallow-code__apispec.8b421526.lm_rewrite__lbt9ngyl.j8q4nrht,1732,True,289,95,0,0,0,0,0.0,,0,0,100000,100000,0,0,0,ok,,
22,,,,marshmallow-code__apispec.8b421526.lm_rewrite__lbt9ngyl.j8q4nrht,2,marshmallow-code__apispec.8b421526.lm_rewrite__lbt9ngyl.j8q4nrht,2116,True,2695,88,0,0,0,0,0.0,,0,0,200000,200000,0,0,0,ok,,
23,,,,marshmallow-code__apispec.8b421526.lm_rewrite__lbt9ngyl.j8q4nrht,3,marshmallow-code__apispec.8b421526.lm_rewrite__lbt9ngyl.j8q4nrht,4899,True,198,79,0,0,0,0,0.0,,0,0,300000,300000,0,0,0,ok,,
24,,,,marshmallow-code__apispec.8b421526.lm_rewrite__lbt9ngyl.j8q4nrht,4,marshmallow-code__apispec.8b421526.lm_rewrite__lbt9ngyl.j8q4nrht,5176,True,207,67,0,0,0,0,0.0,,0,0,400000,400000,0,0,0,ok,,
25,,,,marshmallow-code__apispec.8b421526.lm_rewrite__lbt9ngyl.j8q4nrht,5,marshmallow-code__apispec.8b421526.lm_rewrite__lbt9ngyl.j8q4nrht,5450,True,677,60,0,0,0,0,0.0,,0,0,500000,500000,0,0,0,ok,,
26,,,,marshmallow-code__apispec.8b421526.lm_rewrite__lbt9ngyl.j8q4nrht,6,marshmallow-code__apispec.8b421526.lm_rewrite__lbt9ngyl.j8q4nrht,6187,True,3639,66,0,0,0,0,0.0,,0,0,600000,600000,0,0,0,ok,,
27,,,,marshmallow-code__apispec.8b421526.lm_rewrite__lbt9ngyl.j8q4nrht,7,marshmallow-code__apispec.8b421526.lm_rewrite__lbt9ngyl.j8q4nrht,9892,True,705,71,0,0,0,0,0.0,,0,0,700000,700000,0,0,0,ok,,
28,,,,marshmallow-code__apispec.8b421526.lm_rewrite__lbt9ngyl.j8q4nrht,8,marshmallow-code__apispec.8b421526.lm_rewrite__lbt9ngyl.j8q4nrht,10668,True,754,197,0,0,0,0,0.0,,0,0,800000,800000,0,0,0,ok,,
29,,,,marshmallow-code__apispec.8b421526.lm_rewrite__lbt9ngyl.j8q4nrht,9,marshmallow-code__apispec.8b421526.lm_rewrite__lbt9ngyl.j8q4nrht,11619,True,20,36,0,0,0,0,0.0,,0,0,900000,900000,0,0,0,ok,,
30,,,,marshmallow-code__apispec.8b421526.lm_rewrite__lbt9ngyl.j8q4nrht,10,marshmallow-code__apispec.8b421526.lm_rewrite__lbt9ngyl.j8q4nrht,11675,True,86,354,0,0,0,0,0.0,,0,0,1000000,1000000,0,0,0,ok,,
31,,,,marshmallow-code__apispec.8b421526.lm_rewrite__lbt9ngyl.j8q4nrht,11,marshmallow-code__apispec.8b421526.lm_rewrite__lbt9ngyl.j8q4nrht,12115,True,369,71,0,0,0,0,0.0,,0,0,1100000,1100000,0,0,0,ok,,
32,,,,marshmallow-code__apispec.8b421526.lm_rewrite__lbt9ngyl.j8q4nrht,12,marshmallow-code__apispec.8b421526.lm_rewrite__lbt9ngyl.j8q4nrht,12555,True,80,210,0,0,0,0,0.0,,0,0,1200000,1200000,0,0,0,ok,,
33,,,,marshmallow-code__apispec.8b421526.lm_rewrite__lbt9ngyl.j8q4nrht,13,marshmallow-code__apispec.8b421526.lm_rewrite__lbt9ngyl.j8q4nrht,12845,True,20,27,0,0,0,0,0.0,,0,0,1300000,1300000,0,0,0,ok,,
34,,,,marshmallow-code__apispec.8b421526.lm_rewrite__lbt9ngyl.j8q4nrht,14,marshmallow-code__apispec.8b421526.lm_rewrite__lbt9ngyl.j8q4nrht,12892,True,91,272,0,0,0,0,0.0,,0,0,1400000,1400000,0,0,0,ok,,
35,,,,marshmallow-code__apispec.8b421526.lm_rewrite__lbt9ngyl.j8q4nrht,15,marshmallow-code__apispec.8b421526.lm_rewrite__lbt9ngyl.j8q4nrht,13255,True,21,28,0,0,0,0,0.0,,0,0,1500000,1500000,0,0,0,ok,,
36,,,,marshmallow-code__apispec.8b421526.lm_rewrite__lbt9ngyl.j8q4nrht,16,marshmallow-code__apispec.8b421526.lm_rewrite__lbt9ngyl.j8q4nrht,13304,True,91,371,0,0,0,0,0.0,,0,0,1600000,1600000,0,0,0,ok,,
37,,,,marshmallow-code__apispec.8b421526.lm_rewrite__lbt9ngyl.j8q4nrht,17,marshmallow-code__apispec.8b421526.lm_rewrite__lbt9ngyl.j8q4nrht,13766,True,20,27,0,0,0,0,0.0,,0,0,1700000,1700000,0,0,0,ok,,
38,,,,marshmallow-code__apispec.8b421526.lm_rewrite__lbt9ngyl.j8q4nrht,18,marshmallow-code__apispec.8b421526.lm_rewrite__lbt9ngyl.j8q4nrht,13813,True,136,135,0,0,0,0,0.0,,0,0,1800000,1800000,0,0,0,ok,,
39,,,,marshmallow-code__apispec.8b421526.lm_rewrite__lbt9ngyl.j8q4nrht,19,marshmallow-code__apispec.8b421526.lm_rewrite__lbt9ngyl.j8q4nrht,14084,True,578,761,0,0,0,0,0.0,,0,0,1900000,1900000,0,0,0,ok,,
40,,,,marshmallow-code__apispec.8b421526.lm_rewrite__lbt9ngyl.j8q4nrht,20,marshmallow-code__apispec.8b421526.lm_rewrite__lbt9ngyl.j8q4nrht,15423,True,805,43,0,0,0,0,0.0,,0,0,2000000,2000000,0,0,0,ok,,
41,,,,marshmallow-code__apispec.8b421526.lm_rewrite__lbt9ngyl.j8q4nrht,21,marshmallow-code__apispec.8b421526.lm_rewrite__lbt9ngyl.j8q4nrht,16271,True,125,77,0,0,0,0,0.0,,0,0,2100000,2100000,0,0,0,ok,,
42,,,,marshmallow-code__apispec.8b421526.lm_rewrite__lbt9ngyl.j8q4nrht,22,marshmallow-code__apispec.8b421526.lm_rewrite__lbt9ngyl.j8q4nrht,16473,True,80,137,0,0,0,0,0.0,,0,0,2200000,2200000,0,0,0,ok,,
43,,,,marshmallow-code__apispec.8b421526.lm_rewrite__lbt9ngyl.j8q4nrht,23,marshmallow-code__apispec.8b421526.lm_rewrite__lbt9ngyl.j8q4nrht,16690,True,1800,63,0,0,0,0,0.0,,0,0,2300000,2300000,0,0,0,ok,,
44,,,,marshmallow-code__apispec.8b421526.lm_rewrite__lbt9ngyl.j8q4nrht,24,marshmallow-code__apispec.8b421526.lm_rewrite__lbt9ngyl.j8q4nrht,18553,True,11,16,0,0,0,0,0.0,,0,0,2400000,2400000,0,0,0,ok,,
45,,,,weaveworks__grafanalib.5c3b17ed.72.9fd7ja1z,0,swe_smith_system_prompt,924,True,446,71,0,0,0,0,0.0,,0,0,0,0,0,0,0,ok,,
46,,,,weaveworks__grafanalib.5c3b17ed.72.9fd7ja1z,1,weaveworks__grafanalib.5c3b17ed.72.9fd7ja1z,1441,True,8599,47,0,0,0,0,0.0,,0,0,100000,100000,0,0,0,ok,,
47,,,,weaveworks__grafanalib.5c3b17ed.72.9fd7ja1z,2,weaveworks__grafanalib.5c3b17ed.72.9fd7ja1z,10087,True,15,64,0,0,0,0,0.0,,0,0,200000,200000,0,0,0,ok,,
48,,,,weaveworks__grafanalib.5c3b17ed.72.9fd7ja1z,3,weaveworks__grafanalib.5c3b17ed.72.9fd7ja1z,10166,True,336,363,0,0,0,0,0.0,,0,0,300000,300000,0,0,0,ok,,
49,,,,weaveworks__grafanalib.5c3b17ed.72.9fd7ja1z,4,weaveworks__grafanalib.5c3b17ed.72.9fd7ja1z,10865,True,18,31,0,0,0,0,0.0,,0,0,400000,400000,0,0,0,ok,,
50,,,,weaveworks__grafanalib.5c3b17ed.72.9fd7ja1z,5,weaveworks__grafanalib.5c3b17ed.72.9fd7ja1z,10914,True,24,150,0,0,0,0,0.0,,0,0,500000,500000,0,0,0,ok,,
51,,,,weaveworks__grafanalib.5c3b17ed.72.9fd7ja1z,6,weaveworks__grafanalib.5c3b17ed.72.9fd7ja1z,11088,True,221,105,0,0,0,0,0.0,,0,0,600000,600000,0,0,0,ok,,
52,,,,weaveworks__grafanalib.5c3b17ed.72.9fd7ja1z,7,weaveworks__grafanalib.5c3b17ed.72.9fd7ja1z,11414,True,140,37,0,0,0,0,0.0,,0,0,700000,700000,0,0,0,ok,,
53,,,,weaveworks__grafanalib.5c3b17ed.72.9fd7ja1z,8,weaveworks__grafanalib.5c3b17ed.72.9fd7ja1z,11591,True,24,124,0,0,0,0,0.0,,0,0,800000,800000,0,0,0,ok,,
54,,,,weaveworks__grafanalib.5c3b17ed.72.9fd7ja1z,9,weaveworks__grafanalib.5c3b17ed.72.9fd7ja1z,11739,True,60,51,0,0,0,0,0.0,,0,0,900000,900000,0,0,0,ok,,
55,,,,weaveworks__grafanalib.5c3b17ed.72.9fd7ja1z,10,weaveworks__grafanalib.5c3b17ed.72.9fd7ja1z,11850,True,8232,45,0,0,0,0,0.0,,0,0,1000000,1000000,0,0,0,ok,,
56,,,,weaveworks__grafanalib.5c3b17ed.72.9fd7ja1z,11,weaveworks__grafanalib.5c3b17ed.72.9fd7ja1z,20127,True,15,54,0,0,0,0,0.0,,0,0,1100000,1100000,0,0,0,ok,,
57,,,,weaveworks__grafanalib.5c3b17ed.72.9fd7ja1z,12,weaveworks__grafanalib.5c3b17ed.72.9fd7ja1z,20196,True,109,197,0,0,0,0,0.0,,0,0,1200000,1200000,0,0,0,ok,,
58,,,,weaveworks__grafanalib.5c3b17ed.72.9fd7ja1z,13,weaveworks__grafanalib.5c3b17ed.72.9fd7ja1z,20502,True,250,37,0,0,0,0,0.0,,0,0,1300000,1300000,0,0,0,ok,,
59,,,,weaveworks__grafanalib.5c3b17ed.72.9fd7ja1z,14,weaveworks__grafanalib.5c3b17ed.72.9fd7ja1z,20789,True,24,16,0,0,0,0,0.0,,0,0,1400000,1400000,0,0,0,ok,,
60,,,,tox-dev__pipdeptree.c31b6418.4.zxns78oz,0,swe_smith_system_prompt,924,True,593,87,0,0,0,0,0.0,,0,0,0,0,0,0,0,ok,,
61,,,,tox-dev__pipdeptree.c31b6418.4.zxns78oz,1,tox-dev__pipdeptree.c31b6418.4.zxns78oz,1604,True,276,76,0,0,0,0,0.0,,0,0,100000,100000,0,0,0,ok,,
62,,,,tox-dev__pipdeptree.c31b6418.4.zxns78oz,2,tox-dev__pipdeptree.c31b6418.4.zxns78oz,1956,True,3545,65,0,0,0,0,0.0,,0,0,200000,200000,0,0,0,ok,,
63,,,,tox-dev__pipdeptree.c31b6418.4.zxns78oz,3,tox-dev__pipdeptree.c31b6418.4.zxns78oz,5566,True,1265,221,0,0,0,0,0.0,,0,0,300000,300000,0,0,0,ok,,
64,,,,tox-dev__pipdeptree.c31b6418.4.zxns78oz,4,tox-dev__pipdeptree.c31b6418.4.zxns78oz,7052,True,18,31,0,0,0,0,0.0,,0,0,400000,400000,0,0,0,ok,,
65,,,,tox-dev__pipdeptree.c31b6418.4.zxns78oz,5,tox-dev__pipdeptree.c31b6418.4.zxns78oz,7101,True,428,229,0,0,0,0,0.0,,0,0,500000,500000,0,0,0,ok,,
66,,,,tox-dev__pipdeptree.c31b6418.4.zxns78oz,6,tox-dev__pipdeptree.c31b6418.4.zxns78oz,7758,True,232,32,0,0,0,0,0.0,,0,0,600000,600000,0,0,0,ok,,
67,,,,tox-dev__pipdeptree.c31b6418.4.zxns78oz,7,tox-dev__pipdeptree.c31b6418.4.zxns78oz,8022,True,19,200,0,0,0,0,0.0,,0,0,700000,700000,0,0,0,ok,,
68,,,,tox-dev__pipdeptree.c31b6418.4.zxns78oz,8,tox-dev__pipdeptree.c31b6418.4.zxns78oz,8241,True,232,37,0,0,0,0,0.0,,0,0,800000,800000,0,0,0,ok,,
69,,,,tox-dev__pipdeptree.c31b6418.4.zxns78oz,9,tox-dev__pipdeptree.c31b6418.4.zxns78oz,8510,True,15,289,0,0,0,0,0.0,,0,0,900000,900000,0,0,0,ok,,
70,,,,un33k__python-slugify.872b3750.33.7zctgmw9,0,swe_smith_system_prompt,924,True,644,61,0,0,0,0,0.0,,0,0,0,0,0,0,0,ok,,
71,,,,un33k__python-slugify.872b3750.33.7zctgmw9,1,un33k__python-slugify.872b3750.33.7zctgmw9,1629,True,175,50,0,0,0,0,0.0,,0,0,100000,100000,0,0,0,ok,,
72,,,,un33k__python-slugify.872b3750.33.7zctgmw9,2,un33k__python-slugify.872b3750.33.7zctgmw9,1854,True,168,45,0,0,0,0,0.0,,0,0,200000,200000,0,0,0,ok,,
73,,,,un33k__python-slugify.872b3750.33.7zctgmw9,3,un33k__python-slugify.872b3750.33.7zctgmw9,2067,True,6730,43,0,0,0,0,0.0,,0,0,300000,300000,0,0,0,ok,,
74,,,,un33k__python-slugify.872b3750.33.7zctgmw9,4,un33k__python-slugify.872b3750.33.7zctgmw9,8840,True,31,57,0,0,0,0,0.0,,0,0,400000,400000,0,0,0,ok,,
75,,,,un33k__python-slugify.872b3750.33.7zctgmw9,5,un33k__python-slugify.872b3750.33.7zctgmw9,8928,True,117,48,0,0,0,0,0.0,,0,0,500000,500000,0,0,0,ok,,
76,,,,un33k__python-slugify.872b3750.33.7zctgmw9,6,un33k__python-slugify.872b3750.33.7zctgmw9,9093,True,129,50,0,0,0,0,0.0,,0,0,600000,600000,0,0,0,ok,,
77,,,,un33k__python-slugify.872b3750.33.7zctgmw9,7,un33k__python-slugify.872b3750.33.7zctgmw9,9272,True,1769,124,0,0,0,0,0.0,,0,0,700000,700000,0,0,0,ok,,
78,,,,un33k__python-slugify.872b3750.33.7zctgmw9,8,un33k__python-slugify.872b3750.33.7zctgmw9,11165,True,18,30,0,0,0,0,0.0,,0,0,800000,800000,0,0,0,ok,,
79,,,,un33k__python-slugify.872b3750.33.7zctgmw9,9,un33k__python-slugify.872b3750.33.7zctgmw9,11213,True,31,238,0,0,0,0,0.0,,0,0,900000,900000,0,0,0,ok,,
80,,,,un33k__python-slugify.872b3750.33.7zctgmw9,10,un33k__python-slugify.872b3750.33.7zctgmw9,11482,True,189,31,0,0,0,0,0.0,,0,0,1000000,1000000,0,0,0,ok,,
81,,,,un33k__python-slugify.872b3750.33.7zctgmw9,11,un33k__python-slugify.872b3750.33.7zctgmw9,11702,True,54,260,0,0,0,0,0.0,,0,0,1100000,1100000,0,0,0,ok,,
82,,,,un33k__python-slugify.872b3750.33.7zctgmw9,12,un33k__python-slugify.872b3750.33.7zctgmw9,12016,True,18,33,0,0,0,0,0.0,,0,0,1200000,1200000,0,0,0,ok,,
83,,,,un33k__python-slugify.872b3750.33.7zctgmw9,13,un33k__python-slugify.872b3750.33.7zctgmw9,12067,True,11,14,0,0,0,0,0.0,,0,0,1300000,1300000,0,0,0,ok,,
84,,,,un33k__python-slugify.872b3750.33.7zctgmw9,14,un33k__python-slugify.872b3750.33.7zctgmw9,12092,True,557,84,0,0,0,0,0.0,,0,0,1400000,1400000,0,0,0,ok,,
85,,,,jd__tenacity.0d40e76f.pr_484.akdur6uf,0,swe_smith_system_prompt,924,True,399,66,0,0,0,0,0.0,,0,0,0,0,0,0,0,ok,,
86,,,,jd__tenacity.0d40e76f.pr_484.akdur6uf,1,jd__tenacity.0d40e76f.pr_484.akdur6uf,1389,True,314,68,0,0,0,0,0.0,,0,0,100000,100000,0,0,0,ok,,
87,,,,jd__tenacity.0d40e76f.pr_484.akdur6uf,2,jd__tenacity.0d40e76f.pr_484.akdur6uf,1771,True,4031,36,0,0,0,0,0.0,,0,0,200000,200000,0,0,0,ok,,
88,,,,jd__tenacity.0d40e76f.pr_484.akdur6uf,3,jd__tenacity.0d40e76f.pr_484.akdur6uf,5838,True,6573,133,0,0,0,0,0.0,,0,0,300000,300000,0,0,0,ok,,
89,,,,jd__tenacity.0d40e76f.pr_484.akdur6uf,4,jd__tenacity.0d40e76f.pr_484.akdur6uf,12544,True,3582,239,0,0,0,0,0.0,,0,0,400000,400000,0,0,0,ok,,
90,,,,jd__tenacity.0d40e76f.pr_484.akdur6uf,5,jd__tenacity.0d40e76f.pr_484.akdur6uf,16365,True,18,33,0,0,0,0,0.0,,0,0,500000,500000,0,0,0,ok,,
91,,,,jd__tenacity.0d40e76f.pr_484.akdur6uf,6,jd__tenacity.0d40e76f.pr_484.akdur6uf,16416,True,48,131,0,0,0,0,0.0,,0,0,600000,600000,0,0,0,ok,,
92,,,,jd__tenacity.0d40e76f.pr_484.akdur6uf,7,jd__tenacity.0d40e76f.pr_484.akdur6uf,16595,True,143,299,0,0,0,0,0.0,,0,0,700000,700000,0,0,0,ok,,
93,,,,jd__tenacity.0d40e76f.pr_484.akdur6uf,8,jd__tenacity.0d40e76f.pr_484.akdur6uf,17037,True,395,623,0,0,0,0,0.0,,0,0,800000,800000,0,0,0,ok,,
94,,,,jd__tenacity.0d40e76f.pr_484.akdur6uf,9,jd__tenacity.0d40e76f.pr_484.akdur6uf,18055,True,610,909,0,0,0,0,0.0,,0,0,900000,900000,0,0,0,ok,,
95,,,,jd__tenacity.0d40e76f.pr_484.akdur6uf,10,jd__tenacity.0d40e76f.pr_484.akdur6uf,19574,True,852,258,0,0,0,0,0.0,,0,0,1000000,1000000,0,0,0,ok,,
96,,,,jd__tenacity.0d40e76f.pr_484.akdur6uf,11,jd__tenacity.0d40e76f.pr_484.akdur6uf,20684,True,18,30,0,0,0,0,0.0,,0,0,1100000,1100000,0,0,0,ok,,
97,,,,jd__tenacity.0d40e76f.pr_484.akdur6uf,12,jd__tenacity.0d40e76f.pr_484.akdur6uf,20732,True,65,32,0,0,0,0,0.0,,0,0,1200000,1200000,0,0,0,ok,,
98,,,,facebookresearch__hydra.0f03eb60.func_pm_remove_cond__u5bb7kvg.wmrhm9fb,0,swe_smith_system_prompt,924,True,519,95,0,0,0,0,0.0,,0,0,0,0,0,0,0,ok,,
99,,,,facebookresearch__hydra.0f03eb60.func_pm_remove_cond__u5bb7kvg.wmrhm9fb,1,facebookresearch__hydra.0f03eb60.func_pm_remove_cond__u5bb7kvg.wmrhm9fb,1538,True,7747,99,0,0,0,0,0.0,,0,0,100000,100000,0,0,0,ok,,
100,,,,facebookresearch__hydra.0f03eb60.func_pm_remove_cond__u5bb7kvg.wmrhm9fb,2,facebookresearch__hydra.0f03eb60.func_pm_remove_cond__u5bb7kvg.wmrhm9fb,9384,True,190,59,0,0,0,0,0.0,,0,0,200000,200000,0,0,0,ok,,
101,,,,facebookresearch__hydra.0f03eb60.func_pm_remove_cond__u5bb7kvg.wmrhm9fb,3,facebookresearch__hydra.0f03eb60.func_pm_remove_cond__u5bb7kvg.wmrhm9fb,9633,True,14,45,0,0,0,0,0.0,,0,0,300000,300000,0,0,0,ok,,
102,,,,facebookresearch__hydra.0f03eb60.func_pm_remove_cond__u5bb7kvg.wmrhm9fb,4,facebookresearch__hydra.0f03eb60.func_pm_remove_cond__u5bb7kvg.wmrhm9fb,9692,True,4616,232,0,0,0,0,0.0,,0,0,400000,400000,0,0,0,ok,,
103,,,,facebookresearch__hydra.0f03eb60.func_pm_remove_cond__u5bb7kvg.wmrhm9fb,5,facebookresearch__hydra.0f03eb60.func_pm_remove_cond__u5bb7kvg.wmrhm9fb,14540,True,19,73,0,0,0,0,0.0,,0,0,500000,500000,0,0,0,ok,,
104,,,,facebookresearch__hydra.0f03eb60.func_pm_remove_cond__u5bb7kvg.wmrhm9fb,6,facebookresearch__hydra.0f03eb60.func_pm_remove_cond__u5bb7kvg.wmrhm9fb,14632,True,16,48,0,0,0,0,0.0,,0,0,600000,600000,0,0,0,ok,,
105,,,,facebookresearch__hydra.0f03eb60.func_pm_remove_cond__u5bb7kvg.wmrhm9fb,7,facebookresearch__hydra.0f03eb60.func_pm_remove_cond__u5bb7kvg.wmrhm9fb,14696,True,205,636,0,0,0,0,0.0,,0,0,700000,700000,0,0,0,ok,,
106,,,,facebookresearch__hydra.0f03eb60.func_pm_remove_cond__u5bb7kvg.wmrhm9fb,8,facebookresearch__hydra.0f03eb60.func_pm_remove_cond__u5bb7kvg.wmrhm9fb,15537,True,620,118,0,0,0,0,0.0,,0,0,800000,800000,0,0,0,ok,,
107,,,,facebookresearch__hydra.0f03eb60.func_pm_remove_cond__u5bb7kvg.wmrhm9fb,9,facebookresearch__hydra.0f03eb60.func_pm_remove_cond__u5bb7kvg.wmrhm9fb,16275,True,78,71,0,0,0,0,0.0,,0,0,900000,900000,0,0,0,ok,,
108,,,,facebookresearch__hydra.0f03eb60.func_pm_remove_cond__u5bb7kvg.wmrhm9fb,10,facebookresearch__hydra.0f03eb60.func_pm_remove_cond__u5bb7kvg.wmrhm9fb,16424,True,78,80,0,0,0,0,0.0,,0,0,1000000,1000000,0,0,0,ok,,
109,,,,facebookresearch__hydra.0f03eb60.func_pm_remove_cond__u5bb7kvg.wmrhm9fb,11,facebookresearch__hydra.0f03eb60.func_pm_remove_cond__u5bb7kvg.wmrhm9fb,16582,True,41,76,0,0,0,0,0.0,,0,0,1100000,1100000,0,0,0,ok,,
110,,,,facebookresearch__hydra.0f03eb60.func_pm_remove_cond__u5bb7kvg.wmrhm9fb,12,facebookresearch__hydra.0f03eb60.func_pm_remove_cond__u5bb7kvg.wmrhm9fb,16699,True,2609,76,0,0,0,0,0.0,,0,0,1200000,1200000,0,0,0,ok,,
111,,,,facebookresearch__hydra.0f03eb60.func_pm_remove_cond__u5bb7kvg.wmrhm9fb,13,facebookresearch__hydra.0f03eb60.func_pm_remove_cond__u5bb7kvg.wmrhm9fb,19384,True,41,76,0,0,0,0,0.0,,0,0,1300000,1300000,0,0,0,ok,,
112,,,,facebookresearch__hydra.0f03eb60.func_pm_remove_cond__u5bb7kvg.wmrhm9fb,14,facebookresearch__hydra.0f03eb60.func_pm_remove_cond__u5bb7kvg.wmrhm9fb,19501,True,2609,356,0,0,0,0,0.0,,0,0,1400000,1400000,0,0,0,ok,,
113,,,,facebookresearch__hydra.0f03eb60.func_pm_remove_cond__u5bb7kvg.wmrhm9fb,15,facebookresearch__hydra.0f03eb60.func_pm_remove_cond__u5bb7kvg.wmrhm9fb,22466,True,703,41,0,0,0,0,0.0,,0,0,1500000,1500000,0,0,0,ok,,
114,,,,facebookresearch__hydra.0f03eb60.func_pm_remove_cond__u5bb7kvg.wmrhm9fb,16,facebookresearch__hydra.0f03eb60.func_pm_remove_cond__u5bb7kvg.wmrhm9fb,23210,True,11,8,0,0,0,0,0.0,,0,0,1600000,1600000,0,0,0,ok,,
115,,,,paramiko__paramiko.23f92003.func_pm_ctrl_shuffle__4vo13hd4.6x6y4jjz,0,swe_smith_system_prompt,924,True,561,116,0,0,0,0,0.0,,0,0,0,0,0,0,0,ok,,
116,,,,paramiko__paramiko.23f92003.func_pm_ctrl_shuffle__4vo13hd4.6x6y4jjz,1,paramiko__paramiko.23f92003.func_pm_ctrl_shuffle__4vo13hd4.6x6y4jjz,1601,True,878,83,0,0,0,0,0.0,,0,0,100000,100000,0,0,0,ok,,
117,,,,paramiko__paramiko.23f92003.func_pm_ctrl_shuffle__4vo13hd4.6x6y4jjz,2,paramiko__paramiko.23f92003.func_pm_ctrl_shuffle__4vo13hd4.6x6y4jjz,2562,True,4755,222,0,0,0,0,0.0,,0,0,200000,200000,0,0,0,ok,,
118,,,,paramiko__paramiko.23f92003.func_pm_ctrl_shuffle__4vo13hd4.6x6y4jjz,3,paramiko__paramiko.23f92003.func_pm_ctrl_shuffle__4vo13hd4.6x6y4jjz,7539,True,19,38,0,0,0,0,0.0,,0,0,300000,300000,0,0,0,ok,,
119,,,,paramiko__paramiko.23f92003.func_pm_ctrl_shuffle__4vo13hd4.6x6y4jjz,4,paramiko__paramiko.23f92003.func_pm_ctrl_shuffle__4vo13hd4.6x6y4jjz,7596,True,111,847,0,0,0,0,0.0,,0,0,400000,400000,0,0,0,ok,,
120,,,,paramiko__paramiko.23f92003.func_pm_ctrl_shuffle__4vo13hd4.6x6y4jjz,5,paramiko__paramiko.23f92003.func_pm_ctrl_shuffle__4vo13hd4.6x6y4jjz,8554,True,840,36,0,0,0,0,0.0,,0,0,500000,500000,0,0,0,ok,,
121,,,,paramiko__paramiko.23f92003.func_pm_ctrl_shuffle__4vo13hd4.6x6y4jjz,6,paramiko__paramiko.23f92003.func_pm_ctrl_shuffle__4vo13hd4.6x6y4jjz,9430,True,113,506,0,0,0,0,0.0,,0,0,600000,600000,0,0,0,ok,,
122,,,,paramiko__paramiko.23f92003.func_pm_ctrl_shuffle__4vo13hd4.6x6y4jjz,7,paramiko__paramiko.23f92003.func_pm_ctrl_shuffle__4vo13hd4.6x6y4jjz,10049,True,498,165,0,0,0,0,0.0,,0,0,700000,700000,0,0,0,ok,,
123,,,,paramiko__paramiko.23f92003.func_pm_ctrl_shuffle__4vo13hd4.6x6y4jjz,8,paramiko__paramiko.23f92003.func_pm_ctrl_shuffle__4vo13hd4.6x6y4jjz,10712,True,11,662,0,0,0,0,0.0,,0,0,800000,800000,0,0,0,ok,,
124,,,,paramiko__paramiko.23f92003.func_pm_ctrl_shuffle__4vo13hd4.6x6y4jjz,9,paramiko__paramiko.23f92003.func_pm_ctrl_shuffle__4vo13hd4.6x6y4jjz,11385,True,18,32,0,0,0,0,0.0,,0,0,900000,900000,0,0,0,ok,,
125,,,,paramiko__paramiko.23f92003.func_pm_ctrl_shuffle__4vo13hd4.6x6y4jjz,10,paramiko__paramiko.23f92003.func_pm_ctrl_shuffle__4vo13hd4.6x6y4jjz,11435,True,70,256,0,0,0,0,0.0,,0,0,1000000,1000000,0,0,0,ok,,
126,,,,paramiko__paramiko.23f92003.func_pm_ctrl_shuffle__4vo13hd4.6x6y4jjz,11,paramiko__paramiko.23f92003.func_pm_ctrl_shuffle__4vo13hd4.6x6y4jjz,11761,True,2070,43,0,0,0,0,0.0,,0,0,1100000,1100000,0,0,0,ok,,
127,,,,paramiko__paramiko.23f92003.func_pm_ctrl_shuffle__4vo13hd4.6x6y4jjz,12,paramiko__paramiko.23f92003.func_pm_ctrl_shuffle__4vo13hd4.6x6y4jjz,13874,True,11,8,0,0,0,0,0.0,,0,0,1200000,1200000,0,0,0,ok,,
128,,,,HIPS__autograd.ac044f0d.lm_rewrite__zmt92fhi.uatmi41d,0,swe_smith_system_prompt,924,True,582,101,0,0,0,0,0.0,,0,0,0,0,0,0,0,ok,,
129,,,,HIPS__autograd.ac044f0d.lm_rewrite__zmt92fhi.uatmi41d,1,HIPS__autograd.ac044f0d.lm_rewrite__zmt92fhi.uatmi41d,1607,True,1161,59,0,0,0,0,0.0,,0,0,100000,100000,0,0,0,ok,,
130,,,,HIPS__autograd.ac044f0d.lm_rewrite__zmt92fhi.uatmi41d,2,HIPS__autograd.ac044f0d.lm_rewrite__zmt92fhi.uatmi41d,2827,True,135,68,0,0,0,0,0.0,,0,0,200000,200000,0,0,0,ok,,
131,,,,HIPS__autograd.ac044f0d.lm_rewrite__zmt92fhi.uatmi41d,3,HIPS__autograd.ac044f0d.lm_rewrite__zmt92fhi.uatmi41d,3030,True,6032,138,0,0,0,0,0.0,,0,0,300000,300000,0,0,0,ok,,
132,,,,HIPS__autograd.ac044f0d.lm_rewrite__zmt92fhi.uatmi41d,4,HIPS__autograd.ac044f0d.lm_rewrite__zmt92fhi.uatmi41d,9200,True,226,233,0,0,0,0,0.0,,0,0,400000,400000,0,0,0,ok,,
133,,,,HIPS__autograd.ac044f0d.lm_rewrite__zmt92fhi.uatmi41d,5,HIPS__autograd.ac044f0d.lm_rewrite__zmt92fhi.uatmi41d,9659,True,19,36,0,0,0,0,0.0,,0,0,500000,500000,0,0,0,ok,,
134,,,,HIPS__autograd.ac044f0d.lm_rewrite__zmt92fhi.uatmi41d,6,HIPS__autograd.ac044f0d.lm_rewrite__zmt92fhi.uatmi41d,9714,True,76,115,0,0,0,0,0.0,,0,0,600000,600000,0,0,0,ok,,
135,,,,HIPS__autograd.ac044f0d.lm_rewrite__zmt92fhi.uatmi41d,7,HIPS__autograd.ac044f0d.lm_rewrite__zmt92fhi.uatmi41d,9905,True,117,32,0,0,0,0,0.0,,0,0,700000,700000,0,0,0,ok,,
136,,,,HIPS__autograd.ac044f0d.lm_rewrite__zmt92fhi.uatmi41d,8,HIPS__autograd.ac044f0d.lm_rewrite__zmt92fhi.uatmi41d,10054,True,25,573,0,0,0,0,0.0,,0,0,800000,800000,0,0,0,ok,,
137,,,,HIPS__autograd.ac044f0d.lm_rewrite__zmt92fhi.uatmi41d,9,HIPS__autograd.ac044f0d.lm_rewrite__zmt92fhi.uatmi41d,10652,True,404,290,0,0,0,0,0.0,,0,0,900000,900000,0,0,0,ok,,
138,,,,HIPS__autograd.ac044f0d.lm_rewrite__zmt92fhi.uatmi41d,10,HIPS__autograd.ac044f0d.lm_rewrite__zmt92fhi.uatmi41d,11346,True,299,55,0,0,0,0,0.0,,0,0,1000000,1000000,0,0,0,ok,,
139,,,,HIPS__autograd.ac044f0d.lm_rewrite__zmt92fhi.uatmi41d,11,HIPS__autograd.ac044f0d.lm_rewrite__zmt92fhi.uatmi41d,11700,True,22,871,0,0,0,0,0.0,,0,0,1100000,1100000,0,0,0,ok,,
140,,,,HIPS__autograd.ac044f0d.lm_rewrite__zmt92fhi.uatmi41d,12,HIPS__autograd.ac044f0d.lm_rewrite__zmt92fhi.uatmi41d,12593,True,19,35,0,0,0,0,0.0,,0,0,1200000,1200000,0,0,0,ok,,
141,,,,HIPS__autograd.ac044f0d.lm_rewrite__zmt92fhi.uatmi41d,13,HIPS__autograd.ac044f0d.lm_rewrite__zmt92fhi.uatmi41d,12647,True,508,128,0,0,0,0,0.0,,0,0,1300000,1300000,0,0,0,ok,,
142,,,,HIPS__autograd.ac044f0d.lm_rewrite__zmt92fhi.uatmi41d,14,HIPS__autograd.ac044f0d.lm_rewrite__zmt92fhi.uatmi41d,13283,True,140,36,0,0,0,0,0.0,,0,0,1400000,1400000,0,0,0,ok,,
143,,,,HIPS__autograd.ac044f0d.lm_rewrite__zmt92fhi.uatmi41d,15,HIPS__autograd.ac044f0d.lm_rewrite__zmt92fhi.uatmi41d,13459,True,224,375,0,0,0,0,0.0,,0,0,1500000,1500000,0,0,0,ok,,
144,,,,HIPS__autograd.ac044f0d.lm_rewrite__zmt92fhi.uatmi41d,16,HIPS__autograd.ac044f0d.lm_rewrite__zmt92fhi.uatmi41d,14058,True,1701,42,0,0,0,0,0.0,,0,0,1600000,1600000,0,0,0,ok,,
145,,,,HIPS__autograd.ac044f0d.lm_rewrite__zmt92fhi.uatmi41d,17,HIPS__autograd.ac044f0d.lm_rewrite__zmt92fhi.uatmi41d,15801,True,11,14,0,0,0,0,0.0,,0,0,1700000,1700000,0,0,0,ok,,
146,,,,pyupio__safety.7654596b.lm_rewrite__pp28o0j3.qu8jby3f,0,swe_smith_system_prompt,924,True,526,131,0,0,0,0,0.0,,0,0,0,0,0,0,0,ok,,
147,,,,pyupio__safety.7654596b.lm_rewrite__pp28o0j3.qu8jby3f,1,pyupio__safety.7654596b.lm_rewrite__pp28o0j3.qu8jby3f,1581,True,80,72,0,0,0,0,0.0,,0,0,100000,100000,0,0,0,ok,,
148,,,,pyupio__safety.7654596b.lm_rewrite__pp28o0j3.qu8jby3f,2,pyupio__safety.7654596b.lm_rewrite__pp28o0j3.qu8jby3f,1733,True,4716,51,0,0,0,0,0.0,,0,0,200000,200000,0,0,0,ok,,
149,,,,pyupio__safety.7654596b.lm_rewrite__pp28o0j3.qu8jby3f,3,pyupio__safety.7654596b.lm_rewrite__pp28o0j3.qu8jby3f,6500,True,5158,45,0,0,0,0,0.0,,0,0,300000,300000,0,0,0,ok,,
150,,,,pyupio__safety.7654596b.lm_rewrite__pp28o0j3.qu8jby3f,4,pyupio__safety.7654596b.lm_rewrite__pp28o0j3.qu8jby3f,11703,True,2717,62,0,0,0,0,0.0,,0,0,400000,400000,0,0,0,ok,,
151,,,,pyupio__safety.7654596b.lm_rewrite__pp28o0j3.qu8jby3f,5,pyupio__safety.7654596b.lm_rewrite__pp28o0j3.qu8jby3f,14482,True,410,67,0,0,0,0,0.0,,0,0,500000,500000,0,0,0,ok,,
152,,,,pyupio__safety.7654596b.lm_rewrite__pp28o0j3.qu8jby3f,6,pyupio__safety.7654596b.lm_rewrite__pp28o0j3.qu8jby3f,14959,True,647,53,0,0,0,0,0.0,,0,0,600000,600000,0,0,0,ok,,
153,,,,pyupio__safety.7654596b.lm_rewrite__pp28o0j3.qu8jby3f,7,pyupio__safety.7654596b.lm_rewrite__pp28o0j3.qu8jby3f,15659,True,24,50,0,0,0,0,0.0,,0,0,700000,700000,0,0,0,ok,,
154,,,,pyupio__safety.7654596b.lm_rewrite__pp28o0j3.qu8jby3f,8,pyupio__safety.7654596b.lm_rewrite__pp28o0j3.qu8jby3f,15733,True,547,70,0,0,0,0,0.0,,0,0,800000,800000,0,0,0,ok,,
155,,,,pyupio__safety.7654596b.lm_rewrite__pp28o0j3.qu8jby3f,9,pyupio__safety.7654596b.lm_rewrite__pp28o0j3.qu8jby3f,16350,True,830,104,0,0,0,0,0.0,,0,0,900000,900000,0,0,0,ok,,
156,,,,pyupio__safety.7654596b.lm_rewrite__pp28o0j3.qu8jby3f,10,pyupio__safety.7654596b.lm_rewrite__pp28o0j3.qu8jby3f,17284,True,20,54,0,0,0,0,0.0,,0,0,1000000,1000000,0,0,0,ok,,
157,,,,pyupio__safety.7654596b.lm_rewrite__pp28o0j3.qu8jby3f,11,pyupio__safety.7654596b.lm_rewrite__pp28o0j3.qu8jby3f,17358,True,57,131,0,0,0,0,0.0,,0,0,1100000,1100000,0,0,0,ok,,
158,,,,pyupio__safety.7654596b.lm_rewrite__pp28o0j3.qu8jby3f,12,pyupio__safety.7654596b.lm_rewrite__pp28o0j3.qu8jby3f,17546,True,20,26,0,0,0,0,0.0,,0,0,1200000,1200000,0,0,0,ok,,
159,,,,pyupio__safety.7654596b.lm_rewrite__pp28o0j3.qu8jby3f,13,pyupio__safety.7654596b.lm_rewrite__pp28o0j3.qu8jby3f,17592,True,43,137,0,0,0,0,0.0,,0,0,1300000,1300000,0,0,0,ok,,
160,,,,pyupio__safety.7654596b.lm_rewrite__pp28o0j3.qu8jby3f,14,pyupio__safety.7654596b.lm_rewrite__pp28o0j3.qu8jby3f,17772,True,631,74,0,0,0,0,0.0,,0,0,1400000,1400000,0,0,0,ok,,
161,,,,pyupio__safety.7654596b.lm_rewrite__pp28o0j3.qu8jby3f,15,pyupio__safety.7654596b.lm_rewrite__pp28o0j3.qu8jby3f,18477,True,547,118,0,0,0,0,0.0,,0,0,1500000,1500000,0,0,0,ok,,
162,,,,pyupio__safety.7654596b.lm_rewrite__pp28o0j3.qu8jby3f,16,pyupio__safety.7654596b.lm_rewrite__pp28o0j3.qu8jby3f,19142,True,22,52,0,0,0,0,0.0,,0,0,1600000,1600000,0,0,0,ok,,
163,,,,pyupio__safety.7654596b.lm_rewrite__pp28o0j3.qu8jby3f,17,pyupio__safety.7654596b.lm_rewrite__pp28o0j3.qu8jby3f,19216,True,408,940,0,0,0,0,0.0,,0,0,1700000,1700000,0,0,0,ok,,
164,,,,pyupio__safety.7654596b.lm_rewrite__pp28o0j3.qu8jby3f,18,pyupio__safety.7654596b.lm_rewrite__pp28o0j3.qu8jby3f,20564,True,968,167,0,0,0,0,0.0,,0,0,1800000,1800000,0,0,0,ok,,
165,,,,pyupio__safety.7654596b.lm_rewrite__pp28o0j3.qu8jby3f,19,pyupio__safety.7654596b.lm_rewrite__pp28o0j3.qu8jby3f,21699,True,258,156,0,0,0,0,0.0,,0,0,1900000,1900000,0,0,0,ok,,
166,,,,pyupio__safety.7654596b.lm_rewrite__pp28o0j3.qu8jby3f,20,pyupio__safety.7654596b.lm_rewrite__pp28o0j3.qu8jby3f,22113,True,18,24,0,0,0,0,0.0,,0,0,2000000,2000000,0,0,0,ok,,
167,,,,pyupio__safety.7654596b.lm_rewrite__pp28o0j3.qu8jby3f,21,pyupio__safety.7654596b.lm_rewrite__pp28o0j3.qu8jby3f,22155,True,3411,294,0,0,0,0,0.0,,0,0,2100000,2100000,0,0,0,ok,,
168,,,,pyupio__safety.7654596b.lm_rewrite__pp28o0j3.qu8jby3f,22,pyupio__safety.7654596b.lm_rewrite__pp28o0j3.qu8jby3f,25860,True,18,24,0,0,0,0,0.0,,0,0,2200000,2200000,0,0,0,ok,,
169,,,,pyupio__safety.7654596b.lm_rewrite__pp28o0j3.qu8jby3f,23,pyupio__safety.7654596b.lm_rewrite__pp28o0j3.qu8jby3f,25902,True,41,208,0,0,0,0,0.0,,0,0,2300000,2300000,0,0,0,ok,,
170,,,,pyupio__safety.7654596b.lm_rewrite__pp28o0j3.qu8jby3f,24,pyupio__safety.7654596b.lm_rewrite__pp28o0j3.qu8jby3f,26151,True,1811,69,0,0,0,0,0.0,,0,0,2400000,2400000,0,0,0,ok,,
171,,,,pyupio__safety.7654596b.lm_rewrite__pp28o0j3.qu8jby3f,25,pyupio__safety.7654596b.lm_rewrite__pp28o0j3.qu8jby3f,28031,True,11,8,0,0,0,0,0.0,,0,0,2500000,2500000,0,0,0,ok,,
172,,,,cookiecutter__cookiecutter.b4451231.lm_rewrite__l5ekmd58.xm1pu0y3,0,swe_smith_system_prompt,924,True,672,97,0,0,0,0,0.0,,0,0,0,0,0,0,0,ok,,
173,,,,cookiecutter__cookiecutter.b4451231.lm_rewrite__l5ekmd58.xm1pu0y3,1,cookiecutter__cookiecutter.b4451231.lm_rewrite__l5ekmd58.xm1pu0y3,1693,True,1142,69,0,0,0,0,0.0,,0,0,100000,100000,0,0,0,ok,,
174,,,,cookiecutter__cookiecutter.b4451231.lm_rewrite__l5ekmd58.xm1pu0y3,2,cookiecutter__cookiecutter.b4451231.lm_rewrite__l5ekmd58.xm1pu0y3,2904,True,3334,57,0,0,0,0,0.0,,0,0,200000,200000,0,0,0,ok,,
175,,,,cookiecutter__cookiecutter.b4451231.lm_rewrite__l5ekmd58.xm1pu0y3,3,cookiecutter__cookiecutter.b4451231.lm_rewrite__l5ekmd58.xm1pu0y3,6295,True,1252,52,0,0,0,0,0.0,,0,0,300000,300000,0,0,0,ok,,
176,,,,cookiecutter__cookiecutter.b4451231.lm_rewrite__l5ekmd58.xm1pu0y3,4,cookiecutter__cookiecutter.b4451231.lm_rewrite__l5ekmd58.xm1pu0y3,7599,True,977,294,0,0,0,0,0.0,,0,0,400000,400000,0,0,0,ok,,
177,,,,cookiecutter__cookiecutter.b4451231.lm_rewrite__l5ekmd58.xm1pu0y3,5,cookiecutter__cookiecutter.b4451231.lm_rewrite__l5ekmd58.xm1pu0y3,8870,True,19,35,0,0,0,0,0.0,,0,0,500000,500000,0,0,0,ok,,
178,,,,cookiecutter__cookiecutter.b4451231.lm_rewrite__l5ekmd58.xm1pu0y3,6,cookiecutter__cookiecutter.b4451231.lm_rewrite__l5ekmd58.xm1pu0y3,8924,True,160,361,0,0,0,0,0.0,,0,0,600000,600000,0,0,0,ok,,
179,,,,cookiecutter__cookiecutter.b4451231.lm_rewrite__l5ekmd58.xm1pu0y3,7,cookiecutter__cookiecutter.b4451231.lm_rewrite__l5ekmd58.xm1pu0y3,9445,True,289,32,0,0,0,0,0.0,,0,0,700000,700000,0,0,0,ok,,
180,,,,cookiecutter__cookiecutter.b4451231.lm_rewrite__l5ekmd58.xm1pu0y3,8,cookiecutter__cookiecutter.b4451231.lm_rewrite__l5ekmd58.xm1pu0y3,9766,True,76,440,0,0,0,0,0.0,,0,0,800000,800000,0,0,0,ok,,
181,,,,cookiecutter__cookiecutter.b4451231.lm_rewrite__l5ekmd58.xm1pu0y3,9,cookiecutter__cookiecutter.b4451231.lm_rewrite__l5ekmd58.xm1pu0y3,10282,True,362,32,0,0,0,0,0.0,,0,0,900000,900000,0,0,0,ok,,
182,,,,cookiecutter__cookiecutter.b4451231.lm_rewrite__l5ekmd58.xm1pu0y3,10,cookiecutter__cookiecutter.b4451231.lm_rewrite__l5ekmd58.xm1pu0y3,10676,True,107,1198,0,0,0,0,0.0,,0,0,1000000,1000000,0,0,0,ok,,
183,,,,cookiecutter__cookiecutter.b4451231.lm_rewrite__l5ekmd58.xm1pu0y3,11,cookiecutter__cookiecutter.b4451231.lm_rewrite__l5ekmd58.xm1pu0y3,11981,True,1371,54,0,0,0,0,0.0,,0,0,1100000,1100000,0,0,0,ok,,
184,,,,cookiecutter__cookiecutter.b4451231.lm_rewrite__l5ekmd58.xm1pu0y3,12,cookiecutter__cookiecutter.b4451231.lm_rewrite__l5ekmd58.xm1pu0y3,13406,True,107,88,0,0,0,0,0.0,,0,0,1200000,1200000,0,0,0,ok,,
185,,,,cookiecutter__cookiecutter.b4451231.lm_rewrite__l5ekmd58.xm1pu0y3,13,cookiecutter__cookiecutter.b4451231.lm_rewrite__l5ekmd58.xm1pu0y3,13601,True,97,72,0,0,0,0,0.0,,0,0,1300000,1300000,0,0,0,ok,,
186,,,,cookiecutter__cookiecutter.b4451231.lm_rewrite__l5ekmd58.xm1pu0y3,14,cookiecutter__cookiecutter.b4451231.lm_rewrite__l5ekmd58.xm1pu0y3,13770,True,499,495,0,0,0,0,0.0,,0,0,1400000,1400000,0,0,0,ok,,
187,,,,cookiecutter__cookiecutter.b4451231.lm_rewrite__l5ekmd58.xm1pu0y3,15,cookiecutter__cookiecutter.b4451231.lm_rewrite__l5ekmd58.xm1pu0y3,14764,True,463,32,0,0,0,0,0.0,,0,0,1500000,1500000,0,0,0,ok,,
188,,,,cookiecutter__cookiecutter.b4451231.lm_rewrite__l5ekmd58.xm1pu0y3,16,cookiecutter__cookiecutter.b4451231.lm_rewrite__l5ekmd58.xm1pu0y3,15259,True,124,1345,0,0,0,0,0.0,,0,0,1600000,1600000,0,0,0,ok,,
189,,,,cookiecutter__cookiecutter.b4451231.lm_rewrite__l5ekmd58.xm1pu0y3,17,cookiecutter__cookiecutter.b4451231.lm_rewrite__l5ekmd58.xm1pu0y3,16728,True,1391,105,0,0,0,0,0.0,,0,0,1700000,1700000,0,0,0,ok,,
190,,,,cookiecutter__cookiecutter.b4451231.lm_rewrite__l5ekmd58.xm1pu0y3,18,cookiecutter__cookiecutter.b4451231.lm_rewrite__l5ekmd58.xm1pu0y3,18224,True,130,709,0,0,0,0,0.0,,0,0,1800000,1800000,0,0,0,ok,,
191,,,,cookiecutter__cookiecutter.b4451231.lm_rewrite__l5ekmd58.xm1pu0y3,19,cookiecutter__cookiecutter.b4451231.lm_rewrite__l5ekmd58.xm1pu0y3,19063,True,19,35,0,0,0,0,0.0,,0,0,1900000,1900000,0,0,0,ok,,
192,,,,cookiecutter__cookiecutter.b4451231.lm_rewrite__l5ekmd58.xm1pu0y3,20,cookiecutter__cookiecutter.b4451231.lm_rewrite__l5ekmd58.xm1pu0y3,19117,True,512,334,0,0,0,0,0.0,,0,0,2000000,2000000,0,0,0,ok,,
193,,,,cookiecutter__cookiecutter.b4451231.lm_rewrite__l5ekmd58.xm1pu0y3,21,cookiecutter__cookiecutter.b4451231.lm_rewrite__l5ekmd58.xm1pu0y3,19963,True,2428,42,0,0,0,0,0.0,,0,0,2100000,2100000,0,0,0,ok,,
194,,,,cookiecutter__cookiecutter.b4451231.lm_rewrite__l5ekmd58.xm1pu0y3,22,cookiecutter__cookiecutter.b4451231.lm_rewrite__l5ekmd58.xm1pu0y3,22433,True,11,14,0,0,0,0,0.0,,0,0,2200000,2200000,0,0,0,ok,,
195,,,,encode__starlette.db5063c2.func_pm_class_rm_base__jwyals4x.juj3zbhw,0,swe_smith_system_prompt,924,True,524,109,0,0,0,0,0.0,,0,0,0,0,0,0,0,ok,,
196,,,,encode__starlette.db5063c2.func_pm_class_rm_base__jwyals4x.juj3zbhw,1,encode__starlette.db5063c2.func_pm_class_rm_base__jwyals4x.juj3zbhw,1557,True,701,79,0,0,0,0,0.0,,0,0,100000,100000,0,0,0,ok,,
197,,,,encode__starlette.db5063c2.func_pm_class_rm_base__jwyals4x.juj3zbhw,2,encode__starlette.db5063c2.func_pm_class_rm_base__jwyals4x.juj3zbhw,2337,True,5636,87,0,0,0,0,0.0,,0,0,200000,200000,0,0,0,ok,,
198,,,,encode__starlette.db5063c2.func_pm_class_rm_base__jwyals4x.juj3zbhw,3,encode__starlette.db5063c2.func_pm_class_rm_base__jwyals4x.juj3zbhw,8060,True,197,52,0,0,0,0,0.0,,0,0,300000,300000,0,0,0,ok,,
199,,,,encode__starlette.db5063c2.func_pm_class_rm_base__jwyals4x.juj3zbhw,4,encode__starlette.db5063c2.func_pm_class_rm_base__jwyals4x.juj3zbhw,8309,True,341,52,0,0,0,0,0.0,,0,0,400000,400000,0,0,0,ok,,
200,,,,encode__starlette.db5063c2.func_pm_class_rm_base__jwyals4x.juj3zbhw,5,encode__starlette.db5063c2.func_pm_class_rm_base__jwyals4x.juj3zbhw,8702,True,259,52,0,0,0,0,0.0,,0,0,500000,500000,0,0,0,ok,,
201,,,,encode__starlette.db5063c2.func_pm_class_rm_base__jwyals4x.juj3zbhw,6,encode__starlette.db5063c2.func_pm_class_rm_base__jwyals4x.juj3zbhw,9013,True,267,52,0,0,0,0,0.0,,0,0,600000,600000,0,0,0,ok,,
202,,,,encode__starlette.db5063c2.func_pm_class_rm_base__jwyals4x.juj3zbhw,7,encode__starlette.db5063c2.func_pm_class_rm_base__jwyals4x.juj3zbhw,9332,True,633,118,0,0,0,0,0.0,,0,0,700000,700000,0,0,0,ok,,
203,,,,encode__starlette.db5063c2.func_pm_class_rm_base__jwyals4x.juj3zbhw,8,encode__starlette.db5063c2.func_pm_class_rm_base__jwyals4x.juj3zbhw,10083,True,291,79,0,0,0,0,0.0,,0,0,800000,800000,0,0,0,ok,,
204,,,,encode__starlette.db5063c2.func_pm_class_rm_base__jwyals4x.juj3zbhw,9,encode__starlette.db5063c2.func_pm_class_rm_base__jwyals4x.juj3zbhw,10453,True,160,195,0,0,0,0,0.0,,0,0,900000,900000,0,0,0,ok,,
205,,,,encode__starlette.db5063c2.func_pm_class_rm_base__jwyals4x.juj3zbhw,10,encode__starlette.db5063c2.func_pm_class_rm_base__jwyals4x.juj3zbhw,10808,True,19,35,0,0,0,0,0.0,,0,0,1000000,1000000,0,0,0,ok,,
206,,,,encode__starlette.db5063c2.func_pm_class_rm_base__jwyals4x.juj3zbhw,11,encode__starlette.db5063c2.func_pm_class_rm_base__jwyals4x.juj3zbhw,10862,True,41,577,0,0,0,0,0.0,,0,0,1100000,1100000,0,0,0,ok,,
207,,,,encode__starlette.db5063c2.func_pm_class_rm_base__jwyals4x.juj3zbhw,12,encode__starlette.db5063c2.func_pm_class_rm_base__jwyals4x.juj3zbhw,11480,True,691,32,0,0,0,0,0.0,,0,0,1200000,1200000,0,0,0,ok,,
208,,,,encode__starlette.db5063c2.func_pm_class_rm_base__jwyals4x.juj3zbhw,13,encode__starlette.db5063c2.func_pm_class_rm_base__jwyals4x.juj3zbhw,12203,True,89,438,0,0,0,0,0.0,,0,0,1300000,1300000,0,0,0,ok,,
209,,,,encode__starlette.db5063c2.func_pm_class_rm_base__jwyals4x.juj3zbhw,14,encode__starlette.db5063c2.func_pm_class_rm_base__jwyals4x.juj3zbhw,12730,True,21,35,0,0,0,0,0.0,,0,0,1400000,1400000,0,0,0,ok,,
210,,,,encode__starlette.db5063c2.func_pm_class_rm_base__jwyals4x.juj3zbhw,15,encode__starlette.db5063c2.func_pm_class_rm_base__jwyals4x.juj3zbhw,12786,True,27,261,0,0,0,0,0.0,,0,0,1500000,1500000,0,0,0,ok,,
211,,,,encode__starlette.db5063c2.func_pm_class_rm_base__jwyals4x.juj3zbhw,16,encode__starlette.db5063c2.func_pm_class_rm_base__jwyals4x.juj3zbhw,13074,True,321,59,0,0,0,0,0.0,,0,0,1600000,1600000,0,0,0,ok,,
212,,,,encode__starlette.db5063c2.func_pm_class_rm_base__jwyals4x.juj3zbhw,17,encode__starlette.db5063c2.func_pm_class_rm_base__jwyals4x.juj3zbhw,13454,True,83,54,0,0,0,0,0.0,,0,0,1700000,1700000,0,0,0,ok,,
213,,,,encode__starlette.db5063c2.func_pm_class_rm_base__jwyals4x.juj3zbhw,18,encode__starlette.db5063c2.func_pm_class_rm_base__jwyals4x.juj3zbhw,13591,True,86,204,0,0,0,0,0.0,,0,0,1800000,1800000,0,0,0,ok,,
214,,,,encode__starlette.db5063c2.func_pm_class_rm_base__jwyals4x.juj3zbhw,19,encode__starlette.db5063c2.func_pm_class_rm_base__jwyals4x.juj3zbhw,13881,True,197,52,0,0,0,0,0.0,,0,0,1900000,1900000,0,0,0,ok,,
215,,,,encode__starlette.db5063c2.func_pm_class_rm_base__jwyals4x.juj3zbhw,20,encode__starlette.db5063c2.func_pm_class_rm_base__jwyals4x.juj3zbhw,14130,True,514,339,0,0,0,0,0.0,,0,0,2000000,2000000,0,0,0,ok,,
216,,,,encode__starlette.db5063c2.func_pm_class_rm_base__jwyals4x.juj3zbhw,21,encode__starlette.db5063c2.func_pm_class_rm_base__jwyals4x.juj3zbhw,14983,True,19,27,0,0,0,0,0.0,,0,0,2100000,2100000,0,0,0,ok,,
217,,,,encode__starlette.db5063c2.func_pm_class_rm_base__jwyals4x.juj3zbhw,22,encode__starlette.db5063c2.func_pm_class_rm_base__jwyals4x.juj3zbhw,15029,True,18,184,0,0,0,0,0.0,,0,0,2200000,2200000,0,0,0,ok,,
218,,,,encode__starlette.db5063c2.func_pm_class_rm_base__jwyals4x.juj3zbhw,23,encode__starlette.db5063c2.func_pm_class_rm_base__jwyals4x.juj3zbhw,15231,True,1761,52,0,0,0,0,0.0,,0,0,2300000,2300000,0,0,0,ok,,
219,,,,encode__starlette.db5063c2.func_pm_class_rm_base__jwyals4x.juj3zbhw,24,encode__starlette.db5063c2.func_pm_class_rm_base__jwyals4x.juj3zbhw,17044,True,11,8,0,0,0,0,0.0,,0,0,2400000,2400000,0,0,0,ok,,
220,,,,dbader__schedule.82a43db1.53.8husccdm,0,swe_smith_system_prompt,924,True,646,65,0,0,0,0,0.0,,0,0,0,0,0,0,0,ok,,
221,,,,dbader__schedule.82a43db1.53.8husccdm,1,dbader__schedule.82a43db1.53.8husccdm,1635,True,828,43,0,0,0,0,0.0,,0,0,100000,100000,0,0,0,ok,,
222,,,,dbader__schedule.82a43db1.53.8husccdm,2,dbader__schedule.82a43db1.53.8husccdm,2506,True,5866,61,0,0,0,0,0.0,,0,0,200000,200000,0,0,0,ok,,
223,,,,dbader__schedule.82a43db1.53.8husccdm,3,dbader__schedule.82a43db1.53.8husccdm,8433,True,519,96,0,0,0,0,0.0,,0,0,300000,300000,0,0,0,ok,,
224,,,,dbader__schedule.82a43db1.53.8husccdm,4,dbader__schedule.82a43db1.53.8husccdm,9048,True,18,30,0,0,0,0,0.0,,0,0,400000,400000,0,0,0,ok,,
225,,,,dbader__schedule.82a43db1.53.8husccdm,5,dbader__schedule.82a43db1.53.8husccdm,9096,True,119,323,0,0,0,0,0.0,,0,0,500000,500000,0,0,0,ok,,
226,,,,dbader__schedule.82a43db1.53.8husccdm,6,dbader__schedule.82a43db1.53.8husccdm,9538,True,18,32,0,0,0,0,0.0,,0,0,600000,600000,0,0,0,ok,,
227,,,,dbader__schedule.82a43db1.53.8husccdm,7,dbader__schedule.82a43db1.53.8husccdm,9588,True,11,17,0,0,0,0,0.0,,0,0,700000,700000,0,0,0,ok,,
228,,,,dbader__schedule.82a43db1.53.8husccdm,8,dbader__schedule.82a43db1.53.8husccdm,9616,True,617,90,0,0,0,0,0.0,,0,0,800000,800000,0,0,0,ok,,
229,,,,jd__tenacity.0d40e76f.37.wcd3qrni,0,swe_smith_system_prompt,924,True,629,94,0,0,0,0,0.0,,0,0,0,0,0,0,0,ok,,
230,,,,jd__tenacity.0d40e76f.37.wcd3qrni,1,jd__tenacity.0d40e76f.37.wcd3qrni,1647,True,314,54,0,0,0,0,0.0,,0,0,100000,100000,0,0,0,ok,,
231,,,,jd__tenacity.0d40e76f.37.wcd3qrni,2,jd__tenacity.0d40e76f.37.wcd3qrni,2015,True,70,61,0,0,0,0,0.0,,0,0,200000,200000,0,0,0,ok,,
232,,,,jd__tenacity.0d40e76f.37.wcd3qrni,3,jd__tenacity.0d40e76f.37.wcd3qrni,2146,True,1898,70,0,0,0,0,0.0,,0,0,300000,300000,0,0,0,ok,,
233,,,,jd__tenacity.0d40e76f.37.wcd3qrni,4,jd__tenacity.0d40e76f.37.wcd3qrni,4114,True,3375,138,0,0,0,0,0.0,,0,0,400000,400000,0,0,0,ok,,
234,,,,jd__tenacity.0d40e76f.37.wcd3qrni,5,jd__tenacity.0d40e76f.37.wcd3qrni,7627,True,7175,50,0,0,0,0,0.0,,0,0,500000,500000,0,0,0,ok,,
235,,,,jd__tenacity.0d40e76f.37.wcd3qrni,6,jd__tenacity.0d40e76f.37.wcd3qrni,14852,True,281,72,0,0,0,0,0.0,,0,0,600000,600000,0,0,0,ok,,
236,,,,jd__tenacity.0d40e76f.37.wcd3qrni,7,jd__tenacity.0d40e76f.37.wcd3qrni,15205,True,79,563,0,0,0,0,0.0,,0,0,700000,700000,0,0,0,ok,,
237,,,,jd__tenacity.0d40e76f.37.wcd3qrni,8,jd__tenacity.0d40e76f.37.wcd3qrni,15847,True,19,33,0,0,0,0,0.0,,0,0,800000,800000,0,0,0,ok,,
238,,,,jd__tenacity.0d40e76f.37.wcd3qrni,9,jd__tenacity.0d40e76f.37.wcd3qrni,15899,True,202,913,0,0,0,0,0.0,,0,0,900000,900000,0,0,0,ok,,
239,,,,jd__tenacity.0d40e76f.37.wcd3qrni,10,jd__tenacity.0d40e76f.37.wcd3qrni,17014,True,842,32,0,0,0,0,0.0,,0,0,1000000,1000000,0,0,0,ok,,
240,,,,jd__tenacity.0d40e76f.37.wcd3qrni,11,jd__tenacity.0d40e76f.37.wcd3qrni,17888,True,264,1084,0,0,0,0,0.0,,0,0,1100000,1100000,0,0,0,ok,,
241,,,,jd__tenacity.0d40e76f.37.wcd3qrni,12,jd__tenacity.0d40e76f.37.wcd3qrni,19236,True,906,32,0,0,0,0,0.0,,0,0,1200000,1200000,0,0,0,ok,,
242,,,,jd__tenacity.0d40e76f.37.wcd3qrni,13,jd__tenacity.0d40e76f.37.wcd3qrni,20174,True,183,136,0,0,0,0,0.0,,0,0,1300000,1300000,0,0,0,ok,,
243,,,,jd__tenacity.0d40e76f.37.wcd3qrni,14,jd__tenacity.0d40e76f.37.wcd3qrni,20493,True,230,32,0,0,0,0,0.0,,0,0,1400000,1400000,0,0,0,ok,,
244,,,,jd__tenacity.0d40e76f.37.wcd3qrni,15,jd__tenacity.0d40e76f.37.wcd3qrni,20755,True,42,1024,0,0,0,0,0.0,,0,0,1500000,1500000,0,0,0,ok,,
245,,,,jd__tenacity.0d40e76f.37.wcd3qrni,16,jd__tenacity.0d40e76f.37.wcd3qrni,21821,True,792,32,0,0,0,0,0.0,,0,0,1600000,1600000,0,0,0,ok,,
246,,,,jd__tenacity.0d40e76f.37.wcd3qrni,17,jd__tenacity.0d40e76f.37.wcd3qrni,22645,True,118,42,0,0,0,0,0.0,,0,0,1700000,1700000,0,0,0,ok,,
247,,,,getmoto__moto.694ce1f4.pr_8172.rwia0gr1,0,swe_smith_system_prompt,924,True,699,95,0,0,0,0,0.0,,0,0,0,0,0,0,0,ok,,
248,,,,getmoto__moto.694ce1f4.pr_8172.rwia0gr1,1,getmoto__moto.694ce1f4.pr_8172.rwia0gr1,1718,True,30426,48,0,0,0,0,0.0,,0,0,100000,100000,0,0,0,ok,,
249,,,,getmoto__moto.694ce1f4.pr_8172.rwia0gr1,2,getmoto__moto.694ce1f4.pr_8172.rwia0gr1,32192,True,120,51,0,0,0,0,0.0,,0,0,200000,200000,0,0,0,ok,,
250,,,,getmoto__moto.694ce1f4.pr_8172.rwia0gr1,3,getmoto__moto.694ce1f4.pr_8172.rwia0gr1,32363,True,4071,54,0,0,0,0,0.0,,0,0,300000,300000,0,0,0,ok,,
251,,,,getmoto__moto.694ce1f4.pr_8172.rwia0gr1,4,getmoto__moto.694ce1f4.pr_8172.rwia0gr1,36488,True,2167,52,0,0,0,0,0.0,,0,0,400000,400000,0,0,0,ok,,
252,,,,getmoto__moto.694ce1f4.pr_8172.rwia0gr1,5,getmoto__moto.694ce1f4.pr_8172.rwia0gr1,38707,True,352,55,0,0,0,0,0.0,,0,0,500000,500000,0,0,0,ok,,
253,,,,getmoto__moto.694ce1f4.pr_8172.rwia0gr1,6,getmoto__moto.694ce1f4.pr_8172.rwia0gr1,39114,True,4421,46,0,0,0,0,0.0,,0,0,600000,600000,0,0,0,ok,,
254,,,,getmoto__moto.694ce1f4.pr_8172.rwia0gr1,7,getmoto__moto.694ce1f4.pr_8172.rwia0gr1,43581,True,503,528,0,0,0,0,0.0,,0,0,700000,700000,0,0,0,ok,,
255,,,,getmoto__moto.694ce1f4.pr_8172.rwia0gr1,8,getmoto__moto.694ce1f4.pr_8172.rwia0gr1,44612,True,19,35,0,0,0,0,0.0,,0,0,800000,800000,0,0,0,ok,,
256,,,,getmoto__moto.694ce1f4.pr_8172.rwia0gr1,9,getmoto__moto.694ce1f4.pr_8172.rwia0gr1,44666,True,23,221,0,0,0,0,0.0,,0,0,900000,900000,0,0,0,ok,,
257,,,,getmoto__moto.694ce1f4.pr_8172.rwia0gr1,10,getmoto__moto.694ce1f4.pr_8172.rwia0gr1,44910,True,262,167,0,0,0,0,0.0,,0,0,1000000,1000000,0,0,0,ok,,
258,,,,getmoto__moto.694ce1f4.pr_8172.rwia0gr1,11,getmoto__moto.694ce1f4.pr_8172.rwia0gr1,45339,True,304,33,0,0,0,0,0.0,,0,0,1100000,1100000,0,0,0,ok,,
259,,,,getmoto__moto.694ce1f4.pr_8172.rwia0gr1,12,getmoto__moto.694ce1f4.pr_8172.rwia0gr1,45676,True,106,379,0,0,0,0,0.0,,0,0,1200000,1200000,0,0,0,ok,,
260,,,,getmoto__moto.694ce1f4.pr_8172.rwia0gr1,13,getmoto__moto.694ce1f4.pr_8172.rwia0gr1,46161,True,286,846,0,0,0,0,0.0,,0,0,1300000,1300000,0,0,0,ok,,
261,,,,getmoto__moto.694ce1f4.pr_8172.rwia0gr1,14,getmoto__moto.694ce1f4.pr_8172.rwia0gr1,47293,True,1138,484,0,0,0,0,0.0,,0,0,1400000,1400000,0,0,0,ok,,
262,,,,getmoto__moto.694ce1f4.pr_8172.rwia0gr1,15,getmoto__moto.694ce1f4.pr_8172.rwia0gr1,48915,True,631,54,0,0,0,0,0.0,,0,0,1500000,1500000,0,0,0,ok,,
263,,,,getmoto__moto.694ce1f4.pr_8172.rwia0gr1,16,getmoto__moto.694ce1f4.pr_8172.rwia0gr1,49600,True,90,1133,0,0,0,0,0.0,,0,0,1600000,1600000,0,0,0,ok,,
264,,,,getmoto__moto.694ce1f4.pr_8172.rwia0gr1,17,getmoto__moto.694ce1f4.pr_8172.rwia0gr1,50823,True,19,35,0,0,0,0,0.0,,0,0,1700000,1700000,0,0,0,ok,,
265,,,,getmoto__moto.694ce1f4.pr_8172.rwia0gr1,18,getmoto__moto.694ce1f4.pr_8172.rwia0gr1,50877,True,262,651,0,0,0,0,0.0,,0,0,1800000,1800000,0,0,0,ok,,
266,,,,getmoto__moto.694ce1f4.pr_8172.rwia0gr1,19,getmoto__moto.694ce1f4.pr_8172.rwia0gr1,51790,True,673,225,0,0,0,0,0.0,,0,0,1900000,1900000,0,0,0,ok,,
267,,,,getmoto__moto.694ce1f4.pr_8172.rwia0gr1,20,getmoto__moto.694ce1f4.pr_8172.rwia0gr1,52688,True,296,42,0,0,0,0,0.0,,0,0,2000000,2000000,0,0,0,ok,,
268,,,,getmoto__moto.694ce1f4.pr_8172.rwia0gr1,21,getmoto__moto.694ce1f4.pr_8172.rwia0gr1,53026,True,262,265,0,0,0,0,0.0,,0,0,2100000,2100000,0,0,0,ok,,
269,,,,getmoto__moto.694ce1f4.pr_8172.rwia0gr1,22,getmoto__moto.694ce1f4.pr_8172.rwia0gr1,53553,True,265,122,0,0,0,0,0.0,,0,0,2200000,2200000,0,0,0,ok,,
270,,,,getmoto__moto.694ce1f4.pr_8172.rwia0gr1,23,getmoto__moto.694ce1f4.pr_8172.rwia0gr1,53940,True,352,36,0,0,0,0,0.0,,0,0,2300000,2300000,0,0,0,ok,,
271,,,,getmoto__moto.694ce1f4.pr_8172.rwia0gr1,24,getmoto__moto.694ce1f4.pr_8172.rwia0gr1,54328,True,293,54,0,0,0,0,0.0,,0,0,2400000,2400000,0,0,0,ok,,
272,,,,getmoto__moto.694ce1f4.pr_8172.rwia0gr1,25,getmoto__moto.694ce1f4.pr_8172.rwia0gr1,54675,True,90,31,0,0,0,0,0.0,,0,0,2500000,2500000,0,0,0,ok,,
273,,,,getmoto__moto.694ce1f4.pr_8172.rwia0gr1,26,getmoto__moto.694ce1f4.pr_8172.rwia0gr1,54796,True,3072,40,0,0,0,0,0.0,,0,0,2600000,2600000,0,0,0,ok,,
274,,,,getmoto__moto.694ce1f4.pr_8172.rwia0gr1,27,getmoto__moto.694ce1f4.pr_8172.rwia0gr1,57908,True,11,14,0,0,0,0,0.0,,0,0,2700000,2700000,0,0,0,ok,,
275,,,,jd__tenacity.0d40e76f.lm_rewrite__z0ij0hwj.nf257wgy,0,swe_smith_system_prompt,924,True,693,71,0,0,0,0,0.0,,0,0,0,0,0,0,0,ok,,
276,,,,jd__tenacity.0d40e76f.lm_rewrite__z0ij0hwj.nf257wgy,1,jd__tenacity.0d40e76f.lm_rewrite__z0ij0hwj.nf257wgy,1688,True,218,81,0,0,0,0,0.0,,0,0,100000,100000,0,0,0,ok,,
277,,,,jd__tenacity.0d40e76f.lm_rewrite__z0ij0hwj.nf257wgy,2,jd__tenacity.0d40e76f.lm_rewrite__z0ij0hwj.nf257wgy,1987,True,749,54,0,0,0,0,0.0,,0,0,200000,200000,0,0,0,ok,,
278,,,,jd__tenacity.0d40e76f.lm_rewrite__z0ij0hwj.nf257wgy,3,jd__tenacity.0d40e76f.lm_rewrite__z0ij0hwj.nf257wgy,2790,True,4031,47,0,0,0,0,0.0,,0,0,300000,300000,0,0,0,ok,,
279,,,,jd__tenacity.0d40e76f.lm_rewrite__z0ij0hwj.nf257wgy,4,jd__tenacity.0d40e76f.lm_rewrite__z0ij0hwj.nf257wgy,6868,True,22,53,0,0,0,0,0.0,,0,0,400000,400000,0,0,0,ok,,
280,,,,jd__tenacity.0d40e76f.lm_rewrite__z0ij0hwj.nf257wgy,5,jd__tenacity.0d40e76f.lm_rewrite__z0ij0hwj.nf257wgy,6943,True,6573,56,0,0,0,0,0.0,,0,0,500000,500000,0,0,0,ok,,
281,,,,jd__tenacity.0d40e76f.lm_rewrite__z0ij0hwj.nf257wgy,6,jd__tenacity.0d40e76f.lm_rewrite__z0ij0hwj.nf257wgy,13572,True,586,148,0,0,0,0,0.0,,0,0,600000,600000,0,0,0,ok,,
282,,,,jd__tenacity.0d40e76f.lm_rewrite__z0ij0hwj.nf257wgy,7,jd__tenacity.0d40e76f.lm_rewrite__z0ij0hwj.nf257wgy,14306,True,20,37,0,0,0,0,0.0,,0,0,700000,700000,0,0,0,ok,,
283,,,,jd__tenacity.0d40e76f.lm_rewrite__z0ij0hwj.nf257wgy,8,jd__tenacity.0d40e76f.lm_rewrite__z0ij0hwj.nf257wgy,14363,True,103,545,0,0,0,0,0.0,,0,0,800000,800000,0,0,0,ok,,
284,,,,jd__tenacity.0d40e76f.lm_rewrite__z0ij0hwj.nf257wgy,9,jd__tenacity.0d40e76f.lm_rewrite__z0ij0hwj.nf257wgy,15011,True,422,41,0,0,0,0,0.0,,0,0,900000,900000,0,0,0,ok,,
285,,,,jd__tenacity.0d40e76f.lm_rewrite__z0ij0hwj.nf257wgy,10,jd__tenacity.0d40e76f.lm_rewrite__z0ij0hwj.nf257wgy,15474,True,103,172,0,0,0,0,0.0,,0,0,1000000,1000000,0,0,0,ok,,
286,,,,jd__tenacity.0d40e76f.lm_rewrite__z0ij0hwj.nf257wgy,11,jd__tenacity.0d40e76f.lm_rewrite__z0ij0hwj.nf257wgy,15749,True,19,27,0,0,0,0,0.0,,0,0,1100000,1100000,0,0,0,ok,,
287,,,,jd__tenacity.0d40e76f.lm_rewrite__z0ij0hwj.nf257wgy,12,jd__tenacity.0d40e76f.lm_rewrite__z0ij0hwj.nf257wgy,15795,True,173,609,0,0,0,0,0.0,,0,0,1200000,1200000,0,0,0,ok,,
288,,,,jd__tenacity.0d40e76f.lm_rewrite__z0ij0hwj.nf257wgy,13,jd__tenacity.0d40e76f.lm_rewrite__z0ij0hwj.nf257wgy,16577,True,613,204,0,0,0,0,0.0,,0,0,1300000,1300000,0,0,0,ok,,
289,,,,jd__tenacity.0d40e76f.lm_rewrite__z0ij0hwj.nf257wgy,14,jd__tenacity.0d40e76f.lm_rewrite__z0ij0hwj.nf257wgy,17394,True,20,28,0,0,0,0,0.0,,0,0,1400000,1400000,0,0,0,ok,,
290,,,,jd__tenacity.0d40e76f.lm_rewrite__z0ij0hwj.nf257wgy,15,jd__tenacity.0d40e76f.lm_rewrite__z0ij0hwj.nf257wgy,17442,True,889,245,0,0,0,0,0.0,,0,0,1500000,1500000,0,0,0,ok,,
291,,,,jd__tenacity.0d40e76f.lm_rewrite__z0ij0hwj.nf257wgy,16,jd__tenacity.0d40e76f.lm_rewrite__z0ij0hwj.nf257wgy,18576,True,17,25,0,0,0,0,0.0,,0,0,1600000,1600000,0,0,0,ok,,
292,,,,jd__tenacity.0d40e76f.lm_rewrite__z0ij0hwj.nf257wgy,17,jd__tenacity.0d40e76f.lm_rewrite__z0ij0hwj.nf257wgy,18618,True,11,83,0,0,0,0,0.0,,0,0,1700000,1700000,0,0,0,ok,,
293,,,,jd__tenacity.0d40e76f.lm_rewrite__z0ij0hwj.nf257wgy,18,jd__tenacity.0d40e76f.lm_rewrite__z0ij0hwj.nf257wgy,18712,True,601,45,0,0,0,0,0.0,,0,0,1800000,1800000,0,0,0,ok,,
294,,,,jd__tenacity.0d40e76f.lm_rewrite__z0ij0hwj.nf257wgy,19,jd__tenacity.0d40e76f.lm_rewrite__z0ij0hwj.nf257wgy,19358,True,11,33,0,0,0,0,0.0,,0,0,1900000,1900000,0,0,0,ok,,
295,,,,jd__tenacity.0d40e76f.lm_rewrite__z0ij0hwj.nf257wgy,20,jd__tenacity.0d40e76f.lm_rewrite__z0ij0hwj.nf257wgy,19402,True,76,71,0,0,0,0,0.0,,0,0,2000000,2000000,0,0,0,ok,,
296,,,,jd__tenacity.0d40e76f.lm_rewrite__z0ij0hwj.nf257wgy,21,jd__tenacity.0d40e76f.lm_rewrite__z0ij0hwj.nf257wgy,19549,True,513,306,0,0,0,0,0.0,,0,0,2100000,2100000,0,0,0,ok,,
297,,,,jd__tenacity.0d40e76f.lm_rewrite__z0ij0hwj.nf257wgy,22,jd__tenacity.0d40e76f.lm_rewrite__z0ij0hwj.nf257wgy,20368,True,292,25,0,0,0,0,0.0,,0,0,2200000,2200000,0,0,0,ok,,
298,,,,jd__tenacity.0d40e76f.lm_rewrite__z0ij0hwj.nf257wgy,23,jd__tenacity.0d40e76f.lm_rewrite__z0ij0hwj.nf257wgy,20685,True,44,732,0,0,0,0,0.0,,0,0,2300000,2300000,0,0,0,ok,,
299,,,,jd__tenacity.0d40e76f.lm_rewrite__z0ij0hwj.nf257wgy,24,jd__tenacity.0d40e76f.lm_rewrite__z0ij0hwj.nf257wgy,21461,True,763,261,0,0,0,0,0.0,,0,0,2400000,2400000,0,0,0,ok,,
300,,,,jd__tenacity.0d40e76f.lm_rewrite__z0ij0hwj.nf257wgy,25,jd__tenacity.0d40e76f.lm_rewrite__z0ij0hwj.nf257wgy,22485,True,20,28,0,0,0,0,0.0,,0,0,2500000,2500000,0,0,0,ok,,
301,,,,jd__tenacity.0d40e76f.lm_rewrite__z0ij0hwj.nf257wgy,26,jd__tenacity.0d40e76f.lm_rewrite__z0ij0hwj.nf257wgy,22533,True,48,204,0,0,0,0,0.0,,0,0,2600000,2600000,0,0,0,ok,,
302,,,,jd__tenacity.0d40e76f.lm_rewrite__z0ij0hwj.nf257wgy,27,jd__tenacity.0d40e76f.lm_rewrite__z0ij0hwj.nf257wgy,22785,True,2173,67,0,0,0,0,0.0,,0,0,2700000,2700000,0,0,0,ok,,
303,,,,jd__tenacity.0d40e76f.lm_rewrite__z0ij0hwj.nf257wgy,28,jd__tenacity.0d40e76f.lm_rewrite__z0ij0hwj.nf257wgy,25025,True,11,14,0,0,0,0,0.0,,0,0,2800000,2800000,0,0,0,ok,,
304,,,,oauthlib__oauthlib.1fd52536.lm_rewrite__pf6xh62j.i9gumkl7,0,swe_smith_system_prompt,924,True,557,91,0,0,0,0,0.0,,0,0,0,0,0,0,0,ok,,
305,,,,oauthlib__oauthlib.1fd52536.lm_rewrite__pf6xh62j.i9gumkl7,1,oauthlib__oauthlib.1fd52536.lm_rewrite__pf6xh62j.i9gumkl7,1572,True,2836,81,0,0,0,0,0.0,,0,0,100000,100000,0,0,0,ok,,
306,,,,oauthlib__oauthlib.1fd52536.lm_rewrite__pf6xh62j.i9gumkl7,2,oauthlib__oauthlib.1fd52536.lm_rewrite__pf6xh62j.i9gumkl7,4489,True,2214,81,0,0,0,0,0.0,,0,0,200000,200000,0,0,0,ok,,
307,,,,oauthlib__oauthlib.1fd52536.lm_rewrite__pf6xh62j.i9gumkl7,3,oauthlib__oauthlib.1fd52536.lm_rewrite__pf6xh62j.i9gumkl7,6784,True,548,78,0,0,0,0,0.0,,0,0,300000,300000,0,0,0,ok,,
308,,,,oauthlib__oauthlib.1fd52536.lm_rewrite__pf6xh62j.i9gumkl7,4,oauthlib__oauthlib.1fd52536.lm_rewrite__pf6xh62j.i9gumkl7,7410,True,855,74,0,0,0,0,0.0,,0,0,400000,400000,0,0,0,ok,,
309,,,,oauthlib__oauthlib.1fd52536.lm_rewrite__pf6xh62j.i9gumkl7,5,oauthlib__oauthlib.1fd52536.lm_rewrite__pf6xh62j.i9gumkl7,8339,True,1741,77,0,0,0,0,0.0,,0,0,500000,500000,0,0,0,ok,,
310,,,,oauthlib__oauthlib.1fd52536.lm_rewrite__pf6xh62j.i9gumkl7,6,oauthlib__oauthlib.1fd52536.lm_rewrite__pf6xh62j.i9gumkl7,10157,True,4197,290,0,0,0,0,0.0,,0,0,600000,600000,0,0,0,ok,,
311,,,,oauthlib__oauthlib.1fd52536.lm_rewrite__pf6xh62j.i9gumkl7,7,oauthlib__oauthlib.1fd52536.lm_rewrite__pf6xh62j.i9gumkl7,14644,True,20,37,0,0,0,0,0.0,,0,0,700000,700000,0,0,0,ok,,
312,,,,oauthlib__oauthlib.1fd52536.lm_rewrite__pf6xh62j.i9gumkl7,8,oauthlib__oauthlib.1fd52536.lm_rewrite__pf6xh62j.i9gumkl7,14701,True,57,86,0,0,0,0,0.0,,0,0,800000,800000,0,0,0,ok,,
313,,,,oauthlib__oauthlib.1fd52536.lm_rewrite__pf6xh62j.i9gumkl7,9,oauthlib__oauthlib.1fd52536.lm_rewrite__pf6xh62j.i9gumkl7,14844,True,548,51,0,0,0,0,0.0,,0,0,900000,900000,0,0,0,ok,,
314,,,,oauthlib__oauthlib.1fd52536.lm_rewrite__pf6xh62j.i9gumkl7,10,oauthlib__oauthlib.1fd52536.lm_rewrite__pf6xh62j.i9gumkl7,15443,True,64,465,0,0,0,0,0.0,,0,0,1000000,1000000,0,0,0,ok,,
315,,,,oauthlib__oauthlib.1fd52536.lm_rewrite__pf6xh62j.i9gumkl7,11,oauthlib__oauthlib.1fd52536.lm_rewrite__pf6xh62j.i9gumkl7,15972,True,421,33,0,0,0,0,0.0,,0,0,1100000,1100000,0,0,0,ok,,
316,,,,oauthlib__oauthlib.1fd52536.lm_rewrite__pf6xh62j.i9gumkl7,12,oauthlib__oauthlib.1fd52536.lm_rewrite__pf6xh62j.i9gumkl7,16426,True,110,153,0,0,0,0,0.0,,0,0,1200000,1200000,0,0,0,ok,,
317,,,,oauthlib__oauthlib.1fd52536.lm_rewrite__pf6xh62j.i9gumkl7,13,oauthlib__oauthlib.1fd52536.lm_rewrite__pf6xh62j.i9gumkl7,16689,True,589,137,0,0,0,0,0.0,,0,0,1300000,1300000,0,0,0,ok,,
318,,,,oauthlib__oauthlib.1fd52536.lm_rewrite__pf6xh62j.i9gumkl7,14,oauthlib__oauthlib.1fd52536.lm_rewrite__pf6xh62j.i9gumkl7,17415,True,548,142,0,0,0,0,0.0,,0,0,1400000,1400000,0,0,0,ok,,
319,,,,oauthlib__oauthlib.1fd52536.lm_rewrite__pf6xh62j.i9gumkl7,15,oauthlib__oauthlib.1fd52536.lm_rewrite__pf6xh62j.i9gumkl7,18105,True,11,65,0,0,0,0,0.0,,0,0,1500000,1500000,0,0,0,ok,,
320,,,,oauthlib__oauthlib.1fd52536.lm_rewrite__pf6xh62j.i9gumkl7,16,oauthlib__oauthlib.1fd52536.lm_rewrite__pf6xh62j.i9gumkl7,18181,True,11,193,0,0,0,0,0.0,,0,0,1600000,1600000,0,0,0,ok,,
321,,,,oauthlib__oauthlib.1fd52536.lm_rewrite__pf6xh62j.i9gumkl7,17,oauthlib__oauthlib.1fd52536.lm_rewrite__pf6xh62j.i9gumkl7,18385,True,53,62,0,0,0,0,0.0,,0,0,1700000,1700000,0,0,0,ok,,
322,,,,oauthlib__oauthlib.1fd52536.lm_rewrite__pf6xh62j.i9gumkl7,18,oauthlib__oauthlib.1fd52536.lm_rewrite__pf6xh62j.i9gumkl7,18500,True,103,727,0,0,0,0,0.0,,0,0,1800000,1800000,0,0,0,ok,,
323,,,,oauthlib__oauthlib.1fd52536.lm_rewrite__pf6xh62j.i9gumkl7,19,oauthlib__oauthlib.1fd52536.lm_rewrite__pf6xh62j.i9gumkl7,19330,True,726,33,0,0,0,0,0.0,,0,0,1900000,1900000,0,0,0,ok,,
324,,,,oauthlib__oauthlib.1fd52536.lm_rewrite__pf6xh62j.i9gumkl7,20,oauthlib__oauthlib.1fd52536.lm_rewrite__pf6xh62j.i9gumkl7,20089,True,179,758,0,0,0,0,0.0,,0,0,2000000,2000000,0,0,0,ok,,
325,,,,oauthlib__oauthlib.1fd52536.lm_rewrite__pf6xh62j.i9gumkl7,21,oauthlib__oauthlib.1fd52536.lm_rewrite__pf6xh62j.i9gumkl7,21026,True,782,42,0,0,0,0,0.0,,0,0,2100000,2100000,0,0,0,ok,,
326,,,,oauthlib__oauthlib.1fd52536.lm_rewrite__pf6xh62j.i9gumkl7,22,oauthlib__oauthlib.1fd52536.lm_rewrite__pf6xh62j.i9gumkl7,21850,True,182,214,0,0,0,0,0.0,,0,0,2200000,2200000,0,0,0,ok,,
327,,,,oauthlib__oauthlib.1fd52536.lm_rewrite__pf6xh62j.i9gumkl7,23,oauthlib__oauthlib.1fd52536.lm_rewrite__pf6xh62j.i9gumkl7,22246,True,19,26,0,0,0,0,0.0,,0,0,2300000,2300000,0,0,0,ok,,
328,,,,oauthlib__oauthlib.1fd52536.lm_rewrite__pf6xh62j.i9gumkl7,24,oauthlib__oauthlib.1fd52536.lm_rewrite__pf6xh62j.i9gumkl7,22291,True,36,288,0,0,0,0,0.0,,0,0,2400000,2400000,0,0,0,ok,,
329,,,,oauthlib__oauthlib.1fd52536.lm_rewrite__pf6xh62j.i9gumkl7,25,oauthlib__oauthlib.1fd52536.lm_rewrite__pf6xh62j.i9gumkl7,22615,True,19,26,0,0,0,0,0.0,,0,0,2500000,2500000,0,0,0,ok,,
330,,,,oauthlib__oauthlib.1fd52536.lm_rewrite__pf6xh62j.i9gumkl7,26,oauthlib__oauthlib.1fd52536.lm_rewrite__pf6xh62j.i9gumkl7,22660,True,109,205,0,0,0,0,0.0,,0,0,2600000,2600000,0,0,0,ok,,
331,,,,oauthlib__oauthlib.1fd52536.lm_rewrite__pf6xh62j.i9gumkl7,27,oauthlib__oauthlib.1fd52536.lm_rewrite__pf6xh62j.i9gumkl7,22974,True,1716,49,0,0,0,0,0.0,,0,0,2700000,2700000,0,0,0,ok,,
332,,,,oauthlib__oauthlib.1fd52536.lm_rewrite__pf6xh62j.i9gumkl7,28,oauthlib__oauthlib.1fd52536.lm_rewrite__pf6xh62j.i9gumkl7,24739,True,11,14,0,0,0,0,0.0,,0,0,2800000,2800000,0,0,0,ok,,
333,,,,andialbrecht__sqlparse.e57923b3.lm_rewrite__scnjth44.q1xsbql3,0,swe_smith_system_prompt,924,True,539,103,0,0,0,0,0.0,,0,0,0,0,0,0,0,ok,,
334,,,,andialbrecht__sqlparse.e57923b3.lm_rewrite__scnjth44.q1xsbql3,1,andialbrecht__sqlparse.e57923b3.lm_rewrite__scnjth44.q1xsbql3,1566,True,349,69,0,0,0,0,0.0,,0,0,100000,100000,0,0,0,ok,,
335,,,,andialbrecht__sqlparse.e57923b3.lm_rewrite__scnjth44.q1xsbql3,2,andialbrecht__sqlparse.e57923b3.lm_rewrite__scnjth44.q1xsbql3,1984,True,7137,49,0,0,0,0,0.0,,0,0,200000,200000,0,0,0,ok,,
336,,,,andialbrecht__sqlparse.e57923b3.lm_rewrite__scnjth44.q1xsbql3,3,andialbrecht__sqlparse.e57923b3.lm_rewrite__scnjth44.q1xsbql3,9170,True,5158,49,0,0,0,0,0.0,,0,0,300000,300000,0,0,0,ok,,
337,,,,andialbrecht__sqlparse.e57923b3.lm_rewrite__scnjth44.q1xsbql3,4,andialbrecht__sqlparse.e57923b3.lm_rewrite__scnjth44.q1xsbql3,14377,True,938,253,0,0,0,0,0.0,,0,0,400000,400000,0,0,0,ok,,
338,,,,andialbrecht__sqlparse.e57923b3.lm_rewrite__scnjth44.q1xsbql3,5,andialbrecht__sqlparse.e57923b3.lm_rewrite__scnjth44.q1xsbql3,15568,True,19,35,0,0,0,0,0.0,,0,0,500000,500000,0,0,0,ok,,
339,,,,andialbrecht__sqlparse.e57923b3.lm_rewrite__scnjth44.q1xsbql3,6,andialbrecht__sqlparse.e57923b3.lm_rewrite__scnjth44.q1xsbql3,15622,True,496,767,0,0,0,0,0.0,,0,0,600000,600000,0,0,0,ok,,
340,,,,andialbrecht__sqlparse.e57923b3.lm_rewrite__scnjth44.q1xsbql3,7,andialbrecht__sqlparse.e57923b3.lm_rewrite__scnjth44.q1xsbql3,16885,True,864,32,0,0,0,0,0.0,,0,0,700000,700000,0,0,0,ok,,
341,,,,andialbrecht__sqlparse.e57923b3.lm_rewrite__scnjth44.q1xsbql3,8,andialbrecht__sqlparse.e57923b3.lm_rewrite__scnjth44.q1xsbql3,17781,True,849,185,0,0,0,0,0.0,,0,0,800000,800000,0,0,0,ok,,
342,,,,andialbrecht__sqlparse.e57923b3.lm_rewrite__scnjth44.q1xsbql3,9,andialbrecht__sqlparse.e57923b3.lm_rewrite__scnjth44.q1xsbql3,18815,True,377,69,0,0,0,0,0.0,,0,0,900000,900000,0,0,0,ok,,
343,,,,andialbrecht__sqlparse.e57923b3.lm_rewrite__scnjth44.q1xsbql3,10,andialbrecht__sqlparse.e57923b3.lm_rewrite__scnjth44.q1xsbql3,19261,True,548,51,0,0,0,0,0.0,,0,0,1000000,1000000,0,0,0,ok,,
344,,,,andialbrecht__sqlparse.e57923b3.lm_rewrite__scnjth44.q1xsbql3,11,andialbrecht__sqlparse.e57923b3.lm_rewrite__scnjth44.q1xsbql3,19860,True,1687,559,0,0,0,0,0.0,,0,0,1100000,1100000,0,0,0,ok,,
345,,,,andialbrecht__sqlparse.e57923b3.lm_rewrite__scnjth44.q1xsbql3,12,andialbrecht__sqlparse.e57923b3.lm_rewrite__scnjth44.q1xsbql3,22106,True,526,92,0,0,0,0,0.0,,0,0,1200000,1200000,0,0,0,ok,,
346,,,,andialbrecht__sqlparse.e57923b3.lm_rewrite__scnjth44.q1xsbql3,13,andialbrecht__sqlparse.e57923b3.lm_rewrite__scnjth44.q1xsbql3,22724,True,870,525,0,0,0,0,0.0,,0,0,1300000,1300000,0,0,0,ok,,
347,,,,andialbrecht__sqlparse.e57923b3.lm_rewrite__scnjth44.q1xsbql3,14,andialbrecht__sqlparse.e57923b3.lm_rewrite__scnjth44.q1xsbql3,24119,True,19,35,0,0,0,0,0.0,,0,0,1400000,1400000,0,0,0,ok,,
348,,,,andialbrecht__sqlparse.e57923b3.lm_rewrite__scnjth44.q1xsbql3,15,andialbrecht__sqlparse.e57923b3.lm_rewrite__scnjth44.q1xsbql3,24173,True,4155,811,0,0,0,0,0.0,,0,0,1500000,1500000,0,0,0,ok,,
349,,,,andialbrecht__sqlparse.e57923b3.lm_rewrite__scnjth44.q1xsbql3,16,andialbrecht__sqlparse.e57923b3.lm_rewrite__scnjth44.q1xsbql3,29139,True,18,33,0,0,0,0,0.0,,0,0,1600000,1600000,0,0,0,ok,,
350,,,,andialbrecht__sqlparse.e57923b3.lm_rewrite__scnjth44.q1xsbql3,17,andialbrecht__sqlparse.e57923b3.lm_rewrite__scnjth44.q1xsbql3,29190,True,7121,71,0,0,0,0,0.0,,0,0,1700000,1700000,0,0,0,ok,,
351,,,,andialbrecht__sqlparse.e57923b3.lm_rewrite__scnjth44.q1xsbql3,18,andialbrecht__sqlparse.e57923b3.lm_rewrite__scnjth44.q1xsbql3,36382,True,828,384,0,0,0,0,0.0,,0,0,1800000,1800000,0,0,0,ok,,
352,,,,andialbrecht__sqlparse.e57923b3.lm_rewrite__scnjth44.q1xsbql3,19,andialbrecht__sqlparse.e57923b3.lm_rewrite__scnjth44.q1xsbql3,37594,True,2745,50,0,0,0,0,0.0,,0,0,1900000,1900000,0,0,0,ok,,
353,,,,andialbrecht__sqlparse.e57923b3.lm_rewrite__scnjth44.q1xsbql3,20,andialbrecht__sqlparse.e57923b3.lm_rewrite__scnjth44.q1xsbql3,40389,True,11,8,0,0,0,0,0.0,,0,0,2000000,2000000,0,0,0,ok,,
354,,,,lincolnloop__python-qrcode.456b01d4.129.ahs2t6ty,0,swe_smith_system_prompt,924,True,650,70,0,0,0,0,0.0,,0,0,0,0,0,0,0,ok,,
355,,,,lincolnloop__python-qrcode.456b01d4.129.ahs2t6ty,1,lincolnloop__python-qrcode.456b01d4.129.ahs2t6ty,1644,True,637,50,0,0,0,0,0.0,,0,0,100000,100000,0,0,0,ok,,
356,,,,lincolnloop__python-qrcode.456b01d4.129.ahs2t6ty,2,lincolnloop__python-qrcode.456b01d4.129.ahs2t6ty,2331,True,772,47,0,0,0,0,0.0,,0,0,200000,200000,0,0,0,ok,,
357,,,,lincolnloop__python-qrcode.456b01d4.129.ahs2t6ty,3,lincolnloop__python-qrcode.456b01d4.129.ahs2t6ty,3150,True,124,110,0,0,0,0,0.0,,0,0,300000,300000,0,0,0,ok,,
358,,,,lincolnloop__python-qrcode.456b01d4.129.ahs2t6ty,4,lincolnloop__python-qrcode.456b01d4.129.ahs2t6ty,3384,True,18,39,0,0,0,0,0.0,,0,0,400000,400000,0,0,0,ok,,
359,,,,lincolnloop__python-qrcode.456b01d4.129.ahs2t6ty,5,lincolnloop__python-qrcode.456b01d4.129.ahs2t6ty,3441,True,229,320,0,0,0,0,0.0,,0,0,500000,500000,0,0,0,ok,,
360,,,,lincolnloop__python-qrcode.456b01d4.129.ahs2t6ty,6,lincolnloop__python-qrcode.456b01d4.129.ahs2t6ty,3990,True,18,34,0,0,0,0,0.0,,0,0,600000,600000,0,0,0,ok,,
361,,,,lincolnloop__python-qrcode.456b01d4.129.ahs2t6ty,7,lincolnloop__python-qrcode.456b01d4.129.ahs2t6ty,4042,True,11,19,0,0,0,0,0.0,,0,0,700000,700000,0,0,0,ok,,
362,,,,lincolnloop__python-qrcode.456b01d4.129.ahs2t6ty,8,lincolnloop__python-qrcode.456b01d4.129.ahs2t6ty,4072,True,617,30,0,0,0,0,0.0,,0,0,800000,800000,0,0,0,ok,,
363,,,,lincolnloop__python-qrcode.456b01d4.combine_file__svo6amwn.fe05o0l2,0,swe_smith_system_prompt,924,True,497,98,0,0,0,0,0.0,,0,0,0,0,0,0,0,ok,,
364,,,,lincolnloop__python-qrcode.456b01d4.combine_file__svo6amwn.fe05o0l2,1,lincolnloop__python-qrcode.456b01d4.combine_file__svo6amwn.fe05o0l2,1519,True,417,69,0,0,0,0,0.0,,0,0,100000,100000,0,0,0,ok,,
365,,,,lincolnloop__python-qrcode.456b01d4.combine_file__svo6amwn.fe05o0l2,2,lincolnloop__python-qrcode.456b01d4.combine_file__svo6amwn.fe05o0l2,2005,True,405,43,0,0,0,0,0.0,,0,0,200000,200000,0,0,0,ok,,
366,,,,lincolnloop__python-qrcode.456b01d4.combine_file__svo6amwn.fe05o0l2,3,lincolnloop__python-qrcode.456b01d4.combine_file__svo6amwn.fe05o0l2,2453,True,2398,52,0,0,0,0,0.0,,0,0,300000,300000,0,0,0,ok,,
367,,,,lincolnloop__python-qrcode.456b01d4.combine_file__svo6amwn.fe05o0l2,4,lincolnloop__python-qrcode.456b01d4.combine_file__svo6amwn.fe05o0l2,4903,True,4114,62,0,0,0,0,0.0,,0,0,400000,400000,0,0,0,ok,,
368,,,,lincolnloop__python-qrcode.456b01d4.combine_file__svo6amwn.fe05o0l2,5,lincolnloop__python-qrcode.456b01d4.combine_file__svo6amwn.fe05o0l2,9079,True,3192,57,0,0,0,0,0.0,,0,0,500000,500000,0,0,0,ok,,
369,,,,lincolnloop__python-qrcode.456b01d4.combine_file__svo6amwn.fe05o0l2,6,lincolnloop__python-qrcode.456b01d4.combine_file__svo6amwn.fe05o0l2,12328,True,6626,332,0,0,0,0,0.0,,0,0,600000,600000,0,0,0,ok,,
370,,,,lincolnloop__python-qrcode.456b01d4.combine_file__svo6amwn.fe05o0l2,7,lincolnloop__python-qrcode.456b01d4.combine_file__svo6amwn.fe05o0l2,19286,True,19,35,0,0,0,0,0.0,,0,0,700000,700000,0,0,0,ok,,
371,,,,lincolnloop__python-qrcode.456b01d4.combine_file__svo6amwn.fe05o0l2,8,lincolnloop__python-qrcode.456b01d4.combine_file__svo6amwn.fe05o0l2,19340,True,273,296,0,0,0,0,0.0,,0,0,800000,800000,0,0,0,ok,,
372,,,,lincolnloop__python-qrcode.456b01d4.combine_file__svo6amwn.fe05o0l2,9,lincolnloop__python-qrcode.456b01d4.combine_file__svo6amwn.fe05o0l2,19909,True,239,103,0,0,0,0,0.0,,0,0,900000,900000,0,0,0,ok,,
373,,,,lincolnloop__python-qrcode.456b01d4.combine_file__svo6amwn.fe05o0l2,10,lincolnloop__python-qrcode.456b01d4.combine_file__svo6amwn.fe05o0l2,20251,True,192,109,0,0,0,0,0.0,,0,0,1000000,1000000,0,0,0,ok,,
374,,,,lincolnloop__python-qrcode.456b01d4.combine_file__svo6amwn.fe05o0l2,11,lincolnloop__python-qrcode.456b01d4.combine_file__svo6amwn.fe05o0l2,20552,True,184,40,0,0,0,0,0.0,,0,0,1100000,1100000,0,0,0,ok,,
375,,,,lincolnloop__python-qrcode.456b01d4.combine_file__svo6amwn.fe05o0l2,12,lincolnloop__python-qrcode.456b01d4.combine_file__svo6amwn.fe05o0l2,20776,True,20,337,0,0,0,0,0.0,,0,0,1200000,1200000,0,0,0,ok,,
376,,,,lincolnloop__python-qrcode.456b01d4.combine_file__svo6amwn.fe05o0l2,13,lincolnloop__python-qrcode.456b01d4.combine_file__svo6amwn.fe05o0l2,21133,True,19,27,0,0,0,0,0.0,,0,0,1300000,1300000,0,0,0,ok,,
377,,,,lincolnloop__python-qrcode.456b01d4.combine_file__svo6amwn.fe05o0l2,14,lincolnloop__python-qrcode.456b01d4.combine_file__svo6amwn.fe05o0l2,21179,True,56,144,0,0,0,0,0.0,,0,0,1400000,1400000,0,0,0,ok,,
378,,,,lincolnloop__python-qrcode.456b01d4.combine_file__svo6amwn.fe05o0l2,15,lincolnloop__python-qrcode.456b01d4.combine_file__svo6amwn.fe05o0l2,21379,True,161,51,0,0,0,0,0.0,,0,0,1500000,1500000,0,0,0,ok,,
379,,,,lincolnloop__python-qrcode.456b01d4.combine_file__svo6amwn.fe05o0l2,16,lincolnloop__python-qrcode.456b01d4.combine_file__svo6amwn.fe05o0l2,21591,True,234,265,0,0,0,0,0.0,,0,0,1600000,1600000,0,0,0,ok,,
380,,,,lincolnloop__python-qrcode.456b01d4.combine_file__svo6amwn.fe05o0l2,17,lincolnloop__python-qrcode.456b01d4.combine_file__svo6amwn.fe05o0l2,22090,True,316,331,0,0,0,0,0.0,,0,0,1700000,1700000,0,0,0,ok,,
381,,,,lincolnloop__python-qrcode.456b01d4.combine_file__svo6amwn.fe05o0l2,18,lincolnloop__python-qrcode.456b01d4.combine_file__svo6amwn.fe05o0l2,22737,True,529,38,0,0,0,0,0.0,,0,0,1800000,1800000,0,0,0,ok,,
382,,,,lincolnloop__python-qrcode.456b01d4.combine_file__svo6amwn.fe05o0l2,19,lincolnloop__python-qrcode.456b01d4.combine_file__svo6amwn.fe05o0l2,23304,True,20,330,0,0,0,0,0.0,,0,0,1900000,1900000,0,0,0,ok,,
383,,,,lincolnloop__python-qrcode.456b01d4.combine_file__svo6amwn.fe05o0l2,20,lincolnloop__python-qrcode.456b01d4.combine_file__svo6amwn.fe05o0l2,23654,True,20,28,0,0,0,0,0.0,,0,0,2000000,2000000,0,0,0,ok,,
384,,,,lincolnloop__python-qrcode.456b01d4.combine_file__svo6amwn.fe05o0l2,21,lincolnloop__python-qrcode.456b01d4.combine_file__svo6amwn.fe05o0l2,23702,True,342,403,0,0,0,0,0.0,,0,0,2100000,2100000,0,0,0,ok,,
385,,,,lincolnloop__python-qrcode.456b01d4.combine_file__svo6amwn.fe05o0l2,22,lincolnloop__python-qrcode.456b01d4.combine_file__svo6amwn.fe05o0l2,24447,True,19,27,0,0,0,0,0.0,,0,0,2200000,2200000,0,0,0,ok,,
386,,,,lincolnloop__python-qrcode.456b01d4.combine_file__svo6amwn.fe05o0l2,23,lincolnloop__python-qrcode.456b01d4.combine_file__svo6amwn.fe05o0l2,24493,True,220,593,0,0,0,0,0.0,,0,0,2300000,2300000,0,0,0,ok,,
387,,,,lincolnloop__python-qrcode.456b01d4.combine_file__svo6amwn.fe05o0l2,24,lincolnloop__python-qrcode.456b01d4.combine_file__svo6amwn.fe05o0l2,25306,True,2502,59,0,0,0,0,0.0,,0,0,2400000,2400000,0,0,0,ok,,
388,,,,lincolnloop__python-qrcode.456b01d4.combine_file__svo6amwn.fe05o0l2,25,lincolnloop__python-qrcode.456b01d4.combine_file__svo6amwn.fe05o0l2,27867,True,11,14,0,0,0,0,0.0,,0,0,2500000,2500000,0,0,0,ok,,
389,,,,weaveworks__grafanalib.5c3b17ed.52.ta4ovw42,0,swe_smith_system_prompt,924,True,499,78,0,0,0,0,0.0,,0,0,0,0,0,0,0,ok,,
390,,,,weaveworks__grafanalib.5c3b17ed.52.ta4ovw42,1,weaveworks__grafanalib.5c3b17ed.52.ta4ovw42,1501,True,341,66,0,0,0,0,0.0,,0,0,100000,100000,0,0,0,ok,,
391,,,,weaveworks__grafanalib.5c3b17ed.52.ta4ovw42,2,weaveworks__grafanalib.5c3b17ed.52.ta4ovw42,1908,True,3287,247,0,0,0,0,0.0,,0,0,200000,200000,0,0,0,ok,,
392,,,,weaveworks__grafanalib.5c3b17ed.52.ta4ovw42,3,weaveworks__grafanalib.5c3b17ed.52.ta4ovw42,5442,True,20,67,0,0,0,0,0.0,,0,0,300000,300000,0,0,0,ok,,
393,,,,weaveworks__grafanalib.5c3b17ed.52.ta4ovw42,4,weaveworks__grafanalib.5c3b17ed.52.ta4ovw42,5529,True,138,415,0,0,0,0,0.0,,0,0,400000,400000,0,0,0,ok,,
394,,,,weaveworks__grafanalib.5c3b17ed.52.ta4ovw42,5,weaveworks__grafanalib.5c3b17ed.52.ta4ovw42,6082,True,485,170,0,0,0,0,0.0,,0,0,500000,500000,0,0,0,ok,,
395,,,,weaveworks__grafanalib.5c3b17ed.52.ta4ovw42,6,weaveworks__grafanalib.5c3b17ed.52.ta4ovw42,6737,True,515,64,0,0,0,0,0.0,,0,0,600000,600000,0,0,0,ok,,
396,,,,weaveworks__grafanalib.5c3b17ed.52.ta4ovw42,7,weaveworks__grafanalib.5c3b17ed.52.ta4ovw42,7316,True,11,36,0,0,0,0,0.0,,0,0,700000,700000,0,0,0,ok,,
397,,,,weaveworks__grafanalib.5c3b17ed.52.ta4ovw42,8,weaveworks__grafanalib.5c3b17ed.52.ta4ovw42,7363,True,515,78,0,0,0,0,0.0,,0,0,800000,800000,0,0,0,ok,,
398,,,,weaveworks__grafanalib.5c3b17ed.52.ta4ovw42,9,weaveworks__grafanalib.5c3b17ed.52.ta4ovw42,7956,True,198,68,0,0,0,0,0.0,,0,0,900000,900000,0,0,0,ok,,
399,,,,weaveworks__grafanalib.5c3b17ed.52.ta4ovw42,10,weaveworks__grafanalib.5c3b17ed.52.ta4ovw42,8222,True,98,88,0,0,0,0,0.0,,0,0,1000000,1000000,0,0,0,ok,,
400,,,,weaveworks__grafanalib.5c3b17ed.52.ta4ovw42,11,weaveworks__grafanalib.5c3b17ed.52.ta4ovw42,8408,True,11,29,0,0,0,0,0.0,,0,0,1100000,1100000,0,0,0,ok,,
401,,,,mozillazg__python-pinyin.e42dede5.lm_rewrite__0xvqderw.qxzks13s,0,swe_smith_system_prompt,924,True,480,113,0,0,0,0,0.0,,0,0,0,0,0,0,0,ok,,
402,,,,mozillazg__python-pinyin.e42dede5.lm_rewrite__0xvqderw.qxzks13s,1,mozillazg__python-pinyin.e42dede5.lm_rewrite__0xvqderw.qxzks13s,1517,True,750,55,0,0,0,0,0.0,,0,0,100000,100000,0,0,0,ok,,
403,,,,mozillazg__python-pinyin.e42dede5.lm_rewrite__0xvqderw.qxzks13s,2,mozillazg__python-pinyin.e42dede5.lm_rewrite__0xvqderw.qxzks13s,2322,True,1030,58,0,0,0,0,0.0,,0,0,200000,200000,0,0,0,ok,,
404,,,,mozillazg__python-pinyin.e42dede5.lm_rewrite__0xvqderw.qxzks13s,3,mozillazg__python-pinyin.e42dede5.lm_rewrite__0xvqderw.qxzks13s,3410,True,7370,61,0,0,0,0,0.0,,0,0,300000,300000,0,0,0,ok,,
405,,,,mozillazg__python-pinyin.e42dede5.lm_rewrite__0xvqderw.qxzks13s,4,mozillazg__python-pinyin.e42dede5.lm_rewrite__0xvqderw.qxzks13s,10841,True,6704,242,0,0,0,0,0.0,,0,0,400000,400000,0,0,0,ok,,
406,,,,mozillazg__python-pinyin.e42dede5.lm_rewrite__0xvqderw.qxzks13s,5,mozillazg__python-pinyin.e42dede5.lm_rewrite__0xvqderw.qxzks13s,17787,True,20,36,0,0,0,0,0.0,,0,0,500000,500000,0,0,0,ok,,
407,,,,mozillazg__python-pinyin.e42dede5.lm_rewrite__0xvqderw.qxzks13s,6,mozillazg__python-pinyin.e42dede5.lm_rewrite__0xvqderw.qxzks13s,17843,True,35,427,0,0,0,0,0.0,,0,0,600000,600000,0,0,0,ok,,
408,,,,mozillazg__python-pinyin.e42dede5.lm_rewrite__0xvqderw.qxzks13s,7,mozillazg__python-pinyin.e42dede5.lm_rewrite__0xvqderw.qxzks13s,18305,True,484,41,0,0,0,0,0.0,,0,0,700000,700000,0,0,0,ok,,
409,,,,mozillazg__python-pinyin.e42dede5.lm_rewrite__0xvqderw.qxzks13s,8,mozillazg__python-pinyin.e42dede5.lm_rewrite__0xvqderw.qxzks13s,18830,True,44,366,0,0,0,0,0.0,,0,0,800000,800000,0,0,0,ok,,
410,,,,mozillazg__python-pinyin.e42dede5.lm_rewrite__0xvqderw.qxzks13s,9,mozillazg__python-pinyin.e42dede5.lm_rewrite__0xvqderw.qxzks13s,19240,True,19,33,0,0,0,0,0.0,,0,0,900000,900000,0,0,0,ok,,
411,,,,mozillazg__python-pinyin.e42dede5.lm_rewrite__0xvqderw.qxzks13s,10,mozillazg__python-pinyin.e42dede5.lm_rewrite__0xvqderw.qxzks13s,19292,True,562,86,0,0,0,0,0.0,,0,0,1000000,1000000,0,0,0,ok,,
412,,,,mozillazg__python-pinyin.e42dede5.lm_rewrite__0xvqderw.qxzks13s,11,mozillazg__python-pinyin.e42dede5.lm_rewrite__0xvqderw.qxzks13s,19940,True,218,56,0,0,0,0,0.0,,0,0,1100000,1100000,0,0,0,ok,,
413,,,,mozillazg__python-pinyin.e42dede5.lm_rewrite__0xvqderw.qxzks13s,12,mozillazg__python-pinyin.e42dede5.lm_rewrite__0xvqderw.qxzks13s,20214,True,1134,44,0,0,0,0,0.0,,0,0,1200000,1200000,0,0,0,ok,,
414,,,,mozillazg__python-pinyin.e42dede5.lm_rewrite__0xvqderw.qxzks13s,13,mozillazg__python-pinyin.e42dede5.lm_rewrite__0xvqderw.qxzks13s,21392,True,11,8,0,0,0,0,0.0,,0,0,1300000,1300000,0,0,0,ok,,
415,,,,pndurette__gTTS.dbcda4f3.pr_440.iu5qrfmd,0,swe_smith_system_prompt,924,True,432,71,0,0,0,0,0.0,,0,0,0,0,0,0,0,ok,,
416,,,,pndurette__gTTS.dbcda4f3.pr_440.iu5qrfmd,1,pndurette__gTTS.dbcda4f3.pr_440.iu5qrfmd,1427,True,295,70,0,0,0,0,0.0,,0,0,100000,100000,0,0,0,ok,,
417,,,,pndurette__gTTS.dbcda4f3.pr_440.iu5qrfmd,2,pndurette__gTTS.dbcda4f3.pr_440.iu5qrfmd,1792,True,116,52,0,0,0,0,0.0,,0,0,200000,200000,0,0,0,ok,,
418,,,,pndurette__gTTS.dbcda4f3.pr_440.iu5qrfmd,3,pndurette__gTTS.dbcda4f3.pr_440.iu5qrfmd,1960,True,50,66,0,0,0,0,0.0,,0,0,300000,300000,0,0,0,ok,,
419,,,,pndurette__gTTS.dbcda4f3.pr_440.iu5qrfmd,4,pndurette__gTTS.dbcda4f3.pr_440.iu5qrfmd,2076,True,5606,42,0,0,0,0,0.0,,0,0,400000,400000,0,0,0,ok,,
420,,,,pndurette__gTTS.dbcda4f3.pr_440.iu5qrfmd,5,pndurette__gTTS.dbcda4f3.pr_440.iu5qrfmd,7724,True,317,68,0,0,0,0,0.0,,0,0,500000,500000,0,0,0,ok,,
421,,,,pndurette__gTTS.dbcda4f3.pr_440.iu5qrfmd,6,pndurette__gTTS.dbcda4f3.pr_440.iu5qrfmd,8109,True,780,55,0,0,0,0,0.0,,0,0,600000,600000,0,0,0,ok,,
422,,,,pndurette__gTTS.dbcda4f3.pr_440.iu5qrfmd,7,pndurette__gTTS.dbcda4f3.pr_440.iu5qrfmd,8944,True,770,55,0,0,0,0,0.0,,0,0,700000,700000,0,0,0,ok,,
423,,,,pndurette__gTTS.dbcda4f3.pr_440.iu5qrfmd,8,pndurette__gTTS.dbcda4f3.pr_440.iu5qrfmd,9769,True,859,55,0,0,0,0,0.0,,0,0,800000,800000,0,0,0,ok,,
424,,,,pndurette__gTTS.dbcda4f3.pr_440.iu5qrfmd,9,pndurette__gTTS.dbcda4f3.pr_440.iu5qrfmd,10683,True,46,55,0,0,0,0,0.0,,0,0,900000,900000,0,0,0,ok,,
425,,,,pndurette__gTTS.dbcda4f3.pr_440.iu5qrfmd,10,pndurette__gTTS.dbcda4f3.pr_440.iu5qrfmd,10784,True,244,241,0,0,0,0,0.0,,0,0,1000000,1000000,0,0,0,ok,,
426,,,,pndurette__gTTS.dbcda4f3.pr_440.iu5qrfmd,11,pndurette__gTTS.dbcda4f3.pr_440.iu5qrfmd,11269,True,19,35,0,0,0,0,0.0,,0,0,1100000,1100000,0,0,0,ok,,
427,,,,pndurette__gTTS.dbcda4f3.pr_440.iu5qrfmd,12,pndurette__gTTS.dbcda4f3.pr_440.iu5qrfmd,11323,True,53,73,0,0,0,0,0.0,,0,0,1200000,1200000,0,0,0,ok,,
428,,,,pndurette__gTTS.dbcda4f3.pr_440.iu5qrfmd,13,pndurette__gTTS.dbcda4f3.pr_440.iu5qrfmd,11449,True,116,438,0,0,0,0,0.0,,0,0,1300000,1300000,0,0,0,ok,,
429,,,,pndurette__gTTS.dbcda4f3.pr_440.iu5qrfmd,14,pndurette__gTTS.dbcda4f3.pr_440.iu5qrfmd,12003,True,381,32,0,0,0,0,0.0,,0,0,1400000,1400000,0,0,0,ok,,
430,,,,pndurette__gTTS.dbcda4f3.pr_440.iu5qrfmd,15,pndurette__gTTS.dbcda4f3.pr_440.iu5qrfmd,12416,True,99,228,0,0,0,0,0.0,,0,0,1500000,1500000,0,0,0,ok,,
431,,,,pndurette__gTTS.dbcda4f3.pr_440.iu5qrfmd,16,pndurette__gTTS.dbcda4f3.pr_440.iu5qrfmd,12743,True,154,830,0,0,0,0,0.0,,0,0,1600000,1600000,0,0,0,ok,,
432,,,,pndurette__gTTS.dbcda4f3.pr_440.iu5qrfmd,17,pndurette__gTTS.dbcda4f3.pr_440.iu5qrfmd,13727,True,1021,143,0,0,0,0,0.0,,0,0,1700000,1700000,0,0,0,ok,,
433,,,,pndurette__gTTS.dbcda4f3.pr_440.iu5qrfmd,18,pndurette__gTTS.dbcda4f3.pr_440.iu5qrfmd,14891,True,270,41,0,0,0,0,0.0,,0,0,1800000,1800000,0,0,0,ok,,
434,,,,pndurette__gTTS.dbcda4f3.pr_440.iu5qrfmd,19,pndurette__gTTS.dbcda4f3.pr_440.iu5qrfmd,15202,True,91,1220,0,0,0,0,0.0,,0,0,1900000,1900000,0,0,0,ok,,
435,,,,pndurette__gTTS.dbcda4f3.pr_440.iu5qrfmd,20,pndurette__gTTS.dbcda4f3.pr_440.iu5qrfmd,16513,True,1070,623,0,0,0,0,0.0,,0,0,2000000,2000000,0,0,0,ok,,
436,,,,pndurette__gTTS.dbcda4f3.pr_440.iu5qrfmd,21,pndurette__gTTS.dbcda4f3.pr_440.iu5qrfmd,18206,True,19,32,0,0,0,0,0.0,,0,0,2100000,2100000,0,0,0,ok,,
437,,,,pndurette__gTTS.dbcda4f3.pr_440.iu5qrfmd,22,pndurette__gTTS.dbcda4f3.pr_440.iu5qrfmd,18257,True,203,395,0,0,0,0,0.0,,0,0,2200000,2200000,0,0,0,ok,,
438,,,,pndurette__gTTS.dbcda4f3.pr_440.iu5qrfmd,23,pndurette__gTTS.dbcda4f3.pr_440.iu5qrfmd,18855,True,407,33,0,0,0,0,0.0,,0,0,2300000,2300000,0,0,0,ok,,
439,,,,pndurette__gTTS.dbcda4f3.pr_440.iu5qrfmd,24,pndurette__gTTS.dbcda4f3.pr_440.iu5qrfmd,19295,True,199,141,0,0,0,0,0.0,,0,0,2400000,2400000,0,0,0,ok,,
440,,,,pndurette__gTTS.dbcda4f3.pr_440.iu5qrfmd,25,pndurette__gTTS.dbcda4f3.pr_440.iu5qrfmd,19635,True,1970,43,0,0,0,0,0.0,,0,0,2500000,2500000,0,0,0,ok,,
441,,,,pndurette__gTTS.dbcda4f3.pr_440.iu5qrfmd,26,pndurette__gTTS.dbcda4f3.pr_440.iu5qrfmd,21648,True,11,8,0,0,0,0,0.0,,0,0,2600000,2600000,0,0,0,ok,,
442,,,,conan-io__conan.86f29e13.pr_17520.e2u62xkm,0,swe_smith_system_prompt,924,True,602,72,0,0,0,0,0.0,,0,0,0,0,0,0,0,ok,,
443,,,,conan-io__conan.86f29e13.pr_17520.e2u62xkm,1,conan-io__conan.86f29e13.pr_17520.e2u62xkm,1598,True,15181,64,0,0,0,0,0.0,,0,0,100000,100000,0,0,0,ok,,
444,,,,conan-io__conan.86f29e13.pr_17520.e2u62xkm,2,conan-io__conan.86f29e13.pr_17520.e2u62xkm,16843,True,71,52,0,0,0,0,0.0,,0,0,200000,200000,0,0,0,ok,,
445,,,,conan-io__conan.86f29e13.pr_17520.e2u62xkm,3,conan-io__conan.86f29e13.pr_17520.e2u62xkm,16966,True,2517,37,0,0,0,0,0.0,,0,0,300000,300000,0,0,0,ok,,
446,,,,conan-io__conan.86f29e13.pr_17520.e2u62xkm,4,conan-io__conan.86f29e13.pr_17520.e2u62xkm,19520,True,1137,58,0,0,0,0,0.0,,0,0,400000,400000,0,0,0,ok,,
447,,,,conan-io__conan.86f29e13.pr_17520.e2u62xkm,5,conan-io__conan.86f29e13.pr_17520.e2u62xkm,20715,True,4119,904,0,0,0,0,0.0,,0,0,500000,500000,0,0,0,ok,,
448,,,,conan-io__conan.86f29e13.pr_17520.e2u62xkm,6,conan-io__conan.86f29e13.pr_17520.e2u62xkm,25738,True,20,36,0,0,0,0,0.0,,0,0,600000,600000,0,0,0,ok,,
449,,,,conan-io__conan.86f29e13.pr_17520.e2u62xkm,7,conan-io__conan.86f29e13.pr_17520.e2u62xkm,25794,True,75,829,0,0,0,0,0.0,,0,0,700000,700000,0,0,0,ok,,
450,,,,conan-io__conan.86f29e13.pr_17520.e2u62xkm,8,conan-io__conan.86f29e13.pr_17520.e2u62xkm,26698,True,771,1011,0,0,0,0,0.0,,0,0,800000,800000,0,0,0,ok,,
451,,,,conan-io__conan.86f29e13.pr_17520.e2u62xkm,9,conan-io__conan.86f29e13.pr_17520.e2u62xkm,28480,True,919,37,0,0,0,0,0.0,,0,0,900000,900000,0,0,0,ok,,
452,,,,conan-io__conan.86f29e13.pr_17520.e2u62xkm,10,conan-io__conan.86f29e13.pr_17520.e2u62xkm,29436,True,105,317,0,0,0,0,0.0,,0,0,1000000,1000000,0,0,0,ok,,
453,,,,conan-io__conan.86f29e13.pr_17520.e2u62xkm,11,conan-io__conan.86f29e13.pr_17520.e2u62xkm,29858,True,315,92,0,0,0,0,0.0,,0,0,1100000,1100000,0,0,0,ok,,
454,,,,conan-io__conan.86f29e13.pr_17520.e2u62xkm,12,conan-io__conan.86f29e13.pr_17520.e2u62xkm,30265,True,627,402,0,0,0,0,0.0,,0,0,1200000,1200000,0,0,0,ok,,
455,,,,conan-io__conan.86f29e13.pr_17520.e2u62xkm,13,conan-io__conan.86f29e13.pr_17520.e2u62xkm,31294,True,394,75,0,0,0,0,0.0,,0,0,1300000,1300000,0,0,0,ok,,
456,,,,conan-io__conan.86f29e13.pr_17520.e2u62xkm,14,conan-io__conan.86f29e13.pr_17520.e2u62xkm,31763,True,504,76,0,0,0,0,0.0,,0,0,1400000,1400000,0,0,0,ok,,
457,,,,conan-io__conan.86f29e13.pr_17520.e2u62xkm,15,conan-io__conan.86f29e13.pr_17520.e2u62xkm,32343,True,106,146,0,0,0,0,0.0,,0,0,1500000,1500000,0,0,0,ok,,
458,,,,conan-io__conan.86f29e13.pr_17520.e2u62xkm,16,conan-io__conan.86f29e13.pr_17520.e2u62xkm,32595,True,321,73,0,0,0,0,0.0,,0,0,1600000,1600000,0,0,0,ok,,
459,,,,conan-io__conan.86f29e13.pr_17520.e2u62xkm,17,conan-io__conan.86f29e13.pr_17520.e2u62xkm,32989,True,834,395,0,0,0,0,0.0,,0,0,1700000,1700000,0,0,0,ok,,
460,,,,conan-io__conan.86f29e13.pr_17520.e2u62xkm,18,conan-io__conan.86f29e13.pr_17520.e2u62xkm,34218,True,336,1719,0,0,0,0,0.0,,0,0,1800000,1800000,0,0,0,ok,,
461,,,,conan-io__conan.86f29e13.pr_17520.e2u62xkm,19,conan-io__conan.86f29e13.pr_17520.e2u62xkm,36273,True,19,33,0,0,0,0,0.0,,0,0,1900000,1900000,0,0,0,ok,,
462,,,,conan-io__conan.86f29e13.pr_17520.e2u62xkm,20,conan-io__conan.86f29e13.pr_17520.e2u62xkm,36325,True,316,133,0,0,0,0,0.0,,0,0,2000000,2000000,0,0,0,ok,,
463,,,,conan-io__conan.86f29e13.pr_17520.e2u62xkm,21,conan-io__conan.86f29e13.pr_17520.e2u62xkm,36774,True,47,66,0,0,0,0,0.0,,0,0,2100000,2100000,0,0,0,ok,,
464,,,,conan-io__conan.86f29e13.pr_17520.e2u62xkm,22,conan-io__conan.86f29e13.pr_17520.e2u62xkm,36887,True,2113,74,0,0,0,0,0.0,,0,0,2200000,2200000,0,0,0,ok,,
465,,,,conan-io__conan.86f29e13.pr_17520.e2u62xkm,23,conan-io__conan.86f29e13.pr_17520.e2u62xkm,39074,True,11,499,0,0,0,0,0.0,,0,0,2300000,2300000,0,0,0,ok,,
466,,,,conan-io__conan.86f29e13.pr_17520.e2u62xkm,24,conan-io__conan.86f29e13.pr_17520.e2u62xkm,39584,True,21,36,0,0,0,0,0.0,,0,0,2400000,2400000,0,0,0,ok,,
467,,,,conan-io__conan.86f29e13.pr_17520.e2u62xkm,25,conan-io__conan.86f29e13.pr_17520.e2u62xkm,39641,True,732,14,0,0,0,0,0.0,,0,0,2500000,2500000,0,0,0,ok,,
468,,,,conan-io__conan.86f29e13.pr_17520.e2u62xkm,26,conan-io__conan.86f29e13.pr_17520.e2u62xkm,40387,True,6800,57,0,0,0,0,0.0,,0,0,2600000,2600000,0,0,0,ok,,
469,,,,conan-io__conan.86f29e13.pr_17520.e2u62xkm,27,conan-io__conan.86f29e13.pr_17520.e2u62xkm,47244,True,11,8,0,0,0,0,0.0,,0,0,2700000,2700000,0,0,0,ok,,
470,,,,paramiko__paramiko.23f92003.lm_rewrite__cfaazphq.pks30azo,0,swe_smith_system_prompt,924,True,608,94,0,0,0,0,0.0,,0,0,0,0,0,0,0,ok,,
471,,,,paramiko__paramiko.23f92003.lm_rewrite__cfaazphq.pks30azo,1,paramiko__paramiko.23f92003.lm_rewrite__cfaazphq.pks30azo,1626,True,121,55,0,0,0,0,0.0,,0,0,100000,100000,0,0,0,ok,,
472,,,,paramiko__paramiko.23f92003.lm_rewrite__cfaazphq.pks30azo,2,paramiko__paramiko.23f92003.lm_rewrite__cfaazphq.pks30azo,1802,True,2460,79,0,0,0,0,0.0,,0,0,200000,200000,0,0,0,ok,,
473,,,,paramiko__paramiko.23f92003.lm_rewrite__cfaazphq.pks30azo,3,paramiko__paramiko.23f92003.lm_rewrite__cfaazphq.pks30azo,4341,True,354,54,0,0,0,0,0.0,,0,0,300000,300000,0,0,0,ok,,
474,,,,paramiko__paramiko.23f92003.lm_rewrite__cfaazphq.pks30azo,4,paramiko__paramiko.23f92003.lm_rewrite__cfaazphq.pks30azo,4749,True,2056,68,0,0,0,0,0.0,,0,0,400000,400000,0,0,0,ok,,
475,,,,paramiko__paramiko.23f92003.lm_rewrite__cfaazphq.pks30azo,5,paramiko__paramiko.23f92003.lm_rewrite__cfaazphq.pks30azo,6873,True,624,71,0,0,0,0,0.0,,0,0,500000,500000,0,0,0,ok,,
476,,,,paramiko__paramiko.23f92003.lm_rewrite__cfaazphq.pks30azo,6,paramiko__paramiko.23f92003.lm_rewrite__cfaazphq.pks30azo,7568,True,707,63,0,0,0,0,0.0,,0,0,600000,600000,0,0,0,ok,,
477,,,,paramiko__paramiko.23f92003.lm_rewrite__cfaazphq.pks30azo,7,paramiko__paramiko.23f92003.lm_rewrite__cfaazphq.pks30azo,8338,True,254,442,0,0,0,0,0.0,,0,0,700000,700000,0,0,0,ok,,
478,,,,paramiko__paramiko.23f92003.lm_rewrite__cfaazphq.pks30azo,8,paramiko__paramiko.23f92003.lm_rewrite__cfaazphq.pks30azo,9034,True,20,36,0,0,0,0,0.0,,0,0,800000,800000,0,0,0,ok,,
479,,,,paramiko__paramiko.23f92003.lm_rewrite__cfaazphq.pks30azo,9,paramiko__paramiko.23f92003.lm_rewrite__cfaazphq.pks30azo,9090,True,74,122,0,0,0,0,0.0,,0,0,900000,900000,0,0,0,ok,,
480,,,,paramiko__paramiko.23f92003.lm_rewrite__cfaazphq.pks30azo,10,paramiko__paramiko.23f92003.lm_rewrite__cfaazphq.pks30azo,9286,True,209,33,0,0,0,0,0.0,,0,0,1000000,1000000,0,0,0,ok,,
481,,,,paramiko__paramiko.23f92003.lm_rewrite__cfaazphq.pks30azo,11,paramiko__paramiko.23f92003.lm_rewrite__cfaazphq.pks30azo,9528,True,73,126,0,0,0,0,0.0,,0,0,1100000,1100000,0,0,0,ok,,
482,,,,paramiko__paramiko.23f92003.lm_rewrite__cfaazphq.pks30azo,12,paramiko__paramiko.23f92003.lm_rewrite__cfaazphq.pks30azo,9727,True,224,33,0,0,0,0,0.0,,0,0,1200000,1200000,0,0,0,ok,,
483,,,,paramiko__paramiko.23f92003.lm_rewrite__cfaazphq.pks30azo,13,paramiko__paramiko.23f92003.lm_rewrite__cfaazphq.pks30azo,9984,True,111,1047,0,0,0,0,0.0,,0,0,1300000,1300000,0,0,0,ok,,
484,,,,paramiko__paramiko.23f92003.lm_rewrite__cfaazphq.pks30azo,14,paramiko__paramiko.23f92003.lm_rewrite__cfaazphq.pks30azo,11142,True,1092,33,0,0,0,0,0.0,,0,0,1400000,1400000,0,0,0,ok,,
485,,,,paramiko__paramiko.23f92003.lm_rewrite__cfaazphq.pks30azo,15,paramiko__paramiko.23f92003.lm_rewrite__cfaazphq.pks30azo,12267,True,55,101,0,0,0,0,0.0,,0,0,1500000,1500000,0,0,0,ok,,
486,,,,paramiko__paramiko.23f92003.lm_rewrite__cfaazphq.pks30azo,16,paramiko__paramiko.23f92003.lm_rewrite__cfaazphq.pks30azo,12423,True,354,269,0,0,0,0,0.0,,0,0,1600000,1600000,0,0,0,ok,,
487,,,,paramiko__paramiko.23f92003.lm_rewrite__cfaazphq.pks30azo,17,paramiko__paramiko.23f92003.lm_rewrite__cfaazphq.pks30azo,13046,True,291,33,0,0,0,0,0.0,,0,0,1700000,1700000,0,0,0,ok,,
488,,,,paramiko__paramiko.23f92003.lm_rewrite__cfaazphq.pks30azo,18,paramiko__paramiko.23f92003.lm_rewrite__cfaazphq.pks30azo,13370,True,52,162,0,0,0,0,0.0,,0,0,1800000,1800000,0,0,0,ok,,
489,,,,paramiko__paramiko.23f92003.lm_rewrite__cfaazphq.pks30azo,19,paramiko__paramiko.23f92003.lm_rewrite__cfaazphq.pks30azo,13584,True,254,497,0,0,0,0,0.0,,0,0,1900000,1900000,0,0,0,ok,,
490,,,,paramiko__paramiko.23f92003.lm_rewrite__cfaazphq.pks30azo,20,paramiko__paramiko.23f92003.lm_rewrite__cfaazphq.pks30azo,14335,True,600,41,0,0,0,0,0.0,,0,0,2000000,2000000,0,0,0,ok,,
491,,,,paramiko__paramiko.23f92003.lm_rewrite__cfaazphq.pks30azo,21,paramiko__paramiko.23f92003.lm_rewrite__cfaazphq.pks30azo,14976,True,54,1297,0,0,0,0,0.0,,0,0,2100000,2100000,0,0,0,ok,,
492,,,,paramiko__paramiko.23f92003.lm_rewrite__cfaazphq.pks30azo,22,paramiko__paramiko.23f92003.lm_rewrite__cfaazphq.pks30azo,16327,True,19,35,0,0,0,0,0.0,,0,0,2200000,2200000,0,0,0,ok,,
493,,,,paramiko__paramiko.23f92003.lm_rewrite__cfaazphq.pks30azo,23,paramiko__paramiko.23f92003.lm_rewrite__cfaazphq.pks30azo,16381,True,520,317,0,0,0,0,0.0,,0,0,2300000,2300000,0,0,0,ok,,
494,,,,paramiko__paramiko.23f92003.lm_rewrite__cfaazphq.pks30azo,24,paramiko__paramiko.23f92003.lm_rewrite__cfaazphq.pks30azo,17218,True,352,34,0,0,0,0,0.0,,0,0,2400000,2400000,0,0,0,ok,,
495,,,,paramiko__paramiko.23f92003.lm_rewrite__cfaazphq.pks30azo,25,paramiko__paramiko.23f92003.lm_rewrite__cfaazphq.pks30azo,17604,True,520,263,0,0,0,0,0.0,,0,0,2500000,2500000,0,0,0,ok,,
496,,,,paramiko__paramiko.23f92003.lm_rewrite__cfaazphq.pks30azo,26,paramiko__paramiko.23f92003.lm_rewrite__cfaazphq.pks30azo,18387,True,3140,44,0,0,0,0,0.0,,0,0,2600000,2600000,0,0,0,ok,,
497,,,,paramiko__paramiko.23f92003.lm_rewrite__cfaazphq.pks30azo,27,paramiko__paramiko.23f92003.lm_rewrite__cfaazphq.pks30azo,21571,True,11,8,0,0,0,0,0.0,,0,0,2700000,2700000,0,0,0,ok,,
498,,,,un33k__python-slugify.872b3750.50.70b7ak1t,0,swe_smith_system_prompt,924,True,572,67,0,0,0,0,0.0,,0,0,0,0,0,0,0,ok,,
499,,,,un33k__python-slugify.872b3750.50.70b7ak1t,1,un33k__python-slugify.872b3750.50.70b7ak1t,1563,True,168,45,0,0,0,0,0.0,,0,0,100000,100000,0,0,0,ok,,
500,,,,un33k__python-slugify.872b3750.50.70b7ak1t,2,un33k__python-slugify.872b3750.50.70b7ak1t,1776,True,7843,56,0,0,0,0,0.0,,0,0,200000,200000,0,0,0,ok,,
501,,,,un33k__python-slugify.872b3750.50.70b7ak1t,3,un33k__python-slugify.872b3750.50.70b7ak1t,9675,True,60,56,0,0,0,0,0.0,,0,0,300000,300000,0,0,0,ok,,
502,,,,un33k__python-slugify.872b3750.50.70b7ak1t,4,un33k__python-slugify.872b3750.50.70b7ak1t,9791,True,215,49,0,0,0,0,0.0,,0,0,400000,400000,0,0,0,ok,,
503,,,,un33k__python-slugify.872b3750.50.70b7ak1t,5,un33k__python-slugify.872b3750.50.70b7ak1t,10055,True,2878,220,0,0,0,0,0.0,,0,0,500000,500000,0,0,0,ok,,
504,,,,un33k__python-slugify.872b3750.50.70b7ak1t,6,un33k__python-slugify.872b3750.50.70b7ak1t,13153,True,18,24,0,0,0,0,0.0,,0,0,600000,600000,0,0,0,ok,,
505,,,,un33k__python-slugify.872b3750.50.70b7ak1t,7,un33k__python-slugify.872b3750.50.70b7ak1t,13195,True,29,1510,0,0,0,0,0.0,,0,0,700000,700000,0,0,0,ok,,
506,,,,un33k__python-slugify.872b3750.50.70b7ak1t,8,un33k__python-slugify.872b3750.50.70b7ak1t,14734,True,1348,137,0,0,0,0,0.0,,0,0,800000,800000,0,0,0,ok,,
507,,,,un33k__python-slugify.872b3750.50.70b7ak1t,9,un33k__python-slugify.872b3750.50.70b7ak1t,16219,True,27,239,0,0,0,0,0.0,,0,0,900000,900000,0,0,0,ok,,
508,,,,un33k__python-slugify.872b3750.50.70b7ak1t,10,un33k__python-slugify.872b3750.50.70b7ak1t,16485,True,322,35,0,0,0,0,0.0,,0,0,1000000,1000000,0,0,0,ok,,
509,,,,un33k__python-slugify.872b3750.50.70b7ak1t,11,un33k__python-slugify.872b3750.50.70b7ak1t,16842,True,29,457,0,0,0,0,0.0,,0,0,1100000,1100000,0,0,0,ok,,
510,,,,un33k__python-slugify.872b3750.50.70b7ak1t,12,un33k__python-slugify.872b3750.50.70b7ak1t,17328,True,19,25,0,0,0,0,0.0,,0,0,1200000,1200000,0,0,0,ok,,
511,,,,un33k__python-slugify.872b3750.50.70b7ak1t,13,un33k__python-slugify.872b3750.50.70b7ak1t,17372,True,197,414,0,0,0,0,0.0,,0,0,1300000,1300000,0,0,0,ok,,
512,,,,un33k__python-slugify.872b3750.50.70b7ak1t,14,un33k__python-slugify.872b3750.50.70b7ak1t,17983,True,484,38,0,0,0,0,0.0,,0,0,1400000,1400000,0,0,0,ok,,
513,,,,un33k__python-slugify.872b3750.50.70b7ak1t,15,un33k__python-slugify.872b3750.50.70b7ak1t,18505,True,197,231,0,0,0,0,0.0,,0,0,1500000,1500000,0,0,0,ok,,
514,,,,pydicom__pydicom.7d361b3d.lm_rewrite__fgjtocjm.pjqa2yv9,0,swe_smith_system_prompt,924,True,800,104,0,0,0,0,0.0,,0,0,0,0,0,0,0,ok,,
515,,,,pydicom__pydicom.7d361b3d.lm_rewrite__fgjtocjm.pjqa2yv9,1,pydicom__pydicom.7d361b3d.lm_rewrite__fgjtocjm.pjqa2yv9,1828,True,30,72,0,0,0,0,0.0,,0,0,100000,100000,0,0,0,ok,,
516,,,,pydicom__pydicom.7d361b3d.lm_rewrite__fgjtocjm.pjqa2yv9,2,pydicom__pydicom.7d361b3d.lm_rewrite__fgjtocjm.pjqa2yv9,1930,True,1793,67,0,0,0,0,0.0,,0,0,200000,200000,0,0,0,ok,,
517,,,,pydicom__pydicom.7d361b3d.lm_rewrite__fgjtocjm.pjqa2yv9,3,pydicom__pydicom.7d361b3d.lm_rewrite__fgjtocjm.pjqa2yv9,3790,True,1271,74,0,0,0,0,0.0,,0,0,300000,300000,0,0,0,ok,,
518,,,,pydicom__pydicom.7d361b3d.lm_rewrite__fgjtocjm.pjqa2yv9,4,pydicom__pydicom.7d361b3d.lm_rewrite__fgjtocjm.pjqa2yv9,5135,True,113,331,0,0,0,0,0.0,,0,0,400000,400000,0,0,0,ok,,
519,,,,pydicom__pydicom.7d361b3d.lm_rewrite__fgjtocjm.pjqa2yv9,5,pydicom__pydicom.7d361b3d.lm_rewrite__fgjtocjm.pjqa2yv9,5579,True,19,35,0,0,0,0,0.0,,0,0,500000,500000,0,0,0,ok,,
520,,,,pydicom__pydicom.7d361b3d.lm_rewrite__fgjtocjm.pjqa2yv9,6,pydicom__pydicom.7d361b3d.lm_rewrite__fgjtocjm.pjqa2yv9,5633,True,89,133,0,0,0,0,0.0,,0,0,600000,600000,0,0,0,ok,,
521,,,,pydicom__pydicom.7d361b3d.lm_rewrite__fgjtocjm.pjqa2yv9,7,pydicom__pydicom.7d361b3d.lm_rewrite__fgjtocjm.pjqa2yv9,5855,True,45,70,0,0,0,0,0.0,,0,0,700000,700000,0,0,0,ok,,
522,,,,pydicom__pydicom.7d361b3d.lm_rewrite__fgjtocjm.pjqa2yv9,8,pydicom__pydicom.7d361b3d.lm_rewrite__fgjtocjm.pjqa2yv9,5970,True,9,489,0,0,0,0,0.0,,0,0,800000,800000,0,0,0,ok,,
523,,,,pydicom__pydicom.7d361b3d.lm_rewrite__fgjtocjm.pjqa2yv9,9,pydicom__pydicom.7d361b3d.lm_rewrite__fgjtocjm.pjqa2yv9,6468,True,341,32,0,0,0,0,0.0,,0,0,900000,900000,0,0,0,ok,,
524,,,,pydicom__pydicom.7d361b3d.lm_rewrite__fgjtocjm.pjqa2yv9,10,pydicom__pydicom.7d361b3d.lm_rewrite__fgjtocjm.pjqa2yv9,6841,True,86,421,0,0,0,0,0.0,,0,0,1000000,1000000,0,0,0,ok,,
525,,,,pydicom__pydicom.7d361b3d.lm_rewrite__fgjtocjm.pjqa2yv9,11,pydicom__pydicom.7d361b3d.lm_rewrite__fgjtocjm.pjqa2yv9,7348,True,446,56,0,0,0,0,0.0,,0,0,1100000,1100000,0,0,0,ok,,
526,,,,pydicom__pydicom.7d361b3d.lm_rewrite__fgjtocjm.pjqa2yv9,12,pydicom__pydicom.7d361b3d.lm_rewrite__fgjtocjm.pjqa2yv9,7850,True,96,579,0,0,0,0,0.0,,0,0,1200000,1200000,0,0,0,ok,,
527,,,,pydicom__pydicom.7d361b3d.lm_rewrite__fgjtocjm.pjqa2yv9,13,pydicom__pydicom.7d361b3d.lm_rewrite__fgjtocjm.pjqa2yv9,8525,True,19,35,0,0,0,0,0.0,,0,0,1300000,1300000,0,0,0,ok,,
528,,,,pydicom__pydicom.7d361b3d.lm_rewrite__fgjtocjm.pjqa2yv9,14,pydicom__pydicom.7d361b3d.lm_rewrite__fgjtocjm.pjqa2yv9,8579,True,225,215,0,0,0,0,0.0,,0,0,1400000,1400000,0,0,0,ok,,
529,,,,pydicom__pydicom.7d361b3d.lm_rewrite__fgjtocjm.pjqa2yv9,15,pydicom__pydicom.7d361b3d.lm_rewrite__fgjtocjm.pjqa2yv9,9019,True,1426,42,0,0,0,0,0.0,,0,0,1500000,1500000,0,0,0,ok,,
530,,,,pydicom__pydicom.7d361b3d.lm_rewrite__fgjtocjm.pjqa2yv9,16,pydicom__pydicom.7d361b3d.lm_rewrite__fgjtocjm.pjqa2yv9,10487,True,11,14,0,0,0,0,0.0,,0,0,1600000,1600000,0,0,0,ok,,
531,,,,Project-MONAI__MONAI.a09c1f08.pr_6560.fxjkd36g,0,swe_smith_system_prompt,924,True,579,37,0,0,0,0,0.0,,0,0,0,0,0,0,0,ok,,
532,,,,Project-MONAI__MONAI.a09c1f08.pr_6560.fxjkd36g,1,Project-MONAI__MONAI.a09c1f08.pr_6560.fxjkd36g,1540,True,5221,35,0,0,0,0,0.0,,0,0,100000,100000,0,0,0,ok,,
533,,,,Project-MONAI__MONAI.a09c1f08.pr_6560.fxjkd36g,2,Project-MONAI__MONAI.a09c1f08.pr_6560.fxjkd36g,6796,True,42,54,0,0,0,0,0.0,,0,0,200000,200000,0,0,0,ok,,
534,,,,Project-MONAI__MONAI.a09c1f08.pr_6560.fxjkd36g,3,Project-MONAI__MONAI.a09c1f08.pr_6560.fxjkd36g,6892,True,462,329,0,0,0,0,0.0,,0,0,300000,300000,0,0,0,ok,,
535,,,,Project-MONAI__MONAI.a09c1f08.pr_6560.fxjkd36g,4,Project-MONAI__MONAI.a09c1f08.pr_6560.fxjkd36g,7683,True,230,256,0,0,0,0,0.0,,0,0,400000,400000,0,0,0,ok,,
536,,,,Project-MONAI__MONAI.a09c1f08.pr_6560.fxjkd36g,5,Project-MONAI__MONAI.a09c1f08.pr_6560.fxjkd36g,8169,True,19,25,0,0,0,0,0.0,,0,0,500000,500000,0,0,0,ok,,
537,,,,Project-MONAI__MONAI.a09c1f08.pr_6560.fxjkd36g,6,Project-MONAI__MONAI.a09c1f08.pr_6560.fxjkd36g,8213,True,53,8,0,0,0,0,0.0,,0,0,600000,600000,0,0,0,ok,,
538,,,,conan-io__conan.86f29e13.pr_11654.qb6g2s7e,0,swe_smith_system_prompt,924,True,677,91,0,0,0,0,0.0,,0,0,0,0,0,0,0,ok,,
539,,,,conan-io__conan.86f29e13.pr_11654.qb6g2s7e,1,conan-io__conan.86f29e13.pr_11654.qb6g2s7e,1692,True,41,53,0,0,0,0,0.0,,0,0,100000,100000,0,0,0,ok,,
540,,,,conan-io__conan.86f29e13.pr_11654.qb6g2s7e,2,conan-io__conan.86f29e13.pr_11654.qb6g2s7e,1786,True,2811,73,0,0,0,0,0.0,,0,0,200000,200000,0,0,0,ok,,
541,,,,conan-io__conan.86f29e13.pr_11654.qb6g2s7e,3,conan-io__conan.86f29e13.pr_11654.qb6g2s7e,4670,True,629,355,0,0,0,0,0.0,,0,0,300000,300000,0,0,0,ok,,
542,,,,conan-io__conan.86f29e13.pr_11654.qb6g2s7e,4,conan-io__conan.86f29e13.pr_11654.qb6g2s7e,5654,True,19,55,0,0,0,0,0.0,,0,0,400000,400000,0,0,0,ok,,
543,,,,conan-io__conan.86f29e13.pr_11654.qb6g2s7e,5,conan-io__conan.86f29e13.pr_11654.qb6g2s7e,5728,True,1028,36,0,0,0,0,0.0,,0,0,500000,500000,0,0,0,ok,,
544,,,,conan-io__conan.86f29e13.pr_11654.qb6g2s7e,6,conan-io__conan.86f29e13.pr_11654.qb6g2s7e,6792,True,1544,45,0,0,0,0,0.0,,0,0,600000,600000,0,0,0,ok,,
545,,,,conan-io__conan.86f29e13.pr_11654.qb6g2s7e,7,conan-io__conan.86f29e13.pr_11654.qb6g2s7e,8381,True,58,132,0,0,0,0,0.0,,0,0,700000,700000,0,0,0,ok,,
546,,,,conan-io__conan.86f29e13.pr_11654.qb6g2s7e,8,conan-io__conan.86f29e13.pr_11654.qb6g2s7e,8571,True,196,36,0,0,0,0,0.0,,0,0,800000,800000,0,0,0,ok,,
547,,,,conan-io__conan.86f29e13.pr_11654.qb6g2s7e,9,conan-io__conan.86f29e13.pr_11654.qb6g2s7e,8803,True,173,719,0,0,0,0,0.0,,0,0,900000,900000,0,0,0,ok,,
548,,,,conan-io__conan.86f29e13.pr_11654.qb6g2s7e,10,conan-io__conan.86f29e13.pr_11654.qb6g2s7e,9695,True,761,32,0,0,0,0,0.0,,0,0,1000000,1000000,0,0,0,ok,,
549,,,,conan-io__conan.86f29e13.pr_11654.qb6g2s7e,11,conan-io__conan.86f29e13.pr_11654.qb6g2s7e,10488,True,62,853,0,0,0,0,0.0,,0,0,1100000,1100000,0,0,0,ok,,
550,,,,conan-io__conan.86f29e13.pr_11654.qb6g2s7e,12,conan-io__conan.86f29e13.pr_11654.qb6g2s7e,11403,True,640,32,0,0,0,0,0.0,,0,0,1200000,1200000,0,0,0,ok,,
551,,,,conan-io__conan.86f29e13.pr_11654.qb6g2s7e,13,conan-io__conan.86f29e13.pr_11654.qb6g2s7e,12075,True,331,635,0,0,0,0,0.0,,0,0,1300000,1300000,0,0,0,ok,,
552,,,,conan-io__conan.86f29e13.pr_11654.qb6g2s7e,14,conan-io__conan.86f29e13.pr_11654.qb6g2s7e,13041,True,598,122,0,0,0,0,0.0,,0,0,1400000,1400000,0,0,0,ok,,
553,,,,conan-io__conan.86f29e13.pr_11654.qb6g2s7e,15,conan-io__conan.86f29e13.pr_11654.qb6g2s7e,13761,True,206,576,0,0,0,0,0.0,,0,0,1500000,1500000,0,0,0,ok,,
554,,,,conan-io__conan.86f29e13.pr_11654.qb6g2s7e,16,conan-io__conan.86f29e13.pr_11654.qb6g2s7e,14543,True,19,35,0,0,0,0,0.0,,0,0,1600000,1600000,0,0,0,ok,,
555,,,,conan-io__conan.86f29e13.pr_11654.qb6g2s7e,17,conan-io__conan.86f29e13.pr_11654.qb6g2s7e,14597,True,294,645,0,0,0,0,0.0,,0,0,1700000,1700000,0,0,0,ok,,
556,,,,conan-io__conan.86f29e13.pr_11654.qb6g2s7e,18,conan-io__conan.86f29e13.pr_11654.qb6g2s7e,15536,True,638,314,0,0,0,0,0.0,,0,0,1800000,1800000,0,0,0,ok,,
557,,,,conan-io__conan.86f29e13.pr_11654.qb6g2s7e,19,conan-io__conan.86f29e13.pr_11654.qb6g2s7e,16488,True,391,44,0,0,0,0,0.0,,0,0,1900000,1900000,0,0,0,ok,,
558,,,,conan-io__conan.86f29e13.pr_11654.qb6g2s7e,20,conan-io__conan.86f29e13.pr_11654.qb6g2s7e,16923,True,210,49,0,0,0,0,0.0,,0,0,2000000,2000000,0,0,0,ok,,
559,,,,conan-io__conan.86f29e13.pr_11654.qb6g2s7e,21,conan-io__conan.86f29e13.pr_11654.qb6g2s7e,17182,True,206,421,0,0,0,0,0.0,,0,0,2100000,2100000,0,0,0,ok,,
560,,,,conan-io__conan.86f29e13.pr_11654.qb6g2s7e,22,conan-io__conan.86f29e13.pr_11654.qb6g2s7e,17809,True,19,27,0,0,0,0,0.0,,0,0,2200000,2200000,0,0,0,ok,,
561,,,,conan-io__conan.86f29e13.pr_11654.qb6g2s7e,23,conan-io__conan.86f29e13.pr_11654.qb6g2s7e,17855,True,119,192,0,0,0,0,0.0,,0,0,2300000,2300000,0,0,0,ok,,
562,,,,conan-io__conan.86f29e13.pr_11654.qb6g2s7e,24,conan-io__conan.86f29e13.pr_11654.qb6g2s7e,18166,True,2471,48,0,0,0,0,0.0,,0,0,2400000,2400000,0,0,0,ok,,
563,,,,conan-io__conan.86f29e13.pr_11654.qb6g2s7e,25,conan-io__conan.86f29e13.pr_11654.qb6g2s7e,20685,True,11,14,0,0,0,0,0.0,,0,0,2500000,2500000,0,0,0,ok,,
564,,,,pydantic__pydantic.acb0f10f.func_pm_remove_assign__077gtphd.dcw69p46,0,swe_smith_system_prompt,924,True,604,98,0,0,0,0,0.0,,0,0,0,0,0,0,0,ok,,
565,,,,pydantic__pydantic.acb0f10f.func_pm_remove_assign__077gtphd.dcw69p46,1,pydantic__pydantic.acb0f10f.func_pm_remove_assign__077gtphd.dcw69p46,1626,True,33182,61,0,0,0,0,0.0,,0,0,100000,100000,0,0,0,ok,,
566,,,,pydantic__pydantic.acb0f10f.func_pm_remove_assign__077gtphd.dcw69p46,2,pydantic__pydantic.acb0f10f.func_pm_remove_assign__077gtphd.dcw69p46,34869,True,3618,55,0,0,0,0,0.0,,0,0,200000,200000,0,0,0,ok,,
567,,,,pydantic__pydantic.acb0f10f.func_pm_remove_assign__077gtphd.dcw69p46,3,pydantic__pydantic.acb0f10f.func_pm_remove_assign__077gtphd.dcw69p46,38542,True,1246,50,0,0,0,0,0.0,,0,0,300000,300000,0,0,0,ok,,
568,,,,pydantic__pydantic.acb0f10f.func_pm_remove_assign__077gtphd.dcw69p46,4,pydantic__pydantic.acb0f10f.func_pm_remove_assign__077gtphd.dcw69p46,39838,True,8222,71,0,0,0,0,0.0,,0,0,400000,400000,0,0,0,ok,,
569,,,,pydantic__pydantic.acb0f10f.func_pm_remove_assign__077gtphd.dcw69p46,5,pydantic__pydantic.acb0f10f.func_pm_remove_assign__077gtphd.dcw69p46,48131,True,676,54,0,0,0,0,0.0,,0,0,500000,500000,0,0,0,ok,,
570,,,,pydantic__pydantic.acb0f10f.func_pm_remove_assign__077gtphd.dcw69p46,6,pydantic__pydantic.acb0f10f.func_pm_remove_assign__077gtphd.dcw69p46,48861,True,6196,72,0,0,0,0,0.0,,0,0,600000,600000,0,0,0,ok,,
571,,,,pydantic__pydantic.acb0f10f.func_pm_remove_assign__077gtphd.dcw69p46,7,pydantic__pydantic.acb0f10f.func_pm_remove_assign__077gtphd.dcw69p46,55129,True,591,50,0,0,0,0,0.0,,0,0,700000,700000,0,0,0,ok,,
572,,,,pydantic__pydantic.acb0f10f.func_pm_remove_assign__077gtphd.dcw69p46,8,pydantic__pydantic.acb0f10f.func_pm_remove_assign__077gtphd.dcw69p46,55770,True,42,70,0,0,0,0,0.0,,0,0,800000,800000,0,0,0,ok,,
573,,,,pydantic__pydantic.acb0f10f.func_pm_remove_assign__077gtphd.dcw69p46,9,pydantic__pydantic.acb0f10f.func_pm_remove_assign__077gtphd.dcw69p46,55882,True,280,66,0,0,0,0,0.0,,0,0,900000,900000,0,0,0,ok,,
574,,,,pydantic__pydantic.acb0f10f.func_pm_remove_assign__077gtphd.dcw69p46,10,pydantic__pydantic.acb0f10f.func_pm_remove_assign__077gtphd.dcw69p46,56228,True,633,346,0,0,0,0,0.0,,0,0,1000000,1000000,0,0,0,ok,,
575,,,,pydantic__pydantic.acb0f10f.func_pm_remove_assign__077gtphd.dcw69p46,11,pydantic__pydantic.acb0f10f.func_pm_remove_assign__077gtphd.dcw69p46,57207,True,18,34,0,0,0,0,0.0,,0,0,1100000,1100000,0,0,0,ok,,
576,,,,pydantic__pydantic.acb0f10f.func_pm_remove_assign__077gtphd.dcw69p46,12,pydantic__pydantic.acb0f10f.func_pm_remove_assign__077gtphd.dcw69p46,57259,True,172,33,0,0,0,0,0.0,,0,0,1200000,1200000,0,0,0,ok,,
577,,,,pydantic__pydantic.acb0f10f.func_pm_remove_assign__077gtphd.dcw69p46,13,pydantic__pydantic.acb0f10f.func_pm_remove_assign__077gtphd.dcw69p46,57464,True,982,32,0,0,0,0,0.0,,0,0,1300000,1300000,0,0,0,ok,,
578,,,,pydantic__pydantic.acb0f10f.func_pm_remove_assign__077gtphd.dcw69p46,14,pydantic__pydantic.acb0f10f.func_pm_remove_assign__077gtphd.dcw69p46,58478,True,723,509,0,0,0,0,0.0,,0,0,1400000,1400000,0,0,0,ok,,
579,,,,pydantic__pydantic.acb0f10f.func_pm_remove_assign__077gtphd.dcw69p46,15,pydantic__pydantic.acb0f10f.func_pm_remove_assign__077gtphd.dcw69p46,59710,True,416,31,0,0,0,0,0.0,,0,0,1500000,1500000,0,0,0,ok,,
580,,,,pydantic__pydantic.acb0f10f.func_pm_remove_assign__077gtphd.dcw69p46,16,pydantic__pydantic.acb0f10f.func_pm_remove_assign__077gtphd.dcw69p46,60157,True,723,79,0,0,0,0,0.0,,0,0,1600000,1600000,0,0,0,ok,,
581,,,,pydantic__pydantic.acb0f10f.func_pm_remove_assign__077gtphd.dcw69p46,17,pydantic__pydantic.acb0f10f.func_pm_remove_assign__077gtphd.dcw69p46,60959,True,591,836,0,0,0,0,0.0,,0,0,1700000,1700000,0,0,0,ok,,
582,,,,pydantic__pydantic.acb0f10f.func_pm_remove_assign__077gtphd.dcw69p46,18,pydantic__pydantic.acb0f10f.func_pm_remove_assign__077gtphd.dcw69p46,62386,True,855,40,0,0,0,0,0.0,,0,0,1800000,1800000,0,0,0,ok,,
583,,,,pydantic__pydantic.acb0f10f.func_pm_remove_assign__077gtphd.dcw69p46,19,pydantic__pydantic.acb0f10f.func_pm_remove_assign__077gtphd.dcw69p46,63281,True,268,566,0,0,0,0,0.0,,0,0,1900000,1900000,0,0,0,ok,,
584,,,,pydantic__pydantic.acb0f10f.func_pm_remove_assign__077gtphd.dcw69p46,20,pydantic__pydantic.acb0f10f.func_pm_remove_assign__077gtphd.dcw69p46,64115,True,468,31,0,0,0,0,0.0,,0,0,2000000,2000000,0,0,0,ok,,
585,,,,pydantic__pydantic.acb0f10f.func_pm_remove_assign__077gtphd.dcw69p46,21,pydantic__pydantic.acb0f10f.func_pm_remove_assign__077gtphd.dcw69p46,64614,True,276,840,0,0,0,0,0.0,,0,0,2100000,2100000,0,0,0,ok,,
586,,,,pydantic__pydantic.acb0f10f.func_pm_remove_assign__077gtphd.dcw69p46,22,pydantic__pydantic.acb0f10f.func_pm_remove_assign__077gtphd.dcw69p46,65730,True,811,31,0,0,0,0,0.0,,0,0,2200000,2200000,0,0,0,ok,,
587,,,,pydantic__pydantic.acb0f10f.func_pm_remove_assign__077gtphd.dcw69p46,23,pydantic__pydantic.acb0f10f.func_pm_remove_assign__077gtphd.dcw69p46,66572,True,560,1217,0,0,0,0,0.0,,0,0,2300000,2300000,0,0,0,ok,,
588,,,,pydantic__pydantic.acb0f10f.func_pm_remove_assign__077gtphd.dcw69p46,24,pydantic__pydantic.acb0f10f.func_pm_remove_assign__077gtphd.dcw69p46,68349,True,1099,31,0,0,0,0,0.0,,0,0,2400000,2400000,0,0,0,ok,,
589,,,,pydantic__pydantic.acb0f10f.func_pm_remove_assign__077gtphd.dcw69p46,25,pydantic__pydantic.acb0f10f.func_pm_remove_assign__077gtphd.dcw69p46,69479,True,611,352,0,0,0,0,0.0,,0,0,2500000,2500000,0,0,0,ok,,
590,,,,pydantic__pydantic.acb0f10f.func_pm_remove_assign__077gtphd.dcw69p46,26,pydantic__pydantic.acb0f10f.func_pm_remove_assign__077gtphd.dcw69p46,70442,True,1486,34,0,0,0,0,0.0,,0,0,2600000,2600000,0,0,0,ok,,
591,,,,pydantic__pydantic.acb0f10f.func_pm_remove_assign__077gtphd.dcw69p46,27,pydantic__pydantic.acb0f10f.func_pm_remove_assign__077gtphd.dcw69p46,71962,True,11,8,0,0,0,0,0.0,,0,0,2700000,2700000,0,0,0,ok,,
592,,,,luozhouyang__python-string-similarity.115acaac.func_pm_remove_cond__gch4emzr.zdndyajb,0,swe_smith_system_prompt,924,True,587,98,0,0,0,0,0.0,,0,0,0,0,0,0,0,ok,,
593,,,,luozhouyang__python-string-similarity.115acaac.func_pm_remove_cond__gch4emzr.zdndyajb,1,luozhouyang__python-string-similarity.115acaac.func_pm_remove_cond__gch4emzr.zdndyajb,1609,True,480,65,0,0,0,0,0.0,,0,0,100000,100000,0,0,0,ok,,
594,,,,luozhouyang__python-string-similarity.115acaac.func_pm_remove_cond__gch4emzr.zdndyajb,2,luozhouyang__python-string-similarity.115acaac.func_pm_remove_cond__gch4emzr.zdndyajb,2154,True,3099,57,0,0,0,0,0.0,,0,0,200000,200000,0,0,0,ok,,
595,,,,luozhouyang__python-string-similarity.115acaac.func_pm_remove_cond__gch4emzr.zdndyajb,3,luozhouyang__python-string-similarity.115acaac.func_pm_remove_cond__gch4emzr.zdndyajb,5310,True,316,295,0,0,0,0,0.0,,0,0,300000,300000,0,0,0,ok,,
596,,,,luozhouyang__python-string-similarity.115acaac.func_pm_remove_cond__gch4emzr.zdndyajb,4,luozhouyang__python-string-similarity.115acaac.func_pm_remove_cond__gch4emzr.zdndyajb,5921,True,22,39,0,0,0,0,0.0,,0,0,400000,400000,0,0,0,ok,,
597,,,,luozhouyang__python-string-similarity.115acaac.func_pm_remove_cond__gch4emzr.zdndyajb,5,luozhouyang__python-string-similarity.115acaac.func_pm_remove_cond__gch4emzr.zdndyajb,5982,True,104,476,0,0,0,0,0.0,,0,0,500000,500000,0,0,0,ok,,
598,,,,luozhouyang__python-string-similarity.115acaac.func_pm_remove_cond__gch4emzr.zdndyajb,6,luozhouyang__python-string-similarity.115acaac.func_pm_remove_cond__gch4emzr.zdndyajb,6562,True,526,161,0,0,0,0,0.0,,0,0,600000,600000,0,0,0,ok,,
599,,,,luozhouyang__python-string-similarity.115acaac.func_pm_remove_cond__gch4emzr.zdndyajb,7,luozhouyang__python-string-similarity.115acaac.func_pm_remove_cond__gch4emzr.zdndyajb,7249,True,229,58,0,0,0,0,0.0,,0,0,700000,700000,0,0,0,ok,,
600,,,,luozhouyang__python-string-similarity.115acaac.func_pm_remove_cond__gch4emzr.zdndyajb,8,luozhouyang__python-string-similarity.115acaac.func_pm_remove_cond__gch4emzr.zdndyajb,7536,True,104,1476,0,0,0,0,0.0,,0,0,800000,800000,0,0,0,ok,,
601,,,,luozhouyang__python-string-similarity.115acaac.func_pm_remove_cond__gch4emzr.zdndyajb,9,luozhouyang__python-string-similarity.115acaac.func_pm_remove_cond__gch4emzr.zdndyajb,9116,True,1273,42,0,0,0,0,0.0,,0,0,900000,900000,0,0,0,ok,,
602,,,,luozhouyang__python-string-similarity.115acaac.func_pm_remove_cond__gch4emzr.zdndyajb,10,luozhouyang__python-string-similarity.115acaac.func_pm_remove_cond__gch4emzr.zdndyajb,10431,True,104,1770,0,0,0,0,0.0,,0,0,1000000,1000000,0,0,0,ok,,
603,,,,luozhouyang__python-string-similarity.115acaac.func_pm_remove_cond__gch4emzr.zdndyajb,11,luozhouyang__python-string-similarity.115acaac.func_pm_remove_cond__gch4emzr.zdndyajb,12305,True,1820,51,0,0,0,0,0.0,,0,0,1100000,1100000,0,0,0,ok,,
604,,,,luozhouyang__python-string-similarity.115acaac.func_pm_remove_cond__gch4emzr.zdndyajb,12,luozhouyang__python-string-similarity.115acaac.func_pm_remove_cond__gch4emzr.zdndyajb,14176,True,110,47,0,0,0,0,0.0,,0,0,1200000,1200000,0,0,0,ok,,
605,,,,luozhouyang__python-string-similarity.115acaac.func_pm_remove_cond__gch4emzr.zdndyajb,13,luozhouyang__python-string-similarity.115acaac.func_pm_remove_cond__gch4emzr.zdndyajb,14333,True,32,2233,0,0,0,0,0.0,,0,0,1300000,1300000,0,0,0,ok,,
606,,,,luozhouyang__python-string-similarity.115acaac.func_pm_remove_cond__gch4emzr.zdndyajb,14,luozhouyang__python-string-similarity.115acaac.func_pm_remove_cond__gch4emzr.zdndyajb,16598,True,2122,39,0,0,0,0,0.0,,0,0,1400000,1400000,0,0,0,ok,,
607,,,,luozhouyang__python-string-similarity.115acaac.func_pm_remove_cond__gch4emzr.zdndyajb,15,luozhouyang__python-string-similarity.115acaac.func_pm_remove_cond__gch4emzr.zdndyajb,18759,True,110,44,0,0,0,0,0.0,,0,0,1500000,1500000,0,0,0,ok,,
608,,,,luozhouyang__python-string-similarity.115acaac.func_pm_remove_cond__gch4emzr.zdndyajb,16,luozhouyang__python-string-similarity.115acaac.func_pm_remove_cond__gch4emzr.zdndyajb,18913,True,32,659,0,0,0,0,0.0,,0,0,1600000,1600000,0,0,0,ok,,
609,,,,luozhouyang__python-string-similarity.115acaac.func_pm_remove_cond__gch4emzr.zdndyajb,17,luozhouyang__python-string-similarity.115acaac.func_pm_remove_cond__gch4emzr.zdndyajb,19604,True,22,41,0,0,0,0,0.0,,0,0,1700000,1700000,0,0,0,ok,,
610,,,,luozhouyang__python-string-similarity.115acaac.func_pm_remove_cond__gch4emzr.zdndyajb,18,luozhouyang__python-string-similarity.115acaac.func_pm_remove_cond__gch4emzr.zdndyajb,19667,True,310,2482,0,0,0,0,0.0,,0,0,1800000,1800000,0,0,0,ok,,
611,,,,luozhouyang__python-string-similarity.115acaac.func_pm_remove_cond__gch4emzr.zdndyajb,19,luozhouyang__python-string-similarity.115acaac.func_pm_remove_cond__gch4emzr.zdndyajb,22459,True,2178,39,0,0,0,0,0.0,,0,0,1900000,1900000,0,0,0,ok,,
612,,,,luozhouyang__python-string-similarity.115acaac.func_pm_remove_cond__gch4emzr.zdndyajb,20,luozhouyang__python-string-similarity.115acaac.func_pm_remove_cond__gch4emzr.zdndyajb,24676,True,310,48,0,0,0,0,0.0,,0,0,2000000,2000000,0,0,0,ok,,
613,,,,luozhouyang__python-string-similarity.115acaac.func_pm_remove_cond__gch4emzr.zdndyajb,21,luozhouyang__python-string-similarity.115acaac.func_pm_remove_cond__gch4emzr.zdndyajb,25034,True,32,259,0,0,0,0,0.0,,0,0,2100000,2100000,0,0,0,ok,,
614,,,,luozhouyang__python-string-similarity.115acaac.func_pm_remove_cond__gch4emzr.zdndyajb,22,luozhouyang__python-string-similarity.115acaac.func_pm_remove_cond__gch4emzr.zdndyajb,25325,True,3066,48,0,0,0,0,0.0,,0,0,2200000,2200000,0,0,0,ok,,
615,,,,luozhouyang__python-string-similarity.115acaac.func_pm_remove_cond__gch4emzr.zdndyajb,23,luozhouyang__python-string-similarity.115acaac.func_pm_remove_cond__gch4emzr.zdndyajb,28439,True,11,14,0,0,0,0,0.0,,0,0,2300000,2300000,0,0,0,ok,,
616,,,,conan-io__conan.86f29e13.pr_12752.jhdjfm3r,0,swe_smith_system_prompt,924,True,544,95,0,0,0,0,0.0,,0,0,0,0,0,0,0,ok,,
617,,,,conan-io__conan.86f29e13.pr_12752.jhdjfm3r,1,conan-io__conan.86f29e13.pr_12752.jhdjfm3r,1563,True,15181,79,0,0,0,0,0.0,,0,0,100000,100000,0,0,0,ok,,
618,,,,conan-io__conan.86f29e13.pr_12752.jhdjfm3r,2,conan-io__conan.86f29e13.pr_12752.jhdjfm3r,16823,True,3890,46,0,0,0,0,0.0,,0,0,200000,200000,0,0,0,ok,,
619,,,,conan-io__conan.86f29e13.pr_12752.jhdjfm3r,3,conan-io__conan.86f29e13.pr_12752.jhdjfm3r,20759,True,1466,84,0,0,0,0,0.0,,0,0,300000,300000,0,0,0,ok,,
620,,,,conan-io__conan.86f29e13.pr_12752.jhdjfm3r,4,conan-io__conan.86f29e13.pr_12752.jhdjfm3r,22309,True,318,68,0,0,0,0,0.0,,0,0,400000,400000,0,0,0,ok,,
621,,,,conan-io__conan.86f29e13.pr_12752.jhdjfm3r,5,conan-io__conan.86f29e13.pr_12752.jhdjfm3r,22695,True,129,373,0,0,0,0,0.0,,0,0,500000,500000,0,0,0,ok,,
622,,,,conan-io__conan.86f29e13.pr_12752.jhdjfm3r,6,conan-io__conan.86f29e13.pr_12752.jhdjfm3r,23197,True,20,36,0,0,0,0,0.0,,0,0,600000,600000,0,0,0,ok,,
623,,,,conan-io__conan.86f29e13.pr_12752.jhdjfm3r,7,conan-io__conan.86f29e13.pr_12752.jhdjfm3r,23253,True,63,70,0,0,0,0,0.0,,0,0,700000,700000,0,0,0,ok,,
624,,,,conan-io__conan.86f29e13.pr_12752.jhdjfm3r,8,conan-io__conan.86f29e13.pr_12752.jhdjfm3r,23386,True,220,45,0,0,0,0,0.0,,0,0,800000,800000,0,0,0,ok,,
625,,,,conan-io__conan.86f29e13.pr_12752.jhdjfm3r,9,conan-io__conan.86f29e13.pr_12752.jhdjfm3r,23651,True,18,48,0,0,0,0,0.0,,0,0,900000,900000,0,0,0,ok,,
626,,,,conan-io__conan.86f29e13.pr_12752.jhdjfm3r,10,conan-io__conan.86f29e13.pr_12752.jhdjfm3r,23717,True,25,116,0,0,0,0,0.0,,0,0,1000000,1000000,0,0,0,ok,,
627,,,,conan-io__conan.86f29e13.pr_12752.jhdjfm3r,11,conan-io__conan.86f29e13.pr_12752.jhdjfm3r,23858,True,127,33,0,0,0,0,0.0,,0,0,1100000,1100000,0,0,0,ok,,
628,,,,conan-io__conan.86f29e13.pr_12752.jhdjfm3r,12,conan-io__conan.86f29e13.pr_12752.jhdjfm3r,24018,True,70,535,0,0,0,0,0.0,,0,0,1200000,1200000,0,0,0,ok,,
629,,,,conan-io__conan.86f29e13.pr_12752.jhdjfm3r,13,conan-io__conan.86f29e13.pr_12752.jhdjfm3r,24623,True,435,56,0,0,0,0,0.0,,0,0,1300000,1300000,0,0,0,ok,,
630,,,,conan-io__conan.86f29e13.pr_12752.jhdjfm3r,14,conan-io__conan.86f29e13.pr_12752.jhdjfm3r,25114,True,54,1078,0,0,0,0,0.0,,0,0,1400000,1400000,0,0,0,ok,,
631,,,,conan-io__conan.86f29e13.pr_12752.jhdjfm3r,15,conan-io__conan.86f29e13.pr_12752.jhdjfm3r,26246,True,19,35,0,0,0,0,0.0,,0,0,1500000,1500000,0,0,0,ok,,
632,,,,conan-io__conan.86f29e13.pr_12752.jhdjfm3r,16,conan-io__conan.86f29e13.pr_12752.jhdjfm3r,26300,True,99,31,0,0,0,0,0.0,,0,0,1600000,1600000,0,0,0,ok,,
633,,,,conan-io__conan.86f29e13.pr_12752.jhdjfm3r,17,conan-io__conan.86f29e13.pr_12752.jhdjfm3r,26430,True,2118,44,0,0,0,0,0.0,,0,0,1700000,1700000,0,0,0,ok,,
634,,,,conan-io__conan.86f29e13.pr_12752.jhdjfm3r,18,conan-io__conan.86f29e13.pr_12752.jhdjfm3r,28592,True,11,8,0,0,0,0,0.0,,0,0,1800000,1800000,0,0,0,ok,,
635,,,,marshmallow-code__apispec.8b421526.func_pm_ctrl_shuffle__smncs4i8.myobw605,0,swe_smith_system_prompt,924,True,551,113,0,0,0,0,0.0,,0,0,0,0,0,0,0,ok,,
636,,,,marshmallow-code__apispec.8b421526.func_pm_ctrl_shuffle__smncs4i8.myobw605,1,marshmallow-code__apispec.8b421526.func_pm_ctrl_shuffle__smncs4i8.myobw605,1588,True,289,64,0,0,0,0,0.0,,0,0,100000,100000,0,0,0,ok,,
637,,,,marshmallow-code__apispec.8b421526.func_pm_ctrl_shuffle__smncs4i8.myobw605,2,marshmallow-code__apispec.8b421526.func_pm_ctrl_shuffle__smncs4i8.myobw605,1941,True,58,65,0,0,0,0,0.0,,0,0,200000,200000,0,0,0,ok,,
638,,,,marshmallow-code__apispec.8b421526.func_pm_ctrl_shuffle__smncs4i8.myobw605,3,marshmallow-code__apispec.8b421526.func_pm_ctrl_shuffle__smncs4i8.myobw605,2064,True,2704,75,0,0,0,0,0.0,,0,0,300000,300000,0,0,0,ok,,
639,,,,marshmallow-code__apispec.8b421526.func_pm_ctrl_shuffle__smncs4i8.myobw605,4,marshmallow-code__apispec.8b421526.func_pm_ctrl_shuffle__smncs4i8.myobw605,4843,True,217,123,0,0,0,0,0.0,,0,0,400000,400000,0,0,0,ok,,
640,,,,marshmallow-code__apispec.8b421526.func_pm_ctrl_shuffle__smncs4i8.myobw605,5,marshmallow-code__apispec.8b421526.func_pm_ctrl_shuffle__smncs4i8.myobw605,5183,True,207,260,0,0,0,0,0.0,,0,0,500000,500000,0,0,0,ok,,
641,,,,marshmallow-code__apispec.8b421526.func_pm_ctrl_shuffle__smncs4i8.myobw605,6,marshmallow-code__apispec.8b421526.func_pm_ctrl_shuffle__smncs4i8.myobw605,5650,True,18,35,0,0,0,0,0.0,,0,0,600000,600000,0,0,0,ok,,
642,,,,marshmallow-code__apispec.8b421526.func_pm_ctrl_shuffle__smncs4i8.myobw605,7,marshmallow-code__apispec.8b421526.func_pm_ctrl_shuffle__smncs4i8.myobw605,5703,True,35,347,0,0,0,0,0.0,,0,0,700000,700000,0,0,0,ok,,
643,,,,marshmallow-code__apispec.8b421526.func_pm_ctrl_shuffle__smncs4i8.myobw605,8,marshmallow-code__apispec.8b421526.func_pm_ctrl_shuffle__smncs4i8.myobw605,6085,True,378,54,0,0,0,0,0.0,,0,0,800000,800000,0,0,0,ok,,
644,,,,marshmallow-code__apispec.8b421526.func_pm_ctrl_shuffle__smncs4i8.myobw605,9,marshmallow-code__apispec.8b421526.func_pm_ctrl_shuffle__smncs4i8.myobw605,6517,True,41,475,0,0,0,0,0.0,,0,0,900000,900000,0,0,0,ok,,
645,,,,marshmallow-code__apispec.8b421526.func_pm_ctrl_shuffle__smncs4i8.myobw605,10,marshmallow-code__apispec.8b421526.func_pm_ctrl_shuffle__smncs4i8.myobw605,7033,True,18,33,0,0,0,0,0.0,,0,0,1000000,1000000,0,0,0,ok,,
646,,,,marshmallow-code__apispec.8b421526.func_pm_ctrl_shuffle__smncs4i8.myobw605,11,marshmallow-code__apispec.8b421526.func_pm_ctrl_shuffle__smncs4i8.myobw605,7084,True,93,336,0,0,0,0,0.0,,0,0,1100000,1100000,0,0,0,ok,,
647,,,,marshmallow-code__apispec.8b421526.func_pm_ctrl_shuffle__smncs4i8.myobw605,12,marshmallow-code__apispec.8b421526.func_pm_ctrl_shuffle__smncs4i8.myobw605,7513,True,19,33,0,0,0,0,0.0,,0,0,1200000,1200000,0,0,0,ok,,
648,,,,marshmallow-code__apispec.8b421526.func_pm_ctrl_shuffle__smncs4i8.myobw605,13,marshmallow-code__apispec.8b421526.func_pm_ctrl_shuffle__smncs4i8.myobw605,7565,True,77,31,0,0,0,0,0.0,,0,0,1300000,1300000,0,0,0,ok,,
649,,,,marshmallow-code__apispec.8b421526.func_pm_ctrl_shuffle__smncs4i8.myobw605,14,marshmallow-code__apispec.8b421526.func_pm_ctrl_shuffle__smncs4i8.myobw605,7673,True,1696,48,0,0,0,0,0.0,,0,0,1400000,1400000,0,0,0,ok,,
650,,,,marshmallow-code__apispec.8b421526.func_pm_ctrl_shuffle__smncs4i8.myobw605,15,marshmallow-code__apispec.8b421526.func_pm_ctrl_shuffle__smncs4i8.myobw605,9417,True,11,14,0,0,0,0,0.0,,0,0,1500000,1500000,0,0,0,ok,,
651,,,,scrapy__scrapy.35212ec5.lm_rewrite__0x23rybz.x90to3jr,0,swe_smith_system_prompt,924,True,548,116,0,0,0,0,0.0,,0,0,0,0,0,0,0,ok,,
652,,,,scrapy__scrapy.35212ec5.lm_rewrite__0x23rybz.x90to3jr,1,scrapy__scrapy.35212ec5.lm_rewrite__0x23rybz.x90to3jr,1588,True,26,59,0,0,0,0,0.0,,0,0,100000,100000,0,0,0,ok,,
653,,,,scrapy__scrapy.35212ec5.lm_rewrite__0x23rybz.x90to3jr,2,scrapy__scrapy.35212ec5.lm_rewrite__0x23rybz.x90to3jr,1673,True,3075,72,0,0,0,0,0.0,,0,0,200000,200000,0,0,0,ok,,
654,,,,scrapy__scrapy.35212ec5.lm_rewrite__0x23rybz.x90to3jr,3,scrapy__scrapy.35212ec5.lm_rewrite__0x23rybz.x90to3jr,4820,True,15,45,0,0,0,0,0.0,,0,0,300000,300000,0,0,0,ok,,
655,,,,scrapy__scrapy.35212ec5.lm_rewrite__0x23rybz.x90to3jr,4,scrapy__scrapy.35212ec5.lm_rewrite__0x23rybz.x90to3jr,4880,True,3484,199,0,0,0,0,0.0,,0,0,400000,400000,0,0,0,ok,,
656,,,,scrapy__scrapy.35212ec5.lm_rewrite__0x23rybz.x90to3jr,5,scrapy__scrapy.35212ec5.lm_rewrite__0x23rybz.x90to3jr,8563,True,19,36,0,0,0,0,0.0,,0,0,500000,500000,0,0,0,ok,,
657,,,,scrapy__scrapy.35212ec5.lm_rewrite__0x23rybz.x90to3jr,6,scrapy__scrapy.35212ec5.lm_rewrite__0x23rybz.x90to3jr,8618,True,75,559,0,0,0,0,0.0,,0,0,600000,600000,0,0,0,ok,,
658,,,,scrapy__scrapy.35212ec5.lm_rewrite__0x23rybz.x90to3jr,7,scrapy__scrapy.35212ec5.lm_rewrite__0x23rybz.x90to3jr,9252,True,573,47,0,0,0,0,0.0,,0,0,700000,700000,0,0,0,ok,,
659,,,,scrapy__scrapy.35212ec5.lm_rewrite__0x23rybz.x90to3jr,8,scrapy__scrapy.35212ec5.lm_rewrite__0x23rybz.x90to3jr,9872,True,78,690,0,0,0,0,0.0,,0,0,800000,800000,0,0,0,ok,,
660,,,,scrapy__scrapy.35212ec5.lm_rewrite__0x23rybz.x90to3jr,9,scrapy__scrapy.35212ec5.lm_rewrite__0x23rybz.x90to3jr,10640,True,794,33,0,0,0,0,0.0,,0,0,900000,900000,0,0,0,ok,,
661,,,,scrapy__scrapy.35212ec5.lm_rewrite__0x23rybz.x90to3jr,10,scrapy__scrapy.35212ec5.lm_rewrite__0x23rybz.x90to3jr,11467,True,308,745,0,0,0,0,0.0,,0,0,1000000,1000000,0,0,0,ok,,
662,,,,scrapy__scrapy.35212ec5.lm_rewrite__0x23rybz.x90to3jr,11,scrapy__scrapy.35212ec5.lm_rewrite__0x23rybz.x90to3jr,12520,True,837,42,0,0,0,0,0.0,,0,0,1100000,1100000,0,0,0,ok,,
663,,,,scrapy__scrapy.35212ec5.lm_rewrite__0x23rybz.x90to3jr,12,scrapy__scrapy.35212ec5.lm_rewrite__0x23rybz.x90to3jr,13399,True,327,347,0,0,0,0,0.0,,0,0,1200000,1200000,0,0,0,ok,,
664,,,,scrapy__scrapy.35212ec5.lm_rewrite__0x23rybz.x90to3jr,13,scrapy__scrapy.35212ec5.lm_rewrite__0x23rybz.x90to3jr,14073,True,123,43,0,0,0,0,0.0,,0,0,1300000,1300000,0,0,0,ok,,
665,,,,scrapy__scrapy.35212ec5.lm_rewrite__0x23rybz.x90to3jr,14,scrapy__scrapy.35212ec5.lm_rewrite__0x23rybz.x90to3jr,14239,True,757,321,0,0,0,0,0.0,,0,0,1400000,1400000,0,0,0,ok,,
666,,,,scrapy__scrapy.35212ec5.lm_rewrite__0x23rybz.x90to3jr,15,scrapy__scrapy.35212ec5.lm_rewrite__0x23rybz.x90to3jr,15317,True,121,1012,0,0,0,0,0.0,,0,0,1500000,1500000,0,0,0,ok,,
667,,,,scrapy__scrapy.35212ec5.lm_rewrite__0x23rybz.x90to3jr,16,scrapy__scrapy.35212ec5.lm_rewrite__0x23rybz.x90to3jr,16450,True,534,220,0,0,0,0,0.0,,0,0,1600000,1600000,0,0,0,ok,,
668,,,,scrapy__scrapy.35212ec5.lm_rewrite__0x23rybz.x90to3jr,17,scrapy__scrapy.35212ec5.lm_rewrite__0x23rybz.x90to3jr,17204,True,18,33,0,0,0,0,0.0,,0,0,1700000,1700000,0,0,0,ok,,
669,,,,scrapy__scrapy.35212ec5.lm_rewrite__0x23rybz.x90to3jr,18,scrapy__scrapy.35212ec5.lm_rewrite__0x23rybz.x90to3jr,17255,True,107,873,0,0,0,0,0.0,,0,0,1800000,1800000,0,0,0,ok,,
670,,,,scrapy__scrapy.35212ec5.lm_rewrite__0x23rybz.x90to3jr,19,scrapy__scrapy.35212ec5.lm_rewrite__0x23rybz.x90to3jr,18235,True,843,46,0,0,0,0,0.0,,0,0,1900000,1900000,0,0,0,ok,,
671,,,,scrapy__scrapy.35212ec5.lm_rewrite__0x23rybz.x90to3jr,20,scrapy__scrapy.35212ec5.lm_rewrite__0x23rybz.x90to3jr,19124,True,430,450,0,0,0,0,0.0,,0,0,2000000,2000000,0,0,0,ok,,
672,,,,scrapy__scrapy.35212ec5.lm_rewrite__0x23rybz.x90to3jr,21,scrapy__scrapy.35212ec5.lm_rewrite__0x23rybz.x90to3jr,20004,True,21,35,0,0,0,0,0.0,,0,0,2100000,2100000,0,0,0,ok,,
673,,,,scrapy__scrapy.35212ec5.lm_rewrite__0x23rybz.x90to3jr,22,scrapy__scrapy.35212ec5.lm_rewrite__0x23rybz.x90to3jr,20060,True,306,220,0,0,0,0,0.0,,0,0,2200000,2200000,0,0,0,ok,,
674,,,,scrapy__scrapy.35212ec5.lm_rewrite__0x23rybz.x90to3jr,23,scrapy__scrapy.35212ec5.lm_rewrite__0x23rybz.x90to3jr,20586,True,30189,49,0,0,0,0,0.0,,0,0,2300000,2300000,0,0,0,ok,,
675,,,,scrapy__scrapy.35212ec5.lm_rewrite__0x23rybz.x90to3jr,24,scrapy__scrapy.35212ec5.lm_rewrite__0x23rybz.x90to3jr,50824,True,11,15,0,0,0,0,0.0,,0,0,2400000,2400000,0,0,0,ok,,
676,,,,dask__dask.5f61e423.lm_rewrite__wf7wp5ae.z8nktsty,0,swe_smith_system_prompt,924,True,852,68,0,0,0,0,0.0,,0,0,0,0,0,0,0,ok,,
677,,,,dask__dask.5f61e423.lm_rewrite__wf7wp5ae.z8nktsty,1,dask__dask.5f61e423.lm_rewrite__wf7wp5ae.z8nktsty,1844,True,15,62,0,0,0,0,0.0,,0,0,100000,100000,0,0,0,ok,,
678,,,,dask__dask.5f61e423.lm_rewrite__wf7wp5ae.z8nktsty,2,dask__dask.5f61e423.lm_rewrite__wf7wp5ae.z8nktsty,1921,True,5271,393,0,0,0,0,0.0,,0,0,200000,200000,0,0,0,ok,,
679,,,,dask__dask.5f61e423.lm_rewrite__wf7wp5ae.z8nktsty,3,dask__dask.5f61e423.lm_rewrite__wf7wp5ae.z8nktsty,7585,True,20,37,0,0,0,0,0.0,,0,0,300000,300000,0,0,0,ok,,
680,,,,dask__dask.5f61e423.lm_rewrite__wf7wp5ae.z8nktsty,4,dask__dask.5f61e423.lm_rewrite__wf7wp5ae.z8nktsty,7642,True,95,958,0,0,0,0,0.0,,0,0,400000,400000,0,0,0,ok,,
681,,,,dask__dask.5f61e423.lm_rewrite__wf7wp5ae.z8nktsty,5,dask__dask.5f61e423.lm_rewrite__wf7wp5ae.z8nktsty,8695,True,1019,308,0,0,0,0,0.0,,0,0,500000,500000,0,0,0,ok,,
682,,,,dask__dask.5f61e423.lm_rewrite__wf7wp5ae.z8nktsty,6,dask__dask.5f61e423.lm_rewrite__wf7wp5ae.z8nktsty,10022,True,428,42,0,0,0,0,0.0,,0,0,600000,600000,0,0,0,ok,,
683,,,,dask__dask.5f61e423.lm_rewrite__wf7wp5ae.z8nktsty,7,dask__dask.5f61e423.lm_rewrite__wf7wp5ae.z8nktsty,10492,True,113,1230,0,0,0,0,0.0,,0,0,700000,700000,0,0,0,ok,,
684,,,,dask__dask.5f61e423.lm_rewrite__wf7wp5ae.z8nktsty,8,dask__dask.5f61e423.lm_rewrite__wf7wp5ae.z8nktsty,11835,True,18,32,0,0,0,0,0.0,,0,0,800000,800000,0,0,0,ok,,
685,,,,dask__dask.5f61e423.lm_rewrite__wf7wp5ae.z8nktsty,9,dask__dask.5f61e423.lm_rewrite__wf7wp5ae.z8nktsty,11885,True,622,536,0,0,0,0,0.0,,0,0,900000,900000,0,0,0,ok,,
686,,,,dask__dask.5f61e423.lm_rewrite__wf7wp5ae.z8nktsty,10,dask__dask.5f61e423.lm_rewrite__wf7wp5ae.z8nktsty,13043,True,583,361,0,0,0,0,0.0,,0,0,1000000,1000000,0,0,0,ok,,
687,,,,dask__dask.5f61e423.lm_rewrite__wf7wp5ae.z8nktsty,11,dask__dask.5f61e423.lm_rewrite__wf7wp5ae.z8nktsty,13987,True,440,34,0,0,0,0,0.0,,0,0,1100000,1100000,0,0,0,ok,,
688,,,,dask__dask.5f61e423.lm_rewrite__wf7wp5ae.z8nktsty,12,dask__dask.5f61e423.lm_rewrite__wf7wp5ae.z8nktsty,14461,True,646,657,0,0,0,0,0.0,,0,0,1200000,1200000,0,0,0,ok,,
689,,,,dask__dask.5f61e423.lm_rewrite__wf7wp5ae.z8nktsty,13,dask__dask.5f61e423.lm_rewrite__wf7wp5ae.z8nktsty,15764,True,18,33,0,0,0,0,0.0,,0,0,1300000,1300000,0,0,0,ok,,
690,,,,dask__dask.5f61e423.lm_rewrite__wf7wp5ae.z8nktsty,14,dask__dask.5f61e423.lm_rewrite__wf7wp5ae.z8nktsty,15815,True,375,115,0,0,0,0,0.0,,0,0,1400000,1400000,0,0,0,ok,,
691,,,,dask__dask.5f61e423.lm_rewrite__wf7wp5ae.z8nktsty,15,dask__dask.5f61e423.lm_rewrite__wf7wp5ae.z8nktsty,16305,True,4086,49,0,0,0,0,0.0,,0,0,1500000,1500000,0,0,0,ok,,
692,,,,dask__dask.5f61e423.lm_rewrite__wf7wp5ae.z8nktsty,16,dask__dask.5f61e423.lm_rewrite__wf7wp5ae.z8nktsty,20440,True,11,14,0,0,0,0,0.0,,0,0,1600000,1600000,0,0,0,ok,,
693,,,,chardet__chardet.9630f238.158.l9fqji36,0,swe_smith_system_prompt,924,True,612,77,0,0,0,0,0.0,,0,0,0,0,0,0,0,ok,,
694,,,,chardet__chardet.9630f238.158.l9fqji36,1,chardet__chardet.9630f238.158.l9fqji36,1613,True,33,56,0,0,0,0,0.0,,0,0,100000,100000,0,0,0,ok,,
695,,,,chardet__chardet.9630f238.158.l9fqji36,2,chardet__chardet.9630f238.158.l9fqji36,1702,True,4023,408,0,0,0,0,0.0,,0,0,200000,200000,0,0,0,ok,,
696,,,,chardet__chardet.9630f238.158.l9fqji36,3,chardet__chardet.9630f238.158.l9fqji36,6133,True,23,36,0,0,0,0,0.0,,0,0,300000,300000,0,0,0,ok,,
697,,,,chardet__chardet.9630f238.158.l9fqji36,4,chardet__chardet.9630f238.158.l9fqji36,6192,True,145,219,0,0,0,0,0.0,,0,0,400000,400000,0,0,0,ok,,
698,,,,chardet__chardet.9630f238.158.l9fqji36,5,chardet__chardet.9630f238.158.l9fqji36,6556,True,236,46,0,0,0,0,0.0,,0,0,500000,500000,0,0,0,ok,,
699,,,,chardet__chardet.9630f238.158.l9fqji36,6,chardet__chardet.9630f238.158.l9fqji36,6838,True,143,366,0,0,0,0,0.0,,0,0,600000,600000,0,0,0,ok,,
700,,,,msiemens__tinydb.10644a0e.func_pm_ctrl_shuffle__twt15ie9.jg2novk6,0,swe_smith_system_prompt,924,True,560,97,0,0,0,0,0.0,,0,0,0,0,0,0,0,ok,,
701,,,,msiemens__tinydb.10644a0e.func_pm_ctrl_shuffle__twt15ie9.jg2novk6,1,msiemens__tinydb.10644a0e.func_pm_ctrl_shuffle__twt15ie9.jg2novk6,1581,True,222,89,0,0,0,0,0.0,,0,0,100000,100000,0,0,0,ok,,
702,,,,msiemens__tinydb.10644a0e.func_pm_ctrl_shuffle__twt15ie9.jg2novk6,2,msiemens__tinydb.10644a0e.func_pm_ctrl_shuffle__twt15ie9.jg2novk6,1892,True,3790,58,0,0,0,0,0.0,,0,0,200000,200000,0,0,0,ok,,
703,,,,msiemens__tinydb.10644a0e.func_pm_ctrl_shuffle__twt15ie9.jg2novk6,3,msiemens__tinydb.10644a0e.func_pm_ctrl_shuffle__twt15ie9.jg2novk6,5740,True,2912,72,0,0,0,0,0.0,,0,0,300000,300000,0,0,0,ok,,
704,,,,msiemens__tinydb.10644a0e.func_pm_ctrl_shuffle__twt15ie9.jg2novk6,4,msiemens__tinydb.10644a0e.func_pm_ctrl_shuffle__twt15ie9.jg2novk6,8724,True,1294,74,0,0,0,0,0.0,,0,0,400000,400000,0,0,0,ok,,
705,,,,msiemens__tinydb.10644a0e.func_pm_ctrl_shuffle__twt15ie9.jg2novk6,5,msiemens__tinydb.10644a0e.func_pm_ctrl_shuffle__twt15ie9.jg2novk6,10092,True,653,216,0,0,0,0,0.0,,0,0,500000,500000,0,0,0,ok,,
706,,,,msiemens__tinydb.10644a0e.func_pm_ctrl_shuffle__twt15ie9.jg2novk6,6,msiemens__tinydb.10644a0e.func_pm_ctrl_shuffle__twt15ie9.jg2novk6,10961,True,19,35,0,0,0,0,0.0,,0,0,600000,600000,0,0,0,ok,,
707,,,,msiemens__tinydb.10644a0e.func_pm_ctrl_shuffle__twt15ie9.jg2novk6,7,msiemens__tinydb.10644a0e.func_pm_ctrl_shuffle__twt15ie9.jg2novk6,11015,True,168,440,0,0,0,0,0.0,,0,0,700000,700000,0,0,0,ok,,
708,,,,msiemens__tinydb.10644a0e.func_pm_ctrl_shuffle__twt15ie9.jg2novk6,8,msiemens__tinydb.10644a0e.func_pm_ctrl_shuffle__twt15ie9.jg2novk6,11623,True,475,40,0,0,0,0,0.0,,0,0,800000,800000,0,0,0,ok,,
709,,,,msiemens__tinydb.10644a0e.func_pm_ctrl_shuffle__twt15ie9.jg2novk6,9,msiemens__tinydb.10644a0e.func_pm_ctrl_shuffle__twt15ie9.jg2novk6,12138,True,11,46,0,0,0,0,0.0,,0,0,900000,900000,0,0,0,ok,,
710,,,,msiemens__tinydb.10644a0e.func_pm_ctrl_shuffle__twt15ie9.jg2novk6,10,msiemens__tinydb.10644a0e.func_pm_ctrl_shuffle__twt15ie9.jg2novk6,12195,True,101,233,0,0,0,0,0.0,,0,0,1000000,1000000,0,0,0,ok,,
711,,,,msiemens__tinydb.10644a0e.func_pm_ctrl_shuffle__twt15ie9.jg2novk6,11,msiemens__tinydb.10644a0e.func_pm_ctrl_shuffle__twt15ie9.jg2novk6,12529,True,19,27,0,0,0,0,0.0,,0,0,1100000,1100000,0,0,0,ok,,
712,,,,msiemens__tinydb.10644a0e.func_pm_ctrl_shuffle__twt15ie9.jg2novk6,12,msiemens__tinydb.10644a0e.func_pm_ctrl_shuffle__twt15ie9.jg2novk6,12575,True,51,618,0,0,0,0,0.0,,0,0,1200000,1200000,0,0,0,ok,,
713,,,,msiemens__tinydb.10644a0e.func_pm_ctrl_shuffle__twt15ie9.jg2novk6,13,msiemens__tinydb.10644a0e.func_pm_ctrl_shuffle__twt15ie9.jg2novk6,13244,True,19,27,0,0,0,0,0.0,,0,0,1300000,1300000,0,0,0,ok,,
714,,,,msiemens__tinydb.10644a0e.func_pm_ctrl_shuffle__twt15ie9.jg2novk6,14,msiemens__tinydb.10644a0e.func_pm_ctrl_shuffle__twt15ie9.jg2novk6,13290,True,373,119,0,0,0,0,0.0,,0,0,1400000,1400000,0,0,0,ok,,
715,,,,msiemens__tinydb.10644a0e.func_pm_ctrl_shuffle__twt15ie9.jg2novk6,15,msiemens__tinydb.10644a0e.func_pm_ctrl_shuffle__twt15ie9.jg2novk6,13782,True,2192,58,0,0,0,0,0.0,,0,0,1500000,1500000,0,0,0,ok,,
716,,,,msiemens__tinydb.10644a0e.func_pm_ctrl_shuffle__twt15ie9.jg2novk6,16,msiemens__tinydb.10644a0e.func_pm_ctrl_shuffle__twt15ie9.jg2novk6,16032,True,11,8,0,0,0,0,0.0,,0,0,1600000,1600000,0,0,0,ok,,
717,,,,cookiecutter__cookiecutter.b4451231.pr_2029.rtajh04w,0,swe_smith_system_prompt,924,True,525,68,0,0,0,0,0.0,,0,0,0,0,0,0,0,ok,,
718,,,,cookiecutter__cookiecutter.b4451231.pr_2029.rtajh04w,1,cookiecutter__cookiecutter.b4451231.pr_2029.rtajh04w,1517,True,1345,103,0,0,0,0,0.0,,0,0,100000,100000,0,0,0,ok,,
719,,,,cookiecutter__cookiecutter.b4451231.pr_2029.rtajh04w,2,cookiecutter__cookiecutter.b4451231.pr_2029.rtajh04w,2965,True,3652,35,0,0,0,0,0.0,,0,0,200000,200000,0,0,0,ok,,
720,,,,cookiecutter__cookiecutter.b4451231.pr_2029.rtajh04w,3,cookiecutter__cookiecutter.b4451231.pr_2029.rtajh04w,6652,True,3245,54,0,0,0,0,0.0,,0,0,300000,300000,0,0,0,ok,,
721,,,,cookiecutter__cookiecutter.b4451231.pr_2029.rtajh04w,4,cookiecutter__cookiecutter.b4451231.pr_2029.rtajh04w,9951,True,6467,537,0,0,0,0,0.0,,0,0,400000,400000,0,0,0,ok,,
722,,,,cookiecutter__cookiecutter.b4451231.pr_2029.rtajh04w,5,cookiecutter__cookiecutter.b4451231.pr_2029.rtajh04w,16955,True,18,34,0,0,0,0,0.0,,0,0,500000,500000,0,0,0,ok,,
723,,,,cookiecutter__cookiecutter.b4451231.pr_2029.rtajh04w,6,cookiecutter__cookiecutter.b4451231.pr_2029.rtajh04w,17007,True,32,361,0,0,0,0,0.0,,0,0,600000,600000,0,0,0,ok,,
724,,,,cookiecutter__cookiecutter.b4451231.pr_2029.rtajh04w,7,cookiecutter__cookiecutter.b4451231.pr_2029.rtajh04w,17400,True,433,41,0,0,0,0,0.0,,0,0,700000,700000,0,0,0,ok,,
725,,,,cookiecutter__cookiecutter.b4451231.pr_2029.rtajh04w,8,cookiecutter__cookiecutter.b4451231.pr_2029.rtajh04w,17874,True,32,103,0,0,0,0,0.0,,0,0,800000,800000,0,0,0,ok,,
726,,,,cookiecutter__cookiecutter.b4451231.pr_2029.rtajh04w,9,cookiecutter__cookiecutter.b4451231.pr_2029.rtajh04w,18009,True,1322,53,0,0,0,0,0.0,,0,0,900000,900000,0,0,0,ok,,
727,,,,cookiecutter__cookiecutter.b4451231.pr_2029.rtajh04w,10,cookiecutter__cookiecutter.b4451231.pr_2029.rtajh04w,19384,True,783,52,0,0,0,0,0.0,,0,0,1000000,1000000,0,0,0,ok,,
728,,,,cookiecutter__cookiecutter.b4451231.pr_2029.rtajh04w,11,cookiecutter__cookiecutter.b4451231.pr_2029.rtajh04w,20219,True,819,240,0,0,0,0,0.0,,0,0,1100000,1100000,0,0,0,ok,,
729,,,,cookiecutter__cookiecutter.b4451231.pr_2029.rtajh04w,12,cookiecutter__cookiecutter.b4451231.pr_2029.rtajh04w,21278,True,345,42,0,0,0,0,0.0,,0,0,1200000,1200000,0,0,0,ok,,
730,,,,cookiecutter__cookiecutter.b4451231.pr_2029.rtajh04w,13,cookiecutter__cookiecutter.b4451231.pr_2029.rtajh04w,21665,True,24,557,0,0,0,0,0.0,,0,0,1300000,1300000,0,0,0,ok,,
731,,,,cookiecutter__cookiecutter.b4451231.pr_2029.rtajh04w,14,cookiecutter__cookiecutter.b4451231.pr_2029.rtajh04w,22246,True,19,25,0,0,0,0,0.0,,0,0,1400000,1400000,0,0,0,ok,,
732,,,,cookiecutter__cookiecutter.b4451231.pr_2029.rtajh04w,15,cookiecutter__cookiecutter.b4451231.pr_2029.rtajh04w,22290,True,420,31,0,0,0,0,0.0,,0,0,1500000,1500000,0,0,0,ok,,
733,,,,agronholm__typeguard.b6a7e438.func_pm_op_break_chains__ceb4s3n3.b1bx5fmv,0,swe_smith_system_prompt,924,True,580,100,0,0,0,0,0.0,,0,0,0,0,0,0,0,ok,,
734,,,,agronholm__typeguard.b6a7e438.func_pm_op_break_chains__ceb4s3n3.b1bx5fmv,1,agronholm__typeguard.b6a7e438.func_pm_op_break_chains__ceb4s3n3.b1bx5fmv,1604,True,327,48,0,0,0,0,0.0,,0,0,100000,100000,0,0,0,ok,,
735,,,,agronholm__typeguard.b6a7e438.func_pm_op_break_chains__ceb4s3n3.b1bx5fmv,2,agronholm__typeguard.b6a7e438.func_pm_op_break_chains__ceb4s3n3.b1bx5fmv,1979,True,795,70,0,0,0,0,0.0,,0,0,200000,200000,0,0,0,ok,,
736,,,,agronholm__typeguard.b6a7e438.func_pm_op_break_chains__ceb4s3n3.b1bx5fmv,3,agronholm__typeguard.b6a7e438.func_pm_op_break_chains__ceb4s3n3.b1bx5fmv,2844,True,478,42,0,0,0,0,0.0,,0,0,300000,300000,0,0,0,ok,,
737,,,,agronholm__typeguard.b6a7e438.func_pm_op_break_chains__ceb4s3n3.b1bx5fmv,4,agronholm__typeguard.b6a7e438.func_pm_op_break_chains__ceb4s3n3.b1bx5fmv,3364,True,562,56,0,0,0,0,0.0,,0,0,400000,400000,0,0,0,ok,,
738,,,,agronholm__typeguard.b6a7e438.func_pm_op_break_chains__ceb4s3n3.b1bx5fmv,5,agronholm__typeguard.b6a7e438.func_pm_op_break_chains__ceb4s3n3.b1bx5fmv,3982,True,4270,52,0,0,0,0,0.0,,0,0,500000,500000,0,0,0,ok,,
739,,,,agronholm__typeguard.b6a7e438.func_pm_op_break_chains__ceb4s3n3.b1bx5fmv,6,agronholm__typeguard.b6a7e438.func_pm_op_break_chains__ceb4s3n3.b1bx5fmv,8304,True,835,52,0,0,0,0,0.0,,0,0,600000,600000,0,0,0,ok,,
740,,,,agronholm__typeguard.b6a7e438.func_pm_op_break_chains__ceb4s3n3.b1bx5fmv,7,agronholm__typeguard.b6a7e438.func_pm_op_break_chains__ceb4s3n3.b1bx5fmv,9191,True,899,55,0,0,0,0,0.0,,0,0,700000,700000,0,0,0,ok,,
741,,,,agronholm__typeguard.b6a7e438.func_pm_op_break_chains__ceb4s3n3.b1bx5fmv,8,agronholm__typeguard.b6a7e438.func_pm_op_break_chains__ceb4s3n3.b1bx5fmv,10145,True,4290,189,0,0,0,0,0.0,,0,0,800000,800000,0,0,0,ok,,
742,,,,agronholm__typeguard.b6a7e438.func_pm_op_break_chains__ceb4s3n3.b1bx5fmv,9,agronholm__typeguard.b6a7e438.func_pm_op_break_chains__ceb4s3n3.b1bx5fmv,14624,True,19,35,0,0,0,0,0.0,,0,0,900000,900000,0,0,0,ok,,
743,,,,agronholm__typeguard.b6a7e438.func_pm_op_break_chains__ceb4s3n3.b1bx5fmv,10,agronholm__typeguard.b6a7e438.func_pm_op_break_chains__ceb4s3n3.b1bx5fmv,14678,True,21,316,0,0,0,0,0.0,,0,0,1000000,1000000,0,0,0,ok,,
744,,,,agronholm__typeguard.b6a7e438.func_pm_op_break_chains__ceb4s3n3.b1bx5fmv,11,agronholm__typeguard.b6a7e438.func_pm_op_break_chains__ceb4s3n3.b1bx5fmv,15015,True,298,32,0,0,0,0,0.0,,0,0,1100000,1100000,0,0,0,ok,,
745,,,,agronholm__typeguard.b6a7e438.func_pm_op_break_chains__ceb4s3n3.b1bx5fmv,12,agronholm__typeguard.b6a7e438.func_pm_op_break_chains__ceb4s3n3.b1bx5fmv,15345,True,20,431,0,0,0,0,0.0,,0,0,1200000,1200000,0,0,0,ok,,
746,,,,agronholm__typeguard.b6a7e438.func_pm_op_break_chains__ceb4s3n3.b1bx5fmv,13,agronholm__typeguard.b6a7e438.func_pm_op_break_chains__ceb4s3n3.b1bx5fmv,15796,True,462,54,0,0,0,0,0.0,,0,0,1300000,1300000,0,0,0,ok,,
747,,,,agronholm__typeguard.b6a7e438.func_pm_op_break_chains__ceb4s3n3.b1bx5fmv,14,agronholm__typeguard.b6a7e438.func_pm_op_break_chains__ceb4s3n3.b1bx5fmv,16312,True,21,107,0,0,0,0,0.0,,0,0,1400000,1400000,0,0,0,ok,,
748,,,,agronholm__typeguard.b6a7e438.func_pm_op_break_chains__ceb4s3n3.b1bx5fmv,15,agronholm__typeguard.b6a7e438.func_pm_op_break_chains__ceb4s3n3.b1bx5fmv,16440,True,332,41,0,0,0,0,0.0,,0,0,1500000,1500000,0,0,0,ok,,
749,,,,agronholm__typeguard.b6a7e438.func_pm_op_break_chains__ceb4s3n3.b1bx5fmv,16,agronholm__typeguard.b6a7e438.func_pm_op_break_chains__ceb4s3n3.b1bx5fmv,16813,True,408,352,0,0,0,0,0.0,,0,0,1600000,1600000,0,0,0,ok,,
750,,,,agronholm__typeguard.b6a7e438.func_pm_op_break_chains__ceb4s3n3.b1bx5fmv,17,agronholm__typeguard.b6a7e438.func_pm_op_break_chains__ceb4s3n3.b1bx5fmv,17573,True,19,35,0,0,0,0,0.0,,0,0,1700000,1700000,0,0,0,ok,,
751,,,,agronholm__typeguard.b6a7e438.func_pm_op_break_chains__ceb4s3n3.b1bx5fmv,18,agronholm__typeguard.b6a7e438.func_pm_op_break_chains__ceb4s3n3.b1bx5fmv,17627,True,35,787,0,0,0,0,0.0,,0,0,1800000,1800000,0,0,0,ok,,
752,,,,agronholm__typeguard.b6a7e438.func_pm_op_break_chains__ceb4s3n3.b1bx5fmv,19,agronholm__typeguard.b6a7e438.func_pm_op_break_chains__ceb4s3n3.b1bx5fmv,18449,True,870,36,0,0,0,0,0.0,,0,0,1900000,1900000,0,0,0,ok,,
753,,,,agronholm__typeguard.b6a7e438.func_pm_op_break_chains__ceb4s3n3.b1bx5fmv,20,agronholm__typeguard.b6a7e438.func_pm_op_break_chains__ceb4s3n3.b1bx5fmv,19355,True,79,266,0,0,0,0,0.0,,0,0,2000000,2000000,0,0,0,ok,,
754,,,,agronholm__typeguard.b6a7e438.func_pm_op_break_chains__ceb4s3n3.b1bx5fmv,21,agronholm__typeguard.b6a7e438.func_pm_op_break_chains__ceb4s3n3.b1bx5fmv,19700,True,1479,42,0,0,0,0,0.0,,0,0,2100000,2100000,0,0,0,ok,,
755,,,,agronholm__typeguard.b6a7e438.func_pm_op_break_chains__ceb4s3n3.b1bx5fmv,22,agronholm__typeguard.b6a7e438.func_pm_op_break_chains__ceb4s3n3.b1bx5fmv,21221,True,11,8,0,0,0,0,0.0,,0,0,2200000,2200000,0,0,0,ok,,
756,,,,getmoto__moto.694ce1f4.pr_8368.sq2ohx7r,0,swe_smith_system_prompt,924,True,659,71,0,0,0,0,0.0,,0,0,0,0,0,0,0,ok,,
757,,,,getmoto__moto.694ce1f4.pr_8368.sq2ohx7r,1,getmoto__moto.694ce1f4.pr_8368.sq2ohx7r,1654,True,30426,56,0,0,0,0,0.0,,0,0,100000,100000,0,0,0,ok,,
758,,,,getmoto__moto.694ce1f4.pr_8368.sq2ohx7r,2,getmoto__moto.694ce1f4.pr_8368.sq2ohx7r,32136,True,469,60,0,0,0,0,0.0,,0,0,200000,200000,0,0,0,ok,,
759,,,,getmoto__moto.694ce1f4.pr_8368.sq2ohx7r,3,getmoto__moto.694ce1f4.pr_8368.sq2ohx7r,32665,True,4539,68,0,0,0,0,0.0,,0,0,300000,300000,0,0,0,ok,,
760,,,,getmoto__moto.694ce1f4.pr_8368.sq2ohx7r,4,getmoto__moto.694ce1f4.pr_8368.sq2ohx7r,37272,True,223,52,0,0,0,0,0.0,,0,0,400000,400000,0,0,0,ok,,
761,,,,getmoto__moto.694ce1f4.pr_8368.sq2ohx7r,5,getmoto__moto.694ce1f4.pr_8368.sq2ohx7r,37547,True,4132,58,0,0,0,0,0.0,,0,0,500000,500000,0,0,0,ok,,
762,,,,getmoto__moto.694ce1f4.pr_8368.sq2ohx7r,6,getmoto__moto.694ce1f4.pr_8368.sq2ohx7r,41737,True,926,67,0,0,0,0,0.0,,0,0,600000,600000,0,0,0,ok,,
763,,,,getmoto__moto.694ce1f4.pr_8368.sq2ohx7r,7,getmoto__moto.694ce1f4.pr_8368.sq2ohx7r,42730,True,716,245,0,0,0,0,0.0,,0,0,700000,700000,0,0,0,ok,,
764,,,,getmoto__moto.694ce1f4.pr_8368.sq2ohx7r,8,getmoto__moto.694ce1f4.pr_8368.sq2ohx7r,43691,True,20,36,0,0,0,0,0.0,,0,0,800000,800000,0,0,0,ok,,
765,,,,getmoto__moto.694ce1f4.pr_8368.sq2ohx7r,9,getmoto__moto.694ce1f4.pr_8368.sq2ohx7r,43747,True,81,94,0,0,0,0,0.0,,0,0,900000,900000,0,0,0,ok,,
766,,,,getmoto__moto.694ce1f4.pr_8368.sq2ohx7r,10,getmoto__moto.694ce1f4.pr_8368.sq2ohx7r,43922,True,174,34,0,0,0,0,0.0,,0,0,1000000,1000000,0,0,0,ok,,
767,,,,getmoto__moto.694ce1f4.pr_8368.sq2ohx7r,11,getmoto__moto.694ce1f4.pr_8368.sq2ohx7r,44130,True,358,459,0,0,0,0,0.0,,0,0,1100000,1100000,0,0,0,ok,,
768,,,,getmoto__moto.694ce1f4.pr_8368.sq2ohx7r,12,getmoto__moto.694ce1f4.pr_8368.sq2ohx7r,44947,True,617,33,0,0,0,0,0.0,,0,0,1200000,1200000,0,0,0,ok,,
769,,,,getmoto__moto.694ce1f4.pr_8368.sq2ohx7r,13,getmoto__moto.694ce1f4.pr_8368.sq2ohx7r,45597,True,20,415,0,0,0,0,0.0,,0,0,1300000,1300000,0,0,0,ok,,
770,,,,getmoto__moto.694ce1f4.pr_8368.sq2ohx7r,14,getmoto__moto.694ce1f4.pr_8368.sq2ohx7r,46032,True,528,279,0,0,0,0,0.0,,0,0,1400000,1400000,0,0,0,ok,,
771,,,,getmoto__moto.694ce1f4.pr_8368.sq2ohx7r,15,getmoto__moto.694ce1f4.pr_8368.sq2ohx7r,46839,True,380,41,0,0,0,0,0.0,,0,0,1500000,1500000,0,0,0,ok,,
772,,,,getmoto__moto.694ce1f4.pr_8368.sq2ohx7r,16,getmoto__moto.694ce1f4.pr_8368.sq2ohx7r,47260,True,12,623,0,0,0,0,0.0,,0,0,1600000,1600000,0,0,0,ok,,
773,,,,getmoto__moto.694ce1f4.pr_8368.sq2ohx7r,17,getmoto__moto.694ce1f4.pr_8368.sq2ohx7r,47895,True,927,39,0,0,0,0,0.0,,0,0,1700000,1700000,0,0,0,ok,,
774,,,,getmoto__moto.694ce1f4.pr_8368.sq2ohx7r,18,getmoto__moto.694ce1f4.pr_8368.sq2ohx7r,48861,True,85,493,0,0,0,0,0.0,,0,0,1800000,1800000,0,0,0,ok,,
775,,,,getmoto__moto.694ce1f4.pr_8368.sq2ohx7r,19,getmoto__moto.694ce1f4.pr_8368.sq2ohx7r,49439,True,653,33,0,0,0,0,0.0,,0,0,1900000,1900000,0,0,0,ok,,
776,,,,getmoto__moto.694ce1f4.pr_8368.sq2ohx7r,20,getmoto__moto.694ce1f4.pr_8368.sq2ohx7r,50125,True,133,169,0,0,0,0,0.0,,0,0,2000000,2000000,0,0,0,ok,,
777,,,,getmoto__moto.694ce1f4.pr_8368.sq2ohx7r,21,getmoto__moto.694ce1f4.pr_8368.sq2ohx7r,50427,True,2337,33,0,0,0,0,0.0,,0,0,2100000,2100000,0,0,0,ok,,
778,,,,getmoto__moto.694ce1f4.pr_8368.sq2ohx7r,22,getmoto__moto.694ce1f4.pr_8368.sq2ohx7r,52797,True,11,14,0,0,0,0,0.0,,0,0,2200000,2200000,0,0,0,ok,,
779,,,,facelessuser__soupsieve.a8080d97.func_pm_ctrl_shuffle__5f6carsb.do3j3vyf,0,swe_smith_system_prompt,924,True,505,98,0,0,0,0,0.0,,0,0,0,0,0,0,0,ok,,
780,,,,facelessuser__soupsieve.a8080d97.func_pm_ctrl_shuffle__5f6carsb.do3j3vyf,1,facelessuser__soupsieve.a8080d97.func_pm_ctrl_shuffle__5f6carsb.do3j3vyf,1527,True,1181,68,0,0,0,0,0.0,,0,0,100000,100000,0,0,0,ok,,
781,,,,facelessuser__soupsieve.a8080d97.func_pm_ctrl_shuffle__5f6carsb.do3j3vyf,2,facelessuser__soupsieve.a8080d97.func_pm_ctrl_shuffle__5f6carsb.do3j3vyf,2776,True,74,71,0,0,0,0,0.0,,0,0,200000,200000,0,0,0,ok,,
782,,,,facelessuser__soupsieve.a8080d97.func_pm_ctrl_shuffle__5f6carsb.do3j3vyf,3,facelessuser__soupsieve.a8080d97.func_pm_ctrl_shuffle__5f6carsb.do3j3vyf,2921,True,7167,51,0,0,0,0,0.0,,0,0,300000,300000,0,0,0,ok,,
783,,,,facelessuser__soupsieve.a8080d97.func_pm_ctrl_shuffle__5f6carsb.do3j3vyf,4,facelessuser__soupsieve.a8080d97.func_pm_ctrl_shuffle__5f6carsb.do3j3vyf,10139,True,64,69,0,0,0,0,0.0,,0,0,400000,400000,0,0,0,ok,,
784,,,,facelessuser__soupsieve.a8080d97.func_pm_ctrl_shuffle__5f6carsb.do3j3vyf,5,facelessuser__soupsieve.a8080d97.func_pm_ctrl_shuffle__5f6carsb.do3j3vyf,10272,True,156,73,0,0,0,0,0.0,,0,0,500000,500000,0,0,0,ok,,
785,,,,facelessuser__soupsieve.a8080d97.func_pm_ctrl_shuffle__5f6carsb.do3j3vyf,6,facelessuser__soupsieve.a8080d97.func_pm_ctrl_shuffle__5f6carsb.do3j3vyf,10501,True,230,60,0,0,0,0,0.0,,0,0,600000,600000,0,0,0,ok,,
786,,,,facelessuser__soupsieve.a8080d97.func_pm_ctrl_shuffle__5f6carsb.do3j3vyf,7,facelessuser__soupsieve.a8080d97.func_pm_ctrl_shuffle__5f6carsb.do3j3vyf,10791,True,110,107,0,0,0,0,0.0,,0,0,700000,700000,0,0,0,ok,,
787,,,,facelessuser__soupsieve.a8080d97.func_pm_ctrl_shuffle__5f6carsb.do3j3vyf,8,facelessuser__soupsieve.a8080d97.func_pm_ctrl_shuffle__5f6carsb.do3j3vyf,11008,True,225,385,0,0,0,0,0.0,,0,0,800000,800000,0,0,0,ok,,
788,,,,facelessuser__soupsieve.a8080d97.func_pm_ctrl_shuffle__5f6carsb.do3j3vyf,9,facelessuser__soupsieve.a8080d97.func_pm_ctrl_shuffle__5f6carsb.do3j3vyf,11618,True,18,34,0,0,0,0,0.0,,0,0,900000,900000,0,0,0,ok,,
789,,,,facelessuser__soupsieve.a8080d97.func_pm_ctrl_shuffle__5f6carsb.do3j3vyf,10,facelessuser__soupsieve.a8080d97.func_pm_ctrl_shuffle__5f6carsb.do3j3vyf,11670,True,615,252,0,0,0,0,0.0,,0,0,1000000,1000000,0,0,0,ok,,
790,,,,facelessuser__soupsieve.a8080d97.func_pm_ctrl_shuffle__5f6carsb.do3j3vyf,11,facelessuser__soupsieve.a8080d97.func_pm_ctrl_shuffle__5f6carsb.do3j3vyf,12537,True,335,156,0,0,0,0,0.0,,0,0,1100000,1100000,0,0,0,ok,,
791,,,,facelessuser__soupsieve.a8080d97.func_pm_ctrl_shuffle__5f6carsb.do3j3vyf,12,facelessuser__soupsieve.a8080d97.func_pm_ctrl_shuffle__5f6carsb.do3j3vyf,13028,True,229,55,0,0,0,0,0.0,,0,0,1200000,1200000,0,0,0,ok,,
792,,,,facelessuser__soupsieve.a8080d97.func_pm_ctrl_shuffle__5f6carsb.do3j3vyf,13,facelessuser__soupsieve.a8080d97.func_pm_ctrl_shuffle__5f6carsb.do3j3vyf,13312,True,103,593,0,0,0,0,0.0,,0,0,1300000,1300000,0,0,0,ok,,
793,,,,facelessuser__soupsieve.a8080d97.func_pm_ctrl_shuffle__5f6carsb.do3j3vyf,14,facelessuser__soupsieve.a8080d97.func_pm_ctrl_shuffle__5f6carsb.do3j3vyf,14008,True,19,33,0,0,0,0,0.0,,0,0,1400000,1400000,0,0,0,ok,,
794,,,,facelessuser__soupsieve.a8080d97.func_pm_ctrl_shuffle__5f6carsb.do3j3vyf,15,facelessuser__soupsieve.a8080d97.func_pm_ctrl_shuffle__5f6carsb.do3j3vyf,14060,True,541,87,0,0,0,0,0.0,,0,0,1500000,1500000,0,0,0,ok,,
795,,,,facelessuser__soupsieve.a8080d97.func_pm_ctrl_shuffle__5f6carsb.do3j3vyf,16,facelessuser__soupsieve.a8080d97.func_pm_ctrl_shuffle__5f6carsb.do3j3vyf,14688,True,330,229,0,0,0,0,0.0,,0,0,1600000,1600000,0,0,0,ok,,
796,,,,facelessuser__soupsieve.a8080d97.func_pm_ctrl_shuffle__5f6carsb.do3j3vyf,17,facelessuser__soupsieve.a8080d97.func_pm_ctrl_shuffle__5f6carsb.do3j3vyf,15247,True,1521,42,0,0,0,0,0.0,,0,0,1700000,1700000,0,0,0,ok,,
797,,,,facelessuser__soupsieve.a8080d97.func_pm_ctrl_shuffle__5f6carsb.do3j3vyf,18,facelessuser__soupsieve.a8080d97.func_pm_ctrl_shuffle__5f6carsb.do3j3vyf,16810,True,11,8,0,0,0,0,0.0,,0,0,1800000,1800000,0,0,0,ok,,
798,,,,pdfminer__pdfminer.six.1a8bd2f7.lm_rewrite__7dg3yyhh.o09owfzc,0,swe_smith_system_prompt,924,True,619,93,0,0,0,0,0.0,,0,0,0,0,0,0,0,ok,,
799,,,,pdfminer__pdfminer.six.1a8bd2f7.lm_rewrite__7dg3yyhh.o09owfzc,1,pdfminer__pdfminer.six.1a8bd2f7.lm_rewrite__7dg3yyhh.o09owfzc,1636,True,29,67,0,0,0,0,0.0,,0,0,100000,100000,0,0,0,ok,,
800,,,,pdfminer__pdfminer.six.1a8bd2f7.lm_rewrite__7dg3yyhh.o09owfzc,2,pdfminer__pdfminer.six.1a8bd2f7.lm_rewrite__7dg3yyhh.o09owfzc,1732,True,9177,51,0,0,0,0,0.0,,0,0,200000,200000,0,0,0,ok,,
801,,,,pdfminer__pdfminer.six.1a8bd2f7.lm_rewrite__7dg3yyhh.o09owfzc,3,pdfminer__pdfminer.six.1a8bd2f7.lm_rewrite__7dg3yyhh.o09owfzc,10960,True,53,69,0,0,0,0,0.0,,0,0,300000,300000,0,0,0,ok,,
802,,,,pdfminer__pdfminer.six.1a8bd2f7.lm_rewrite__7dg3yyhh.o09owfzc,4,pdfminer__pdfminer.six.1a8bd2f7.lm_rewrite__7dg3yyhh.o09owfzc,11082,True,195,62,0,0,0,0,0.0,,0,0,400000,400000,0,0,0,ok,,
803,,,,pdfminer__pdfminer.six.1a8bd2f7.lm_rewrite__7dg3yyhh.o09owfzc,5,pdfminer__pdfminer.six.1a8bd2f7.lm_rewrite__7dg3yyhh.o09owfzc,11339,True,181,291,0,0,0,0,0.0,,0,0,500000,500000,0,0,0,ok,,
804,,,,pdfminer__pdfminer.six.1a8bd2f7.lm_rewrite__7dg3yyhh.o09owfzc,6,pdfminer__pdfminer.six.1a8bd2f7.lm_rewrite__7dg3yyhh.o09owfzc,11811,True,19,35,0,0,0,0,0.0,,0,0,600000,600000,0,0,0,ok,,
805,,,,pdfminer__pdfminer.six.1a8bd2f7.lm_rewrite__7dg3yyhh.o09owfzc,7,pdfminer__pdfminer.six.1a8bd2f7.lm_rewrite__7dg3yyhh.o09owfzc,11865,True,143,236,0,0,0,0,0.0,,0,0,700000,700000,0,0,0,ok,,
806,,,,pdfminer__pdfminer.six.1a8bd2f7.lm_rewrite__7dg3yyhh.o09owfzc,8,pdfminer__pdfminer.six.1a8bd2f7.lm_rewrite__7dg3yyhh.o09owfzc,12244,True,224,32,0,0,0,0,0.0,,0,0,800000,800000,0,0,0,ok,,
807,,,,pdfminer__pdfminer.six.1a8bd2f7.lm_rewrite__7dg3yyhh.o09owfzc,9,pdfminer__pdfminer.six.1a8bd2f7.lm_rewrite__7dg3yyhh.o09owfzc,12500,True,100,240,0,0,0,0,0.0,,0,0,900000,900000,0,0,0,ok,,
808,,,,pdfminer__pdfminer.six.1a8bd2f7.lm_rewrite__7dg3yyhh.o09owfzc,10,pdfminer__pdfminer.six.1a8bd2f7.lm_rewrite__7dg3yyhh.o09owfzc,12840,True,243,32,0,0,0,0,0.0,,0,0,1000000,1000000,0,0,0,ok,,
809,,,,pdfminer__pdfminer.six.1a8bd2f7.lm_rewrite__7dg3yyhh.o09owfzc,11,pdfminer__pdfminer.six.1a8bd2f7.lm_rewrite__7dg3yyhh.o09owfzc,13115,True,18,497,0,0,0,0,0.0,,0,0,1100000,1100000,0,0,0,ok,,
810,,,,pdfminer__pdfminer.six.1a8bd2f7.lm_rewrite__7dg3yyhh.o09owfzc,12,pdfminer__pdfminer.six.1a8bd2f7.lm_rewrite__7dg3yyhh.o09owfzc,13630,True,500,102,0,0,0,0,0.0,,0,0,1200000,1200000,0,0,0,ok,,
811,,,,pdfminer__pdfminer.six.1a8bd2f7.lm_rewrite__7dg3yyhh.o09owfzc,13,pdfminer__pdfminer.six.1a8bd2f7.lm_rewrite__7dg3yyhh.o09owfzc,14232,True,18,662,0,0,0,0,0.0,,0,0,1300000,1300000,0,0,0,ok,,
812,,,,pdfminer__pdfminer.six.1a8bd2f7.lm_rewrite__7dg3yyhh.o09owfzc,14,pdfminer__pdfminer.six.1a8bd2f7.lm_rewrite__7dg3yyhh.o09owfzc,14912,True,18,31,0,0,0,0,0.0,,0,0,1400000,1400000,0,0,0,ok,,
813,,,,pdfminer__pdfminer.six.1a8bd2f7.lm_rewrite__7dg3yyhh.o09owfzc,15,pdfminer__pdfminer.six.1a8bd2f7.lm_rewrite__7dg3yyhh.o09owfzc,14961,True,372,343,0,0,0,0,0.0,,0,0,1500000,1500000,0,0,0,ok,,
814,,,,pdfminer__pdfminer.six.1a8bd2f7.lm_rewrite__7dg3yyhh.o09owfzc,16,pdfminer__pdfminer.six.1a8bd2f7.lm_rewrite__7dg3yyhh.o09owfzc,15676,True,1302,43,0,0,0,0,0.0,,0,0,1600000,1600000,0,0,0,ok,,
815,,,,pdfminer__pdfminer.six.1a8bd2f7.lm_rewrite__7dg3yyhh.o09owfzc,17,pdfminer__pdfminer.six.1a8bd2f7.lm_rewrite__7dg3yyhh.o09owfzc,17021,True,11,8,0,0,0,0,0.0,,0,0,1700000,1700000,0,0,0,ok,,
816,,,,theskumar__python-dotenv.2b8635b7.lm_rewrite__gklwunnc.g25l0zlv,0,swe_smith_system_prompt,924,True,583,71,0,0,0,0,0.0,,0,0,0,0,0,0,0,ok,,
817,,,,theskumar__python-dotenv.2b8635b7.lm_rewrite__gklwunnc.g25l0zlv,1,theskumar__python-dotenv.2b8635b7.lm_rewrite__gklwunnc.g25l0zlv,1578,True,178,61,0,0,0,0,0.0,,0,0,100000,100000,0,0,0,ok,,
818,,,,theskumar__python-dotenv.2b8635b7.lm_rewrite__gklwunnc.g25l0zlv,2,theskumar__python-dotenv.2b8635b7.lm_rewrite__gklwunnc.g25l0zlv,1817,True,5525,57,0,0,0,0,0.0,,0,0,200000,200000,0,0,0,ok,,
819,,,,theskumar__python-dotenv.2b8635b7.lm_rewrite__gklwunnc.g25l0zlv,3,theskumar__python-dotenv.2b8635b7.lm_rewrite__gklwunnc.g25l0zlv,7399,True,639,284,0,0,0,0,0.0,,0,0,300000,300000,0,0,0,ok,,
820,,,,theskumar__python-dotenv.2b8635b7.lm_rewrite__gklwunnc.g25l0zlv,4,theskumar__python-dotenv.2b8635b7.lm_rewrite__gklwunnc.g25l0zlv,8322,True,20,36,0,0,0,0,0.0,,0,0,400000,400000,0,0,0,ok,,
821,,,,theskumar__python-dotenv.2b8635b7.lm_rewrite__gklwunnc.g25l0zlv,5,theskumar__python-dotenv.2b8635b7.lm_rewrite__gklwunnc.g25l0zlv,8378,True,48,566,0,0,0,0,0.0,,0,0,500000,500000,0,0,0,ok,,
822,,,,theskumar__python-dotenv.2b8635b7.lm_rewrite__gklwunnc.g25l0zlv,6,theskumar__python-dotenv.2b8635b7.lm_rewrite__gklwunnc.g25l0zlv,8992,True,578,44,0,0,0,0,0.0,,0,0,600000,600000,0,0,0,ok,,
823,,,,theskumar__python-dotenv.2b8635b7.lm_rewrite__gklwunnc.g25l0zlv,7,theskumar__python-dotenv.2b8635b7.lm_rewrite__gklwunnc.g25l0zlv,9614,True,84,284,0,0,0,0,0.0,,0,0,700000,700000,0,0,0,ok,,
824,,,,theskumar__python-dotenv.2b8635b7.lm_rewrite__gklwunnc.g25l0zlv,8,theskumar__python-dotenv.2b8635b7.lm_rewrite__gklwunnc.g25l0zlv,9982,True,347,400,0,0,0,0,0.0,,0,0,800000,800000,0,0,0,ok,,
825,,,,theskumar__python-dotenv.2b8635b7.lm_rewrite__gklwunnc.g25l0zlv,9,theskumar__python-dotenv.2b8635b7.lm_rewrite__gklwunnc.g25l0zlv,10729,True,19,27,0,0,0,0,0.0,,0,0,900000,900000,0,0,0,ok,,
826,,,,theskumar__python-dotenv.2b8635b7.lm_rewrite__gklwunnc.g25l0zlv,10,theskumar__python-dotenv.2b8635b7.lm_rewrite__gklwunnc.g25l0zlv,10775,True,235,407,0,0,0,0,0.0,,0,0,1000000,1000000,0,0,0,ok,,
827,,,,theskumar__python-dotenv.2b8635b7.lm_rewrite__gklwunnc.g25l0zlv,11,theskumar__python-dotenv.2b8635b7.lm_rewrite__gklwunnc.g25l0zlv,11417,True,441,36,0,0,0,0,0.0,,0,0,1100000,1100000,0,0,0,ok,,
828,,,,theskumar__python-dotenv.2b8635b7.lm_rewrite__gklwunnc.g25l0zlv,12,theskumar__python-dotenv.2b8635b7.lm_rewrite__gklwunnc.g25l0zlv,11894,True,134,118,0,0,0,0,0.0,,0,0,1200000,1200000,0,0,0,ok,,
829,,,,theskumar__python-dotenv.2b8635b7.lm_rewrite__gklwunnc.g25l0zlv,13,theskumar__python-dotenv.2b8635b7.lm_rewrite__gklwunnc.g25l0zlv,12146,True,84,270,0,0,0,0,0.0,,0,0,1300000,1300000,0,0,0,ok,,
830,,,,theskumar__python-dotenv.2b8635b7.lm_rewrite__gklwunnc.g25l0zlv,14,theskumar__python-dotenv.2b8635b7.lm_rewrite__gklwunnc.g25l0zlv,12500,True,1574,43,0,0,0,0,0.0,,0,0,1400000,1400000,0,0,0,ok,,
831,,,,theskumar__python-dotenv.2b8635b7.lm_rewrite__gklwunnc.g25l0zlv,15,theskumar__python-dotenv.2b8635b7.lm_rewrite__gklwunnc.g25l0zlv,14117,True,11,8,0,0,0,0,0.0,,0,0,1500000,1500000,0,0,0,ok,,
832,,,,conan-io__conan.86f29e13.pr_16451.ak36apks,0,swe_smith_system_prompt,924,True,644,66,0,0,0,0,0.0,,0,0,0,0,0,0,0,ok,,
833,,,,conan-io__conan.86f29e13.pr_16451.ak36apks,1,conan-io__conan.86f29e13.pr_16451.ak36apks,1634,True,354,93,0,0,0,0,0.0,,0,0,100000,100000,0,0,0,ok,,
834,,,,conan-io__conan.86f29e13.pr_16451.ak36apks,2,conan-io__conan.86f29e13.pr_16451.ak36apks,2081,True,475,62,0,0,0,0,0.0,,0,0,200000,200000,0,0,0,ok,,
835,,,,conan-io__conan.86f29e13.pr_16451.ak36apks,3,conan-io__conan.86f29e13.pr_16451.ak36apks,2618,True,1387,54,0,0,0,0,0.0,,0,0,300000,300000,0,0,0,ok,,
836,,,,conan-io__conan.86f29e13.pr_16451.ak36apks,4,conan-io__conan.86f29e13.pr_16451.ak36apks,4059,True,347,50,0,0,0,0,0.0,,0,0,400000,400000,0,0,0,ok,,
837,,,,conan-io__conan.86f29e13.pr_16451.ak36apks,5,conan-io__conan.86f29e13.pr_16451.ak36apks,4456,True,2547,68,0,0,0,0,0.0,,0,0,500000,500000,0,0,0,ok,,
838,,,,conan-io__conan.86f29e13.pr_16451.ak36apks,6,conan-io__conan.86f29e13.pr_16451.ak36apks,7071,True,5129,397,0,0,0,0,0.0,,0,0,600000,600000,0,0,0,ok,,
839,,,,conan-io__conan.86f29e13.pr_16451.ak36apks,7,conan-io__conan.86f29e13.pr_16451.ak36apks,12597,True,18,29,0,0,0,0,0.0,,0,0,700000,700000,0,0,0,ok,,
840,,,,conan-io__conan.86f29e13.pr_16451.ak36apks,8,conan-io__conan.86f29e13.pr_16451.ak36apks,12644,True,215,385,0,0,0,0,0.0,,0,0,800000,800000,0,0,0,ok,,
841,,,,conan-io__conan.86f29e13.pr_16451.ak36apks,9,conan-io__conan.86f29e13.pr_16451.ak36apks,13244,True,197,255,0,0,0,0,0.0,,0,0,900000,900000,0,0,0,ok,,
842,,,,conan-io__conan.86f29e13.pr_16451.ak36apks,10,conan-io__conan.86f29e13.pr_16451.ak36apks,13696,True,326,494,0,0,0,0,0.0,,0,0,1000000,1000000,0,0,0,ok,,
843,,,,conan-io__conan.86f29e13.pr_16451.ak36apks,11,conan-io__conan.86f29e13.pr_16451.ak36apks,14516,True,534,35,0,0,0,0,0.0,,0,0,1100000,1100000,0,0,0,ok,,
844,,,,conan-io__conan.86f29e13.pr_16451.ak36apks,12,conan-io__conan.86f29e13.pr_16451.ak36apks,15085,True,226,360,0,0,0,0,0.0,,0,0,1200000,1200000,0,0,0,ok,,
845,,,,scanny__python-pptx.278b47b1.func_pm_ctrl_shuffle__h23sbi0k.gi4e5mix,0,swe_smith_system_prompt,924,True,531,114,0,0,0,0,0.0,,0,0,0,0,0,0,0,ok,,
846,,,,scanny__python-pptx.278b47b1.func_pm_ctrl_shuffle__h23sbi0k.gi4e5mix,1,scanny__python-pptx.278b47b1.func_pm_ctrl_shuffle__h23sbi0k.gi4e5mix,1569,True,24,52,0,0,0,0,0.0,,0,0,100000,100000,0,0,0,ok,,
847,,,,scanny__python-pptx.278b47b1.func_pm_ctrl_shuffle__h23sbi0k.gi4e5mix,2,scanny__python-pptx.278b47b1.func_pm_ctrl_shuffle__h23sbi0k.gi4e5mix,1645,True,4635,272,0,0,0,0,0.0,,0,0,200000,200000,0,0,0,ok,,
848,,,,scanny__python-pptx.278b47b1.func_pm_ctrl_shuffle__h23sbi0k.gi4e5mix,3,scanny__python-pptx.278b47b1.func_pm_ctrl_shuffle__h23sbi0k.gi4e5mix,6552,True,19,35,0,0,0,0,0.0,,0,0,300000,300000,0,0,0,ok,,
849,,,,scanny__python-pptx.278b47b1.func_pm_ctrl_shuffle__h23sbi0k.gi4e5mix,4,scanny__python-pptx.278b47b1.func_pm_ctrl_shuffle__h23sbi0k.gi4e5mix,6606,True,17,350,0,0,0,0,0.0,,0,0,400000,400000,0,0,0,ok,,
850,,,,scanny__python-pptx.278b47b1.func_pm_ctrl_shuffle__h23sbi0k.gi4e5mix,5,scanny__python-pptx.278b47b1.func_pm_ctrl_shuffle__h23sbi0k.gi4e5mix,6973,True,346,115,0,0,0,0,0.0,,0,0,500000,500000,0,0,0,ok,,
851,,,,scanny__python-pptx.278b47b1.func_pm_ctrl_shuffle__h23sbi0k.gi4e5mix,6,scanny__python-pptx.278b47b1.func_pm_ctrl_shuffle__h23sbi0k.gi4e5mix,7434,True,16,497,0,0,0,0,0.0,,0,0,600000,600000,0,0,0,ok,,
852,,,,scanny__python-pptx.278b47b1.func_pm_ctrl_shuffle__h23sbi0k.gi4e5mix,7,scanny__python-pptx.278b47b1.func_pm_ctrl_shuffle__h23sbi0k.gi4e5mix,7947,True,19,35,0,0,0,0,0.0,,0,0,700000,700000,0,0,0,ok,,
853,,,,scanny__python-pptx.278b47b1.func_pm_ctrl_shuffle__h23sbi0k.gi4e5mix,8,scanny__python-pptx.278b47b1.func_pm_ctrl_shuffle__h23sbi0k.gi4e5mix,8001,True,100,79,0,0,0,0,0.0,,0,0,800000,800000,0,0,0,ok,,
854,,,,scanny__python-pptx.278b47b1.func_pm_ctrl_shuffle__h23sbi0k.gi4e5mix,9,scanny__python-pptx.278b47b1.func_pm_ctrl_shuffle__h23sbi0k.gi4e5mix,8180,True,190,277,0,0,0,0,0.0,,0,0,900000,900000,0,0,0,ok,,
855,,,,scanny__python-pptx.278b47b1.func_pm_ctrl_shuffle__h23sbi0k.gi4e5mix,10,scanny__python-pptx.278b47b1.func_pm_ctrl_shuffle__h23sbi0k.gi4e5mix,8647,True,350,37,0,0,0,0,0.0,,0,0,1000000,1000000,0,0,0,ok,,
856,,,,scanny__python-pptx.278b47b1.func_pm_ctrl_shuffle__h23sbi0k.gi4e5mix,11,scanny__python-pptx.278b47b1.func_pm_ctrl_shuffle__h23sbi0k.gi4e5mix,9034,True,108,251,0,0,0,0,0.0,,0,0,1100000,1100000,0,0,0,ok,,
857,,,,scanny__python-pptx.278b47b1.func_pm_ctrl_shuffle__h23sbi0k.gi4e5mix,12,scanny__python-pptx.278b47b1.func_pm_ctrl_shuffle__h23sbi0k.gi4e5mix,9393,True,291,36,0,0,0,0,0.0,,0,0,1200000,1200000,0,0,0,ok,,
858,,,,scanny__python-pptx.278b47b1.func_pm_ctrl_shuffle__h23sbi0k.gi4e5mix,13,scanny__python-pptx.278b47b1.func_pm_ctrl_shuffle__h23sbi0k.gi4e5mix,9720,True,101,136,0,0,0,0,0.0,,0,0,1300000,1300000,0,0,0,ok,,
859,,,,scanny__python-pptx.278b47b1.func_pm_ctrl_shuffle__h23sbi0k.gi4e5mix,14,scanny__python-pptx.278b47b1.func_pm_ctrl_shuffle__h23sbi0k.gi4e5mix,9957,True,16,164,0,0,0,0,0.0,,0,0,1400000,1400000,0,0,0,ok,,
860,,,,scanny__python-pptx.278b47b1.func_pm_ctrl_shuffle__h23sbi0k.gi4e5mix,15,scanny__python-pptx.278b47b1.func_pm_ctrl_shuffle__h23sbi0k.gi4e5mix,10137,True,1385,42,0,0,0,0,0.0,,0,0,1500000,1500000,0,0,0,ok,,
861,,,,scanny__python-pptx.278b47b1.func_pm_ctrl_shuffle__h23sbi0k.gi4e5mix,16,scanny__python-pptx.278b47b1.func_pm_ctrl_shuffle__h23sbi0k.gi4e5mix,11564,True,11,14,0,0,0,0,0.0,,0,0,1600000,1600000,0,0,0,ok,,
862,,,,oauthlib__oauthlib.1fd52536.func_pm_class_rm_funcs__ks5l2gdj.cno02rgq,0,swe_smith_system_prompt,924,True,537,85,0,0,0,0,0.0,,0,0,0,0,0,0,0,ok,,
863,,,,oauthlib__oauthlib.1fd52536.func_pm_class_rm_funcs__ks5l2gdj.cno02rgq,1,oauthlib__oauthlib.1fd52536.func_pm_class_rm_funcs__ks5l2gdj.cno02rgq,1546,True,68,65,0,0,0,0,0.0,,0,0,100000,100000,0,0,0,ok,,
864,,,,oauthlib__oauthlib.1fd52536.func_pm_class_rm_funcs__ks5l2gdj.cno02rgq,2,oauthlib__oauthlib.1fd52536.func_pm_class_rm_funcs__ks5l2gdj.cno02rgq,1679,True,3112,53,0,0,0,0,0.0,,0,0,200000,200000,0,0,0,ok,,
865,,,,oauthlib__oauthlib.1fd52536.func_pm_class_rm_funcs__ks5l2gdj.cno02rgq,3,oauthlib__oauthlib.1fd52536.func_pm_class_rm_funcs__ks5l2gdj.cno02rgq,4844,True,160,66,0,0,0,0,0.0,,0,0,300000,300000,0,0,0,ok,,
866,,,,oauthlib__oauthlib.1fd52536.func_pm_class_rm_funcs__ks5l2gdj.cno02rgq,4,oauthlib__oauthlib.1fd52536.func_pm_class_rm_funcs__ks5l2gdj.cno02rgq,5070,True,177,41,0,0,0,0,0.0,,0,0,400000,400000,0,0,0,ok,,
867,,,,oauthlib__oauthlib.1fd52536.func_pm_class_rm_funcs__ks5l2gdj.cno02rgq,5,oauthlib__oauthlib.1fd52536.func_pm_class_rm_funcs__ks5l2gdj.cno02rgq,5288,True,187,59,0,0,0,0,0.0,,0,0,500000,500000,0,0,0,ok,,
868,,,,oauthlib__oauthlib.1fd52536.func_pm_class_rm_funcs__ks5l2gdj.cno02rgq,6,oauthlib__oauthlib.1fd52536.func_pm_class_rm_funcs__ks5l2gdj.cno02rgq,5534,True,435,167,0,0,0,0,0.0,,0,0,600000,600000,0,0,0,ok,,
869,,,,oauthlib__oauthlib.1fd52536.func_pm_class_rm_funcs__ks5l2gdj.cno02rgq,7,oauthlib__oauthlib.1fd52536.func_pm_class_rm_funcs__ks5l2gdj.cno02rgq,6136,True,19,36,0,0,0,0,0.0,,0,0,700000,700000,0,0,0,ok,,
870,,,,oauthlib__oauthlib.1fd52536.func_pm_class_rm_funcs__ks5l2gdj.cno02rgq,8,oauthlib__oauthlib.1fd52536.func_pm_class_rm_funcs__ks5l2gdj.cno02rgq,6191,True,65,1124,0,0,0,0,0.0,,0,0,800000,800000,0,0,0,ok,,
871,,,,oauthlib__oauthlib.1fd52536.func_pm_class_rm_funcs__ks5l2gdj.cno02rgq,9,oauthlib__oauthlib.1fd52536.func_pm_class_rm_funcs__ks5l2gdj.cno02rgq,7380,True,1267,56,0,0,0,0,0.0,,0,0,900000,900000,0,0,0,ok,,
872,,,,oauthlib__oauthlib.1fd52536.func_pm_class_rm_funcs__ks5l2gdj.cno02rgq,10,oauthlib__oauthlib.1fd52536.func_pm_class_rm_funcs__ks5l2gdj.cno02rgq,8703,True,13,617,0,0,0,0,0.0,,0,0,1000000,1000000,0,0,0,ok,,
873,,,,oauthlib__oauthlib.1fd52536.func_pm_class_rm_funcs__ks5l2gdj.cno02rgq,11,oauthlib__oauthlib.1fd52536.func_pm_class_rm_funcs__ks5l2gdj.cno02rgq,9333,True,19,36,0,0,0,0,0.0,,0,0,1100000,1100000,0,0,0,ok,,
874,,,,oauthlib__oauthlib.1fd52536.func_pm_class_rm_funcs__ks5l2gdj.cno02rgq,12,oauthlib__oauthlib.1fd52536.func_pm_class_rm_funcs__ks5l2gdj.cno02rgq,9388,True,187,252,0,0,0,0,0.0,,0,0,1200000,1200000,0,0,0,ok,,
875,,,,oauthlib__oauthlib.1fd52536.func_pm_class_rm_funcs__ks5l2gdj.cno02rgq,13,oauthlib__oauthlib.1fd52536.func_pm_class_rm_funcs__ks5l2gdj.cno02rgq,9827,True,1932,44,0,0,0,0,0.0,,0,0,1300000,1300000,0,0,0,ok,,
876,,,,oauthlib__oauthlib.1fd52536.func_pm_class_rm_funcs__ks5l2gdj.cno02rgq,14,oauthlib__oauthlib.1fd52536.func_pm_class_rm_funcs__ks5l2gdj.cno02rgq,11803,True,11,8,0,0,0,0,0.0,,0,0,1400000,1400000,0,0,0,ok,,
877,,,,chardet__chardet.9630f238.16.mt0f773l,0,swe_smith_system_prompt,924,True,613,80,0,0,0,0,0.0,,0,0,0,0,0,0,0,ok,,
878,,,,chardet__chardet.9630f238.16.mt0f773l,1,chardet__chardet.9630f238.16.mt0f773l,1617,True,4619,48,0,0,0,0,0.0,,0,0,100000,100000,0,0,0,ok,,
879,,,,chardet__chardet.9630f238.16.mt0f773l,2,chardet__chardet.9630f238.16.mt0f773l,6284,True,16137,45,0,0,0,0,0.0,,0,0,200000,200000,0,0,0,ok,,
880,,,,chardet__chardet.9630f238.16.mt0f773l,3,chardet__chardet.9630f238.16.mt0f773l,22466,True,20,61,0,0,0,0,0.0,,0,0,300000,300000,0,0,0,ok,,
881,,,,chardet__chardet.9630f238.16.mt0f773l,4,chardet__chardet.9630f238.16.mt0f773l,22547,True,417,70,0,0,0,0,0.0,,0,0,400000,400000,0,0,0,ok,,
882,,,,chardet__chardet.9630f238.16.mt0f773l,5,chardet__chardet.9630f238.16.mt0f773l,23034,True,103,272,0,0,0,0,0.0,,0,0,500000,500000,0,0,0,ok,,
883,,,,chardet__chardet.9630f238.16.mt0f773l,6,chardet__chardet.9630f238.16.mt0f773l,23409,True,18,33,0,0,0,0,0.0,,0,0,600000,600000,0,0,0,ok,,
884,,,,chardet__chardet.9630f238.16.mt0f773l,7,chardet__chardet.9630f238.16.mt0f773l,23460,True,7,206,0,0,0,0,0.0,,0,0,700000,700000,0,0,0,ok,,
885,,,,chardet__chardet.9630f238.16.mt0f773l,8,chardet__chardet.9630f238.16.mt0f773l,23673,True,254,33,0,0,0,0,0.0,,0,0,800000,800000,0,0,0,ok,,
886,,,,chardet__chardet.9630f238.16.mt0f773l,9,chardet__chardet.9630f238.16.mt0f773l,23960,True,7,54,0,0,0,0,0.0,,0,0,900000,900000,0,0,0,ok,,
887,,,,chardet__chardet.9630f238.16.mt0f773l,10,chardet__chardet.9630f238.16.mt0f773l,24021,True,16137,44,0,0,0,0,0.0,,0,0,1000000,1000000,0,0,0,ok,,
888,,,,chardet__chardet.9630f238.16.mt0f773l,11,chardet__chardet.9630f238.16.mt0f773l,40202,True,62,243,0,0,0,0,0.0,,0,0,1100000,1100000,0,0,0,ok,,
889,,,,chardet__chardet.9630f238.16.mt0f773l,12,chardet__chardet.9630f238.16.mt0f773l,40507,True,7,224,0,0,0,0,0.0,,0,0,1200000,1200000,0,0,0,ok,,
890,,,,chardet__chardet.9630f238.16.mt0f773l,13,chardet__chardet.9630f238.16.mt0f773l,40738,True,86,174,0,0,0,0,0.0,,0,0,1300000,1300000,0,0,0,ok,,
891,,,,chardet__chardet.9630f238.16.mt0f773l,14,chardet__chardet.9630f238.16.mt0f773l,40998,True,86,61,0,0,0,0,0.0,,0,0,1400000,1400000,0,0,0,ok,,
892,,,,chardet__chardet.9630f238.16.mt0f773l,15,chardet__chardet.9630f238.16.mt0f773l,41145,True,137,489,0,0,0,0,0.0,,0,0,1500000,1500000,0,0,0,ok,,
893,,,,chardet__chardet.9630f238.16.mt0f773l,16,chardet__chardet.9630f238.16.mt0f773l,41771,True,533,29,0,0,0,0,0.0,,0,0,1600000,1600000,0,0,0,ok,,
894,,,,chardet__chardet.9630f238.16.mt0f773l,17,chardet__chardet.9630f238.16.mt0f773l,42333,True,152,621,0,0,0,0,0.0,,0,0,1700000,1700000,0,0,0,ok,,
895,,,,chardet__chardet.9630f238.16.mt0f773l,18,chardet__chardet.9630f238.16.mt0f773l,43106,True,472,531,0,0,0,0,0.0,,0,0,1800000,1800000,0,0,0,ok,,
896,,,,chardet__chardet.9630f238.16.mt0f773l,19,chardet__chardet.9630f238.16.mt0f773l,44109,True,515,29,0,0,0,0,0.0,,0,0,1900000,1900000,0,0,0,ok,,
897,,,,chardet__chardet.9630f238.16.mt0f773l,20,chardet__chardet.9630f238.16.mt0f773l,44653,True,358,390,0,0,0,0,0.0,,0,0,2000000,2000000,0,0,0,ok,,
898,,,,chardet__chardet.9630f238.16.mt0f773l,21,chardet__chardet.9630f238.16.mt0f773l,45401,True,292,296,0,0,0,0,0.0,,0,0,2100000,2100000,0,0,0,ok,,
899,,,,chardet__chardet.9630f238.16.mt0f773l,22,chardet__chardet.9630f238.16.mt0f773l,45989,True,410,32,0,0,0,0,0.0,,0,0,2200000,2200000,0,0,0,ok,,
900,,,,chardet__chardet.9630f238.16.mt0f773l,23,chardet__chardet.9630f238.16.mt0f773l,46431,True,342,175,0,0,0,0,0.0,,0,0,2300000,2300000,0,0,0,ok,,
901,,,,oauthlib__oauthlib.1fd52536.lm_rewrite__dgs720r4.htri7jsw,0,swe_smith_system_prompt,924,True,541,101,0,0,0,0,0.0,,0,0,0,0,0,0,0,ok,,
902,,,,oauthlib__oauthlib.1fd52536.lm_rewrite__dgs720r4.htri7jsw,1,oauthlib__oauthlib.1fd52536.lm_rewrite__dgs720r4.htri7jsw,1566,True,2836,88,0,0,0,0,0.0,,0,0,100000,100000,0,0,0,ok,,
903,,,,oauthlib__oauthlib.1fd52536.lm_rewrite__dgs720r4.htri7jsw,2,oauthlib__oauthlib.1fd52536.lm_rewrite__dgs720r4.htri7jsw,4490,True,5070,61,0,0,0,0,0.0,,0,0,200000,200000,0,0,0,ok,,
904,,,,oauthlib__oauthlib.1fd52536.lm_rewrite__dgs720r4.htri7jsw,3,oauthlib__oauthlib.1fd52536.lm_rewrite__dgs720r4.htri7jsw,9621,True,6491,171,0,0,0,0,0.0,,0,0,300000,300000,0,0,0,ok,,
905,,,,oauthlib__oauthlib.1fd52536.lm_rewrite__dgs720r4.htri7jsw,4,oauthlib__oauthlib.1fd52536.lm_rewrite__dgs720r4.htri7jsw,16283,True,20,37,0,0,0,0,0.0,,0,0,400000,400000,0,0,0,ok,,
906,,,,oauthlib__oauthlib.1fd52536.lm_rewrite__dgs720r4.htri7jsw,5,oauthlib__oauthlib.1fd52536.lm_rewrite__dgs720r4.htri7jsw,16340,True,9,424,0,0,0,0,0.0,,0,0,500000,500000,0,0,0,ok,,
907,,,,oauthlib__oauthlib.1fd52536.lm_rewrite__dgs720r4.htri7jsw,6,oauthlib__oauthlib.1fd52536.lm_rewrite__dgs720r4.htri7jsw,16773,True,483,56,0,0,0,0,0.0,,0,0,600000,600000,0,0,0,ok,,
908,,,,oauthlib__oauthlib.1fd52536.lm_rewrite__dgs720r4.htri7jsw,7,oauthlib__oauthlib.1fd52536.lm_rewrite__dgs720r4.htri7jsw,17312,True,11,463,0,0,0,0,0.0,,0,0,700000,700000,0,0,0,ok,,
909,,,,oauthlib__oauthlib.1fd52536.lm_rewrite__dgs720r4.htri7jsw,8,oauthlib__oauthlib.1fd52536.lm_rewrite__dgs720r4.htri7jsw,17786,True,19,36,0,0,0,0,0.0,,0,0,800000,800000,0,0,0,ok,,
910,,,,oauthlib__oauthlib.1fd52536.lm_rewrite__dgs720r4.htri7jsw,9,oauthlib__oauthlib.1fd52536.lm_rewrite__dgs720r4.htri7jsw,17841,True,163,454,0,0,0,0,0.0,,0,0,900000,900000,0,0,0,ok,,
911,,,,oauthlib__oauthlib.1fd52536.lm_rewrite__dgs720r4.htri7jsw,10,oauthlib__oauthlib.1fd52536.lm_rewrite__dgs720r4.htri7jsw,18458,True,493,41,0,0,0,0,0.0,,0,0,1000000,1000000,0,0,0,ok,,
912,,,,oauthlib__oauthlib.1fd52536.lm_rewrite__dgs720r4.htri7jsw,11,oauthlib__oauthlib.1fd52536.lm_rewrite__dgs720r4.htri7jsw,18992,True,161,204,0,0,0,0,0.0,,0,0,1100000,1100000,0,0,0,ok,,
913,,,,oauthlib__oauthlib.1fd52536.lm_rewrite__dgs720r4.htri7jsw,12,oauthlib__oauthlib.1fd52536.lm_rewrite__dgs720r4.htri7jsw,19357,True,241,36,0,0,0,0,0.0,,0,0,1200000,1200000,0,0,0,ok,,
914,,,,oauthlib__oauthlib.1fd52536.lm_rewrite__dgs720r4.htri7jsw,13,oauthlib__oauthlib.1fd52536.lm_rewrite__dgs720r4.htri7jsw,19634,True,160,49,0,0,0,0,0.0,,0,0,1300000,1300000,0,0,0,ok,,
915,,,,oauthlib__oauthlib.1fd52536.lm_rewrite__dgs720r4.htri7jsw,14,oauthlib__oauthlib.1fd52536.lm_rewrite__dgs720r4.htri7jsw,19843,True,11,210,0,0,0,0,0.0,,0,0,1400000,1400000,0,0,0,ok,,
916,,,,oauthlib__oauthlib.1fd52536.lm_rewrite__dgs720r4.htri7jsw,15,oauthlib__oauthlib.1fd52536.lm_rewrite__dgs720r4.htri7jsw,20064,True,1296,44,0,0,0,0,0.0,,0,0,1500000,1500000,0,0,0,ok,,
917,,,,oauthlib__oauthlib.1fd52536.lm_rewrite__dgs720r4.htri7jsw,16,oauthlib__oauthlib.1fd52536.lm_rewrite__dgs720r4.htri7jsw,21404,True,11,8,0,0,0,0,0.0,,0,0,1600000,1600000,0,0,0,ok,,
918,,,,tox-dev__pipdeptree.c31b6418.func_pm_op_change_const__cjhb6rf5.3hm9gs46,0,swe_smith_system_prompt,924,True,845,100,0,0,0,0,0.0,,0,0,0,0,0,0,0,ok,,
919,,,,tox-dev__pipdeptree.c31b6418.func_pm_op_change_const__cjhb6rf5.3hm9gs46,1,tox-dev__pipdeptree.c31b6418.func_pm_op_change_const__cjhb6rf5.3hm9gs46,1869,True,441,76,0,0,0,0,0.0,,0,0,100000,100000,0,0,0,ok,,
920,,,,tox-dev__pipdeptree.c31b6418.func_pm_op_change_const__cjhb6rf5.3hm9gs46,2,tox-dev__pipdeptree.c31b6418.func_pm_op_change_const__cjhb6rf5.3hm9gs46,2386,True,2380,58,0,0,0,0,0.0,,0,0,200000,200000,0,0,0,ok,,
921,,,,tox-dev__pipdeptree.c31b6418.func_pm_op_change_const__cjhb6rf5.3hm9gs46,3,tox-dev__pipdeptree.c31b6418.func_pm_op_change_const__cjhb6rf5.3hm9gs46,4824,True,3420,55,0,0,0,0,0.0,,0,0,300000,300000,0,0,0,ok,,
922,,,,tox-dev__pipdeptree.c31b6418.func_pm_op_change_const__cjhb6rf5.3hm9gs46,4,tox-dev__pipdeptree.c31b6418.func_pm_op_change_const__cjhb6rf5.3hm9gs46,8299,True,994,56,0,0,0,0,0.0,,0,0,400000,400000,0,0,0,ok,,
923,,,,tox-dev__pipdeptree.c31b6418.func_pm_op_change_const__cjhb6rf5.3hm9gs46,5,tox-dev__pipdeptree.c31b6418.func_pm_op_change_const__cjhb6rf5.3hm9gs46,9349,True,534,480,0,0,0,0,0.0,,0,0,500000,500000,0,0,0,ok,,
924,,,,tox-dev__pipdeptree.c31b6418.func_pm_op_change_const__cjhb6rf5.3hm9gs46,6,tox-dev__pipdeptree.c31b6418.func_pm_op_change_const__cjhb6rf5.3hm9gs46,10363,True,20,36,0,0,0,0,0.0,,0,0,600000,600000,0,0,0,ok,,
925,,,,tox-dev__pipdeptree.c31b6418.func_pm_op_change_const__cjhb6rf5.3hm9gs46,7,tox-dev__pipdeptree.c31b6418.func_pm_op_change_const__cjhb6rf5.3hm9gs46,10419,True,107,68,0,0,0,0,0.0,,0,0,700000,700000,0,0,0,ok,,
926,,,,tox-dev__pipdeptree.c31b6418.func_pm_op_change_const__cjhb6rf5.3hm9gs46,8,tox-dev__pipdeptree.c31b6418.func_pm_op_change_const__cjhb6rf5.3hm9gs46,10594,True,326,507,0,0,0,0,0.0,,0,0,800000,800000,0,0,0,ok,,
927,,,,tox-dev__pipdeptree.c31b6418.func_pm_op_change_const__cjhb6rf5.3hm9gs46,9,tox-dev__pipdeptree.c31b6418.func_pm_op_change_const__cjhb6rf5.3hm9gs46,11427,True,344,107,0,0,0,0,0.0,,0,0,900000,900000,0,0,0,ok,,
928,,,,tox-dev__pipdeptree.c31b6418.func_pm_op_change_const__cjhb6rf5.3hm9gs46,10,tox-dev__pipdeptree.c31b6418.func_pm_op_change_const__cjhb6rf5.3hm9gs46,11878,True,175,326,0,0,0,0,0.0,,0,0,1000000,1000000,0,0,0,ok,,
929,,,,tox-dev__pipdeptree.c31b6418.func_pm_op_change_const__cjhb6rf5.3hm9gs46,11,tox-dev__pipdeptree.c31b6418.func_pm_op_change_const__cjhb6rf5.3hm9gs46,12379,True,310,37,0,0,0,0,0.0,,0,0,1100000,1100000,0,0,0,ok,,
930,,,,tox-dev__pipdeptree.c31b6418.func_pm_op_change_const__cjhb6rf5.3hm9gs46,12,tox-dev__pipdeptree.c31b6418.func_pm_op_change_const__cjhb6rf5.3hm9gs46,12726,True,18,779,0,0,0,0,0.0,,0,0,1200000,1200000,0,0,0,ok,,
931,,,,tox-dev__pipdeptree.c31b6418.func_pm_op_change_const__cjhb6rf5.3hm9gs46,13,tox-dev__pipdeptree.c31b6418.func_pm_op_change_const__cjhb6rf5.3hm9gs46,13523,True,1048,36,0,0,0,0,0.0,,0,0,1300000,1300000,0,0,0,ok,,
932,,,,tox-dev__pipdeptree.c31b6418.func_pm_op_change_const__cjhb6rf5.3hm9gs46,14,tox-dev__pipdeptree.c31b6418.func_pm_op_change_const__cjhb6rf5.3hm9gs46,14607,True,110,1559,0,0,0,0,0.0,,0,0,1400000,1400000,0,0,0,ok,,
933,,,,tox-dev__pipdeptree.c31b6418.func_pm_op_change_const__cjhb6rf5.3hm9gs46,15,tox-dev__pipdeptree.c31b6418.func_pm_op_change_const__cjhb6rf5.3hm9gs46,16276,True,1248,184,0,0,0,0,0.0,,0,0,1500000,1500000,0,0,0,ok,,
934,,,,tox-dev__pipdeptree.c31b6418.func_pm_op_change_const__cjhb6rf5.3hm9gs46,16,tox-dev__pipdeptree.c31b6418.func_pm_op_change_const__cjhb6rf5.3hm9gs46,17708,True,110,780,0,0,0,0,0.0,,0,0,1600000,1600000,0,0,0,ok,,
935,,,,tox-dev__pipdeptree.c31b6418.func_pm_op_change_const__cjhb6rf5.3hm9gs46,17,tox-dev__pipdeptree.c31b6418.func_pm_op_change_const__cjhb6rf5.3hm9gs46,18598,True,30,706,0,0,0,0,0.0,,0,0,1700000,1700000,0,0,0,ok,,
936,,,,tox-dev__pipdeptree.c31b6418.func_pm_op_change_const__cjhb6rf5.3hm9gs46,18,tox-dev__pipdeptree.c31b6418.func_pm_op_change_const__cjhb6rf5.3hm9gs46,19334,True,23,38,0,0,0,0,0.0,,0,0,1800000,1800000,0,0,0,ok,,
937,,,,tox-dev__pipdeptree.c31b6418.func_pm_op_change_const__cjhb6rf5.3hm9gs46,19,tox-dev__pipdeptree.c31b6418.func_pm_op_change_const__cjhb6rf5.3hm9gs46,19395,True,107,805,0,0,0,0,0.0,,0,0,1900000,1900000,0,0,0,ok,,
938,,,,tox-dev__pipdeptree.c31b6418.func_pm_op_change_const__cjhb6rf5.3hm9gs46,20,tox-dev__pipdeptree.c31b6418.func_pm_op_change_const__cjhb6rf5.3hm9gs46,20307,True,23,38,0,0,0,0,0.0,,0,0,2000000,2000000,0,0,0,ok,,
939,,,,tox-dev__pipdeptree.c31b6418.func_pm_op_change_const__cjhb6rf5.3hm9gs46,21,tox-dev__pipdeptree.c31b6418.func_pm_op_change_const__cjhb6rf5.3hm9gs46,20368,True,133,574,0,0,0,0,0.0,,0,0,2100000,2100000,0,0,0,ok,,
940,,,,tox-dev__pipdeptree.c31b6418.func_pm_op_change_const__cjhb6rf5.3hm9gs46,22,tox-dev__pipdeptree.c31b6418.func_pm_op_change_const__cjhb6rf5.3hm9gs46,21075,True,21,36,0,0,0,0,0.0,,0,0,2200000,2200000,0,0,0,ok,,
941,,,,tox-dev__pipdeptree.c31b6418.func_pm_op_change_const__cjhb6rf5.3hm9gs46,23,tox-dev__pipdeptree.c31b6418.func_pm_op_change_const__cjhb6rf5.3hm9gs46,21132,True,50,235,0,0,0,0,0.0,,0,0,2300000,2300000,0,0,0,ok,,
942,,,,tox-dev__pipdeptree.c31b6418.func_pm_op_change_const__cjhb6rf5.3hm9gs46,24,tox-dev__pipdeptree.c31b6418.func_pm_op_change_const__cjhb6rf5.3hm9gs46,21417,True,4241,71,0,0,0,0,0.0,,0,0,2400000,2400000,0,0,0,ok,,
943,,,,tox-dev__pipdeptree.c31b6418.func_pm_op_change_const__cjhb6rf5.3hm9gs46,25,tox-dev__pipdeptree.c31b6418.func_pm_op_change_const__cjhb6rf5.3hm9gs46,25729,True,11,8,0,0,0,0,0.0,,0,0,2500000,2500000,0,0,0,ok,,
944,,,,python-hyper__h11.bed0dd4a.17.f1s7sskf,0,swe_smith_system_prompt,924,True,571,66,0,0,0,0,0.0,,0,0,0,0,0,0,0,ok,,
945,,,,python-hyper__h11.bed0dd4a.17.f1s7sskf,1,python-hyper__h11.bed0dd4a.17.f1s7sskf,1561,True,418,54,0,0,0,0,0.0,,0,0,100000,100000,0,0,0,ok,,
946,,,,python-hyper__h11.bed0dd4a.17.f1s7sskf,2,python-hyper__h11.bed0dd4a.17.f1s7sskf,2033,True,2048,452,0,0,0,0,0.0,,0,0,200000,200000,0,0,0,ok,,
947,,,,python-hyper__h11.bed0dd4a.17.f1s7sskf,3,python-hyper__h11.bed0dd4a.17.f1s7sskf,4533,True,18,33,0,0,0,0,0.0,,0,0,300000,300000,0,0,0,ok,,
948,,,,python-hyper__h11.bed0dd4a.17.f1s7sskf,4,python-hyper__h11.bed0dd4a.17.f1s7sskf,4584,True,135,430,0,0,0,0,0.0,,0,0,400000,400000,0,0,0,ok,,
949,,,,python-hyper__h11.bed0dd4a.17.f1s7sskf,5,python-hyper__h11.bed0dd4a.17.f1s7sskf,5149,True,319,38,0,0,0,0,0.0,,0,0,500000,500000,0,0,0,ok,,
950,,,,python-hyper__h11.bed0dd4a.17.f1s7sskf,6,python-hyper__h11.bed0dd4a.17.f1s7sskf,5506,True,135,32,0,0,0,0,0.0,,0,0,600000,600000,0,0,0,ok,,
951,,,,tox-dev__pipdeptree.c31b6418.func_pm_ctrl_invert_if__0qedlj6j.v0y4x7i1,0,swe_smith_system_prompt,924,True,649,95,0,0,0,0,0.0,,0,0,0,0,0,0,0,ok,,
952,,,,tox-dev__pipdeptree.c31b6418.func_pm_ctrl_invert_if__0qedlj6j.v0y4x7i1,1,tox-dev__pipdeptree.c31b6418.func_pm_ctrl_invert_if__0qedlj6j.v0y4x7i1,1668,True,441,75,0,0,0,0,0.0,,0,0,100000,100000,0,0,0,ok,,
953,,,,tox-dev__pipdeptree.c31b6418.func_pm_ctrl_invert_if__0qedlj6j.v0y4x7i1,2,tox-dev__pipdeptree.c31b6418.func_pm_ctrl_invert_if__0qedlj6j.v0y4x7i1,2184,True,3529,52,0,0,0,0,0.0,,0,0,200000,200000,0,0,0,ok,,
954,,,,tox-dev__pipdeptree.c31b6418.func_pm_ctrl_invert_if__0qedlj6j.v0y4x7i1,3,tox-dev__pipdeptree.c31b6418.func_pm_ctrl_invert_if__0qedlj6j.v0y4x7i1,5765,True,806,50,0,0,0,0,0.0,,0,0,300000,300000,0,0,0,ok,,
955,,,,tox-dev__pipdeptree.c31b6418.func_pm_ctrl_invert_if__0qedlj6j.v0y4x7i1,4,tox-dev__pipdeptree.c31b6418.func_pm_ctrl_invert_if__0qedlj6j.v0y4x7i1,6621,True,4537,367,0,0,0,0,0.0,,0,0,400000,400000,0,0,0,ok,,
956,,,,tox-dev__pipdeptree.c31b6418.func_pm_ctrl_invert_if__0qedlj6j.v0y4x7i1,5,tox-dev__pipdeptree.c31b6418.func_pm_ctrl_invert_if__0qedlj6j.v0y4x7i1,11525,True,20,37,0,0,0,0,0.0,,0,0,500000,500000,0,0,0,ok,,
957,,,,tox-dev__pipdeptree.c31b6418.func_pm_ctrl_invert_if__0qedlj6j.v0y4x7i1,6,tox-dev__pipdeptree.c31b6418.func_pm_ctrl_invert_if__0qedlj6j.v0y4x7i1,11582,True,109,812,0,0,0,0,0.0,,0,0,600000,600000,0,0,0,ok,,
958,,,,tox-dev__pipdeptree.c31b6418.func_pm_ctrl_invert_if__0qedlj6j.v0y4x7i1,7,tox-dev__pipdeptree.c31b6418.func_pm_ctrl_invert_if__0qedlj6j.v0y4x7i1,12503,True,813,33,0,0,0,0,0.0,,0,0,700000,700000,0,0,0,ok,,
959,,,,tox-dev__pipdeptree.c31b6418.func_pm_ctrl_invert_if__0qedlj6j.v0y4x7i1,8,tox-dev__pipdeptree.c31b6418.func_pm_ctrl_invert_if__0qedlj6j.v0y4x7i1,13349,True,63,874,0,0,0,0,0.0,,0,0,800000,800000,0,0,0,ok,,
960,,,,tox-dev__pipdeptree.c31b6418.func_pm_ctrl_invert_if__0qedlj6j.v0y4x7i1,9,tox-dev__pipdeptree.c31b6418.func_pm_ctrl_invert_if__0qedlj6j.v0y4x7i1,14286,True,736,33,0,0,0,0,0.0,,0,0,900000,900000,0,0,0,ok,,
961,,,,tox-dev__pipdeptree.c31b6418.func_pm_ctrl_invert_if__0qedlj6j.v0y4x7i1,10,tox-dev__pipdeptree.c31b6418.func_pm_ctrl_invert_if__0qedlj6j.v0y4x7i1,15055,True,181,631,0,0,0,0,0.0,,0,0,1000000,1000000,0,0,0,ok,,
962,,,,tox-dev__pipdeptree.c31b6418.func_pm_ctrl_invert_if__0qedlj6j.v0y4x7i1,11,tox-dev__pipdeptree.c31b6418.func_pm_ctrl_invert_if__0qedlj6j.v0y4x7i1,15867,True,118,65,0,0,0,0,0.0,,0,0,1100000,1100000,0,0,0,ok,,
963,,,,tox-dev__pipdeptree.c31b6418.func_pm_ctrl_invert_if__0qedlj6j.v0y4x7i1,12,tox-dev__pipdeptree.c31b6418.func_pm_ctrl_invert_if__0qedlj6j.v0y4x7i1,16050,True,387,241,0,0,0,0,0.0,,0,0,1200000,1200000,0,0,0,ok,,
964,,,,tox-dev__pipdeptree.c31b6418.func_pm_ctrl_invert_if__0qedlj6j.v0y4x7i1,13,tox-dev__pipdeptree.c31b6418.func_pm_ctrl_invert_if__0qedlj6j.v0y4x7i1,16678,True,334,55,0,0,0,0,0.0,,0,0,1300000,1300000,0,0,0,ok,,
965,,,,tox-dev__pipdeptree.c31b6418.func_pm_ctrl_invert_if__0qedlj6j.v0y4x7i1,14,tox-dev__pipdeptree.c31b6418.func_pm_ctrl_invert_if__0qedlj6j.v0y4x7i1,17067,True,182,812,0,0,0,0,0.0,,0,0,1400000,1400000,0,0,0,ok,,
966,,,,tox-dev__pipdeptree.c31b6418.func_pm_ctrl_invert_if__0qedlj6j.v0y4x7i1,15,tox-dev__pipdeptree.c31b6418.func_pm_ctrl_invert_if__0qedlj6j.v0y4x7i1,18061,True,19,35,0,0,0,0,0.0,,0,0,1500000,1500000,0,0,0,ok,,
967,,,,tox-dev__pipdeptree.c31b6418.func_pm_ctrl_invert_if__0qedlj6j.v0y4x7i1,16,tox-dev__pipdeptree.c31b6418.func_pm_ctrl_invert_if__0qedlj6j.v0y4x7i1,18115,True,19,1337,0,0,0,0,0.0,,0,0,1600000,1600000,0,0,0,ok,,
968,,,,tox-dev__pipdeptree.c31b6418.func_pm_ctrl_invert_if__0qedlj6j.v0y4x7i1,17,tox-dev__pipdeptree.c31b6418.func_pm_ctrl_invert_if__0qedlj6j.v0y4x7i1,19471,True,1105,36,0,0,0,0,0.0,,0,0,1700000,1700000,0,0,0,ok,,
969,,,,tox-dev__pipdeptree.c31b6418.func_pm_ctrl_invert_if__0qedlj6j.v0y4x7i1,18,tox-dev__pipdeptree.c31b6418.func_pm_ctrl_invert_if__0qedlj6j.v0y4x7i1,20612,True,351,284,0,0,0,0,0.0,,0,0,1800000,1800000,0,0,0,ok,,
970,,,,tox-dev__pipdeptree.c31b6418.func_pm_ctrl_invert_if__0qedlj6j.v0y4x7i1,19,tox-dev__pipdeptree.c31b6418.func_pm_ctrl_invert_if__0qedlj6j.v0y4x7i1,21247,True,2011,44,0,0,0,0,0.0,,0,0,1900000,1900000,0,0,0,ok,,
971,,,,tox-dev__pipdeptree.c31b6418.func_pm_ctrl_invert_if__0qedlj6j.v0y4x7i1,20,tox-dev__pipdeptree.c31b6418.func_pm_ctrl_invert_if__0qedlj6j.v0y4x7i1,23302,True,11,8,0,0,0,0,0.0,,0,0,2000000,2000000,0,0,0,ok,,
972,,,,sloria__environs.73c372df.lm_rewrite__j1p3c330.33mke0ao,0,swe_smith_system_prompt,924,True,621,97,0,0,0,0,0.0,,0,0,0,0,0,0,0,ok,,
973,,,,sloria__environs.73c372df.lm_rewrite__j1p3c330.33mke0ao,1,sloria__environs.73c372df.lm_rewrite__j1p3c330.33mke0ao,1642,True,111,50,0,0,0,0,0.0,,0,0,100000,100000,0,0,0,ok,,
974,,,,sloria__environs.73c372df.lm_rewrite__j1p3c330.33mke0ao,2,sloria__environs.73c372df.lm_rewrite__j1p3c330.33mke0ao,1803,True,5061,105,0,0,0,0,0.0,,0,0,200000,200000,0,0,0,ok,,
975,,,,sloria__environs.73c372df.lm_rewrite__j1p3c330.33mke0ao,3,sloria__environs.73c372df.lm_rewrite__j1p3c330.33mke0ao,6969,True,1451,64,0,0,0,0,0.0,,0,0,300000,300000,0,0,0,ok,,
976,,,,sloria__environs.73c372df.lm_rewrite__j1p3c330.33mke0ao,4,sloria__environs.73c372df.lm_rewrite__j1p3c330.33mke0ao,8484,True,279,67,0,0,0,0,0.0,,0,0,400000,400000,0,0,0,ok,,
977,,,,sloria__environs.73c372df.lm_rewrite__j1p3c330.33mke0ao,5,sloria__environs.73c372df.lm_rewrite__j1p3c330.33mke0ao,8830,True,324,42,0,0,0,0,0.0,,0,0,500000,500000,0,0,0,ok,,
978,,,,sloria__environs.73c372df.lm_rewrite__j1p3c330.33mke0ao,6,sloria__environs.73c372df.lm_rewrite__j1p3c330.33mke0ao,9196,True,1954,206,0,0,0,0,0.0,,0,0,600000,600000,0,0,0,ok,,
979,,,,sloria__environs.73c372df.lm_rewrite__j1p3c330.33mke0ao,7,sloria__environs.73c372df.lm_rewrite__j1p3c330.33mke0ao,11356,True,20,36,0,0,0,0,0.0,,0,0,700000,700000,0,0,0,ok,,
980,,,,sloria__environs.73c372df.lm_rewrite__j1p3c330.33mke0ao,8,sloria__environs.73c372df.lm_rewrite__j1p3c330.33mke0ao,11412,True,57,96,0,0,0,0,0.0,,0,0,800000,800000,0,0,0,ok,,
981,,,,sloria__environs.73c372df.lm_rewrite__j1p3c330.33mke0ao,9,sloria__environs.73c372df.lm_rewrite__j1p3c330.33mke0ao,11565,True,150,447,0,0,0,0,0.0,,0,0,900000,900000,0,0,0,ok,,
982,,,,sloria__environs.73c372df.lm_rewrite__j1p3c330.33mke0ao,10,sloria__environs.73c372df.lm_rewrite__j1p3c330.33mke0ao,12162,True,491,41,0,0,0,0,0.0,,0,0,1000000,1000000,0,0,0,ok,,
983,,,,sloria__environs.73c372df.lm_rewrite__j1p3c330.33mke0ao,11,sloria__environs.73c372df.lm_rewrite__j1p3c330.33mke0ao,12694,True,29,372,0,0,0,0,0.0,,0,0,1100000,1100000,0,0,0,ok,,
984,,,,sloria__environs.73c372df.lm_rewrite__j1p3c330.33mke0ao,12,sloria__environs.73c372df.lm_rewrite__j1p3c330.33mke0ao,13095,True,19,27,0,0,0,0,0.0,,0,0,1200000,1200000,0,0,0,ok,,
985,,,,sloria__environs.73c372df.lm_rewrite__j1p3c330.33mke0ao,13,sloria__environs.73c372df.lm_rewrite__j1p3c330.33mke0ao,13141,True,371,148,0,0,0,0,0.0,,0,0,1300000,1300000,0,0,0,ok,,
986,,,,sloria__environs.73c372df.lm_rewrite__j1p3c330.33mke0ao,14,sloria__environs.73c372df.lm_rewrite__j1p3c330.33mke0ao,13660,True,251,34,0,0,0,0,0.0,,0,0,1400000,1400000,0,0,0,ok,,
987,,,,sloria__environs.73c372df.lm_rewrite__j1p3c330.33mke0ao,15,sloria__environs.73c372df.lm_rewrite__j1p3c330.33mke0ao,13945,True,109,458,0,0,0,0,0.0,,0,0,1500000,1500000,0,0,0,ok,,
988,,,,sloria__environs.73c372df.lm_rewrite__j1p3c330.33mke0ao,16,sloria__environs.73c372df.lm_rewrite__j1p3c330.33mke0ao,14512,True,18,26,0,0,0,0,0.0,,0,0,1600000,1600000,0,0,0,ok,,
989,,,,sloria__environs.73c372df.lm_rewrite__j1p3c330.33mke0ao,17,sloria__environs.73c372df.lm_rewrite__j1p3c330.33mke0ao,14556,True,136,257,0,0,0,0,0.0,,0,0,1700000,1700000,0,0,0,ok,,
990,,,,sloria__environs.73c372df.lm_rewrite__j1p3c330.33mke0ao,18,sloria__environs.73c372df.lm_rewrite__j1p3c330.33mke0ao,14949,True,1870,50,0,0,0,0,0.0,,0,0,1800000,1800000,0,0,0,ok,,
991,,,,sloria__environs.73c372df.lm_rewrite__j1p3c330.33mke0ao,19,sloria__environs.73c372df.lm_rewrite__j1p3c330.33mke0ao,16869,True,11,14,0,0,0,0,0.0,,0,0,1900000,1900000,0,0,0,ok,,
992,,,,jaraco__inflect.c079a96a.10.tm4cbqs4,0,swe_smith_system_prompt,924,True,575,77,0,0,0,0,0.0,,0,0,0,0,0,0,0,ok,,
993,,,,jaraco__inflect.c079a96a.10.tm4cbqs4,1,jaraco__inflect.c079a96a.10.tm4cbqs4,1576,True,50,53,0,0,0,0,0.0,,0,0,100000,100000,0,0,0,ok,,
994,,,,jaraco__inflect.c079a96a.10.tm4cbqs4,2,jaraco__inflect.c079a96a.10.tm4cbqs4,1679,True,11893,50,0,0,0,0,0.0,,0,0,200000,200000,0,0,0,ok,,
995,,,,jaraco__inflect.c079a96a.10.tm4cbqs4,3,jaraco__inflect.c079a96a.10.tm4cbqs4,13622,True,20,69,0,0,0,0,0.0,,0,0,300000,300000,0,0,0,ok,,
996,,,,jaraco__inflect.c079a96a.10.tm4cbqs4,4,jaraco__inflect.c079a96a.10.tm4cbqs4,13711,True,68,373,0,0,0,0,0.0,,0,0,400000,400000,0,0,0,ok,,
997,,,,jaraco__inflect.c079a96a.10.tm4cbqs4,5,jaraco__inflect.c079a96a.10.tm4cbqs4,14152,True,18,31,0,0,0,0,0.0,,0,0,500000,500000,0,0,0,ok,,
998,,,,jaraco__inflect.c079a96a.10.tm4cbqs4,6,jaraco__inflect.c079a96a.10.tm4cbqs4,14201,True,254,160,0,0,0,0,0.0,,0,0,600000,600000,0,0,0,ok,,
999,,,,jaraco__inflect.c079a96a.10.tm4cbqs4,7,jaraco__inflect.c079a96a.10.tm4cbqs4,14615,True,198,42,0,0,0,0,0.0,,0,0,700000,700000,0,0,0,ok,,
1000,,,,jaraco__inflect.c079a96a.10.tm4cbqs4,8,jaraco__inflect.c079a96a.10.tm4cbqs4,14855,True,64,250,0,0,0,0,0.0,,0,0,800000,800000,0,0,0,ok,,
1001,,,,pyupio__safety.7654596b.combine_file__m92kensw.91axqqsx,0,swe_smith_system_prompt,924,True,515,71,0,0,0,0,0.0,,0,0,0,0,0,0,0,ok,,
1002,,,,pyupio__safety.7654596b.combine_file__m92kensw.91axqqsx,1,pyupio__safety.7654596b.combine_file__m92kensw.91axqqsx,1510,True,863,79,0,0,0,0,0.0,,0,0,100000,100000,0,0,0,ok,,
1003,,,,pyupio__safety.7654596b.combine_file__m92kensw.91axqqsx,2,pyupio__safety.7654596b.combine_file__m92kensw.91axqqsx,2452,True,2717,54,0,0,0,0,0.0,,0,0,200000,200000,0,0,0,ok,,
1004,,,,pyupio__safety.7654596b.combine_file__m92kensw.91axqqsx,3,pyupio__safety.7654596b.combine_file__m92kensw.91axqqsx,5223,True,1835,81,0,0,0,0,0.0,,0,0,300000,300000,0,0,0,ok,,
1005,,,,pyupio__safety.7654596b.combine_file__m92kensw.91axqqsx,4,pyupio__safety.7654596b.combine_file__m92kensw.91axqqsx,7139,True,348,74,0,0,0,0,0.0,,0,0,400000,400000,0,0,0,ok,,
1006,,,,pyupio__safety.7654596b.combine_file__m92kensw.91axqqsx,5,pyupio__safety.7654596b.combine_file__m92kensw.91axqqsx,7561,True,393,69,0,0,0,0,0.0,,0,0,500000,500000,0,0,0,ok,,
1007,,,,pyupio__safety.7654596b.combine_file__m92kensw.91axqqsx,6,pyupio__safety.7654596b.combine_file__m92kensw.91axqqsx,8023,True,538,54,0,0,0,0,0.0,,0,0,600000,600000,0,0,0,ok,,
1008,,,,pyupio__safety.7654596b.combine_file__m92kensw.91axqqsx,7,pyupio__safety.7654596b.combine_file__m92kensw.91axqqsx,8615,True,2774,47,0,0,0,0,0.0,,0,0,700000,700000,0,0,0,ok,,
1009,,,,pyupio__safety.7654596b.combine_file__m92kensw.91axqqsx,8,pyupio__safety.7654596b.combine_file__m92kensw.91axqqsx,11436,True,4433,141,0,0,0,0,0.0,,0,0,800000,800000,0,0,0,ok,,
1010,,,,pyupio__safety.7654596b.combine_file__m92kensw.91axqqsx,9,pyupio__safety.7654596b.combine_file__m92kensw.91axqqsx,16010,True,20,55,0,0,0,0,0.0,,0,0,900000,900000,0,0,0,ok,,
1011,,,,pyupio__safety.7654596b.combine_file__m92kensw.91axqqsx,10,pyupio__safety.7654596b.combine_file__m92kensw.91axqqsx,16085,True,57,62,0,0,0,0,0.0,,0,0,1000000,1000000,0,0,0,ok,,
1012,,,,pyupio__safety.7654596b.combine_file__m92kensw.91axqqsx,11,pyupio__safety.7654596b.combine_file__m92kensw.91axqqsx,16204,True,39,171,0,0,0,0,0.0,,0,0,1100000,1100000,0,0,0,ok,,
1013,,,,pyupio__safety.7654596b.combine_file__m92kensw.91axqqsx,12,pyupio__safety.7654596b.combine_file__m92kensw.91axqqsx,16414,True,34,553,0,0,0,0,0.0,,0,0,1200000,1200000,0,0,0,ok,,
1014,,,,pyupio__safety.7654596b.combine_file__m92kensw.91axqqsx,13,pyupio__safety.7654596b.combine_file__m92kensw.91axqqsx,17001,True,469,517,0,0,0,0,0.0,,0,0,1300000,1300000,0,0,0,ok,,
1015,,,,pyupio__safety.7654596b.combine_file__m92kensw.91axqqsx,14,pyupio__safety.7654596b.combine_file__m92kensw.91axqqsx,17987,True,570,74,0,0,0,0,0.0,,0,0,1400000,1400000,0,0,0,ok,,
1016,,,,pyupio__safety.7654596b.combine_file__m92kensw.91axqqsx,15,pyupio__safety.7654596b.combine_file__m92kensw.91axqqsx,18631,True,906,53,0,0,0,0,0.0,,0,0,1500000,1500000,0,0,0,ok,,
1017,,,,pyupio__safety.7654596b.combine_file__m92kensw.91axqqsx,16,pyupio__safety.7654596b.combine_file__m92kensw.91axqqsx,19590,True,1016,53,0,0,0,0,0.0,,0,0,1600000,1600000,0,0,0,ok,,
1018,,,,pyupio__safety.7654596b.combine_file__m92kensw.91axqqsx,17,pyupio__safety.7654596b.combine_file__m92kensw.91axqqsx,20659,True,510,282,0,0,0,0,0.0,,0,0,1700000,1700000,0,0,0,ok,,
1019,,,,pyupio__safety.7654596b.combine_file__m92kensw.91axqqsx,18,pyupio__safety.7654596b.combine_file__m92kensw.91axqqsx,21451,True,371,167,0,0,0,0,0.0,,0,0,1800000,1800000,0,0,0,ok,,
1020,,,,pyupio__safety.7654596b.combine_file__m92kensw.91axqqsx,19,pyupio__safety.7654596b.combine_file__m92kensw.91axqqsx,21989,True,279,64,0,0,0,0,0.0,,0,0,1900000,1900000,0,0,0,ok,,
1021,,,,pyupio__safety.7654596b.combine_file__m92kensw.91axqqsx,20,pyupio__safety.7654596b.combine_file__m92kensw.91axqqsx,22332,True,39,89,0,0,0,0,0.0,,0,0,2000000,2000000,0,0,0,ok,,
1022,,,,pyupio__safety.7654596b.combine_file__m92kensw.91axqqsx,21,pyupio__safety.7654596b.combine_file__m92kensw.91axqqsx,22460,True,37,60,0,0,0,0,0.0,,0,0,2100000,2100000,0,0,0,ok,,
1023,,,,pyupio__safety.7654596b.combine_file__m92kensw.91axqqsx,22,pyupio__safety.7654596b.combine_file__m92kensw.91axqqsx,22557,True,269,394,0,0,0,0,0.0,,0,0,2200000,2200000,0,0,0,ok,,
1024,,,,pyupio__safety.7654596b.combine_file__m92kensw.91axqqsx,23,pyupio__safety.7654596b.combine_file__m92kensw.91axqqsx,23220,True,19,26,0,0,0,0,0.0,,0,0,2300000,2300000,0,0,0,ok,,
1025,,,,pyupio__safety.7654596b.combine_file__m92kensw.91axqqsx,24,pyupio__safety.7654596b.combine_file__m92kensw.91axqqsx,23265,True,320,251,0,0,0,0,0.0,,0,0,2400000,2400000,0,0,0,ok,,
1026,,,,pyupio__safety.7654596b.combine_file__m92kensw.91axqqsx,25,pyupio__safety.7654596b.combine_file__m92kensw.91axqqsx,23836,True,345,26,0,0,0,0,0.0,,0,0,2500000,2500000,0,0,0,ok,,
1027,,,,pyupio__safety.7654596b.combine_file__m92kensw.91axqqsx,26,pyupio__safety.7654596b.combine_file__m92kensw.91axqqsx,24207,True,159,197,0,0,0,0,0.0,,0,0,2600000,2600000,0,0,0,ok,,
1028,,,,pyupio__safety.7654596b.combine_file__m92kensw.91axqqsx,27,pyupio__safety.7654596b.combine_file__m92kensw.91axqqsx,24563,True,1740,44,0,0,0,0,0.0,,0,0,2700000,2700000,0,0,0,ok,,
1029,,,,pyupio__safety.7654596b.combine_file__m92kensw.91axqqsx,28,pyupio__safety.7654596b.combine_file__m92kensw.91axqqsx,26347,True,11,8,0,0,0,0,0.0,,0,0,2800000,2800000,0,0,0,ok,,
1030,,,,getnikola__nikola.0f4c230e.lm_rewrite__agmf7x4k.459osl2e,0,swe_smith_system_prompt,924,True,562,99,0,0,0,0,0.0,,0,0,0,0,0,0,0,ok,,
1031,,,,getnikola__nikola.0f4c230e.lm_rewrite__agmf7x4k.459osl2e,1,getnikola__nikola.0f4c230e.lm_rewrite__agmf7x4k.459osl2e,1585,True,13,53,0,0,0,0,0.0,,0,0,100000,100000,0,0,0,ok,,
1032,,,,getnikola__nikola.0f4c230e.lm_rewrite__agmf7x4k.459osl2e,2,getnikola__nikola.0f4c230e.lm_rewrite__agmf7x4k.459osl2e,1651,True,6306,56,0,0,0,0,0.0,,0,0,200000,200000,0,0,0,ok,,
1033,,,,getnikola__nikola.0f4c230e.lm_rewrite__agmf7x4k.459osl2e,3,getnikola__nikola.0f4c230e.lm_rewrite__agmf7x4k.459osl2e,8013,True,19,60,0,0,0,0,0.0,,0,0,300000,300000,0,0,0,ok,,
1034,,,,getnikola__nikola.0f4c230e.lm_rewrite__agmf7x4k.459osl2e,4,getnikola__nikola.0f4c230e.lm_rewrite__agmf7x4k.459osl2e,8092,True,465,77,0,0,0,0,0.0,,0,0,400000,400000,0,0,0,ok,,
1035,,,,getnikola__nikola.0f4c230e.lm_rewrite__agmf7x4k.459osl2e,5,getnikola__nikola.0f4c230e.lm_rewrite__agmf7x4k.459osl2e,8634,True,278,70,0,0,0,0,0.0,,0,0,500000,500000,0,0,0,ok,,
1036,,,,getnikola__nikola.0f4c230e.lm_rewrite__agmf7x4k.459osl2e,6,getnikola__nikola.0f4c230e.lm_rewrite__agmf7x4k.459osl2e,8982,True,70,56,0,0,0,0,0.0,,0,0,600000,600000,0,0,0,ok,,
1037,,,,getnikola__nikola.0f4c230e.lm_rewrite__agmf7x4k.459osl2e,7,getnikola__nikola.0f4c230e.lm_rewrite__agmf7x4k.459osl2e,9108,True,487,855,0,0,0,0,0.0,,0,0,700000,700000,0,0,0,ok,,
1038,,,,getnikola__nikola.0f4c230e.lm_rewrite__agmf7x4k.459osl2e,8,getnikola__nikola.0f4c230e.lm_rewrite__agmf7x4k.459osl2e,10450,True,20,54,0,0,0,0,0.0,,0,0,800000,800000,0,0,0,ok,,
1039,,,,getnikola__nikola.0f4c230e.lm_rewrite__agmf7x4k.459osl2e,9,getnikola__nikola.0f4c230e.lm_rewrite__agmf7x4k.459osl2e,10524,True,314,965,0,0,0,0,0.0,,0,0,900000,900000,0,0,0,ok,,
1040,,,,getnikola__nikola.0f4c230e.lm_rewrite__agmf7x4k.459osl2e,10,getnikola__nikola.0f4c230e.lm_rewrite__agmf7x4k.459osl2e,11803,True,1093,56,0,0,0,0,0.0,,0,0,1000000,1000000,0,0,0,ok,,
1041,,,,getnikola__nikola.0f4c230e.lm_rewrite__agmf7x4k.459osl2e,11,getnikola__nikola.0f4c230e.lm_rewrite__agmf7x4k.459osl2e,12952,True,293,726,0,0,0,0,0.0,,0,0,1100000,1100000,0,0,0,ok,,
1042,,,,getnikola__nikola.0f4c230e.lm_rewrite__agmf7x4k.459osl2e,12,getnikola__nikola.0f4c230e.lm_rewrite__agmf7x4k.459osl2e,13971,True,1130,39,0,0,0,0,0.0,,0,0,1200000,1200000,0,0,0,ok,,
1043,,,,getnikola__nikola.0f4c230e.lm_rewrite__agmf7x4k.459osl2e,13,getnikola__nikola.0f4c230e.lm_rewrite__agmf7x4k.459osl2e,15140,True,364,1321,0,0,0,0,0.0,,0,0,1300000,1300000,0,0,0,ok,,
1044,,,,getnikola__nikola.0f4c230e.lm_rewrite__agmf7x4k.459osl2e,14,getnikola__nikola.0f4c230e.lm_rewrite__agmf7x4k.459osl2e,16825,True,1317,42,0,0,0,0,0.0,,0,0,1400000,1400000,0,0,0,ok,,
1045,,,,getnikola__nikola.0f4c230e.lm_rewrite__agmf7x4k.459osl2e,15,getnikola__nikola.0f4c230e.lm_rewrite__agmf7x4k.459osl2e,18184,True,364,1504,0,0,0,0,0.0,,0,0,1500000,1500000,0,0,0,ok,,
1046,,,,getnikola__nikola.0f4c230e.lm_rewrite__agmf7x4k.459osl2e,16,getnikola__nikola.0f4c230e.lm_rewrite__agmf7x4k.459osl2e,20052,True,2001,40,0,0,0,0,0.0,,0,0,1600000,1600000,0,0,0,ok,,
1047,,,,getnikola__nikola.0f4c230e.lm_rewrite__agmf7x4k.459osl2e,17,getnikola__nikola.0f4c230e.lm_rewrite__agmf7x4k.459osl2e,22093,True,407,1386,0,0,0,0,0.0,,0,0,1700000,1700000,0,0,0,ok,,
1048,,,,getnikola__nikola.0f4c230e.lm_rewrite__agmf7x4k.459osl2e,18,getnikola__nikola.0f4c230e.lm_rewrite__agmf7x4k.459osl2e,23886,True,1630,40,0,0,0,0,0.0,,0,0,1800000,1800000,0,0,0,ok,,
1049,,,,getnikola__nikola.0f4c230e.lm_rewrite__agmf7x4k.459osl2e,19,getnikola__nikola.0f4c230e.lm_rewrite__agmf7x4k.459osl2e,25556,True,446,356,0,0,0,0,0.0,,0,0,1900000,1900000,0,0,0,ok,,
1050,,,,getnikola__nikola.0f4c230e.lm_rewrite__agmf7x4k.459osl2e,20,getnikola__nikola.0f4c230e.lm_rewrite__agmf7x4k.459osl2e,26358,True,4230,36,0,0,0,0,0.0,,0,0,2000000,2000000,0,0,0,ok,,
1051,,,,getnikola__nikola.0f4c230e.lm_rewrite__agmf7x4k.459osl2e,21,getnikola__nikola.0f4c230e.lm_rewrite__agmf7x4k.459osl2e,30624,True,11,8,0,0,0,0,0.0,,0,0,2100000,2100000,0,0,0,ok,,
1052,,,,cknd__stackprinter.219fcc52.lm_rewrite__4yfvlq78.rdgzt1d6,0,swe_smith_system_prompt,924,True,510,114,0,0,0,0,0.0,,0,0,0,0,0,0,0,ok,,
1053,,,,cknd__stackprinter.219fcc52.lm_rewrite__4yfvlq78.rdgzt1d6,1,cknd__stackprinter.219fcc52.lm_rewrite__4yfvlq78.rdgzt1d6,1548,True,258,67,0,0,0,0,0.0,,0,0,100000,100000,0,0,0,ok,,
1054,,,,cknd__stackprinter.219fcc52.lm_rewrite__4yfvlq78.rdgzt1d6,2,cknd__stackprinter.219fcc52.lm_rewrite__4yfvlq78.rdgzt1d6,1873,True,3379,217,0,0,0,0,0.0,,0,0,200000,200000,0,0,0,ok,,
1055,,,,cknd__stackprinter.219fcc52.lm_rewrite__4yfvlq78.rdgzt1d6,3,cknd__stackprinter.219fcc52.lm_rewrite__4yfvlq78.rdgzt1d6,5469,True,19,36,0,0,0,0,0.0,,0,0,300000,300000,0,0,0,ok,,
1056,,,,cknd__stackprinter.219fcc52.lm_rewrite__4yfvlq78.rdgzt1d6,4,cknd__stackprinter.219fcc52.lm_rewrite__4yfvlq78.rdgzt1d6,5524,True,647,268,0,0,0,0,0.0,,0,0,400000,400000,0,0,0,ok,,
1057,,,,cknd__stackprinter.219fcc52.lm_rewrite__4yfvlq78.rdgzt1d6,5,cknd__stackprinter.219fcc52.lm_rewrite__4yfvlq78.rdgzt1d6,6439,True,21,35,0,0,0,0,0.0,,0,0,500000,500000,0,0,0,ok,,
1058,,,,cknd__stackprinter.219fcc52.lm_rewrite__4yfvlq78.rdgzt1d6,6,cknd__stackprinter.219fcc52.lm_rewrite__4yfvlq78.rdgzt1d6,6495,True,2521,277,0,0,0,0,0.0,,0,0,600000,600000,0,0,0,ok,,
1059,,,,cknd__stackprinter.219fcc52.lm_rewrite__4yfvlq78.rdgzt1d6,7,cknd__stackprinter.219fcc52.lm_rewrite__4yfvlq78.rdgzt1d6,9293,True,21,34,0,0,0,0,0.0,,0,0,700000,700000,0,0,0,ok,,
1060,,,,cknd__stackprinter.219fcc52.lm_rewrite__4yfvlq78.rdgzt1d6,8,cknd__stackprinter.219fcc52.lm_rewrite__4yfvlq78.rdgzt1d6,9348,True,4786,126,0,0,0,0,0.0,,0,0,800000,800000,0,0,0,ok,,
1061,,,,cknd__stackprinter.219fcc52.lm_rewrite__4yfvlq78.rdgzt1d6,9,cknd__stackprinter.219fcc52.lm_rewrite__4yfvlq78.rdgzt1d6,14260,True,584,42,0,0,0,0,0.0,,0,0,900000,900000,0,0,0,ok,,
1062,,,,cknd__stackprinter.219fcc52.lm_rewrite__4yfvlq78.rdgzt1d6,10,cknd__stackprinter.219fcc52.lm_rewrite__4yfvlq78.rdgzt1d6,14886,True,1213,137,0,0,0,0,0.0,,0,0,1000000,1000000,0,0,0,ok,,
1063,,,,cknd__stackprinter.219fcc52.lm_rewrite__4yfvlq78.rdgzt1d6,11,cknd__stackprinter.219fcc52.lm_rewrite__4yfvlq78.rdgzt1d6,16236,True,1190,1469,0,0,0,0,0.0,,0,0,1100000,1100000,0,0,0,ok,,
1064,,,,cknd__stackprinter.219fcc52.lm_rewrite__4yfvlq78.rdgzt1d6,12,cknd__stackprinter.219fcc52.lm_rewrite__4yfvlq78.rdgzt1d6,18895,True,1421,197,0,0,0,0,0.0,,0,0,1200000,1200000,0,0,0,ok,,
1065,,,,cknd__stackprinter.219fcc52.lm_rewrite__4yfvlq78.rdgzt1d6,13,cknd__stackprinter.219fcc52.lm_rewrite__4yfvlq78.rdgzt1d6,20513,True,4786,138,0,0,0,0,0.0,,0,0,1300000,1300000,0,0,0,ok,,
1066,,,,cknd__stackprinter.219fcc52.lm_rewrite__4yfvlq78.rdgzt1d6,14,cknd__stackprinter.219fcc52.lm_rewrite__4yfvlq78.rdgzt1d6,25437,True,228,1567,0,0,0,0,0.0,,0,0,1400000,1400000,0,0,0,ok,,
1067,,,,cknd__stackprinter.219fcc52.lm_rewrite__4yfvlq78.rdgzt1d6,15,cknd__stackprinter.219fcc52.lm_rewrite__4yfvlq78.rdgzt1d6,27232,True,1595,194,0,0,0,0,0.0,,0,0,1500000,1500000,0,0,0,ok,,
1068,,,,cknd__stackprinter.219fcc52.lm_rewrite__4yfvlq78.rdgzt1d6,16,cknd__stackprinter.219fcc52.lm_rewrite__4yfvlq78.rdgzt1d6,29021,True,5342,87,0,0,0,0,0.0,,0,0,1600000,1600000,0,0,0,ok,,
1069,,,,cknd__stackprinter.219fcc52.lm_rewrite__4yfvlq78.rdgzt1d6,17,cknd__stackprinter.219fcc52.lm_rewrite__4yfvlq78.rdgzt1d6,34450,True,393,1907,0,0,0,0,0.0,,0,0,1700000,1700000,0,0,0,ok,,
1070,,,,cknd__stackprinter.219fcc52.lm_rewrite__4yfvlq78.rdgzt1d6,18,cknd__stackprinter.219fcc52.lm_rewrite__4yfvlq78.rdgzt1d6,36750,True,1716,127,0,0,0,0,0.0,,0,0,1800000,1800000,0,0,0,ok,,
1071,,,,cknd__stackprinter.219fcc52.lm_rewrite__4yfvlq78.rdgzt1d6,19,cknd__stackprinter.219fcc52.lm_rewrite__4yfvlq78.rdgzt1d6,38593,True,5431,187,0,0,0,0,0.0,,0,0,1900000,1900000,0,0,0,ok,,
1072,,,,cknd__stackprinter.219fcc52.lm_rewrite__4yfvlq78.rdgzt1d6,20,cknd__stackprinter.219fcc52.lm_rewrite__4yfvlq78.rdgzt1d6,44211,True,393,297,0,0,0,0,0.0,,0,0,2000000,2000000,0,0,0,ok,,
1073,,,,cknd__stackprinter.219fcc52.lm_rewrite__4yfvlq78.rdgzt1d6,21,cknd__stackprinter.219fcc52.lm_rewrite__4yfvlq78.rdgzt1d6,44901,True,347,99,0,0,0,0,0.0,,0,0,2100000,2100000,0,0,0,ok,,
1074,,,,cknd__stackprinter.219fcc52.lm_rewrite__4yfvlq78.rdgzt1d6,22,cknd__stackprinter.219fcc52.lm_rewrite__4yfvlq78.rdgzt1d6,45347,True,5593,60,0,0,0,0,0.0,,0,0,2200000,2200000,0,0,0,ok,,
1075,,,,cknd__stackprinter.219fcc52.lm_rewrite__4yfvlq78.rdgzt1d6,23,cknd__stackprinter.219fcc52.lm_rewrite__4yfvlq78.rdgzt1d6,51000,True,656,44,0,0,0,0,0.0,,0,0,2300000,2300000,0,0,0,ok,,
1076,,,,cknd__stackprinter.219fcc52.lm_rewrite__4yfvlq78.rdgzt1d6,24,cknd__stackprinter.219fcc52.lm_rewrite__4yfvlq78.rdgzt1d6,51700,True,2878,370,0,0,0,0,0.0,,0,0,2400000,2400000,0,0,0,ok,,
1077,,,,cknd__stackprinter.219fcc52.lm_rewrite__4yfvlq78.rdgzt1d6,25,cknd__stackprinter.219fcc52.lm_rewrite__4yfvlq78.rdgzt1d6,54948,True,3738,55,0,0,0,0,0.0,,0,0,2500000,2500000,0,0,0,ok,,
1078,,,,cknd__stackprinter.219fcc52.lm_rewrite__4yfvlq78.rdgzt1d6,26,cknd__stackprinter.219fcc52.lm_rewrite__4yfvlq78.rdgzt1d6,58741,True,11,8,0,0,0,0,0.0,,0,0,2600000,2600000,0,0,0,ok,,
1079,,,,joke2k__faker.8b401a7d.lm_rewrite__8bb0pic6.shrt124m,0,swe_smith_system_prompt,924,True,543,111,0,0,0,0,0.0,,0,0,0,0,0,0,0,ok,,
1080,,,,joke2k__faker.8b401a7d.lm_rewrite__8bb0pic6.shrt124m,1,joke2k__faker.8b401a7d.lm_rewrite__8bb0pic6.shrt124m,1578,True,12062,57,0,0,0,0,0.0,,0,0,100000,100000,0,0,0,ok,,
1081,,,,joke2k__faker.8b401a7d.lm_rewrite__8bb0pic6.shrt124m,2,joke2k__faker.8b401a7d.lm_rewrite__8bb0pic6.shrt124m,13697,True,1601,70,0,0,0,0,0.0,,0,0,200000,200000,0,0,0,ok,,
1082,,,,joke2k__faker.8b401a7d.lm_rewrite__8bb0pic6.shrt124m,3,joke2k__faker.8b401a7d.lm_rewrite__8bb0pic6.shrt124m,15368,True,750,51,0,0,0,0,0.0,,0,0,300000,300000,0,0,0,ok,,
1083,,,,joke2k__faker.8b401a7d.lm_rewrite__8bb0pic6.shrt124m,4,joke2k__faker.8b401a7d.lm_rewrite__8bb0pic6.shrt124m,16169,True,35,52,0,0,0,0,0.0,,0,0,400000,400000,0,0,0,ok,,
1084,,,,joke2k__faker.8b401a7d.lm_rewrite__8bb0pic6.shrt124m,5,joke2k__faker.8b401a7d.lm_rewrite__8bb0pic6.shrt124m,16256,True,424,44,0,0,0,0,0.0,,0,0,500000,500000,0,0,0,ok,,
1085,,,,joke2k__faker.8b401a7d.lm_rewrite__8bb0pic6.shrt124m,6,joke2k__faker.8b401a7d.lm_rewrite__8bb0pic6.shrt124m,16724,True,591,237,0,0,0,0,0.0,,0,0,600000,600000,0,0,0,ok,,
1086,,,,joke2k__faker.8b401a7d.lm_rewrite__8bb0pic6.shrt124m,7,joke2k__faker.8b401a7d.lm_rewrite__8bb0pic6.shrt124m,17552,True,19,35,0,0,0,0,0.0,,0,0,700000,700000,0,0,0,ok,,
1087,,,,joke2k__faker.8b401a7d.lm_rewrite__8bb0pic6.shrt124m,8,joke2k__faker.8b401a7d.lm_rewrite__8bb0pic6.shrt124m,17606,True,66,734,0,0,0,0,0.0,,0,0,800000,800000,0,0,0,ok,,
1088,,,,joke2k__faker.8b401a7d.lm_rewrite__8bb0pic6.shrt124m,9,joke2k__faker.8b401a7d.lm_rewrite__8bb0pic6.shrt124m,18406,True,733,32,0,0,0,0,0.0,,0,0,900000,900000,0,0,0,ok,,
1089,,,,joke2k__faker.8b401a7d.lm_rewrite__8bb0pic6.shrt124m,10,joke2k__faker.8b401a7d.lm_rewrite__8bb0pic6.shrt124m,19171,True,191,268,0,0,0,0,0.0,,0,0,1000000,1000000,0,0,0,ok,,
1090,,,,joke2k__faker.8b401a7d.lm_rewrite__8bb0pic6.shrt124m,11,joke2k__faker.8b401a7d.lm_rewrite__8bb0pic6.shrt124m,19630,True,298,32,0,0,0,0,0.0,,0,0,1100000,1100000,0,0,0,ok,,
1091,,,,joke2k__faker.8b401a7d.lm_rewrite__8bb0pic6.shrt124m,12,joke2k__faker.8b401a7d.lm_rewrite__8bb0pic6.shrt124m,19960,True,231,399,0,0,0,0,0.0,,0,0,1200000,1200000,0,0,0,ok,,
1092,,,,joke2k__faker.8b401a7d.lm_rewrite__8bb0pic6.shrt124m,13,joke2k__faker.8b401a7d.lm_rewrite__8bb0pic6.shrt124m,20590,True,500,32,0,0,0,0,0.0,,0,0,1300000,1300000,0,0,0,ok,,
1093,,,,joke2k__faker.8b401a7d.lm_rewrite__8bb0pic6.shrt124m,14,joke2k__faker.8b401a7d.lm_rewrite__8bb0pic6.shrt124m,21122,True,143,393,0,0,0,0,0.0,,0,0,1400000,1400000,0,0,0,ok,,
1094,,,,joke2k__faker.8b401a7d.lm_rewrite__8bb0pic6.shrt124m,15,joke2k__faker.8b401a7d.lm_rewrite__8bb0pic6.shrt124m,21658,True,18,32,0,0,0,0,0.0,,0,0,1500000,1500000,0,0,0,ok,,
1095,,,,joke2k__faker.8b401a7d.lm_rewrite__8bb0pic6.shrt124m,16,joke2k__faker.8b401a7d.lm_rewrite__8bb0pic6.shrt124m,21708,True,41,593,0,0,0,0,0.0,,0,0,1600000,1600000,0,0,0,ok,,
1096,,,,joke2k__faker.8b401a7d.lm_rewrite__8bb0pic6.shrt124m,17,joke2k__faker.8b401a7d.lm_rewrite__8bb0pic6.shrt124m,22342,True,610,41,0,0,0,0,0.0,,0,0,1700000,1700000,0,0,0,ok,,
1097,,,,joke2k__faker.8b401a7d.lm_rewrite__8bb0pic6.shrt124m,18,joke2k__faker.8b401a7d.lm_rewrite__8bb0pic6.shrt124m,22993,True,41,819,0,0,0,0,0.0,,0,0,1800000,1800000,0,0,0,ok,,
1098,,,,joke2k__faker.8b401a7d.lm_rewrite__8bb0pic6.shrt124m,19,joke2k__faker.8b401a7d.lm_rewrite__8bb0pic6.shrt124m,23853,True,670,32,0,0,0,0,0.0,,0,0,1900000,1900000,0,0,0,ok,,
1099,,,,joke2k__faker.8b401a7d.lm_rewrite__8bb0pic6.shrt124m,20,joke2k__faker.8b401a7d.lm_rewrite__8bb0pic6.shrt124m,24555,True,45,87,0,0,0,0,0.0,,0,0,2000000,2000000,0,0,0,ok,,
1100,,,,joke2k__faker.8b401a7d.lm_rewrite__8bb0pic6.shrt124m,21,joke2k__faker.8b401a7d.lm_rewrite__8bb0pic6.shrt124m,24687,True,143,466,0,0,0,0,0.0,,0,0,2100000,2100000,0,0,0,ok,,
1101,,,,joke2k__faker.8b401a7d.lm_rewrite__8bb0pic6.shrt124m,22,joke2k__faker.8b401a7d.lm_rewrite__8bb0pic6.shrt124m,25296,True,18,32,0,0,0,0,0.0,,0,0,2200000,2200000,0,0,0,ok,,
1102,,,,joke2k__faker.8b401a7d.lm_rewrite__8bb0pic6.shrt124m,23,joke2k__faker.8b401a7d.lm_rewrite__8bb0pic6.shrt124m,25346,True,115,193,0,0,0,0,0.0,,0,0,2300000,2300000,0,0,0,ok,,
1103,,,,joke2k__faker.8b401a7d.lm_rewrite__8bb0pic6.shrt124m,24,joke2k__faker.8b401a7d.lm_rewrite__8bb0pic6.shrt124m,25654,True,2804,49,0,0,0,0,0.0,,0,0,2400000,2400000,0,0,0,ok,,
1104,,,,joke2k__faker.8b401a7d.lm_rewrite__8bb0pic6.shrt124m,25,joke2k__faker.8b401a7d.lm_rewrite__8bb0pic6.shrt124m,28507,True,11,8,0,0,0,0,0.0,,0,0,2500000,2500000,0,0,0,ok,,
1105,,,,conan-io__conan.86f29e13.pr_14776.mr84oqlq,0,swe_smith_system_prompt,924,True,430,74,0,0,0,0,0.0,,0,0,0,0,0,0,0,ok,,
1106,,,,conan-io__conan.86f29e13.pr_14776.mr84oqlq,1,conan-io__conan.86f29e13.pr_14776.mr84oqlq,1428,True,15181,70,0,0,0,0,0.0,,0,0,100000,100000,0,0,0,ok,,
1107,,,,conan-io__conan.86f29e13.pr_14776.mr84oqlq,2,conan-io__conan.86f29e13.pr_14776.mr84oqlq,16679,True,150,62,0,0,0,0,0.0,,0,0,200000,200000,0,0,0,ok,,
1108,,,,conan-io__conan.86f29e13.pr_14776.mr84oqlq,3,conan-io__conan.86f29e13.pr_14776.mr84oqlq,16891,True,5501,702,0,0,0,0,0.0,,0,0,300000,300000,0,0,0,ok,,
1109,,,,conan-io__conan.86f29e13.pr_14776.mr84oqlq,4,conan-io__conan.86f29e13.pr_14776.mr84oqlq,23094,True,20,36,0,0,0,0,0.0,,0,0,400000,400000,0,0,0,ok,,
1110,,,,conan-io__conan.86f29e13.pr_14776.mr84oqlq,5,conan-io__conan.86f29e13.pr_14776.mr84oqlq,23150,True,114,451,0,0,0,0,0.0,,0,0,500000,500000,0,0,0,ok,,
1111,,,,conan-io__conan.86f29e13.pr_14776.mr84oqlq,6,conan-io__conan.86f29e13.pr_14776.mr84oqlq,23715,True,413,40,0,0,0,0,0.0,,0,0,600000,600000,0,0,0,ok,,
1112,,,,conan-io__conan.86f29e13.pr_14776.mr84oqlq,7,conan-io__conan.86f29e13.pr_14776.mr84oqlq,24168,True,117,100,0,0,0,0,0.0,,0,0,700000,700000,0,0,0,ok,,
1113,,,,conan-io__conan.86f29e13.pr_14776.mr84oqlq,8,conan-io__conan.86f29e13.pr_14776.mr84oqlq,24385,True,49,60,0,0,0,0,0.0,,0,0,800000,800000,0,0,0,ok,,
1114,,,,conan-io__conan.86f29e13.pr_14776.mr84oqlq,9,conan-io__conan.86f29e13.pr_14776.mr84oqlq,24494,True,1153,144,0,0,0,0,0.0,,0,0,900000,900000,0,0,0,ok,,
1115,,,,conan-io__conan.86f29e13.pr_14776.mr84oqlq,10,conan-io__conan.86f29e13.pr_14776.mr84oqlq,25791,True,11,61,0,0,0,0,0.0,,0,0,1000000,1000000,0,0,0,ok,,
1116,,,,conan-io__conan.86f29e13.pr_14776.mr84oqlq,11,conan-io__conan.86f29e13.pr_14776.mr84oqlq,25863,True,117,57,0,0,0,0,0.0,,0,0,1100000,1100000,0,0,0,ok,,
1117,,,,conan-io__conan.86f29e13.pr_14776.mr84oqlq,12,conan-io__conan.86f29e13.pr_14776.mr84oqlq,26037,True,988,61,0,0,0,0,0.0,,0,0,1200000,1200000,0,0,0,ok,,
1118,,,,conan-io__conan.86f29e13.pr_14776.mr84oqlq,13,conan-io__conan.86f29e13.pr_14776.mr84oqlq,27086,True,837,36,0,0,0,0,0.0,,0,0,1300000,1300000,0,0,0,ok,,
1119,,,,conan-io__conan.86f29e13.pr_14776.mr84oqlq,14,conan-io__conan.86f29e13.pr_14776.mr84oqlq,27959,True,1243,36,0,0,0,0,0.0,,0,0,1400000,1400000,0,0,0,ok,,
1120,,,,conan-io__conan.86f29e13.pr_14776.mr84oqlq,15,conan-io__conan.86f29e13.pr_14776.mr84oqlq,29238,True,11,8,0,0,0,0,0.0,,0,0,1500000,1500000,0,0,0,ok,,
1121,,,,encode__starlette.db5063c2.lm_rewrite__s8usb1wm.nj2l37xs,0,swe_smith_system_prompt,924,True,495,108,0,0,0,0,0.0,,0,0,0,0,0,0,0,ok,,
1122,,,,encode__starlette.db5063c2.lm_rewrite__s8usb1wm.nj2l37xs,1,encode__starlette.db5063c2.lm_rewrite__s8usb1wm.nj2l37xs,1527,True,701,56,0,0,0,0,0.0,,0,0,100000,100000,0,0,0,ok,,
1123,,,,encode__starlette.db5063c2.lm_rewrite__s8usb1wm.nj2l37xs,2,encode__starlette.db5063c2.lm_rewrite__s8usb1wm.nj2l37xs,2284,True,2001,51,0,0,0,0,0.0,,0,0,200000,200000,0,0,0,ok,,
1124,,,,encode__starlette.db5063c2.lm_rewrite__s8usb1wm.nj2l37xs,3,encode__starlette.db5063c2.lm_rewrite__s8usb1wm.nj2l37xs,4336,True,2255,184,0,0,0,0,0.0,,0,0,300000,300000,0,0,0,ok,,
1125,,,,encode__starlette.db5063c2.lm_rewrite__s8usb1wm.nj2l37xs,4,encode__starlette.db5063c2.lm_rewrite__s8usb1wm.nj2l37xs,6775,True,19,36,0,0,0,0,0.0,,0,0,400000,400000,0,0,0,ok,,
1126,,,,encode__starlette.db5063c2.lm_rewrite__s8usb1wm.nj2l37xs,5,encode__starlette.db5063c2.lm_rewrite__s8usb1wm.nj2l37xs,6830,True,33,533,0,0,0,0,0.0,,0,0,500000,500000,0,0,0,ok,,
1127,,,,encode__starlette.db5063c2.lm_rewrite__s8usb1wm.nj2l37xs,6,encode__starlette.db5063c2.lm_rewrite__s8usb1wm.nj2l37xs,7396,True,459,47,0,0,0,0,0.0,,0,0,600000,600000,0,0,0,ok,,
1128,,,,encode__starlette.db5063c2.lm_rewrite__s8usb1wm.nj2l37xs,7,encode__starlette.db5063c2.lm_rewrite__s8usb1wm.nj2l37xs,7902,True,18,745,0,0,0,0,0.0,,0,0,700000,700000,0,0,0,ok,,
1129,,,,encode__starlette.db5063c2.lm_rewrite__s8usb1wm.nj2l37xs,8,encode__starlette.db5063c2.lm_rewrite__s8usb1wm.nj2l37xs,8665,True,19,36,0,0,0,0,0.0,,0,0,800000,800000,0,0,0,ok,,
1130,,,,encode__starlette.db5063c2.lm_rewrite__s8usb1wm.nj2l37xs,9,encode__starlette.db5063c2.lm_rewrite__s8usb1wm.nj2l37xs,8720,True,161,262,0,0,0,0,0.0,,0,0,900000,900000,0,0,0,ok,,
1131,,,,encode__starlette.db5063c2.lm_rewrite__s8usb1wm.nj2l37xs,10,encode__starlette.db5063c2.lm_rewrite__s8usb1wm.nj2l37xs,9143,True,1528,43,0,0,0,0,0.0,,0,0,1000000,1000000,0,0,0,ok,,
1132,,,,encode__starlette.db5063c2.lm_rewrite__s8usb1wm.nj2l37xs,11,encode__starlette.db5063c2.lm_rewrite__s8usb1wm.nj2l37xs,10714,True,11,14,0,0,0,0,0.0,,0,0,1100000,1100000,0,0,0,ok,,
1133,,,,marshmallow-code__apispec.8b421526.2.axgbs3ec,0,swe_smith_system_prompt,924,True,491,74,0,0,0,0,0.0,,0,0,0,0,0,0,0,ok,,
1134,,,,marshmallow-code__apispec.8b421526.2.axgbs3ec,1,marshmallow-code__apispec.8b421526.2.axgbs3ec,1489,True,416,53,0,0,0,0,0.0,,0,0,100000,100000,0,0,0,ok,,
1135,,,,marshmallow-code__apispec.8b421526.2.axgbs3ec,2,marshmallow-code__apispec.8b421526.2.axgbs3ec,1958,True,154,58,0,0,0,0,0.0,,0,0,200000,200000,0,0,0,ok,,
1136,,,,marshmallow-code__apispec.8b421526.2.axgbs3ec,3,marshmallow-code__apispec.8b421526.2.axgbs3ec,2170,True,139,60,0,0,0,0,0.0,,0,0,300000,300000,0,0,0,ok,,
1137,,,,marshmallow-code__apispec.8b421526.2.axgbs3ec,4,marshmallow-code__apispec.8b421526.2.axgbs3ec,2369,True,4170,560,0,0,0,0,0.0,,0,0,400000,400000,0,0,0,ok,,
1138,,,,marshmallow-code__apispec.8b421526.2.axgbs3ec,5,marshmallow-code__apispec.8b421526.2.axgbs3ec,7099,True,18,34,0,0,0,0,0.0,,0,0,500000,500000,0,0,0,ok,,
1139,,,,marshmallow-code__apispec.8b421526.2.axgbs3ec,6,marshmallow-code__apispec.8b421526.2.axgbs3ec,7151,True,250,206,0,0,0,0,0.0,,0,0,600000,600000,0,0,0,ok,,
1140,,,,marshmallow-code__apispec.8b421526.2.axgbs3ec,7,marshmallow-code__apispec.8b421526.2.axgbs3ec,7607,True,255,167,0,0,0,0,0.0,,0,0,700000,700000,0,0,0,ok,,
1141,,,,marshmallow-code__apispec.8b421526.2.axgbs3ec,8,marshmallow-code__apispec.8b421526.2.axgbs3ec,8029,True,241,31,0,0,0,0,0.0,,0,0,800000,800000,0,0,0,ok,,
1142,,,,pydicom__pydicom.7d361b3d.func_pm_remove_loop__j8tuhsvb.tf2siqd8,0,swe_smith_system_prompt,924,True,637,93,0,0,0,0,0.0,,0,0,0,0,0,0,0,ok,,
1143,,,,pydicom__pydicom.7d361b3d.func_pm_remove_loop__j8tuhsvb.tf2siqd8,1,pydicom__pydicom.7d361b3d.func_pm_remove_loop__j8tuhsvb.tf2siqd8,1654,True,16,52,0,0,0,0,0.0,,0,0,100000,100000,0,0,0,ok,,
1144,,,,pydicom__pydicom.7d361b3d.func_pm_remove_loop__j8tuhsvb.tf2siqd8,2,pydicom__pydicom.7d361b3d.func_pm_remove_loop__j8tuhsvb.tf2siqd8,1722,True,3709,66,0,0,0,0,0.0,,0,0,200000,200000,0,0,0,ok,,
1145,,,,pydicom__pydicom.7d361b3d.func_pm_remove_loop__j8tuhsvb.tf2siqd8,3,pydicom__pydicom.7d361b3d.func_pm_remove_loop__j8tuhsvb.tf2siqd8,5497,True,557,140,0,0,0,0,0.0,,0,0,300000,300000,0,0,0,ok,,
1146,,,,pydicom__pydicom.7d361b3d.func_pm_remove_loop__j8tuhsvb.tf2siqd8,4,pydicom__pydicom.7d361b3d.func_pm_remove_loop__j8tuhsvb.tf2siqd8,6194,True,940,70,0,0,0,0,0.0,,0,0,400000,400000,0,0,0,ok,,
1147,,,,pydicom__pydicom.7d361b3d.func_pm_remove_loop__j8tuhsvb.tf2siqd8,5,pydicom__pydicom.7d361b3d.func_pm_remove_loop__j8tuhsvb.tf2siqd8,7204,True,233,202,0,0,0,0,0.0,,0,0,500000,500000,0,0,0,ok,,
1148,,,,pydicom__pydicom.7d361b3d.func_pm_remove_loop__j8tuhsvb.tf2siqd8,6,pydicom__pydicom.7d361b3d.func_pm_remove_loop__j8tuhsvb.tf2siqd8,7639,True,19,36,0,0,0,0,0.0,,0,0,600000,600000,0,0,0,ok,,
1149,,,,pydicom__pydicom.7d361b3d.func_pm_remove_loop__j8tuhsvb.tf2siqd8,7,pydicom__pydicom.7d361b3d.func_pm_remove_loop__j8tuhsvb.tf2siqd8,7694,True,18,988,0,0,0,0,0.0,,0,0,700000,700000,0,0,0,ok,,
1150,,,,pydicom__pydicom.7d361b3d.func_pm_remove_loop__j8tuhsvb.tf2siqd8,8,pydicom__pydicom.7d361b3d.func_pm_remove_loop__j8tuhsvb.tf2siqd8,8700,True,1116,54,0,0,0,0,0.0,,0,0,800000,800000,0,0,0,ok,,
1151,,,,pydicom__pydicom.7d361b3d.func_pm_remove_loop__j8tuhsvb.tf2siqd8,9,pydicom__pydicom.7d361b3d.func_pm_remove_loop__j8tuhsvb.tf2siqd8,9870,True,20,704,0,0,0,0,0.0,,0,0,900000,900000,0,0,0,ok,,
1152,,,,pydicom__pydicom.7d361b3d.func_pm_remove_loop__j8tuhsvb.tf2siqd8,10,pydicom__pydicom.7d361b3d.func_pm_remove_loop__j8tuhsvb.tf2siqd8,10594,True,19,35,0,0,0,0,0.0,,0,0,1000000,1000000,0,0,0,ok,,
1153,,,,pydicom__pydicom.7d361b3d.func_pm_remove_loop__j8tuhsvb.tf2siqd8,11,pydicom__pydicom.7d361b3d.func_pm_remove_loop__j8tuhsvb.tf2siqd8,10648,True,210,1155,0,0,0,0,0.0,,0,0,1100000,1100000,0,0,0,ok,,
1154,,,,pydicom__pydicom.7d361b3d.func_pm_remove_loop__j8tuhsvb.tf2siqd8,12,pydicom__pydicom.7d361b3d.func_pm_remove_loop__j8tuhsvb.tf2siqd8,12013,True,1141,38,0,0,0,0,0.0,,0,0,1200000,1200000,0,0,0,ok,,
1155,,,,pydicom__pydicom.7d361b3d.func_pm_remove_loop__j8tuhsvb.tf2siqd8,13,pydicom__pydicom.7d361b3d.func_pm_remove_loop__j8tuhsvb.tf2siqd8,13192,True,20,27,0,0,0,0,0.0,,0,0,1300000,1300000,0,0,0,ok,,
1156,,,,pydicom__pydicom.7d361b3d.func_pm_remove_loop__j8tuhsvb.tf2siqd8,14,pydicom__pydicom.7d361b3d.func_pm_remove_loop__j8tuhsvb.tf2siqd8,13239,True,210,280,0,0,0,0,0.0,,0,0,1400000,1400000,0,0,0,ok,,
1157,,,,pydicom__pydicom.7d361b3d.func_pm_remove_loop__j8tuhsvb.tf2siqd8,15,pydicom__pydicom.7d361b3d.func_pm_remove_loop__j8tuhsvb.tf2siqd8,13729,True,1658,44,0,0,0,0,0.0,,0,0,1500000,1500000,0,0,0,ok,,
1158,,,,pydicom__pydicom.7d361b3d.func_pm_remove_loop__j8tuhsvb.tf2siqd8,16,pydicom__pydicom.7d361b3d.func_pm_remove_loop__j8tuhsvb.tf2siqd8,15431,True,11,8,0,0,0,0,0.0,,0,0,1600000,1600000,0,0,0,ok,,
1159,,,,pandas-dev__pandas.95280573.pr_47550.rr7ob92o,0,swe_smith_system_prompt,924,True,425,83,0,0,0,0,0.0,,0,0,0,0,0,0,0,ok,,
1160,,,,pandas-dev__pandas.95280573.pr_47550.rr7ob92o,1,pandas-dev__pandas.95280573.pr_47550.rr7ob92o,1432,True,67,46,0,0,0,0,0.0,,0,0,100000,100000,0,0,0,ok,,
1161,,,,pandas-dev__pandas.95280573.pr_47550.rr7ob92o,2,pandas-dev__pandas.95280573.pr_47550.rr7ob92o,1545,True,6530,46,0,0,0,0,0.0,,0,0,200000,200000,0,0,0,ok,,
1162,,,,pandas-dev__pandas.95280573.pr_47550.rr7ob92o,3,pandas-dev__pandas.95280573.pr_47550.rr7ob92o,8121,True,6192,42,0,0,0,0,0.0,,0,0,300000,300000,0,0,0,ok,,
1163,,,,pandas-dev__pandas.95280573.pr_47550.rr7ob92o,4,pandas-dev__pandas.95280573.pr_47550.rr7ob92o,14355,True,99,64,0,0,0,0,0.0,,0,0,400000,400000,0,0,0,ok,,
1164,,,,pandas-dev__pandas.95280573.pr_47550.rr7ob92o,5,pandas-dev__pandas.95280573.pr_47550.rr7ob92o,14518,True,965,64,0,0,0,0,0.0,,0,0,500000,500000,0,0,0,ok,,
1165,,,,pandas-dev__pandas.95280573.pr_47550.rr7ob92o,6,pandas-dev__pandas.95280573.pr_47550.rr7ob92o,15547,True,1746,202,0,0,0,0,0.0,,0,0,600000,600000,0,0,0,ok,,
1166,,,,pandas-dev__pandas.95280573.pr_47550.rr7ob92o,7,pandas-dev__pandas.95280573.pr_47550.rr7ob92o,17495,True,18,33,0,0,0,0,0.0,,0,0,700000,700000,0,0,0,ok,,
1167,,,,pandas-dev__pandas.95280573.pr_47550.rr7ob92o,8,pandas-dev__pandas.95280573.pr_47550.rr7ob92o,17546,True,427,42,0,0,0,0,0.0,,0,0,800000,800000,0,0,0,ok,,
1168,,,,pandas-dev__pandas.95280573.pr_47550.rr7ob92o,9,pandas-dev__pandas.95280573.pr_47550.rr7ob92o,18015,True,43,612,0,0,0,0,0.0,,0,0,900000,900000,0,0,0,ok,,
1169,,,,pandas-dev__pandas.95280573.pr_47550.rr7ob92o,10,pandas-dev__pandas.95280573.pr_47550.rr7ob92o,18670,True,1743,47,0,0,0,0,0.0,,0,0,1000000,1000000,0,0,0,ok,,
1170,,,,pandas-dev__pandas.95280573.pr_47550.rr7ob92o,11,pandas-dev__pandas.95280573.pr_47550.rr7ob92o,20460,True,138,65,0,0,0,0,0.0,,0,0,1100000,1100000,0,0,0,ok,,
1171,,,,pandas-dev__pandas.95280573.pr_47550.rr7ob92o,12,pandas-dev__pandas.95280573.pr_47550.rr7ob92o,20663,True,1432,332,0,0,0,0,0.0,,0,0,1200000,1200000,0,0,0,ok,,
1172,,,,pandas-dev__pandas.95280573.pr_47550.rr7ob92o,13,pandas-dev__pandas.95280573.pr_47550.rr7ob92o,22427,True,76,242,0,0,0,0,0.0,,0,0,1300000,1300000,0,0,0,ok,,
1173,,,,pandas-dev__pandas.95280573.pr_47550.rr7ob92o,14,pandas-dev__pandas.95280573.pr_47550.rr7ob92o,22745,True,422,186,0,0,0,0,0.0,,0,0,1400000,1400000,0,0,0,ok,,
1174,,,,pandas-dev__pandas.95280573.pr_47550.rr7ob92o,15,pandas-dev__pandas.95280573.pr_47550.rr7ob92o,23353,True,778,102,0,0,0,0,0.0,,0,0,1500000,1500000,0,0,0,ok,,
1175,,,,pandas-dev__pandas.95280573.pr_47550.rr7ob92o,16,pandas-dev__pandas.95280573.pr_47550.rr7ob92o,24233,True,838,32,0,0,0,0,0.0,,0,0,1600000,1600000,0,0,0,ok,,
1176,,,,pandas-dev__pandas.95280573.pr_47550.rr7ob92o,17,pandas-dev__pandas.95280573.pr_47550.rr7ob92o,25103,True,173,69,0,0,0,0,0.0,,0,0,1700000,1700000,0,0,0,ok,,
1177,,,,pandas-dev__pandas.95280573.pr_47550.rr7ob92o,18,pandas-dev__pandas.95280573.pr_47550.rr7ob92o,25345,True,173,221,0,0,0,0,0.0,,0,0,1800000,1800000,0,0,0,ok,,
1178,,,,pandas-dev__pandas.95280573.pr_47550.rr7ob92o,19,pandas-dev__pandas.95280573.pr_47550.rr7ob92o,25739,True,32,40,0,0,0,0,0.0,,0,0,1900000,1900000,0,0,0,ok,,
1179,,,,pandas-dev__pandas.95280573.pr_47550.rr7ob92o,20,pandas-dev__pandas.95280573.pr_47550.rr7ob92o,25811,True,219,423,0,0,0,0,0.0,,0,0,2000000,2000000,0,0,0,ok,,
1180,,,,pandas-dev__pandas.95280573.pr_47550.rr7ob92o,21,pandas-dev__pandas.95280573.pr_47550.rr7ob92o,26453,True,565,54,0,0,0,0,0.0,,0,0,2100000,2100000,0,0,0,ok,,
1181,,,,pandas-dev__pandas.95280573.pr_47550.rr7ob92o,22,pandas-dev__pandas.95280573.pr_47550.rr7ob92o,27072,True,75,33,0,0,0,0,0.0,,0,0,2200000,2200000,0,0,0,ok,,
1182,,,,python-hyper__h11.bed0dd4a.11.1qmedxhk,0,swe_smith_system_prompt,924,True,492,77,0,0,0,0,0.0,,0,0,0,0,0,0,0,ok,,
1183,,,,python-hyper__h11.bed0dd4a.11.1qmedxhk,1,python-hyper__h11.bed0dd4a.11.1qmedxhk,1493,True,2260,299,0,0,0,0,0.0,,0,0,100000,100000,0,0,0,ok,,
1184,,,,python-hyper__h11.bed0dd4a.11.1qmedxhk,2,python-hyper__h11.bed0dd4a.11.1qmedxhk,4052,True,18,31,0,0,0,0,0.0,,0,0,200000,200000,0,0,0,ok,,
1185,,,,python-hyper__h11.bed0dd4a.11.1qmedxhk,3,python-hyper__h11.bed0dd4a.11.1qmedxhk,4101,True,49,287,0,0,0,0,0.0,,0,0,300000,300000,0,0,0,ok,,
1186,,,,python-hyper__h11.bed0dd4a.11.1qmedxhk,4,python-hyper__h11.bed0dd4a.11.1qmedxhk,4437,True,284,156,0,0,0,0,0.0,,0,0,400000,400000,0,0,0,ok,,
1187,,,,python-hyper__h11.bed0dd4a.11.1qmedxhk,5,python-hyper__h11.bed0dd4a.11.1qmedxhk,4877,True,49,35,0,0,0,0,0.0,,0,0,500000,500000,0,0,0,ok,,
1188,,,,john-kurkowski__tldextract.3d1bf184.combine_file__effh85g1.f8g4jbb5,0,swe_smith_system_prompt,924,True,868,100,0,0,0,0,0.0,,0,0,0,0,0,0,0,ok,,
1189,,,,john-kurkowski__tldextract.3d1bf184.combine_file__effh85g1.f8g4jbb5,1,john-kurkowski__tldextract.3d1bf184.combine_file__effh85g1.f8g4jbb5,1892,True,172,69,0,0,0,0,0.0,,0,0,100000,100000,0,0,0,ok,,
1190,,,,john-kurkowski__tldextract.3d1bf184.combine_file__effh85g1.f8g4jbb5,2,john-kurkowski__tldextract.3d1bf184.combine_file__effh85g1.f8g4jbb5,2133,True,3523,55,0,0,0,0,0.0,,0,0,200000,200000,0,0,0,ok,,
1191,,,,john-kurkowski__tldextract.3d1bf184.combine_file__effh85g1.f8g4jbb5,3,john-kurkowski__tldextract.3d1bf184.combine_file__effh85g1.f8g4jbb5,5711,True,1837,56,0,0,0,0,0.0,,0,0,300000,300000,0,0,0,ok,,
1192,,,,john-kurkowski__tldextract.3d1bf184.combine_file__effh85g1.f8g4jbb5,4,john-kurkowski__tldextract.3d1bf184.combine_file__effh85g1.f8g4jbb5,7604,True,3436,51,0,0,0,0,0.0,,0,0,400000,400000,0,0,0,ok,,
1193,,,,john-kurkowski__tldextract.3d1bf184.combine_file__effh85g1.f8g4jbb5,5,john-kurkowski__tldextract.3d1bf184.combine_file__effh85g1.f8g4jbb5,11091,True,1047,271,0,0,0,0,0.0,,0,0,500000,500000,0,0,0,ok,,
1194,,,,john-kurkowski__tldextract.3d1bf184.combine_file__effh85g1.f8g4jbb5,6,john-kurkowski__tldextract.3d1bf184.combine_file__effh85g1.f8g4jbb5,12409,True,19,36,0,0,0,0,0.0,,0,0,600000,600000,0,0,0,ok,,
1195,,,,john-kurkowski__tldextract.3d1bf184.combine_file__effh85g1.f8g4jbb5,7,john-kurkowski__tldextract.3d1bf184.combine_file__effh85g1.f8g4jbb5,12464,True,41,851,0,0,0,0,0.0,,0,0,700000,700000,0,0,0,ok,,
1196,,,,john-kurkowski__tldextract.3d1bf184.combine_file__effh85g1.f8g4jbb5,8,john-kurkowski__tldextract.3d1bf184.combine_file__effh85g1.f8g4jbb5,13356,True,1076,32,0,0,0,0,0.0,,0,0,800000,800000,0,0,0,ok,,
1197,,,,john-kurkowski__tldextract.3d1bf184.combine_file__effh85g1.f8g4jbb5,9,john-kurkowski__tldextract.3d1bf184.combine_file__effh85g1.f8g4jbb5,14464,True,139,407,0,0,0,0,0.0,,0,0,900000,900000,0,0,0,ok,,
1198,,,,john-kurkowski__tldextract.3d1bf184.combine_file__effh85g1.f8g4jbb5,10,john-kurkowski__tldextract.3d1bf184.combine_file__effh85g1.f8g4jbb5,15010,True,312,192,0,0,0,0,0.0,,0,0,1000000,1000000,0,0,0,ok,,
1199,,,,john-kurkowski__tldextract.3d1bf184.combine_file__effh85g1.f8g4jbb5,11,john-kurkowski__tldextract.3d1bf184.combine_file__effh85g1.f8g4jbb5,15514,True,279,744,0,0,0,0,0.0,,0,0,1100000,1100000,0,0,0,ok,,
1200,,,,john-kurkowski__tldextract.3d1bf184.combine_file__effh85g1.f8g4jbb5,12,john-kurkowski__tldextract.3d1bf184.combine_file__effh85g1.f8g4jbb5,16537,True,816,302,0,0,0,0,0.0,,0,0,1200000,1200000,0,0,0,ok,,
1201,,,,john-kurkowski__tldextract.3d1bf184.combine_file__effh85g1.f8g4jbb5,13,john-kurkowski__tldextract.3d1bf184.combine_file__effh85g1.f8g4jbb5,17655,True,429,193,0,0,0,0,0.0,,0,0,1300000,1300000,0,0,0,ok,,
1202,,,,john-kurkowski__tldextract.3d1bf184.combine_file__effh85g1.f8g4jbb5,14,john-kurkowski__tldextract.3d1bf184.combine_file__effh85g1.f8g4jbb5,18277,True,268,55,0,0,0,0,0.0,,0,0,1400000,1400000,0,0,0,ok,,
1203,,,,john-kurkowski__tldextract.3d1bf184.combine_file__effh85g1.f8g4jbb5,15,john-kurkowski__tldextract.3d1bf184.combine_file__effh85g1.f8g4jbb5,18600,True,174,1546,0,0,0,0,0.0,,0,0,1500000,1500000,0,0,0,ok,,
1204,,,,john-kurkowski__tldextract.3d1bf184.combine_file__effh85g1.f8g4jbb5,16,john-kurkowski__tldextract.3d1bf184.combine_file__effh85g1.f8g4jbb5,20320,True,19,35,0,0,0,0,0.0,,0,0,1600000,1600000,0,0,0,ok,,
1205,,,,john-kurkowski__tldextract.3d1bf184.combine_file__effh85g1.f8g4jbb5,17,john-kurkowski__tldextract.3d1bf184.combine_file__effh85g1.f8g4jbb5,20374,True,367,447,0,0,0,0,0.0,,0,0,1700000,1700000,0,0,0,ok,,
1206,,,,john-kurkowski__tldextract.3d1bf184.combine_file__effh85g1.f8g4jbb5,18,john-kurkowski__tldextract.3d1bf184.combine_file__effh85g1.f8g4jbb5,21188,True,512,36,0,0,0,0,0.0,,0,0,1800000,1800000,0,0,0,ok,,
1207,,,,john-kurkowski__tldextract.3d1bf184.combine_file__effh85g1.f8g4jbb5,19,john-kurkowski__tldextract.3d1bf184.combine_file__effh85g1.f8g4jbb5,21736,True,368,53,0,0,0,0,0.0,,0,0,1900000,1900000,0,0,0,ok,,
1208,,,,john-kurkowski__tldextract.3d1bf184.combine_file__effh85g1.f8g4jbb5,20,john-kurkowski__tldextract.3d1bf184.combine_file__effh85g1.f8g4jbb5,22157,True,165,338,0,0,0,0,0.0,,0,0,2000000,2000000,0,0,0,ok,,
1209,,,,john-kurkowski__tldextract.3d1bf184.combine_file__effh85g1.f8g4jbb5,21,john-kurkowski__tldextract.3d1bf184.combine_file__effh85g1.f8g4jbb5,22660,True,4187,43,0,0,0,0,0.0,,0,0,2100000,2100000,0,0,0,ok,,
1210,,,,john-kurkowski__tldextract.3d1bf184.combine_file__effh85g1.f8g4jbb5,22,john-kurkowski__tldextract.3d1bf184.combine_file__effh85g1.f8g4jbb5,26890,True,11,8,0,0,0,0,0.0,,0,0,2200000,2200000,0,0,0,ok,,
1211,,,,pandas-dev__pandas.95280573.pr_47550.uctvtkmw,0,swe_smith_system_prompt,924,True,425,83,0,0,0,0,0.0,,0,0,0,0,0,0,0,ok,,
1212,,,,pandas-dev__pandas.95280573.pr_47550.uctvtkmw,1,pandas-dev__pandas.95280573.pr_47550.uctvtkmw,1432,True,67,46,0,0,0,0,0.0,,0,0,100000,100000,0,0,0,ok,,
1213,,,,pandas-dev__pandas.95280573.pr_47550.uctvtkmw,2,pandas-dev__pandas.95280573.pr_47550.uctvtkmw,1545,True,6530,46,0,0,0,0,0.0,,0,0,200000,200000,0,0,0,ok,,
1214,,,,pandas-dev__pandas.95280573.pr_47550.uctvtkmw,3,pandas-dev__pandas.95280573.pr_47550.uctvtkmw,8121,True,6192,42,0,0,0,0,0.0,,0,0,300000,300000,0,0,0,ok,,
1215,,,,pandas-dev__pandas.95280573.pr_47550.uctvtkmw,4,pandas-dev__pandas.95280573.pr_47550.uctvtkmw,14355,True,99,64,0,0,0,0,0.0,,0,0,400000,400000,0,0,0,ok,,
1216,,,,pandas-dev__pandas.95280573.pr_47550.uctvtkmw,5,pandas-dev__pandas.95280573.pr_47550.uctvtkmw,14518,True,965,64,0,0,0,0,0.0,,0,0,500000,500000,0,0,0,ok,,
1217,,,,pandas-dev__pandas.95280573.pr_47550.uctvtkmw,6,pandas-dev__pandas.95280573.pr_47550.uctvtkmw,15547,True,1746,203,0,0,0,0,0.0,,0,0,600000,600000,0,0,0,ok,,
1218,,,,pandas-dev__pandas.95280573.pr_47550.uctvtkmw,7,pandas-dev__pandas.95280573.pr_47550.uctvtkmw,17496,True,18,33,0,0,0,0,0.0,,0,0,700000,700000,0,0,0,ok,,
1219,,,,pandas-dev__pandas.95280573.pr_47550.uctvtkmw,8,pandas-dev__pandas.95280573.pr_47550.uctvtkmw,17547,True,427,45,0,0,0,0,0.0,,0,0,800000,800000,0,0,0,ok,,
1220,,,,pandas-dev__pandas.95280573.pr_47550.uctvtkmw,9,pandas-dev__pandas.95280573.pr_47550.uctvtkmw,18019,True,778,38,0,0,0,0,0.0,,0,0,900000,900000,0,0,0,ok,,
1221,,,,pandas-dev__pandas.95280573.pr_47550.uctvtkmw,10,pandas-dev__pandas.95280573.pr_47550.uctvtkmw,18835,True,43,201,0,0,0,0,0.0,,0,0,1000000,1000000,0,0,0,ok,,
1222,,,,pandas-dev__pandas.95280573.pr_47550.uctvtkmw,11,pandas-dev__pandas.95280573.pr_47550.uctvtkmw,19079,True,46,54,0,0,0,0,0.0,,0,0,1100000,1100000,0,0,0,ok,,
1223,,,,pandas-dev__pandas.95280573.pr_47550.uctvtkmw,12,pandas-dev__pandas.95280573.pr_47550.uctvtkmw,19179,True,718,115,0,0,0,0,0.0,,0,0,1200000,1200000,0,0,0,ok,,
1224,,,,pandas-dev__pandas.95280573.pr_47550.uctvtkmw,13,pandas-dev__pandas.95280573.pr_47550.uctvtkmw,20012,True,274,234,0,0,0,0,0.0,,0,0,1300000,1300000,0,0,0,ok,,
1225,,,,pandas-dev__pandas.95280573.pr_47550.uctvtkmw,14,pandas-dev__pandas.95280573.pr_47550.uctvtkmw,20520,True,348,54,0,0,0,0,0.0,,0,0,1400000,1400000,0,0,0,ok,,
1226,,,,pandas-dev__pandas.95280573.pr_47550.uctvtkmw,15,pandas-dev__pandas.95280573.pr_47550.uctvtkmw,20922,True,778,101,0,0,0,0,0.0,,0,0,1500000,1500000,0,0,0,ok,,
1227,,,,pandas-dev__pandas.95280573.pr_47550.uctvtkmw,16,pandas-dev__pandas.95280573.pr_47550.uctvtkmw,21801,True,356,68,0,0,0,0,0.0,,0,0,1600000,1600000,0,0,0,ok,,
1228,,,,pandas-dev__pandas.95280573.pr_47550.uctvtkmw,17,pandas-dev__pandas.95280573.pr_47550.uctvtkmw,22225,True,64,43,0,0,0,0,0.0,,0,0,1700000,1700000,0,0,0,ok,,
1229,,,,pandas-dev__pandas.95280573.pr_47550.uctvtkmw,18,pandas-dev__pandas.95280573.pr_47550.uctvtkmw,22332,True,778,63,0,0,0,0,0.0,,0,0,1800000,1800000,0,0,0,ok,,
1230,,,,pandas-dev__pandas.95280573.pr_47550.uctvtkmw,19,pandas-dev__pandas.95280573.pr_47550.uctvtkmw,23173,True,1012,39,0,0,0,0,0.0,,0,0,1900000,1900000,0,0,0,ok,,
1231,,,,pandas-dev__pandas.95280573.pr_47550.uctvtkmw,20,pandas-dev__pandas.95280573.pr_47550.uctvtkmw,24224,True,161,78,0,0,0,0,0.0,,0,0,2000000,2000000,0,0,0,ok,,
1232,,,,pandas-dev__pandas.95280573.pr_47550.uctvtkmw,21,pandas-dev__pandas.95280573.pr_47550.uctvtkmw,24463,True,2041,226,0,0,0,0,0.0,,0,0,2100000,2100000,0,0,0,ok,,
1233,,,,pandas-dev__pandas.95280573.pr_47550.uctvtkmw,22,pandas-dev__pandas.95280573.pr_47550.uctvtkmw,26730,True,28,31,0,0,0,0,0.0,,0,0,2200000,2200000,0,0,0,ok,,
1234,,,,pandas-dev__pandas.95280573.pr_47550.uctvtkmw,23,pandas-dev__pandas.95280573.pr_47550.uctvtkmw,26789,True,183,87,0,0,0,0,0.0,,0,0,2300000,2300000,0,0,0,ok,,
1235,,,,pandas-dev__pandas.95280573.pr_47550.uctvtkmw,24,pandas-dev__pandas.95280573.pr_47550.uctvtkmw,27059,True,31,57,0,0,0,0,0.0,,0,0,2400000,2400000,0,0,0,ok,,
1236,,,,pandas-dev__pandas.95280573.pr_47550.uctvtkmw,25,pandas-dev__pandas.95280573.pr_47550.uctvtkmw,27147,True,32,29,0,0,0,0,0.0,,0,0,2500000,2500000,0,0,0,ok,,
1237,,,,conan-io__conan.86f29e13.pr_12505.hgygz8up,0,swe_smith_system_prompt,924,True,562,104,0,0,0,0,0.0,,0,0,0,0,0,0,0,ok,,
1238,,,,conan-io__conan.86f29e13.pr_12505.hgygz8up,1,conan-io__conan.86f29e13.pr_12505.hgygz8up,1590,True,772,75,0,0,0,0,0.0,,0,0,100000,100000,0,0,0,ok,,
1239,,,,conan-io__conan.86f29e13.pr_12505.hgygz8up,2,conan-io__conan.86f29e13.pr_12505.hgygz8up,2437,True,2122,66,0,0,0,0,0.0,,0,0,200000,200000,0,0,0,ok,,
1240,,,,conan-io__conan.86f29e13.pr_12505.hgygz8up,3,conan-io__conan.86f29e13.pr_12505.hgygz8up,4625,True,595,43,0,0,0,0,0.0,,0,0,300000,300000,0,0,0,ok,,
1241,,,,conan-io__conan.86f29e13.pr_12505.hgygz8up,4,conan-io__conan.86f29e13.pr_12505.hgygz8up,5263,True,435,320,0,0,0,0,0.0,,0,0,400000,400000,0,0,0,ok,,
1242,,,,conan-io__conan.86f29e13.pr_12505.hgygz8up,5,conan-io__conan.86f29e13.pr_12505.hgygz8up,6018,True,20,36,0,0,0,0,0.0,,0,0,500000,500000,0,0,0,ok,,
1243,,,,conan-io__conan.86f29e13.pr_12505.hgygz8up,6,conan-io__conan.86f29e13.pr_12505.hgygz8up,6074,True,185,549,0,0,0,0,0.0,,0,0,600000,600000,0,0,0,ok,,
1244,,,,conan-io__conan.86f29e13.pr_12505.hgygz8up,7,conan-io__conan.86f29e13.pr_12505.hgygz8up,6808,True,650,33,0,0,0,0,0.0,,0,0,700000,700000,0,0,0,ok,,
1245,,,,conan-io__conan.86f29e13.pr_12505.hgygz8up,8,conan-io__conan.86f29e13.pr_12505.hgygz8up,7491,True,104,773,0,0,0,0,0.0,,0,0,800000,800000,0,0,0,ok,,
1246,,,,conan-io__conan.86f29e13.pr_12505.hgygz8up,9,conan-io__conan.86f29e13.pr_12505.hgygz8up,8368,True,715,33,0,0,0,0,0.0,,0,0,900000,900000,0,0,0,ok,,
1247,,,,conan-io__conan.86f29e13.pr_12505.hgygz8up,10,conan-io__conan.86f29e13.pr_12505.hgygz8up,9116,True,162,53,0,0,0,0,0.0,,0,0,1000000,1000000,0,0,0,ok,,
1248,,,,conan-io__conan.86f29e13.pr_12505.hgygz8up,11,conan-io__conan.86f29e13.pr_12505.hgygz8up,9331,True,914,943,0,0,0,0,0.0,,0,0,1100000,1100000,0,0,0,ok,,
1249,,,,conan-io__conan.86f29e13.pr_12505.hgygz8up,12,conan-io__conan.86f29e13.pr_12505.hgygz8up,11188,True,923,33,0,0,0,0,0.0,,0,0,1200000,1200000,0,0,0,ok,,
1250,,,,conan-io__conan.86f29e13.pr_12505.hgygz8up,13,conan-io__conan.86f29e13.pr_12505.hgygz8up,12144,True,78,682,0,0,0,0,0.0,,0,0,1300000,1300000,0,0,0,ok,,
1251,,,,conan-io__conan.86f29e13.pr_12505.hgygz8up,14,conan-io__conan.86f29e13.pr_12505.hgygz8up,12904,True,609,1276,0,0,0,0,0.0,,0,0,1400000,1400000,0,0,0,ok,,
1252,,,,conan-io__conan.86f29e13.pr_12505.hgygz8up,15,conan-io__conan.86f29e13.pr_12505.hgygz8up,14789,True,1233,37,0,0,0,0,0.0,,0,0,1500000,1500000,0,0,0,ok,,
1253,,,,conan-io__conan.86f29e13.pr_12505.hgygz8up,16,conan-io__conan.86f29e13.pr_12505.hgygz8up,16059,True,194,1498,0,0,0,0,0.0,,0,0,1600000,1600000,0,0,0,ok,,
1254,,,,conan-io__conan.86f29e13.pr_12505.hgygz8up,17,conan-io__conan.86f29e13.pr_12505.hgygz8up,17751,True,1314,37,0,0,0,0,0.0,,0,0,1700000,1700000,0,0,0,ok,,
1255,,,,conan-io__conan.86f29e13.pr_12505.hgygz8up,18,conan-io__conan.86f29e13.pr_12505.hgygz8up,19102,True,185,952,0,0,0,0,0.0,,0,0,1800000,1800000,0,0,0,ok,,
1256,,,,conan-io__conan.86f29e13.pr_12505.hgygz8up,19,conan-io__conan.86f29e13.pr_12505.hgygz8up,20239,True,1141,38,0,0,0,0,0.0,,0,0,1900000,1900000,0,0,0,ok,,
1257,,,,conan-io__conan.86f29e13.pr_12505.hgygz8up,20,conan-io__conan.86f29e13.pr_12505.hgygz8up,21418,True,306,292,0,0,0,0,0.0,,0,0,2000000,2000000,0,0,0,ok,,
1258,,,,conan-io__conan.86f29e13.pr_12505.hgygz8up,21,conan-io__conan.86f29e13.pr_12505.hgygz8up,22016,True,2301,48,0,0,0,0,0.0,,0,0,2100000,2100000,0,0,0,ok,,
1259,,,,conan-io__conan.86f29e13.pr_12505.hgygz8up,22,conan-io__conan.86f29e13.pr_12505.hgygz8up,24365,True,11,8,0,0,0,0,0.0,,0,0,2200000,2200000,0,0,0,ok,,
1260,,,,cloudpipe__cloudpickle.6220b0ce.18.jo8xwbzo,0,swe_smith_system_prompt,924,True,684,70,0,0,0,0,0.0,,0,0,0,0,0,0,0,ok,,
1261,,,,cloudpipe__cloudpickle.6220b0ce.18.jo8xwbzo,1,cloudpipe__cloudpickle.6220b0ce.18.jo8xwbzo,1678,True,266,56,0,0,0,0,0.0,,0,0,100000,100000,0,0,0,ok,,
1262,,,,cloudpipe__cloudpickle.6220b0ce.18.jo8xwbzo,2,cloudpipe__cloudpickle.6220b0ce.18.jo8xwbzo,2000,True,6384,46,0,0,0,0,0.0,,0,0,200000,200000,0,0,0,ok,,
1263,,,,cloudpipe__cloudpickle.6220b0ce.18.jo8xwbzo,3,cloudpipe__cloudpickle.6220b0ce.18.jo8xwbzo,8430,True,47,67,0,0,0,0,0.0,,0,0,300000,300000,0,0,0,ok,,
1264,,,,cloudpipe__cloudpickle.6220b0ce.18.jo8xwbzo,4,cloudpipe__cloudpickle.6220b0ce.18.jo8xwbzo,8544,True,293,68,0,0,0,0,0.0,,0,0,400000,400000,0,0,0,ok,,
1265,,,,cloudpipe__cloudpickle.6220b0ce.18.jo8xwbzo,5,cloudpipe__cloudpickle.6220b0ce.18.jo8xwbzo,8905,True,206,195,0,0,0,0,0.0,,0,0,500000,500000,0,0,0,ok,,
1266,,,,cloudpipe__cloudpickle.6220b0ce.18.jo8xwbzo,6,cloudpipe__cloudpickle.6220b0ce.18.jo8xwbzo,9306,True,19,37,0,0,0,0,0.0,,0,0,600000,600000,0,0,0,ok,,
1267,,,,cloudpipe__cloudpickle.6220b0ce.18.jo8xwbzo,7,cloudpipe__cloudpickle.6220b0ce.18.jo8xwbzo,9362,True,111,143,0,0,0,0,0.0,,0,0,700000,700000,0,0,0,ok,,
1268,,,,cloudpipe__cloudpickle.6220b0ce.18.jo8xwbzo,8,cloudpipe__cloudpickle.6220b0ce.18.jo8xwbzo,9616,True,115,161,0,0,0,0,0.0,,0,0,800000,800000,0,0,0,ok,,
1269,,,,cloudpipe__cloudpickle.6220b0ce.18.jo8xwbzo,9,cloudpipe__cloudpickle.6220b0ce.18.jo8xwbzo,9892,True,231,46,0,0,0,0,0.0,,0,0,900000,900000,0,0,0,ok,,
1270,,,,cloudpipe__cloudpickle.6220b0ce.18.jo8xwbzo,10,cloudpipe__cloudpickle.6220b0ce.18.jo8xwbzo,10169,True,11,516,0,0,0,0,0.0,,0,0,1000000,1000000,0,0,0,ok,,
1271,,,,cloudpipe__cloudpickle.6220b0ce.18.jo8xwbzo,11,cloudpipe__cloudpickle.6220b0ce.18.jo8xwbzo,10696,True,19,42,0,0,0,0,0.0,,0,0,1100000,1100000,0,0,0,ok,,
1272,,,,cloudpipe__cloudpickle.6220b0ce.18.jo8xwbzo,12,cloudpipe__cloudpickle.6220b0ce.18.jo8xwbzo,10757,True,121,353,0,0,0,0,0.0,,0,0,1200000,1200000,0,0,0,ok,,
1273,,,,cloudpipe__cloudpickle.6220b0ce.18.jo8xwbzo,13,cloudpipe__cloudpickle.6220b0ce.18.jo8xwbzo,11231,True,355,43,0,0,0,0,0.0,,0,0,1300000,1300000,0,0,0,ok,,
1274,,,,cloudpipe__cloudpickle.6220b0ce.18.jo8xwbzo,14,cloudpipe__cloudpickle.6220b0ce.18.jo8xwbzo,11629,True,62,31,0,0,0,0,0.0,,0,0,1400000,1400000,0,0,0,ok,,
1275,,,,un33k__python-slugify.872b3750.39.njhy2mbs,0,swe_smith_system_prompt,924,True,645,62,0,0,0,0,0.0,,0,0,0,0,0,0,0,ok,,
1276,,,,un33k__python-slugify.872b3750.39.njhy2mbs,1,un33k__python-slugify.872b3750.39.njhy2mbs,1631,True,179,53,0,0,0,0,0.0,,0,0,100000,100000,0,0,0,ok,,
1277,,,,un33k__python-slugify.872b3750.39.njhy2mbs,2,un33k__python-slugify.872b3750.39.njhy2mbs,1863,True,168,45,0,0,0,0,0.0,,0,0,200000,200000,0,0,0,ok,,
1278,,,,un33k__python-slugify.872b3750.39.njhy2mbs,3,un33k__python-slugify.872b3750.39.njhy2mbs,2076,True,6729,44,0,0,0,0,0.0,,0,0,300000,300000,0,0,0,ok,,
1279,,,,un33k__python-slugify.872b3750.39.njhy2mbs,4,un33k__python-slugify.872b3750.39.njhy2mbs,8849,True,34,79,0,0,0,0,0.0,,0,0,400000,400000,0,0,0,ok,,
1280,,,,un33k__python-slugify.872b3750.39.njhy2mbs,5,un33k__python-slugify.872b3750.39.njhy2mbs,8962,True,98,48,0,0,0,0,0.0,,0,0,500000,500000,0,0,0,ok,,
1281,,,,un33k__python-slugify.872b3750.39.njhy2mbs,6,un33k__python-slugify.872b3750.39.njhy2mbs,9108,True,104,50,0,0,0,0,0.0,,0,0,600000,600000,0,0,0,ok,,
1282,,,,un33k__python-slugify.872b3750.39.njhy2mbs,7,un33k__python-slugify.872b3750.39.njhy2mbs,9262,True,183,129,0,0,0,0,0.0,,0,0,700000,700000,0,0,0,ok,,
1283,,,,un33k__python-slugify.872b3750.39.njhy2mbs,8,un33k__python-slugify.872b3750.39.njhy2mbs,9574,True,18,32,0,0,0,0,0.0,,0,0,800000,800000,0,0,0,ok,,
1284,,,,un33k__python-slugify.872b3750.39.njhy2mbs,9,un33k__python-slugify.872b3750.39.njhy2mbs,9624,True,58,260,0,0,0,0,0.0,,0,0,900000,900000,0,0,0,ok,,
1285,,,,un33k__python-slugify.872b3750.39.njhy2mbs,10,un33k__python-slugify.872b3750.39.njhy2mbs,9942,True,18,33,0,0,0,0,0.0,,0,0,1000000,1000000,0,0,0,ok,,
1286,,,,un33k__python-slugify.872b3750.39.njhy2mbs,11,un33k__python-slugify.872b3750.39.njhy2mbs,9993,True,11,14,0,0,0,0,0.0,,0,0,1100000,1100000,0,0,0,ok,,
1287,,,,un33k__python-slugify.872b3750.39.njhy2mbs,12,un33k__python-slugify.872b3750.39.njhy2mbs,10018,True,547,36,0,0,0,0,0.0,,0,0,1200000,1200000,0,0,0,ok,,
1288,,,,marshmallow-code__marshmallow.9716fc62.lm_rewrite__d2oxpo8q.6e1k31l9,0,swe_smith_system_prompt,924,True,609,71,0,0,0,0,0.0,,0,0,0,0,0,0,0,ok,,
1289,,,,marshmallow-code__marshmallow.9716fc62.lm_rewrite__d2oxpo8q.6e1k31l9,1,marshmallow-code__marshmallow.9716fc62.lm_rewrite__d2oxpo8q.6e1k31l9,1604,True,383,55,0,0,0,0,0.0,,0,0,100000,100000,0,0,0,ok,,
1290,,,,marshmallow-code__marshmallow.9716fc62.lm_rewrite__d2oxpo8q.6e1k31l9,2,marshmallow-code__marshmallow.9716fc62.lm_rewrite__d2oxpo8q.6e1k31l9,2042,True,6246,70,0,0,0,0,0.0,,0,0,200000,200000,0,0,0,ok,,
1291,,,,marshmallow-code__marshmallow.9716fc62.lm_rewrite__d2oxpo8q.6e1k31l9,3,marshmallow-code__marshmallow.9716fc62.lm_rewrite__d2oxpo8q.6e1k31l9,8358,True,69,63,0,0,0,0,0.0,,0,0,300000,300000,0,0,0,ok,,
1292,,,,marshmallow-code__marshmallow.9716fc62.lm_rewrite__d2oxpo8q.6e1k31l9,4,marshmallow-code__marshmallow.9716fc62.lm_rewrite__d2oxpo8q.6e1k31l9,8490,True,421,64,0,0,0,0,0.0,,0,0,400000,400000,0,0,0,ok,,
1293,,,,marshmallow-code__marshmallow.9716fc62.lm_rewrite__d2oxpo8q.6e1k31l9,5,marshmallow-code__marshmallow.9716fc62.lm_rewrite__d2oxpo8q.6e1k31l9,8975,True,558,308,0,0,0,0,0.0,,0,0,500000,500000,0,0,0,ok,,
1294,,,,marshmallow-code__marshmallow.9716fc62.lm_rewrite__d2oxpo8q.6e1k31l9,6,marshmallow-code__marshmallow.9716fc62.lm_rewrite__d2oxpo8q.6e1k31l9,9841,True,18,34,0,0,0,0,0.0,,0,0,600000,600000,0,0,0,ok,,
1295,,,,marshmallow-code__marshmallow.9716fc62.lm_rewrite__d2oxpo8q.6e1k31l9,7,marshmallow-code__marshmallow.9716fc62.lm_rewrite__d2oxpo8q.6e1k31l9,9893,True,85,540,0,0,0,0,0.0,,0,0,700000,700000,0,0,0,ok,,
1296,,,,marshmallow-code__marshmallow.9716fc62.lm_rewrite__d2oxpo8q.6e1k31l9,8,marshmallow-code__marshmallow.9716fc62.lm_rewrite__d2oxpo8q.6e1k31l9,10518,True,609,499,0,0,0,0,0.0,,0,0,800000,800000,0,0,0,ok,,
1297,,,,marshmallow-code__marshmallow.9716fc62.lm_rewrite__d2oxpo8q.6e1k31l9,9,marshmallow-code__marshmallow.9716fc62.lm_rewrite__d2oxpo8q.6e1k31l9,11626,True,560,40,0,0,0,0,0.0,,0,0,900000,900000,0,0,0,ok,,
1298,,,,marshmallow-code__marshmallow.9716fc62.lm_rewrite__d2oxpo8q.6e1k31l9,10,marshmallow-code__marshmallow.9716fc62.lm_rewrite__d2oxpo8q.6e1k31l9,12226,True,91,417,0,0,0,0,0.0,,0,0,1000000,1000000,0,0,0,ok,,
1299,,,,marshmallow-code__marshmallow.9716fc62.lm_rewrite__d2oxpo8q.6e1k31l9,11,marshmallow-code__marshmallow.9716fc62.lm_rewrite__d2oxpo8q.6e1k31l9,12734,True,19,34,0,0,0,0,0.0,,0,0,1100000,1100000,0,0,0,ok,,
1300,,,,marshmallow-code__marshmallow.9716fc62.lm_rewrite__d2oxpo8q.6e1k31l9,12,marshmallow-code__marshmallow.9716fc62.lm_rewrite__d2oxpo8q.6e1k31l9,12787,True,233,75,0,0,0,0,0.0,,0,0,1200000,1200000,0,0,0,ok,,
1301,,,,marshmallow-code__marshmallow.9716fc62.lm_rewrite__d2oxpo8q.6e1k31l9,13,marshmallow-code__marshmallow.9716fc62.lm_rewrite__d2oxpo8q.6e1k31l9,13095,True,16,65,0,0,0,0,0.0,,0,0,1300000,1300000,0,0,0,ok,,
1302,,,,marshmallow-code__marshmallow.9716fc62.lm_rewrite__d2oxpo8q.6e1k31l9,14,marshmallow-code__marshmallow.9716fc62.lm_rewrite__d2oxpo8q.6e1k31l9,13176,True,1805,66,0,0,0,0,0.0,,0,0,1400000,1400000,0,0,0,ok,,
1303,,,,marshmallow-code__marshmallow.9716fc62.lm_rewrite__d2oxpo8q.6e1k31l9,15,marshmallow-code__marshmallow.9716fc62.lm_rewrite__d2oxpo8q.6e1k31l9,15047,True,1594,46,0,0,0,0,0.0,,0,0,1500000,1500000,0,0,0,ok,,
1304,,,,marshmallow-code__marshmallow.9716fc62.lm_rewrite__d2oxpo8q.6e1k31l9,16,marshmallow-code__marshmallow.9716fc62.lm_rewrite__d2oxpo8q.6e1k31l9,16687,True,15,54,0,0,0,0,0.0,,0,0,1600000,1600000,0,0,0,ok,,
1305,,,,marshmallow-code__marshmallow.9716fc62.lm_rewrite__d2oxpo8q.6e1k31l9,17,marshmallow-code__marshmallow.9716fc62.lm_rewrite__d2oxpo8q.6e1k31l9,16756,True,1003,271,0,0,0,0,0.0,,0,0,1700000,1700000,0,0,0,ok,,
1306,,,,marshmallow-code__marshmallow.9716fc62.lm_rewrite__d2oxpo8q.6e1k31l9,18,marshmallow-code__marshmallow.9716fc62.lm_rewrite__d2oxpo8q.6e1k31l9,18030,True,318,196,0,0,0,0,0.0,,0,0,1800000,1800000,0,0,0,ok,,
1307,,,,marshmallow-code__marshmallow.9716fc62.lm_rewrite__d2oxpo8q.6e1k31l9,19,marshmallow-code__marshmallow.9716fc62.lm_rewrite__d2oxpo8q.6e1k31l9,18544,True,146,86,0,0,0,0,0.0,,0,0,1900000,1900000,0,0,0,ok,,
1308,,,,marshmallow-code__marshmallow.9716fc62.lm_rewrite__d2oxpo8q.6e1k31l9,20,marshmallow-code__marshmallow.9716fc62.lm_rewrite__d2oxpo8q.6e1k31l9,18776,True,233,51,0,0,0,0,0.0,,0,0,2000000,2000000,0,0,0,ok,,
1309,,,,marshmallow-code__marshmallow.9716fc62.lm_rewrite__d2oxpo8q.6e1k31l9,21,marshmallow-code__marshmallow.9716fc62.lm_rewrite__d2oxpo8q.6e1k31l9,19060,True,91,148,0,0,0,0,0.0,,0,0,2100000,2100000,0,0,0,ok,,
1310,,,,marshmallow-code__marshmallow.9716fc62.lm_rewrite__d2oxpo8q.6e1k31l9,22,marshmallow-code__marshmallow.9716fc62.lm_rewrite__d2oxpo8q.6e1k31l9,19299,True,1336,42,0,0,0,0,0.0,,0,0,2200000,2200000,0,0,0,ok,,
1311,,,,marshmallow-code__marshmallow.9716fc62.lm_rewrite__d2oxpo8q.6e1k31l9,23,marshmallow-code__marshmallow.9716fc62.lm_rewrite__d2oxpo8q.6e1k31l9,20677,True,11,8,0,0,0,0,0.0,,0,0,2300000,2300000,0,0,0,ok,,
1312,,,,pallets__jinja.ada0a9a6.func_pm_ctrl_shuffle__l3wqpvmt.9olr9260,0,swe_smith_system_prompt,924,True,569,100,0,0,0,0,0.0,,0,0,0,0,0,0,0,ok,,
1313,,,,pallets__jinja.ada0a9a6.func_pm_ctrl_shuffle__l3wqpvmt.9olr9260,1,pallets__jinja.ada0a9a6.func_pm_ctrl_shuffle__l3wqpvmt.9olr9260,1593,True,613,75,0,0,0,0,0.0,,0,0,100000,100000,0,0,0,ok,,
1314,,,,pallets__jinja.ada0a9a6.func_pm_ctrl_shuffle__l3wqpvmt.9olr9260,2,pallets__jinja.ada0a9a6.func_pm_ctrl_shuffle__l3wqpvmt.9olr9260,2281,True,225,79,0,0,0,0,0.0,,0,0,200000,200000,0,0,0,ok,,
1315,,,,pallets__jinja.ada0a9a6.func_pm_ctrl_shuffle__l3wqpvmt.9olr9260,3,pallets__jinja.ada0a9a6.func_pm_ctrl_shuffle__l3wqpvmt.9olr9260,2585,True,6704,58,0,0,0,0,0.0,,0,0,300000,300000,0,0,0,ok,,
1316,,,,pallets__jinja.ada0a9a6.func_pm_ctrl_shuffle__l3wqpvmt.9olr9260,4,pallets__jinja.ada0a9a6.func_pm_ctrl_shuffle__l3wqpvmt.9olr9260,9347,True,26,69,0,0,0,0,0.0,,0,0,400000,400000,0,0,0,ok,,
1317,,,,pallets__jinja.ada0a9a6.func_pm_ctrl_shuffle__l3wqpvmt.9olr9260,5,pallets__jinja.ada0a9a6.func_pm_ctrl_shuffle__l3wqpvmt.9olr9260,9442,True,280,129,0,0,0,0,0.0,,0,0,500000,500000,0,0,0,ok,,
1318,,,,pallets__jinja.ada0a9a6.func_pm_ctrl_shuffle__l3wqpvmt.9olr9260,6,pallets__jinja.ada0a9a6.func_pm_ctrl_shuffle__l3wqpvmt.9olr9260,9851,True,11,38,0,0,0,0,0.0,,0,0,600000,600000,0,0,0,ok,,
1319,,,,pallets__jinja.ada0a9a6.func_pm_ctrl_shuffle__l3wqpvmt.9olr9260,7,pallets__jinja.ada0a9a6.func_pm_ctrl_shuffle__l3wqpvmt.9olr9260,9900,True,46,303,0,0,0,0,0.0,,0,0,700000,700000,0,0,0,ok,,
1320,,,,pallets__jinja.ada0a9a6.func_pm_ctrl_shuffle__l3wqpvmt.9olr9260,8,pallets__jinja.ada0a9a6.func_pm_ctrl_shuffle__l3wqpvmt.9olr9260,10249,True,18,34,0,0,0,0,0.0,,0,0,800000,800000,0,0,0,ok,,
1321,,,,pallets__jinja.ada0a9a6.func_pm_ctrl_shuffle__l3wqpvmt.9olr9260,9,pallets__jinja.ada0a9a6.func_pm_ctrl_shuffle__l3wqpvmt.9olr9260,10301,True,78,421,0,0,0,0,0.0,,0,0,900000,900000,0,0,0,ok,,
1322,,,,pallets__jinja.ada0a9a6.func_pm_ctrl_shuffle__l3wqpvmt.9olr9260,10,pallets__jinja.ada0a9a6.func_pm_ctrl_shuffle__l3wqpvmt.9olr9260,10800,True,435,118,0,0,0,0,0.0,,0,0,1000000,1000000,0,0,0,ok,,
1323,,,,pallets__jinja.ada0a9a6.func_pm_ctrl_shuffle__l3wqpvmt.9olr9260,11,pallets__jinja.ada0a9a6.func_pm_ctrl_shuffle__l3wqpvmt.9olr9260,11353,True,105,761,0,0,0,0,0.0,,0,0,1100000,1100000,0,0,0,ok,,
1324,,,,pallets__jinja.ada0a9a6.func_pm_ctrl_shuffle__l3wqpvmt.9olr9260,12,pallets__jinja.ada0a9a6.func_pm_ctrl_shuffle__l3wqpvmt.9olr9260,12219,True,19,34,0,0,0,0,0.0,,0,0,1200000,1200000,0,0,0,ok,,
1325,,,,pallets__jinja.ada0a9a6.func_pm_ctrl_shuffle__l3wqpvmt.9olr9260,13,pallets__jinja.ada0a9a6.func_pm_ctrl_shuffle__l3wqpvmt.9olr9260,12272,True,260,282,0,0,0,0,0.0,,0,0,1300000,1300000,0,0,0,ok,,
1326,,,,pallets__jinja.ada0a9a6.func_pm_ctrl_shuffle__l3wqpvmt.9olr9260,14,pallets__jinja.ada0a9a6.func_pm_ctrl_shuffle__l3wqpvmt.9olr9260,12814,True,1624,43,0,0,0,0,0.0,,0,0,1400000,1400000,0,0,0,ok,,
1327,,,,pallets__jinja.ada0a9a6.func_pm_ctrl_shuffle__l3wqpvmt.9olr9260,15,pallets__jinja.ada0a9a6.func_pm_ctrl_shuffle__l3wqpvmt.9olr9260,14481,True,11,8,0,0,0,0,0.0,,0,0,1500000,1500000,0,0,0,ok,,
1328,,,,pyutils__line_profiler.a646bf0f.83.rf8q0vu4,0,swe_smith_system_prompt,924,True,451,81,0,0,0,0,0.0,,0,0,0,0,0,0,0,ok,,
1329,,,,pyutils__line_profiler.a646bf0f.83.rf8q0vu4,1,pyutils__line_profiler.a646bf0f.83.rf8q0vu4,1456,True,267,57,0,0,0,0,0.0,,0,0,100000,100000,0,0,0,ok,,
1330,,,,pyutils__line_profiler.a646bf0f.83.rf8q0vu4,2,pyutils__line_profiler.a646bf0f.83.rf8q0vu4,1780,True,22,54,0,0,0,0,0.0,,0,0,200000,200000,0,0,0,ok,,
1331,,,,pyutils__line_profiler.a646bf0f.83.rf8q0vu4,3,pyutils__line_profiler.a646bf0f.83.rf8q0vu4,1856,True,6334,280,0,0,0,0,0.0,,0,0,300000,300000,0,0,0,ok,,
1332,,,,pyutils__line_profiler.a646bf0f.83.rf8q0vu4,4,pyutils__line_profiler.a646bf0f.83.rf8q0vu4,8470,True,19,35,0,0,0,0,0.0,,0,0,400000,400000,0,0,0,ok,,
1333,,,,pyutils__line_profiler.a646bf0f.83.rf8q0vu4,5,pyutils__line_profiler.a646bf0f.83.rf8q0vu4,8524,True,142,237,0,0,0,0,0.0,,0,0,500000,500000,0,0,0,ok,,
1334,,,,pyutils__line_profiler.a646bf0f.83.rf8q0vu4,6,pyutils__line_profiler.a646bf0f.83.rf8q0vu4,8903,True,210,81,0,0,0,0,0.0,,0,0,600000,600000,0,0,0,ok,,
1335,,,,pyutils__line_profiler.a646bf0f.83.rf8q0vu4,7,pyutils__line_profiler.a646bf0f.83.rf8q0vu4,9194,True,62,308,0,0,0,0,0.0,,0,0,700000,700000,0,0,0,ok,,
1336,,,,pyutils__line_profiler.a646bf0f.83.rf8q0vu4,8,pyutils__line_profiler.a646bf0f.83.rf8q0vu4,9564,True,18,26,0,0,0,0,0.0,,0,0,800000,800000,0,0,0,ok,,
1337,,,,pyutils__line_profiler.a646bf0f.83.rf8q0vu4,9,pyutils__line_profiler.a646bf0f.83.rf8q0vu4,9608,True,92,37,0,0,0,0,0.0,,0,0,900000,900000,0,0,0,ok,,
1338,,,,matthewwithanm__python-markdownify.6258f5c3.lm_rewrite__7w02cnfp.ojlmhj11,0,swe_smith_system_prompt,924,True,659,99,0,0,0,0,0.0,,0,0,0,0,0,0,0,ok,,
1339,,,,matthewwithanm__python-markdownify.6258f5c3.lm_rewrite__7w02cnfp.ojlmhj11,1,matthewwithanm__python-markdownify.6258f5c3.lm_rewrite__7w02cnfp.ojlmhj11,1682,True,110,50,0,0,0,0,0.0,,0,0,100000,100000,0,0,0,ok,,
1340,,,,matthewwithanm__python-markdownify.6258f5c3.lm_rewrite__7w02cnfp.ojlmhj11,2,matthewwithanm__python-markdownify.6258f5c3.lm_rewrite__7w02cnfp.ojlmhj11,1842,True,3164,44,0,0,0,0,0.0,,0,0,200000,200000,0,0,0,ok,,
1341,,,,matthewwithanm__python-markdownify.6258f5c3.lm_rewrite__7w02cnfp.ojlmhj11,3,matthewwithanm__python-markdownify.6258f5c3.lm_rewrite__7w02cnfp.ojlmhj11,5050,True,1338,89,0,0,0,0,0.0,,0,0,300000,300000,0,0,0,ok,,
1342,,,,matthewwithanm__python-markdownify.6258f5c3.lm_rewrite__7w02cnfp.ojlmhj11,4,matthewwithanm__python-markdownify.6258f5c3.lm_rewrite__7w02cnfp.ojlmhj11,6477,True,232,74,0,0,0,0,0.0,,0,0,400000,400000,0,0,0,ok,,
1343,,,,matthewwithanm__python-markdownify.6258f5c3.lm_rewrite__7w02cnfp.ojlmhj11,5,matthewwithanm__python-markdownify.6258f5c3.lm_rewrite__7w02cnfp.ojlmhj11,6783,True,145,72,0,0,0,0,0.0,,0,0,500000,500000,0,0,0,ok,,
1344,,,,matthewwithanm__python-markdownify.6258f5c3.lm_rewrite__7w02cnfp.ojlmhj11,6,matthewwithanm__python-markdownify.6258f5c3.lm_rewrite__7w02cnfp.ojlmhj11,7000,True,893,66,0,0,0,0,0.0,,0,0,600000,600000,0,0,0,ok,,
1345,,,,matthewwithanm__python-markdownify.6258f5c3.lm_rewrite__7w02cnfp.ojlmhj11,7,matthewwithanm__python-markdownify.6258f5c3.lm_rewrite__7w02cnfp.ojlmhj11,7959,True,495,345,0,0,0,0,0.0,,0,0,700000,700000,0,0,0,ok,,
1346,,,,matthewwithanm__python-markdownify.6258f5c3.lm_rewrite__7w02cnfp.ojlmhj11,8,matthewwithanm__python-markdownify.6258f5c3.lm_rewrite__7w02cnfp.ojlmhj11,8799,True,19,36,0,0,0,0,0.0,,0,0,800000,800000,0,0,0,ok,,
1347,,,,matthewwithanm__python-markdownify.6258f5c3.lm_rewrite__7w02cnfp.ojlmhj11,9,matthewwithanm__python-markdownify.6258f5c3.lm_rewrite__7w02cnfp.ojlmhj11,8854,True,168,489,0,0,0,0,0.0,,0,0,900000,900000,0,0,0,ok,,
1348,,,,matthewwithanm__python-markdownify.6258f5c3.lm_rewrite__7w02cnfp.ojlmhj11,10,matthewwithanm__python-markdownify.6258f5c3.lm_rewrite__7w02cnfp.ojlmhj11,9511,True,527,56,0,0,0,0,0.0,,0,0,1000000,1000000,0,0,0,ok,,
1349,,,,matthewwithanm__python-markdownify.6258f5c3.lm_rewrite__7w02cnfp.ojlmhj11,11,matthewwithanm__python-markdownify.6258f5c3.lm_rewrite__7w02cnfp.ojlmhj11,10094,True,173,583,0,0,0,0,0.0,,0,0,1100000,1100000,0,0,0,ok,,
1350,,,,matthewwithanm__python-markdownify.6258f5c3.lm_rewrite__7w02cnfp.ojlmhj11,12,matthewwithanm__python-markdownify.6258f5c3.lm_rewrite__7w02cnfp.ojlmhj11,10850,True,19,35,0,0,0,0,0.0,,0,0,1200000,1200000,0,0,0,ok,,
1351,,,,matthewwithanm__python-markdownify.6258f5c3.lm_rewrite__7w02cnfp.ojlmhj11,13,matthewwithanm__python-markdownify.6258f5c3.lm_rewrite__7w02cnfp.ojlmhj11,10904,True,262,563,0,0,0,0,0.0,,0,0,1300000,1300000,0,0,0,ok,,
1352,,,,matthewwithanm__python-markdownify.6258f5c3.lm_rewrite__7w02cnfp.ojlmhj11,14,matthewwithanm__python-markdownify.6258f5c3.lm_rewrite__7w02cnfp.ojlmhj11,11729,True,600,42,0,0,0,0,0.0,,0,0,1400000,1400000,0,0,0,ok,,
1353,,,,matthewwithanm__python-markdownify.6258f5c3.lm_rewrite__7w02cnfp.ojlmhj11,15,matthewwithanm__python-markdownify.6258f5c3.lm_rewrite__7w02cnfp.ojlmhj11,12371,True,262,117,0,0,0,0,0.0,,0,0,1500000,1500000,0,0,0,ok,,
1354,,,,matthewwithanm__python-markdownify.6258f5c3.lm_rewrite__7w02cnfp.ojlmhj11,16,matthewwithanm__python-markdownify.6258f5c3.lm_rewrite__7w02cnfp.ojlmhj11,12750,True,173,243,0,0,0,0,0.0,,0,0,1600000,1600000,0,0,0,ok,,
1355,,,,matthewwithanm__python-markdownify.6258f5c3.lm_rewrite__7w02cnfp.ojlmhj11,17,matthewwithanm__python-markdownify.6258f5c3.lm_rewrite__7w02cnfp.ojlmhj11,13166,True,1674,42,0,0,0,0,0.0,,0,0,1700000,1700000,0,0,0,ok,,
1356,,,,matthewwithanm__python-markdownify.6258f5c3.lm_rewrite__7w02cnfp.ojlmhj11,18,matthewwithanm__python-markdownify.6258f5c3.lm_rewrite__7w02cnfp.ojlmhj11,14882,True,11,14,0,0,0,0,0.0,,0,0,1800000,1800000,0,0,0,ok,,
1357,,,,pallets__markupsafe.620c06c9.combine_file__6fk2d773.k9rypv47,0,swe_smith_system_prompt,924,True,633,84,0,0,0,0,0.0,,0,0,0,0,0,0,0,ok,,
1358,,,,pallets__markupsafe.620c06c9.combine_file__6fk2d773.k9rypv47,1,pallets__markupsafe.620c06c9.combine_file__6fk2d773.k9rypv47,1641,True,105,59,0,0,0,0,0.0,,0,0,100000,100000,0,0,0,ok,,
1359,,,,pallets__markupsafe.620c06c9.combine_file__6fk2d773.k9rypv47,2,pallets__markupsafe.620c06c9.combine_file__6fk2d773.k9rypv47,1805,True,6320,50,0,0,0,0,0.0,,0,0,200000,200000,0,0,0,ok,,
1360,,,,pallets__markupsafe.620c06c9.combine_file__6fk2d773.k9rypv47,3,pallets__markupsafe.620c06c9.combine_file__6fk2d773.k9rypv47,8175,True,144,300,0,0,0,0,0.0,,0,0,300000,300000,0,0,0,ok,,
1361,,,,pallets__markupsafe.620c06c9.combine_file__6fk2d773.k9rypv47,4,pallets__markupsafe.620c06c9.combine_file__6fk2d773.k9rypv47,8619,True,20,36,0,0,0,0,0.0,,0,0,400000,400000,0,0,0,ok,,
1362,,,,pallets__markupsafe.620c06c9.combine_file__6fk2d773.k9rypv47,5,pallets__markupsafe.620c06c9.combine_file__6fk2d773.k9rypv47,8675,True,81,258,0,0,0,0,0.0,,0,0,500000,500000,0,0,0,ok,,
1363,,,,pallets__markupsafe.620c06c9.combine_file__6fk2d773.k9rypv47,6,pallets__markupsafe.620c06c9.combine_file__6fk2d773.k9rypv47,9014,True,246,293,0,0,0,0,0.0,,0,0,600000,600000,0,0,0,ok,,
1364,,,,pallets__markupsafe.620c06c9.combine_file__6fk2d773.k9rypv47,7,pallets__markupsafe.620c06c9.combine_file__6fk2d773.k9rypv47,9553,True,280,283,0,0,0,0,0.0,,0,0,700000,700000,0,0,0,ok,,
1365,,,,pallets__markupsafe.620c06c9.combine_file__6fk2d773.k9rypv47,8,pallets__markupsafe.620c06c9.combine_file__6fk2d773.k9rypv47,10116,True,250,89,0,0,0,0,0.0,,0,0,800000,800000,0,0,0,ok,,
1366,,,,pallets__markupsafe.620c06c9.combine_file__6fk2d773.k9rypv47,9,pallets__markupsafe.620c06c9.combine_file__6fk2d773.k9rypv47,10455,True,317,451,0,0,0,0,0.0,,0,0,900000,900000,0,0,0,ok,,
1367,,,,pallets__markupsafe.620c06c9.combine_file__6fk2d773.k9rypv47,10,pallets__markupsafe.620c06c9.combine_file__6fk2d773.k9rypv47,11223,True,499,42,0,0,0,0,0.0,,0,0,1000000,1000000,0,0,0,ok,,
1368,,,,pallets__markupsafe.620c06c9.combine_file__6fk2d773.k9rypv47,11,pallets__markupsafe.620c06c9.combine_file__6fk2d773.k9rypv47,11764,True,77,202,0,0,0,0,0.0,,0,0,1100000,1100000,0,0,0,ok,,
1369,,,,pallets__markupsafe.620c06c9.combine_file__6fk2d773.k9rypv47,12,pallets__markupsafe.620c06c9.combine_file__6fk2d773.k9rypv47,12043,True,230,73,0,0,0,0,0.0,,0,0,1200000,1200000,0,0,0,ok,,
1370,,,,pallets__markupsafe.620c06c9.combine_file__6fk2d773.k9rypv47,13,pallets__markupsafe.620c06c9.combine_file__6fk2d773.k9rypv47,12346,True,154,50,0,0,0,0,0.0,,0,0,1300000,1300000,0,0,0,ok,,
1371,,,,pallets__markupsafe.620c06c9.combine_file__6fk2d773.k9rypv47,14,pallets__markupsafe.620c06c9.combine_file__6fk2d773.k9rypv47,12550,True,1121,70,0,0,0,0,0.0,,0,0,1400000,1400000,0,0,0,ok,,
1372,,,,pallets__markupsafe.620c06c9.combine_file__6fk2d773.k9rypv47,15,pallets__markupsafe.620c06c9.combine_file__6fk2d773.k9rypv47,13741,True,256,62,0,0,0,0,0.0,,0,0,1500000,1500000,0,0,0,ok,,
1373,,,,pallets__markupsafe.620c06c9.combine_file__6fk2d773.k9rypv47,16,pallets__markupsafe.620c06c9.combine_file__6fk2d773.k9rypv47,14059,True,3161,763,0,0,0,0,0.0,,0,0,1600000,1600000,0,0,0,ok,,
1374,,,,pallets__markupsafe.620c06c9.combine_file__6fk2d773.k9rypv47,17,pallets__markupsafe.620c06c9.combine_file__6fk2d773.k9rypv47,17983,True,18,33,0,0,0,0,0.0,,0,0,1700000,1700000,0,0,0,ok,,
1375,,,,pallets__markupsafe.620c06c9.combine_file__6fk2d773.k9rypv47,18,pallets__markupsafe.620c06c9.combine_file__6fk2d773.k9rypv47,18034,True,441,500,0,0,0,0,0.0,,0,0,1800000,1800000,0,0,0,ok,,
1376,,,,pallets__markupsafe.620c06c9.combine_file__6fk2d773.k9rypv47,19,pallets__markupsafe.620c06c9.combine_file__6fk2d773.k9rypv47,18975,True,536,35,0,0,0,0,0.0,,0,0,1900000,1900000,0,0,0,ok,,
1377,,,,pallets__markupsafe.620c06c9.combine_file__6fk2d773.k9rypv47,20,pallets__markupsafe.620c06c9.combine_file__6fk2d773.k9rypv47,19546,True,232,168,0,0,0,0,0.0,,0,0,2000000,2000000,0,0,0,ok,,
1378,,,,pallets__markupsafe.620c06c9.combine_file__6fk2d773.k9rypv47,21,pallets__markupsafe.620c06c9.combine_file__6fk2d773.k9rypv47,19946,True,197,34,0,0,0,0,0.0,,0,0,2100000,2100000,0,0,0,ok,,
1379,,,,pallets__markupsafe.620c06c9.combine_file__6fk2d773.k9rypv47,22,pallets__markupsafe.620c06c9.combine_file__6fk2d773.k9rypv47,20177,True,188,46,0,0,0,0,0.0,,0,0,2200000,2200000,0,0,0,ok,,
1380,,,,pallets__markupsafe.620c06c9.combine_file__6fk2d773.k9rypv47,23,pallets__markupsafe.620c06c9.combine_file__6fk2d773.k9rypv47,20411,True,230,852,0,0,0,0,0.0,,0,0,2300000,2300000,0,0,0,ok,,
1381,,,,pallets__markupsafe.620c06c9.combine_file__6fk2d773.k9rypv47,24,pallets__markupsafe.620c06c9.combine_file__6fk2d773.k9rypv47,21493,True,2305,43,0,0,0,0,0.0,,0,0,2400000,2400000,0,0,0,ok,,
1382,,,,pallets__markupsafe.620c06c9.combine_file__6fk2d773.k9rypv47,25,pallets__markupsafe.620c06c9.combine_file__6fk2d773.k9rypv47,23841,True,11,8,0,0,0,0,0.0,,0,0,2500000,2500000,0,0,0,ok,,
1383,,,,pyupio__safety.7654596b.pr_534.wngdq4f1,0,swe_smith_system_prompt,924,True,614,101,0,0,0,0,0.0,,0,0,0,0,0,0,0,ok,,
1384,,,,pyupio__safety.7654596b.pr_534.wngdq4f1,1,pyupio__safety.7654596b.pr_534.wngdq4f1,1639,True,863,49,0,0,0,0,0.0,,0,0,100000,100000,0,0,0,ok,,
1385,,,,pyupio__safety.7654596b.pr_534.wngdq4f1,2,pyupio__safety.7654596b.pr_534.wngdq4f1,2551,True,447,53,0,0,0,0,0.0,,0,0,200000,200000,0,0,0,ok,,
1386,,,,pyupio__safety.7654596b.pr_534.wngdq4f1,3,pyupio__safety.7654596b.pr_534.wngdq4f1,3051,True,831,54,0,0,0,0,0.0,,0,0,300000,300000,0,0,0,ok,,
1387,,,,pyupio__safety.7654596b.pr_534.wngdq4f1,4,pyupio__safety.7654596b.pr_534.wngdq4f1,3936,True,1117,68,0,0,0,0,0.0,,0,0,400000,400000,0,0,0,ok,,
1388,,,,pyupio__safety.7654596b.pr_534.wngdq4f1,5,pyupio__safety.7654596b.pr_534.wngdq4f1,5121,True,208,51,0,0,0,0,0.0,,0,0,500000,500000,0,0,0,ok,,
1389,,,,pyupio__safety.7654596b.pr_534.wngdq4f1,6,pyupio__safety.7654596b.pr_534.wngdq4f1,5380,True,51,37,0,0,0,0,0.0,,0,0,600000,600000,0,0,0,ok,,
1390,,,,pyupio__safety.7654596b.pr_534.wngdq4f1,7,pyupio__safety.7654596b.pr_534.wngdq4f1,5468,True,125,56,0,0,0,0,0.0,,0,0,700000,700000,0,0,0,ok,,
1391,,,,pyupio__safety.7654596b.pr_534.wngdq4f1,8,pyupio__safety.7654596b.pr_534.wngdq4f1,5649,True,1270,37,0,0,0,0,0.0,,0,0,800000,800000,0,0,0,ok,,
1392,,,,pyupio__safety.7654596b.pr_534.wngdq4f1,9,pyupio__safety.7654596b.pr_534.wngdq4f1,6956,True,608,47,0,0,0,0,0.0,,0,0,900000,900000,0,0,0,ok,,
1393,,,,pyupio__safety.7654596b.pr_534.wngdq4f1,10,pyupio__safety.7654596b.pr_534.wngdq4f1,7611,True,31,498,0,0,0,0,0.0,,0,0,1000000,1000000,0,0,0,ok,,
1394,,,,pyupio__safety.7654596b.pr_534.wngdq4f1,11,pyupio__safety.7654596b.pr_534.wngdq4f1,8140,True,20,36,0,0,0,0,0.0,,0,0,1100000,1100000,0,0,0,ok,,
1395,,,,pyupio__safety.7654596b.pr_534.wngdq4f1,12,pyupio__safety.7654596b.pr_534.wngdq4f1,8196,True,344,1059,0,0,0,0,0.0,,0,0,1200000,1200000,0,0,0,ok,,
1396,,,,pyupio__safety.7654596b.pr_534.wngdq4f1,13,pyupio__safety.7654596b.pr_534.wngdq4f1,9599,True,993,33,0,0,0,0,0.0,,0,0,1300000,1300000,0,0,0,ok,,
1397,,,,pyupio__safety.7654596b.pr_534.wngdq4f1,14,pyupio__safety.7654596b.pr_534.wngdq4f1,10625,True,99,121,0,0,0,0,0.0,,0,0,1400000,1400000,0,0,0,ok,,
1398,,,,pyupio__safety.7654596b.pr_534.wngdq4f1,15,pyupio__safety.7654596b.pr_534.wngdq4f1,10845,True,147,33,0,0,0,0,0.0,,0,0,1500000,1500000,0,0,0,ok,,
1399,,,,pyupio__safety.7654596b.pr_534.wngdq4f1,16,pyupio__safety.7654596b.pr_534.wngdq4f1,11025,True,113,41,0,0,0,0,0.0,,0,0,1600000,1600000,0,0,0,ok,,
1400,,,,pyupio__safety.7654596b.pr_534.wngdq4f1,17,pyupio__safety.7654596b.pr_534.wngdq4f1,11179,True,6495,1470,0,0,0,0,0.0,,0,0,1700000,1700000,0,0,0,ok,,
1401,,,,pyupio__safety.7654596b.pr_534.wngdq4f1,18,pyupio__safety.7654596b.pr_534.wngdq4f1,19144,True,1555,33,0,0,0,0,0.0,,0,0,1800000,1800000,0,0,0,ok,,
1402,,,,pyupio__safety.7654596b.pr_534.wngdq4f1,19,pyupio__safety.7654596b.pr_534.wngdq4f1,20732,True,227,647,0,0,0,0,0.0,,0,0,1900000,1900000,0,0,0,ok,,
1403,,,,pyupio__safety.7654596b.pr_534.wngdq4f1,20,pyupio__safety.7654596b.pr_534.wngdq4f1,21606,True,736,915,0,0,0,0,0.0,,0,0,2000000,2000000,0,0,0,ok,,
1404,,,,pyupio__safety.7654596b.pr_534.wngdq4f1,21,pyupio__safety.7654596b.pr_534.wngdq4f1,23257,True,1149,38,0,0,0,0,0.0,,0,0,2100000,2100000,0,0,0,ok,,
1405,,,,pyupio__safety.7654596b.pr_534.wngdq4f1,22,pyupio__safety.7654596b.pr_534.wngdq4f1,24444,True,131,1198,0,0,0,0,0.0,,0,0,2200000,2200000,0,0,0,ok,,
1406,,,,pyupio__safety.7654596b.pr_534.wngdq4f1,23,pyupio__safety.7654596b.pr_534.wngdq4f1,25773,True,1097,1182,0,0,0,0,0.0,,0,0,2300000,2300000,0,0,0,ok,,
1407,,,,pyupio__safety.7654596b.pr_534.wngdq4f1,24,pyupio__safety.7654596b.pr_534.wngdq4f1,28052,True,19,35,0,0,0,0,0.0,,0,0,2400000,2400000,0,0,0,ok,,
1408,,,,pyupio__safety.7654596b.pr_534.wngdq4f1,25,pyupio__safety.7654596b.pr_534.wngdq4f1,28106,True,304,236,0,0,0,0,0.0,,0,0,2500000,2500000,0,0,0,ok,,
1409,,,,pyupio__safety.7654596b.pr_534.wngdq4f1,26,pyupio__safety.7654596b.pr_534.wngdq4f1,28646,True,145,263,0,0,0,0,0.0,,0,0,2600000,2600000,0,0,0,ok,,
1410,,,,pyupio__safety.7654596b.pr_534.wngdq4f1,27,pyupio__safety.7654596b.pr_534.wngdq4f1,29054,True,4264,41,0,0,0,0,0.0,,0,0,2700000,2700000,0,0,0,ok,,
1411,,,,pyupio__safety.7654596b.pr_534.wngdq4f1,28,pyupio__safety.7654596b.pr_534.wngdq4f1,33359,True,11,14,0,0,0,0,0.0,,0,0,2800000,2800000,0,0,0,ok,,
1412,,,,lincolnloop__python-qrcode.456b01d4.105.ztfvr2n2,0,swe_smith_system_prompt,924,True,615,75,0,0,0,0,0.0,,0,0,0,0,0,0,0,ok,,
1413,,,,lincolnloop__python-qrcode.456b01d4.105.ztfvr2n2,1,lincolnloop__python-qrcode.456b01d4.105.ztfvr2n2,1614,True,314,70,0,0,0,0,0.0,,0,0,100000,100000,0,0,0,ok,,
1414,,,,lincolnloop__python-qrcode.456b01d4.105.ztfvr2n2,2,lincolnloop__python-qrcode.456b01d4.105.ztfvr2n2,1998,True,7523,43,0,0,0,0,0.0,,0,0,200000,200000,0,0,0,ok,,
1415,,,,lincolnloop__python-qrcode.456b01d4.105.ztfvr2n2,3,lincolnloop__python-qrcode.456b01d4.105.ztfvr2n2,9564,True,459,50,0,0,0,0,0.0,,0,0,300000,300000,0,0,0,ok,,
1416,,,,lincolnloop__python-qrcode.456b01d4.105.ztfvr2n2,4,lincolnloop__python-qrcode.456b01d4.105.ztfvr2n2,10073,True,8895,41,0,0,0,0,0.0,,0,0,400000,400000,0,0,0,ok,,
1417,,,,lincolnloop__python-qrcode.456b01d4.105.ztfvr2n2,5,lincolnloop__python-qrcode.456b01d4.105.ztfvr2n2,19009,True,28,59,0,0,0,0,0.0,,0,0,500000,500000,0,0,0,ok,,
1418,,,,lincolnloop__python-qrcode.456b01d4.105.ztfvr2n2,6,lincolnloop__python-qrcode.456b01d4.105.ztfvr2n2,19096,True,96,407,0,0,0,0,0.0,,0,0,600000,600000,0,0,0,ok,,
1419,,,,lincolnloop__python-qrcode.456b01d4.105.ztfvr2n2,7,lincolnloop__python-qrcode.456b01d4.105.ztfvr2n2,19599,True,18,33,0,0,0,0,0.0,,0,0,700000,700000,0,0,0,ok,,
1420,,,,lincolnloop__python-qrcode.456b01d4.105.ztfvr2n2,8,lincolnloop__python-qrcode.456b01d4.105.ztfvr2n2,19650,True,159,193,0,0,0,0,0.0,,0,0,800000,800000,0,0,0,ok,,
1421,,,,lincolnloop__python-qrcode.456b01d4.105.ztfvr2n2,9,lincolnloop__python-qrcode.456b01d4.105.ztfvr2n2,20002,True,270,171,0,0,0,0,0.0,,0,0,900000,900000,0,0,0,ok,,
1422,,,,lincolnloop__python-qrcode.456b01d4.105.ztfvr2n2,10,lincolnloop__python-qrcode.456b01d4.105.ztfvr2n2,20443,True,11,354,0,0,0,0,0.0,,0,0,1000000,1000000,0,0,0,ok,,
1423,,,,lincolnloop__python-qrcode.456b01d4.105.ztfvr2n2,11,lincolnloop__python-qrcode.456b01d4.105.ztfvr2n2,20808,True,19,27,0,0,0,0,0.0,,0,0,1100000,1100000,0,0,0,ok,,
1424,,,,lincolnloop__python-qrcode.456b01d4.105.ztfvr2n2,12,lincolnloop__python-qrcode.456b01d4.105.ztfvr2n2,20854,True,192,241,0,0,0,0,0.0,,0,0,1200000,1200000,0,0,0,ok,,
1425,,,,lincolnloop__python-qrcode.456b01d4.105.ztfvr2n2,13,lincolnloop__python-qrcode.456b01d4.105.ztfvr2n2,21287,True,339,109,0,0,0,0,0.0,,0,0,1300000,1300000,0,0,0,ok,,
1426,,,,lincolnloop__python-qrcode.456b01d4.105.ztfvr2n2,14,lincolnloop__python-qrcode.456b01d4.105.ztfvr2n2,21735,True,178,167,0,0,0,0,0.0,,0,0,1400000,1400000,0,0,0,ok,,
1427,,,,encode__starlette.db5063c2.func_pm_remove_cond__1wmq9dvj.yvz4qlh7,0,swe_smith_system_prompt,924,True,694,110,0,0,0,0,0.0,,0,0,0,0,0,0,0,ok,,
1428,,,,encode__starlette.db5063c2.func_pm_remove_cond__1wmq9dvj.yvz4qlh7,1,encode__starlette.db5063c2.func_pm_remove_cond__1wmq9dvj.yvz4qlh7,1728,True,420,67,0,0,0,0,0.0,,0,0,100000,100000,0,0,0,ok,,
1429,,,,encode__starlette.db5063c2.func_pm_remove_cond__1wmq9dvj.yvz4qlh7,2,encode__starlette.db5063c2.func_pm_remove_cond__1wmq9dvj.yvz4qlh7,2215,True,3336,64,0,0,0,0,0.0,,0,0,200000,200000,0,0,0,ok,,
1430,,,,encode__starlette.db5063c2.func_pm_remove_cond__1wmq9dvj.yvz4qlh7,3,encode__starlette.db5063c2.func_pm_remove_cond__1wmq9dvj.yvz4qlh7,5615,True,490,113,0,0,0,0,0.0,,0,0,300000,300000,0,0,0,ok,,
1431,,,,encode__starlette.db5063c2.func_pm_remove_cond__1wmq9dvj.yvz4qlh7,4,encode__starlette.db5063c2.func_pm_remove_cond__1wmq9dvj.yvz4qlh7,6218,True,293,207,0,0,0,0,0.0,,0,0,400000,400000,0,0,0,ok,,
1432,,,,encode__starlette.db5063c2.func_pm_remove_cond__1wmq9dvj.yvz4qlh7,5,encode__starlette.db5063c2.func_pm_remove_cond__1wmq9dvj.yvz4qlh7,6718,True,19,36,0,0,0,0,0.0,,0,0,500000,500000,0,0,0,ok,,
1433,,,,encode__starlette.db5063c2.func_pm_remove_cond__1wmq9dvj.yvz4qlh7,6,encode__starlette.db5063c2.func_pm_remove_cond__1wmq9dvj.yvz4qlh7,6773,True,24,778,0,0,0,0,0.0,,0,0,600000,600000,0,0,0,ok,,
1434,,,,encode__starlette.db5063c2.func_pm_remove_cond__1wmq9dvj.yvz4qlh7,7,encode__starlette.db5063c2.func_pm_remove_cond__1wmq9dvj.yvz4qlh7,7575,True,813,56,0,0,0,0,0.0,,0,0,700000,700000,0,0,0,ok,,
1435,,,,encode__starlette.db5063c2.func_pm_remove_cond__1wmq9dvj.yvz4qlh7,8,encode__starlette.db5063c2.func_pm_remove_cond__1wmq9dvj.yvz4qlh7,8444,True,59,627,0,0,0,0,0.0,,0,0,800000,800000,0,0,0,ok,,
1436,,,,encode__starlette.db5063c2.func_pm_remove_cond__1wmq9dvj.yvz4qlh7,9,encode__starlette.db5063c2.func_pm_remove_cond__1wmq9dvj.yvz4qlh7,9130,True,19,43,0,0,0,0,0.0,,0,0,900000,900000,0,0,0,ok,,
1437,,,,encode__starlette.db5063c2.func_pm_remove_cond__1wmq9dvj.yvz4qlh7,10,encode__starlette.db5063c2.func_pm_remove_cond__1wmq9dvj.yvz4qlh7,9192,True,200,31,0,0,0,0,0.0,,0,0,1000000,1000000,0,0,0,ok,,
1438,,,,encode__starlette.db5063c2.func_pm_remove_cond__1wmq9dvj.yvz4qlh7,11,encode__starlette.db5063c2.func_pm_remove_cond__1wmq9dvj.yvz4qlh7,9423,True,1372,42,0,0,0,0,0.0,,0,0,1100000,1100000,0,0,0,ok,,
1439,,,,encode__starlette.db5063c2.func_pm_remove_cond__1wmq9dvj.yvz4qlh7,12,encode__starlette.db5063c2.func_pm_remove_cond__1wmq9dvj.yvz4qlh7,10837,True,11,14,0,0,0,0,0.0,,0,0,1200000,1200000,0,0,0,ok,,
1440,,,,gawel__pyquery.811cd048.func_pm_ctrl_invert_if__fn2x8mwa.u1flmuyv,0,swe_smith_system_prompt,924,True,527,100,0,0,0,0,0.0,,0,0,0,0,0,0,0,ok,,
1441,,,,gawel__pyquery.811cd048.func_pm_ctrl_invert_if__fn2x8mwa.u1flmuyv,1,gawel__pyquery.811cd048.func_pm_ctrl_invert_if__fn2x8mwa.u1flmuyv,1551,True,150,55,0,0,0,0,0.0,,0,0,100000,100000,0,0,0,ok,,
1442,,,,gawel__pyquery.811cd048.func_pm_ctrl_invert_if__fn2x8mwa.u1flmuyv,2,gawel__pyquery.811cd048.func_pm_ctrl_invert_if__fn2x8mwa.u1flmuyv,1756,True,6688,76,0,0,0,0,0.0,,0,0,200000,200000,0,0,0,ok,,
1443,,,,gawel__pyquery.811cd048.func_pm_ctrl_invert_if__fn2x8mwa.u1flmuyv,3,gawel__pyquery.811cd048.func_pm_ctrl_invert_if__fn2x8mwa.u1flmuyv,8520,True,283,76,0,0,0,0,0.0,,0,0,300000,300000,0,0,0,ok,,
1444,,,,gawel__pyquery.811cd048.func_pm_ctrl_invert_if__fn2x8mwa.u1flmuyv,4,gawel__pyquery.811cd048.func_pm_ctrl_invert_if__fn2x8mwa.u1flmuyv,8879,True,293,181,0,0,0,0,0.0,,0,0,400000,400000,0,0,0,ok,,
1445,,,,gawel__pyquery.811cd048.func_pm_ctrl_invert_if__fn2x8mwa.u1flmuyv,5,gawel__pyquery.811cd048.func_pm_ctrl_invert_if__fn2x8mwa.u1flmuyv,9353,True,20,36,0,0,0,0,0.0,,0,0,500000,500000,0,0,0,ok,,
1446,,,,gawel__pyquery.811cd048.func_pm_ctrl_invert_if__fn2x8mwa.u1flmuyv,6,gawel__pyquery.811cd048.func_pm_ctrl_invert_if__fn2x8mwa.u1flmuyv,9409,True,61,592,0,0,0,0,0.0,,0,0,600000,600000,0,0,0,ok,,
1447,,,,gawel__pyquery.811cd048.func_pm_ctrl_invert_if__fn2x8mwa.u1flmuyv,7,gawel__pyquery.811cd048.func_pm_ctrl_invert_if__fn2x8mwa.u1flmuyv,10062,True,543,48,0,0,0,0,0.0,,0,0,700000,700000,0,0,0,ok,,
1448,,,,gawel__pyquery.811cd048.func_pm_ctrl_invert_if__fn2x8mwa.u1flmuyv,8,gawel__pyquery.811cd048.func_pm_ctrl_invert_if__fn2x8mwa.u1flmuyv,10653,True,61,564,0,0,0,0,0.0,,0,0,800000,800000,0,0,0,ok,,
1449,,,,gawel__pyquery.811cd048.func_pm_ctrl_invert_if__fn2x8mwa.u1flmuyv,9,gawel__pyquery.811cd048.func_pm_ctrl_invert_if__fn2x8mwa.u1flmuyv,11278,True,19,35,0,0,0,0,0.0,,0,0,900000,900000,0,0,0,ok,,
1450,,,,gawel__pyquery.811cd048.func_pm_ctrl_invert_if__fn2x8mwa.u1flmuyv,10,gawel__pyquery.811cd048.func_pm_ctrl_invert_if__fn2x8mwa.u1flmuyv,11332,True,328,205,0,0,0,0,0.0,,0,0,1000000,1000000,0,0,0,ok,,
1451,,,,gawel__pyquery.811cd048.func_pm_ctrl_invert_if__fn2x8mwa.u1flmuyv,11,gawel__pyquery.811cd048.func_pm_ctrl_invert_if__fn2x8mwa.u1flmuyv,11865,True,244,36,0,0,0,0,0.0,,0,0,1100000,1100000,0,0,0,ok,,
1452,,,,gawel__pyquery.811cd048.func_pm_ctrl_invert_if__fn2x8mwa.u1flmuyv,12,gawel__pyquery.811cd048.func_pm_ctrl_invert_if__fn2x8mwa.u1flmuyv,12145,True,327,488,0,0,0,0,0.0,,0,0,1200000,1200000,0,0,0,ok,,
1453,,,,gawel__pyquery.811cd048.func_pm_ctrl_invert_if__fn2x8mwa.u1flmuyv,13,gawel__pyquery.811cd048.func_pm_ctrl_invert_if__fn2x8mwa.u1flmuyv,12960,True,465,184,0,0,0,0,0.0,,0,0,1300000,1300000,0,0,0,ok,,
1454,,,,gawel__pyquery.811cd048.func_pm_ctrl_invert_if__fn2x8mwa.u1flmuyv,14,gawel__pyquery.811cd048.func_pm_ctrl_invert_if__fn2x8mwa.u1flmuyv,13609,True,244,95,0,0,0,0,0.0,,0,0,1400000,1400000,0,0,0,ok,,
1455,,,,gawel__pyquery.811cd048.func_pm_ctrl_invert_if__fn2x8mwa.u1flmuyv,15,gawel__pyquery.811cd048.func_pm_ctrl_invert_if__fn2x8mwa.u1flmuyv,13948,True,42556,73,0,0,0,0,0.0,,0,0,1500000,1500000,0,0,0,ok,,
1456,,,,gawel__pyquery.811cd048.func_pm_ctrl_invert_if__fn2x8mwa.u1flmuyv,16,gawel__pyquery.811cd048.func_pm_ctrl_invert_if__fn2x8mwa.u1flmuyv,56577,True,299,64,0,0,0,0,0.0,,0,0,1600000,1600000,0,0,0,ok,,
1457,,,,gawel__pyquery.811cd048.func_pm_ctrl_invert_if__fn2x8mwa.u1flmuyv,17,gawel__pyquery.811cd048.func_pm_ctrl_invert_if__fn2x8mwa.u1flmuyv,56940,True,171,42,0,0,0,0,0.0,,0,0,1700000,1700000,0,0,0,ok,,
1458,,,,gawel__pyquery.811cd048.func_pm_ctrl_invert_if__fn2x8mwa.u1flmuyv,18,gawel__pyquery.811cd048.func_pm_ctrl_invert_if__fn2x8mwa.u1flmuyv,57153,True,61,42,0,0,0,0,0.0,,0,0,1800000,1800000,0,0,0,ok,,
1459,,,,gawel__pyquery.811cd048.func_pm_ctrl_invert_if__fn2x8mwa.u1flmuyv,19,gawel__pyquery.811cd048.func_pm_ctrl_invert_if__fn2x8mwa.u1flmuyv,57256,True,1466,44,0,0,0,0,0.0,,0,0,1900000,1900000,0,0,0,ok,,
1460,,,,gawel__pyquery.811cd048.func_pm_ctrl_invert_if__fn2x8mwa.u1flmuyv,20,gawel__pyquery.811cd048.func_pm_ctrl_invert_if__fn2x8mwa.u1flmuyv,58766,True,11,8,0,0,0,0,0.0,,0,0,2000000,2000000,0,0,0,ok,,
1461,,,,kayak__pypika.1c9646f0.lm_rewrite__dovrt073.paibjb2o,0,swe_smith_system_prompt,924,True,448,99,0,0,0,0,0.0,,0,0,0,0,0,0,0,ok,,
1462,,,,kayak__pypika.1c9646f0.lm_rewrite__dovrt073.paibjb2o,1,kayak__pypika.1c9646f0.lm_rewrite__dovrt073.paibjb2o,1471,True,799,71,0,0,0,0,0.0,,0,0,100000,100000,0,0,0,ok,,
1463,,,,kayak__pypika.1c9646f0.lm_rewrite__dovrt073.paibjb2o,2,kayak__pypika.1c9646f0.lm_rewrite__dovrt073.paibjb2o,2341,True,5183,62,0,0,0,0,0.0,,0,0,200000,200000,0,0,0,ok,,
1464,,,,kayak__pypika.1c9646f0.lm_rewrite__dovrt073.paibjb2o,3,kayak__pypika.1c9646f0.lm_rewrite__dovrt073.paibjb2o,7586,True,6336,52,0,0,0,0,0.0,,0,0,300000,300000,0,0,0,ok,,
1465,,,,kayak__pypika.1c9646f0.lm_rewrite__dovrt073.paibjb2o,4,kayak__pypika.1c9646f0.lm_rewrite__dovrt073.paibjb2o,13974,True,16,33,0,0,0,0,0.0,,0,0,400000,400000,0,0,0,ok,,
1466,,,,kayak__pypika.1c9646f0.lm_rewrite__dovrt073.paibjb2o,5,kayak__pypika.1c9646f0.lm_rewrite__dovrt073.paibjb2o,14023,True,17,62,0,0,0,0,0.0,,0,0,500000,500000,0,0,0,ok,,
1467,,,,kayak__pypika.1c9646f0.lm_rewrite__dovrt073.paibjb2o,6,kayak__pypika.1c9646f0.lm_rewrite__dovrt073.paibjb2o,14102,True,2005,50,0,0,0,0,0.0,,0,0,600000,600000,0,0,0,ok,,
1468,,,,kayak__pypika.1c9646f0.lm_rewrite__dovrt073.paibjb2o,7,kayak__pypika.1c9646f0.lm_rewrite__dovrt073.paibjb2o,16157,True,15,52,0,0,0,0,0.0,,0,0,700000,700000,0,0,0,ok,,
1469,,,,kayak__pypika.1c9646f0.lm_rewrite__dovrt073.paibjb2o,8,kayak__pypika.1c9646f0.lm_rewrite__dovrt073.paibjb2o,16224,True,366,119,0,0,0,0,0.0,,0,0,800000,800000,0,0,0,ok,,
1470,,,,kayak__pypika.1c9646f0.lm_rewrite__dovrt073.paibjb2o,9,kayak__pypika.1c9646f0.lm_rewrite__dovrt073.paibjb2o,16709,True,20,38,0,0,0,0,0.0,,0,0,900000,900000,0,0,0,ok,,
1471,,,,kayak__pypika.1c9646f0.lm_rewrite__dovrt073.paibjb2o,10,kayak__pypika.1c9646f0.lm_rewrite__dovrt073.paibjb2o,16767,True,15,358,0,0,0,0,0.0,,0,0,1000000,1000000,0,0,0,ok,,
1472,,,,kayak__pypika.1c9646f0.lm_rewrite__dovrt073.paibjb2o,11,kayak__pypika.1c9646f0.lm_rewrite__dovrt073.paibjb2o,17140,True,300,56,0,0,0,0,0.0,,0,0,1100000,1100000,0,0,0,ok,,
1473,,,,kayak__pypika.1c9646f0.lm_rewrite__dovrt073.paibjb2o,12,kayak__pypika.1c9646f0.lm_rewrite__dovrt073.paibjb2o,17496,True,13,421,0,0,0,0,0.0,,0,0,1200000,1200000,0,0,0,ok,,
1474,,,,kayak__pypika.1c9646f0.lm_rewrite__dovrt073.paibjb2o,13,kayak__pypika.1c9646f0.lm_rewrite__dovrt073.paibjb2o,17930,True,19,35,0,0,0,0,0.0,,0,0,1300000,1300000,0,0,0,ok,,
1475,,,,kayak__pypika.1c9646f0.lm_rewrite__dovrt073.paibjb2o,14,kayak__pypika.1c9646f0.lm_rewrite__dovrt073.paibjb2o,17984,True,121,194,0,0,0,0,0.0,,0,0,1400000,1400000,0,0,0,ok,,
1476,,,,kayak__pypika.1c9646f0.lm_rewrite__dovrt073.paibjb2o,15,kayak__pypika.1c9646f0.lm_rewrite__dovrt073.paibjb2o,18299,True,19,27,0,0,0,0,0.0,,0,0,1500000,1500000,0,0,0,ok,,
1477,,,,kayak__pypika.1c9646f0.lm_rewrite__dovrt073.paibjb2o,16,kayak__pypika.1c9646f0.lm_rewrite__dovrt073.paibjb2o,18345,True,78,174,0,0,0,0,0.0,,0,0,1600000,1600000,0,0,0,ok,,
1478,,,,kayak__pypika.1c9646f0.lm_rewrite__dovrt073.paibjb2o,17,kayak__pypika.1c9646f0.lm_rewrite__dovrt073.paibjb2o,18597,True,160,27,0,0,0,0,0.0,,0,0,1700000,1700000,0,0,0,ok,,
1479,,,,kayak__pypika.1c9646f0.lm_rewrite__dovrt073.paibjb2o,18,kayak__pypika.1c9646f0.lm_rewrite__dovrt073.paibjb2o,18784,True,20,276,0,0,0,0,0.0,,0,0,1800000,1800000,0,0,0,ok,,
1480,,,,kayak__pypika.1c9646f0.lm_rewrite__dovrt073.paibjb2o,19,kayak__pypika.1c9646f0.lm_rewrite__dovrt073.paibjb2o,19080,True,1121,51,0,0,0,0,0.0,,0,0,1900000,1900000,0,0,0,ok,,
1481,,,,kayak__pypika.1c9646f0.lm_rewrite__dovrt073.paibjb2o,20,kayak__pypika.1c9646f0.lm_rewrite__dovrt073.paibjb2o,20252,True,11,14,0,0,0,0,0.0,,0,0,2000000,2000000,0,0,0,ok,,
1482,,,,un33k__python-slugify.872b3750.lm_rewrite__kidne8vn.8zyhbzjl,0,swe_smith_system_prompt,924,True,553,94,0,0,0,0,0.0,,0,0,0,0,0,0,0,ok,,
1483,,,,un33k__python-slugify.872b3750.lm_rewrite__kidne8vn.8zyhbzjl,1,un33k__python-slugify.872b3750.lm_rewrite__kidne8vn.8zyhbzjl,1571,True,70,71,0,0,0,0,0.0,,0,0,100000,100000,0,0,0,ok,,
1484,,,,un33k__python-slugify.872b3750.lm_rewrite__kidne8vn.8zyhbzjl,2,un33k__python-slugify.872b3750.lm_rewrite__kidne8vn.8zyhbzjl,1712,True,719,98,0,0,0,0,0.0,,0,0,200000,200000,0,0,0,ok,,
1485,,,,un33k__python-slugify.872b3750.lm_rewrite__kidne8vn.8zyhbzjl,3,un33k__python-slugify.872b3750.lm_rewrite__kidne8vn.8zyhbzjl,2529,True,2878,55,0,0,0,0,0.0,,0,0,300000,300000,0,0,0,ok,,
1486,,,,un33k__python-slugify.872b3750.lm_rewrite__kidne8vn.8zyhbzjl,4,un33k__python-slugify.872b3750.lm_rewrite__kidne8vn.8zyhbzjl,5462,True,180,186,0,0,0,0,0.0,,0,0,400000,400000,0,0,0,ok,,
1487,,,,un33k__python-slugify.872b3750.lm_rewrite__kidne8vn.8zyhbzjl,5,un33k__python-slugify.872b3750.lm_rewrite__kidne8vn.8zyhbzjl,5828,True,19,36,0,0,0,0,0.0,,0,0,500000,500000,0,0,0,ok,,
1488,,,,un33k__python-slugify.872b3750.lm_rewrite__kidne8vn.8zyhbzjl,6,un33k__python-slugify.872b3750.lm_rewrite__kidne8vn.8zyhbzjl,5883,True,93,363,0,0,0,0,0.0,,0,0,600000,600000,0,0,0,ok,,
1489,,,,un33k__python-slugify.872b3750.lm_rewrite__kidne8vn.8zyhbzjl,7,un33k__python-slugify.872b3750.lm_rewrite__kidne8vn.8zyhbzjl,6339,True,250,103,0,0,0,0,0.0,,0,0,700000,700000,0,0,0,ok,,
1490,,,,un33k__python-slugify.872b3750.lm_rewrite__kidne8vn.8zyhbzjl,8,un33k__python-slugify.872b3750.lm_rewrite__kidne8vn.8zyhbzjl,6692,True,93,580,0,0,0,0,0.0,,0,0,800000,800000,0,0,0,ok,,
1491,,,,un33k__python-slugify.872b3750.lm_rewrite__kidne8vn.8zyhbzjl,9,un33k__python-slugify.872b3750.lm_rewrite__kidne8vn.8zyhbzjl,7365,True,19,35,0,0,0,0,0.0,,0,0,900000,900000,0,0,0,ok,,
1492,,,,un33k__python-slugify.872b3750.lm_rewrite__kidne8vn.8zyhbzjl,10,un33k__python-slugify.872b3750.lm_rewrite__kidne8vn.8zyhbzjl,7419,True,386,493,0,0,0,0,0.0,,0,0,1000000,1000000,0,0,0,ok,,
1493,,,,un33k__python-slugify.872b3750.lm_rewrite__kidne8vn.8zyhbzjl,11,un33k__python-slugify.872b3750.lm_rewrite__kidne8vn.8zyhbzjl,8298,True,19,33,0,0,0,0,0.0,,0,0,1100000,1100000,0,0,0,ok,,
1494,,,,un33k__python-slugify.872b3750.lm_rewrite__kidne8vn.8zyhbzjl,12,un33k__python-slugify.872b3750.lm_rewrite__kidne8vn.8zyhbzjl,8350,True,135,240,0,0,0,0,0.0,,0,0,1200000,1200000,0,0,0,ok,,
1495,,,,un33k__python-slugify.872b3750.lm_rewrite__kidne8vn.8zyhbzjl,13,un33k__python-slugify.872b3750.lm_rewrite__kidne8vn.8zyhbzjl,8725,True,1480,52,0,0,0,0,0.0,,0,0,1300000,1300000,0,0,0,ok,,
1496,,,,un33k__python-slugify.872b3750.lm_rewrite__kidne8vn.8zyhbzjl,14,un33k__python-slugify.872b3750.lm_rewrite__kidne8vn.8zyhbzjl,10257,True,11,14,0,0,0,0,0.0,,0,0,1400000,1400000,0,0,0,ok,,
1497,,,,rustedpy__result.0b855e1e.pr_165.cooprsvt,0,swe_smith_system_prompt,924,True,616,71,0,0,0,0,0.0,,0,0,0,0,0,0,0,ok,,
1498,,,,rustedpy__result.0b855e1e.pr_165.cooprsvt,1,rustedpy__result.0b855e1e.pr_165.cooprsvt,1611,True,58,65,0,0,0,0,0.0,,0,0,100000,100000,0,0,0,ok,,
1499,,,,rustedpy__result.0b855e1e.pr_165.cooprsvt,2,rustedpy__result.0b855e1e.pr_165.cooprsvt,1734,True,5961,82,0,0,0,0,0.0,,0,0,200000,200000,0,0,0,ok,,
1500,,,,rustedpy__result.0b855e1e.pr_165.cooprsvt,3,rustedpy__result.0b855e1e.pr_165.cooprsvt,7777,True,762,66,0,0,0,0,0.0,,0,0,300000,300000,0,0,0,ok,,
1501,,,,rustedpy__result.0b855e1e.pr_165.cooprsvt,4,rustedpy__result.0b855e1e.pr_165.cooprsvt,8605,True,644,228,0,0,0,0,0.0,,0,0,400000,400000,0,0,0,ok,,
1502,,,,rustedpy__result.0b855e1e.pr_165.cooprsvt,5,rustedpy__result.0b855e1e.pr_165.cooprsvt,9477,True,19,35,0,0,0,0,0.0,,0,0,500000,500000,0,0,0,ok,,
1503,,,,rustedpy__result.0b855e1e.pr_165.cooprsvt,6,rustedpy__result.0b855e1e.pr_165.cooprsvt,9531,True,19,299,0,0,0,0,0.0,,0,0,600000,600000,0,0,0,ok,,
1504,,,,rustedpy__result.0b855e1e.pr_165.cooprsvt,7,rustedpy__result.0b855e1e.pr_165.cooprsvt,9849,True,381,170,0,0,0,0,0.0,,0,0,700000,700000,0,0,0,ok,,
1505,,,,rustedpy__result.0b855e1e.pr_165.cooprsvt,8,rustedpy__result.0b855e1e.pr_165.cooprsvt,10400,True,311,40,0,0,0,0,0.0,,0,0,800000,800000,0,0,0,ok,,
1506,,,,rustedpy__result.0b855e1e.pr_165.cooprsvt,9,rustedpy__result.0b855e1e.pr_165.cooprsvt,10751,True,20,154,0,0,0,0,0.0,,0,0,900000,900000,0,0,0,ok,,
1507,,,,rustedpy__result.0b855e1e.pr_165.cooprsvt,10,rustedpy__result.0b855e1e.pr_165.cooprsvt,10925,True,18,26,0,0,0,0,0.0,,0,0,1000000,1000000,0,0,0,ok,,
1508,,,,rustedpy__result.0b855e1e.pr_165.cooprsvt,11,rustedpy__result.0b855e1e.pr_165.cooprsvt,10969,True,20,232,0,0,0,0,0.0,,0,0,1100000,1100000,0,0,0,ok,,
1509,,,,rustedpy__result.0b855e1e.pr_165.cooprsvt,12,rustedpy__result.0b855e1e.pr_165.cooprsvt,11221,True,18,26,0,0,0,0,0.0,,0,0,1200000,1200000,0,0,0,ok,,
1510,,,,rustedpy__result.0b855e1e.pr_165.cooprsvt,13,rustedpy__result.0b855e1e.pr_165.cooprsvt,11265,True,36,181,0,0,0,0,0.0,,0,0,1300000,1300000,0,0,0,ok,,
1511,,,,rustedpy__result.0b855e1e.pr_165.cooprsvt,14,rustedpy__result.0b855e1e.pr_165.cooprsvt,11482,True,17,25,0,0,0,0,0.0,,0,0,1400000,1400000,0,0,0,ok,,
1512,,,,rustedpy__result.0b855e1e.pr_165.cooprsvt,15,rustedpy__result.0b855e1e.pr_165.cooprsvt,11524,True,15,118,0,0,0,0,0.0,,0,0,1500000,1500000,0,0,0,ok,,
1513,,,,rustedpy__result.0b855e1e.pr_165.cooprsvt,16,rustedpy__result.0b855e1e.pr_165.cooprsvt,11657,True,466,160,0,0,0,0,0.0,,0,0,1600000,1600000,0,0,0,ok,,
1514,,,,rustedpy__result.0b855e1e.pr_165.cooprsvt,17,rustedpy__result.0b855e1e.pr_165.cooprsvt,12283,True,1570,56,0,0,0,0,0.0,,0,0,1700000,1700000,0,0,0,ok,,
1515,,,,rustedpy__result.0b855e1e.pr_165.cooprsvt,18,rustedpy__result.0b855e1e.pr_165.cooprsvt,13909,True,11,8,0,0,0,0,0.0,,0,0,1800000,1800000,0,0,0,ok,,
1516,,,,pydicom__pydicom.7d361b3d.lm_rewrite__bnrxcfyb.c4z1xf2g,0,swe_smith_system_prompt,924,True,592,92,0,0,0,0,0.0,,0,0,0,0,0,0,0,ok,,
1517,,,,pydicom__pydicom.7d361b3d.lm_rewrite__bnrxcfyb.c4z1xf2g,1,pydicom__pydicom.7d361b3d.lm_rewrite__bnrxcfyb.c4z1xf2g,1608,True,2113,71,0,0,0,0,0.0,,0,0,100000,100000,0,0,0,ok,,
1518,,,,pydicom__pydicom.7d361b3d.lm_rewrite__bnrxcfyb.c4z1xf2g,2,pydicom__pydicom.7d361b3d.lm_rewrite__bnrxcfyb.c4z1xf2g,3792,True,4588,71,0,0,0,0,0.0,,0,0,200000,200000,0,0,0,ok,,
1519,,,,pydicom__pydicom.7d361b3d.lm_rewrite__bnrxcfyb.c4z1xf2g,3,pydicom__pydicom.7d361b3d.lm_rewrite__bnrxcfyb.c4z1xf2g,8451,True,622,55,0,0,0,0,0.0,,0,0,300000,300000,0,0,0,ok,,
1520,,,,pydicom__pydicom.7d361b3d.lm_rewrite__bnrxcfyb.c4z1xf2g,4,pydicom__pydicom.7d361b3d.lm_rewrite__bnrxcfyb.c4z1xf2g,9128,True,1626,66,0,0,0,0,0.0,,0,0,400000,400000,0,0,0,ok,,
1521,,,,pydicom__pydicom.7d361b3d.lm_rewrite__bnrxcfyb.c4z1xf2g,5,pydicom__pydicom.7d361b3d.lm_rewrite__bnrxcfyb.c4z1xf2g,10820,True,474,65,0,0,0,0,0.0,,0,0,500000,500000,0,0,0,ok,,
1522,,,,pydicom__pydicom.7d361b3d.lm_rewrite__bnrxcfyb.c4z1xf2g,6,pydicom__pydicom.7d361b3d.lm_rewrite__bnrxcfyb.c4z1xf2g,11359,True,332,66,0,0,0,0,0.0,,0,0,600000,600000,0,0,0,ok,,
1523,,,,pydicom__pydicom.7d361b3d.lm_rewrite__bnrxcfyb.c4z1xf2g,7,pydicom__pydicom.7d361b3d.lm_rewrite__bnrxcfyb.c4z1xf2g,11757,True,272,482,0,0,0,0,0.0,,0,0,700000,700000,0,0,0,ok,,
1524,,,,pydicom__pydicom.7d361b3d.lm_rewrite__bnrxcfyb.c4z1xf2g,8,pydicom__pydicom.7d361b3d.lm_rewrite__bnrxcfyb.c4z1xf2g,12511,True,19,36,0,0,0,0,0.0,,0,0,800000,800000,0,0,0,ok,,
1525,,,,pydicom__pydicom.7d361b3d.lm_rewrite__bnrxcfyb.c4z1xf2g,9,pydicom__pydicom.7d361b3d.lm_rewrite__bnrxcfyb.c4z1xf2g,12566,True,230,986,0,0,0,0,0.0,,0,0,900000,900000,0,0,0,ok,,
1526,,,,pydicom__pydicom.7d361b3d.lm_rewrite__bnrxcfyb.c4z1xf2g,10,pydicom__pydicom.7d361b3d.lm_rewrite__bnrxcfyb.c4z1xf2g,13782,True,1056,48,0,0,0,0,0.0,,0,0,1000000,1000000,0,0,0,ok,,
1527,,,,pydicom__pydicom.7d361b3d.lm_rewrite__bnrxcfyb.c4z1xf2g,11,pydicom__pydicom.7d361b3d.lm_rewrite__bnrxcfyb.c4z1xf2g,14886,True,343,120,0,0,0,0,0.0,,0,0,1100000,1100000,0,0,0,ok,,
1528,,,,pydicom__pydicom.7d361b3d.lm_rewrite__bnrxcfyb.c4z1xf2g,12,pydicom__pydicom.7d361b3d.lm_rewrite__bnrxcfyb.c4z1xf2g,15349,True,242,33,0,0,0,0,0.0,,0,0,1200000,1200000,0,0,0,ok,,
1529,,,,pydicom__pydicom.7d361b3d.lm_rewrite__bnrxcfyb.c4z1xf2g,13,pydicom__pydicom.7d361b3d.lm_rewrite__bnrxcfyb.c4z1xf2g,15624,True,225,128,0,0,0,0,0.0,,0,0,1300000,1300000,0,0,0,ok,,
1530,,,,pydicom__pydicom.7d361b3d.lm_rewrite__bnrxcfyb.c4z1xf2g,14,pydicom__pydicom.7d361b3d.lm_rewrite__bnrxcfyb.c4z1xf2g,15977,True,222,141,0,0,0,0,0.0,,0,0,1400000,1400000,0,0,0,ok,,
1531,,,,pydicom__pydicom.7d361b3d.lm_rewrite__bnrxcfyb.c4z1xf2g,15,pydicom__pydicom.7d361b3d.lm_rewrite__bnrxcfyb.c4z1xf2g,16340,True,221,32,0,0,0,0,0.0,,0,0,1500000,1500000,0,0,0,ok,,
1532,,,,pydicom__pydicom.7d361b3d.lm_rewrite__bnrxcfyb.c4z1xf2g,16,pydicom__pydicom.7d361b3d.lm_rewrite__bnrxcfyb.c4z1xf2g,16593,True,225,955,0,0,0,0,0.0,,0,0,1600000,1600000,0,0,0,ok,,
1533,,,,pydicom__pydicom.7d361b3d.lm_rewrite__bnrxcfyb.c4z1xf2g,17,pydicom__pydicom.7d361b3d.lm_rewrite__bnrxcfyb.c4z1xf2g,17773,True,19,33,0,0,0,0,0.0,,0,0,1700000,1700000,0,0,0,ok,,
1534,,,,pydicom__pydicom.7d361b3d.lm_rewrite__bnrxcfyb.c4z1xf2g,18,pydicom__pydicom.7d361b3d.lm_rewrite__bnrxcfyb.c4z1xf2g,17825,True,62,105,0,0,0,0,0.0,,0,0,1800000,1800000,0,0,0,ok,,
1535,,,,pydicom__pydicom.7d361b3d.lm_rewrite__bnrxcfyb.c4z1xf2g,19,pydicom__pydicom.7d361b3d.lm_rewrite__bnrxcfyb.c4z1xf2g,17992,True,239,34,0,0,0,0,0.0,,0,0,1900000,1900000,0,0,0,ok,,
1536,,,,pydicom__pydicom.7d361b3d.lm_rewrite__bnrxcfyb.c4z1xf2g,20,pydicom__pydicom.7d361b3d.lm_rewrite__bnrxcfyb.c4z1xf2g,18265,True,64,212,0,0,0,0,0.0,,0,0,2000000,2000000,0,0,0,ok,,
1537,,,,pydicom__pydicom.7d361b3d.lm_rewrite__bnrxcfyb.c4z1xf2g,21,pydicom__pydicom.7d361b3d.lm_rewrite__bnrxcfyb.c4z1xf2g,18541,True,322,34,0,0,0,0,0.0,,0,0,2100000,2100000,0,0,0,ok,,
1538,,,,pydicom__pydicom.7d361b3d.lm_rewrite__bnrxcfyb.c4z1xf2g,22,pydicom__pydicom.7d361b3d.lm_rewrite__bnrxcfyb.c4z1xf2g,18897,True,198,289,0,0,0,0,0.0,,0,0,2200000,2200000,0,0,0,ok,,
1539,,,,pydicom__pydicom.7d361b3d.lm_rewrite__bnrxcfyb.c4z1xf2g,23,pydicom__pydicom.7d361b3d.lm_rewrite__bnrxcfyb.c4z1xf2g,19384,True,225,77,0,0,0,0,0.0,,0,0,2300000,2300000,0,0,0,ok,,
1540,,,,pydicom__pydicom.7d361b3d.lm_rewrite__bnrxcfyb.c4z1xf2g,24,pydicom__pydicom.7d361b3d.lm_rewrite__bnrxcfyb.c4z1xf2g,19686,True,2524,43,0,0,0,0,0.0,,0,0,2400000,2400000,0,0,0,ok,,
1541,,,,pydicom__pydicom.7d361b3d.lm_rewrite__bnrxcfyb.c4z1xf2g,25,pydicom__pydicom.7d361b3d.lm_rewrite__bnrxcfyb.c4z1xf2g,22253,True,11,8,0,0,0,0,0.0,,0,0,2500000,2500000,0,0,0,ok,,
1542,,,,getmoto__moto.694ce1f4.pr_6509.gqf75an6,0,swe_smith_system_prompt,924,True,2798,72,0,0,0,0,0.0,,0,0,0,0,0,0,0,ok,,
1543,,,,getmoto__moto.694ce1f4.pr_6509.gqf75an6,1,getmoto__moto.694ce1f4.pr_6509.gqf75an6,3794,True,3607,61,0,0,0,0,0.0,,0,0,100000,100000,0,0,0,ok,,
1544,,,,getmoto__moto.694ce1f4.pr_6509.gqf75an6,2,getmoto__moto.694ce1f4.pr_6509.gqf75an6,7462,True,101,59,0,0,0,0,0.0,,0,0,200000,200000,0,0,0,ok,,
1545,,,,getmoto__moto.694ce1f4.pr_6509.gqf75an6,3,getmoto__moto.694ce1f4.pr_6509.gqf75an6,7622,True,967,182,0,0,0,0,0.0,,0,0,300000,300000,0,0,0,ok,,
1546,,,,getmoto__moto.694ce1f4.pr_6509.gqf75an6,4,getmoto__moto.694ce1f4.pr_6509.gqf75an6,8771,True,18,33,0,0,0,0,0.0,,0,0,400000,400000,0,0,0,ok,,
1547,,,,getmoto__moto.694ce1f4.pr_6509.gqf75an6,5,getmoto__moto.694ce1f4.pr_6509.gqf75an6,8822,True,76,48,0,0,0,0,0.0,,0,0,500000,500000,0,0,0,ok,,
1548,,,,getmoto__moto.694ce1f4.pr_6509.gqf75an6,6,getmoto__moto.694ce1f4.pr_6509.gqf75an6,8946,True,1901,34,0,0,0,0,0.0,,0,0,600000,600000,0,0,0,ok,,
1549,,,,getmoto__moto.694ce1f4.pr_6509.gqf75an6,7,getmoto__moto.694ce1f4.pr_6509.gqf75an6,10881,True,76,43,0,0,0,0,0.0,,0,0,700000,700000,0,0,0,ok,,
1550,,,,getmoto__moto.694ce1f4.pr_6509.gqf75an6,8,getmoto__moto.694ce1f4.pr_6509.gqf75an6,11000,True,1748,34,0,0,0,0,0.0,,0,0,800000,800000,0,0,0,ok,,
1551,,,,getmoto__moto.694ce1f4.pr_6509.gqf75an6,9,getmoto__moto.694ce1f4.pr_6509.gqf75an6,12782,True,76,79,0,0,0,0,0.0,,0,0,900000,900000,0,0,0,ok,,
1552,,,,getmoto__moto.694ce1f4.pr_6509.gqf75an6,10,getmoto__moto.694ce1f4.pr_6509.gqf75an6,12937,True,166,33,0,0,0,0,0.0,,0,0,1000000,1000000,0,0,0,ok,,
1553,,,,getmoto__moto.694ce1f4.pr_6509.gqf75an6,11,getmoto__moto.694ce1f4.pr_6509.gqf75an6,13136,True,77,43,0,0,0,0,0.0,,0,0,1100000,1100000,0,0,0,ok,,
1554,,,,getmoto__moto.694ce1f4.pr_6509.gqf75an6,12,getmoto__moto.694ce1f4.pr_6509.gqf75an6,13256,True,91,43,0,0,0,0,0.0,,0,0,1200000,1200000,0,0,0,ok,,
1555,,,,getmoto__moto.694ce1f4.pr_6509.gqf75an6,13,getmoto__moto.694ce1f4.pr_6509.gqf75an6,13390,True,510,77,0,0,0,0,0.0,,0,0,1300000,1300000,0,0,0,ok,,
1556,,,,getmoto__moto.694ce1f4.pr_6509.gqf75an6,14,getmoto__moto.694ce1f4.pr_6509.gqf75an6,13977,True,165,33,0,0,0,0,0.0,,0,0,1400000,1400000,0,0,0,ok,,
1557,,,,getmoto__moto.694ce1f4.pr_6509.gqf75an6,15,getmoto__moto.694ce1f4.pr_6509.gqf75an6,14175,True,1775,167,0,0,0,0,0.0,,0,0,1500000,1500000,0,0,0,ok,,
1558,,,,getmoto__moto.694ce1f4.pr_6509.gqf75an6,16,getmoto__moto.694ce1f4.pr_6509.gqf75an6,16117,True,242,36,0,0,0,0,0.0,,0,0,1600000,1600000,0,0,0,ok,,
1559,,,,getmoto__moto.694ce1f4.pr_6509.gqf75an6,17,getmoto__moto.694ce1f4.pr_6509.gqf75an6,16395,True,1775,58,0,0,0,0,0.0,,0,0,1700000,1700000,0,0,0,ok,,
1560,,,,getmoto__moto.694ce1f4.pr_6509.gqf75an6,18,getmoto__moto.694ce1f4.pr_6509.gqf75an6,18228,True,5551,61,0,0,0,0,0.0,,0,0,1800000,1800000,0,0,0,ok,,
1561,,,,getmoto__moto.694ce1f4.pr_6509.gqf75an6,19,getmoto__moto.694ce1f4.pr_6509.gqf75an6,23840,True,91,151,0,0,0,0,0.0,,0,0,1900000,1900000,0,0,0,ok,,
1562,,,,getmoto__moto.694ce1f4.pr_6509.gqf75an6,20,getmoto__moto.694ce1f4.pr_6509.gqf75an6,24082,True,260,36,0,0,0,0,0.0,,0,0,2000000,2000000,0,0,0,ok,,
1563,,,,getmoto__moto.694ce1f4.pr_6509.gqf75an6,21,getmoto__moto.694ce1f4.pr_6509.gqf75an6,24378,True,11,341,0,0,0,0,0.0,,0,0,2100000,2100000,0,0,0,ok,,
1564,,,,getmoto__moto.694ce1f4.pr_6509.gqf75an6,22,getmoto__moto.694ce1f4.pr_6509.gqf75an6,24730,True,19,33,0,0,0,0,0.0,,0,0,2200000,2200000,0,0,0,ok,,
1565,,,,getmoto__moto.694ce1f4.pr_6509.gqf75an6,23,getmoto__moto.694ce1f4.pr_6509.gqf75an6,24782,True,11,30,0,0,0,0,0.0,,0,0,2300000,2300000,0,0,0,ok,,
1566,,,,conan-io__conan.86f29e13.pr_11971.g80vxfoc,0,swe_smith_system_prompt,924,True,940,72,0,0,0,0,0.0,,0,0,0,0,0,0,0,ok,,
1567,,,,conan-io__conan.86f29e13.pr_11971.g80vxfoc,1,conan-io__conan.86f29e13.pr_11971.g80vxfoc,1936,True,354,91,0,0,0,0,0.0,,0,0,100000,100000,0,0,0,ok,,
1568,,,,conan-io__conan.86f29e13.pr_11971.g80vxfoc,2,conan-io__conan.86f29e13.pr_11971.g80vxfoc,2381,True,28,41,0,0,0,0,0.0,,0,0,200000,200000,0,0,0,ok,,
1569,,,,conan-io__conan.86f29e13.pr_11971.g80vxfoc,3,conan-io__conan.86f29e13.pr_11971.g80vxfoc,2450,True,25,39,0,0,0,0,0.0,,0,0,300000,300000,0,0,0,ok,,
1570,,,,conan-io__conan.86f29e13.pr_11971.g80vxfoc,4,conan-io__conan.86f29e13.pr_11971.g80vxfoc,2514,True,504,42,0,0,0,0,0.0,,0,0,400000,400000,0,0,0,ok,,
1571,,,,conan-io__conan.86f29e13.pr_11971.g80vxfoc,5,conan-io__conan.86f29e13.pr_11971.g80vxfoc,3060,True,1310,55,0,0,0,0,0.0,,0,0,500000,500000,0,0,0,ok,,
1572,,,,conan-io__conan.86f29e13.pr_11971.g80vxfoc,6,conan-io__conan.86f29e13.pr_11971.g80vxfoc,4425,True,2811,49,0,0,0,0,0.0,,0,0,600000,600000,0,0,0,ok,,
1573,,,,conan-io__conan.86f29e13.pr_11971.g80vxfoc,7,conan-io__conan.86f29e13.pr_11971.g80vxfoc,7285,True,35,48,0,0,0,0,0.0,,0,0,700000,700000,0,0,0,ok,,
1574,,,,conan-io__conan.86f29e13.pr_11971.g80vxfoc,8,conan-io__conan.86f29e13.pr_11971.g80vxfoc,7368,True,108,39,0,0,0,0,0.0,,0,0,800000,800000,0,0,0,ok,,
1575,,,,conan-io__conan.86f29e13.pr_11971.g80vxfoc,9,conan-io__conan.86f29e13.pr_11971.g80vxfoc,7515,True,69,46,0,0,0,0,0.0,,0,0,900000,900000,0,0,0,ok,,
1576,,,,conan-io__conan.86f29e13.pr_11971.g80vxfoc,10,conan-io__conan.86f29e13.pr_11971.g80vxfoc,7630,True,24,47,0,0,0,0,0.0,,0,0,1000000,1000000,0,0,0,ok,,
1577,,,,conan-io__conan.86f29e13.pr_11971.g80vxfoc,11,conan-io__conan.86f29e13.pr_11971.g80vxfoc,7701,True,25,44,0,0,0,0,0.0,,0,0,1100000,1100000,0,0,0,ok,,
1578,,,,conan-io__conan.86f29e13.pr_11971.g80vxfoc,12,conan-io__conan.86f29e13.pr_11971.g80vxfoc,7770,True,11,45,0,0,0,0,0.0,,0,0,1200000,1200000,0,0,0,ok,,
1579,,,,conan-io__conan.86f29e13.pr_11971.g80vxfoc,13,conan-io__conan.86f29e13.pr_11971.g80vxfoc,7826,True,11,48,0,0,0,0,0.0,,0,0,1300000,1300000,0,0,0,ok,,
1580,,,,conan-io__conan.86f29e13.pr_11971.g80vxfoc,14,conan-io__conan.86f29e13.pr_11971.g80vxfoc,7885,True,24,45,0,0,0,0,0.0,,0,0,1400000,1400000,0,0,0,ok,,
1581,,,,conan-io__conan.86f29e13.pr_11971.g80vxfoc,15,conan-io__conan.86f29e13.pr_11971.g80vxfoc,7954,True,25,49,0,0,0,0,0.0,,0,0,1500000,1500000,0,0,0,ok,,
1582,,,,conan-io__conan.86f29e13.pr_11971.g80vxfoc,16,conan-io__conan.86f29e13.pr_11971.g80vxfoc,8028,True,2811,61,0,0,0,0,0.0,,0,0,1600000,1600000,0,0,0,ok,,
1583,,,,conan-io__conan.86f29e13.pr_11971.g80vxfoc,17,conan-io__conan.86f29e13.pr_11971.g80vxfoc,10900,True,658,203,0,0,0,0,0.0,,0,0,1700000,1700000,0,0,0,ok,,
1584,,,,conan-io__conan.86f29e13.pr_11971.g80vxfoc,18,conan-io__conan.86f29e13.pr_11971.g80vxfoc,11761,True,18,30,0,0,0,0,0.0,,0,0,1800000,1800000,0,0,0,ok,,
1585,,,,conan-io__conan.86f29e13.pr_11971.g80vxfoc,19,conan-io__conan.86f29e13.pr_11971.g80vxfoc,11809,True,122,169,0,0,0,0,0.0,,0,0,1900000,1900000,0,0,0,ok,,
1586,,,,conan-io__conan.86f29e13.pr_11971.g80vxfoc,20,conan-io__conan.86f29e13.pr_11971.g80vxfoc,12100,True,330,32,0,0,0,0,0.0,,0,0,2000000,2000000,0,0,0,ok,,
1587,,,,conan-io__conan.86f29e13.pr_11971.g80vxfoc,21,conan-io__conan.86f29e13.pr_11971.g80vxfoc,12462,True,121,98,0,0,0,0,0.0,,0,0,2100000,2100000,0,0,0,ok,,
1588,,,,conan-io__conan.86f29e13.pr_11971.g80vxfoc,22,conan-io__conan.86f29e13.pr_11971.g80vxfoc,12681,True,179,32,0,0,0,0,0.0,,0,0,2200000,2200000,0,0,0,ok,,
1589,,,,conan-io__conan.86f29e13.pr_11971.g80vxfoc,23,conan-io__conan.86f29e13.pr_11971.g80vxfoc,12892,True,118,134,0,0,0,0,0.0,,0,0,2300000,2300000,0,0,0,ok,,
1590,,,,conan-io__conan.86f29e13.pr_11971.g80vxfoc,24,conan-io__conan.86f29e13.pr_11971.g80vxfoc,13144,True,231,32,0,0,0,0,0.0,,0,0,2400000,2400000,0,0,0,ok,,
1591,,,,conan-io__conan.86f29e13.pr_11971.g80vxfoc,25,conan-io__conan.86f29e13.pr_11971.g80vxfoc,13407,True,24,174,0,0,0,0,0.0,,0,0,2500000,2500000,0,0,0,ok,,
1592,,,,conan-io__conan.86f29e13.pr_11971.g80vxfoc,26,conan-io__conan.86f29e13.pr_11971.g80vxfoc,13605,True,265,251,0,0,0,0,0.0,,0,0,2600000,2600000,0,0,0,ok,,
1593,,,,conan-io__conan.86f29e13.pr_11971.g80vxfoc,27,conan-io__conan.86f29e13.pr_11971.g80vxfoc,14121,True,319,34,0,0,0,0,0.0,,0,0,2700000,2700000,0,0,0,ok,,
1594,,,,conan-io__conan.86f29e13.pr_11971.g80vxfoc,28,conan-io__conan.86f29e13.pr_11971.g80vxfoc,14474,True,66,519,0,0,0,0,0.0,,0,0,2800000,2800000,0,0,0,ok,,
1595,,,,un33k__python-slugify.872b3750.33.clu7z9do,0,swe_smith_system_prompt,924,True,598,74,0,0,0,0,0.0,,0,0,0,0,0,0,0,ok,,
1596,,,,un33k__python-slugify.872b3750.33.clu7z9do,1,un33k__python-slugify.872b3750.33.clu7z9do,1596,True,168,44,0,0,0,0,0.0,,0,0,100000,100000,0,0,0,ok,,
1597,,,,un33k__python-slugify.872b3750.33.clu7z9do,2,un33k__python-slugify.872b3750.33.clu7z9do,1808,True,7843,39,0,0,0,0,0.0,,0,0,200000,200000,0,0,0,ok,,
1598,,,,un33k__python-slugify.872b3750.33.clu7z9do,3,un33k__python-slugify.872b3750.33.clu7z9do,9690,True,31,54,0,0,0,0,0.0,,0,0,300000,300000,0,0,0,ok,,
1599,,,,un33k__python-slugify.872b3750.33.clu7z9do,4,un33k__python-slugify.872b3750.33.clu7z9do,9775,True,111,49,0,0,0,0,0.0,,0,0,400000,400000,0,0,0,ok,,
1600,,,,un33k__python-slugify.872b3750.33.clu7z9do,5,un33k__python-slugify.872b3750.33.clu7z9do,9935,True,2878,392,0,0,0,0,0.0,,0,0,500000,500000,0,0,0,ok,,
1601,,,,un33k__python-slugify.872b3750.33.clu7z9do,6,un33k__python-slugify.872b3750.33.clu7z9do,13205,True,18,33,0,0,0,0,0.0,,0,0,600000,600000,0,0,0,ok,,
1602,,,,un33k__python-slugify.872b3750.33.clu7z9do,7,un33k__python-slugify.872b3750.33.clu7z9do,13256,True,165,330,0,0,0,0,0.0,,0,0,700000,700000,0,0,0,ok,,
1603,,,,un33k__python-slugify.872b3750.33.clu7z9do,8,un33k__python-slugify.872b3750.33.clu7z9do,13751,True,249,37,0,0,0,0,0.0,,0,0,800000,800000,0,0,0,ok,,
1604,,,,un33k__python-slugify.872b3750.33.clu7z9do,9,un33k__python-slugify.872b3750.33.clu7z9do,14037,True,31,649,0,0,0,0,0.0,,0,0,900000,900000,0,0,0,ok,,
1605,,,,un33k__python-slugify.872b3750.33.clu7z9do,10,un33k__python-slugify.872b3750.33.clu7z9do,14717,True,19,32,0,0,0,0,0.0,,0,0,1000000,1000000,0,0,0,ok,,
1606,,,,un33k__python-slugify.872b3750.33.clu7z9do,11,un33k__python-slugify.872b3750.33.clu7z9do,14768,True,192,209,0,0,0,0,0.0,,0,0,1100000,1100000,0,0,0,ok,,
1607,,,,un33k__python-slugify.872b3750.33.clu7z9do,12,un33k__python-slugify.872b3750.33.clu7z9do,15169,True,254,225,0,0,0,0,0.0,,0,0,1200000,1200000,0,0,0,ok,,
1608,,,,un33k__python-slugify.872b3750.33.clu7z9do,13,un33k__python-slugify.872b3750.33.clu7z9do,15648,True,257,341,0,0,0,0,0.0,,0,0,1300000,1300000,0,0,0,ok,,
1609,,,,un33k__python-slugify.872b3750.33.clu7z9do,14,un33k__python-slugify.872b3750.33.clu7z9do,16246,True,385,212,0,0,0,0,0.0,,0,0,1400000,1400000,0,0,0,ok,,
1610,,,,un33k__python-slugify.872b3750.33.clu7z9do,15,un33k__python-slugify.872b3750.33.clu7z9do,16843,True,301,34,0,0,0,0,0.0,,0,0,1500000,1500000,0,0,0,ok,,
1611,,,,un33k__python-slugify.872b3750.33.clu7z9do,16,un33k__python-slugify.872b3750.33.clu7z9do,17178,True,153,216,0,0,0,0,0.0,,0,0,1600000,1600000,0,0,0,ok,,
1612,,,,facebookresearch__hydra.0f03eb60.pr_2062.4v62d359,0,swe_smith_system_prompt,924,True,659,73,0,0,0,0,0.0,,0,0,0,0,0,0,0,ok,,
1613,,,,facebookresearch__hydra.0f03eb60.pr_2062.4v62d359,1,facebookresearch__hydra.0f03eb60.pr_2062.4v62d359,1656,True,1149,63,0,0,0,0,0.0,,0,0,100000,100000,0,0,0,ok,,
1614,,,,facebookresearch__hydra.0f03eb60.pr_2062.4v62d359,2,facebookresearch__hydra.0f03eb60.pr_2062.4v62d359,2868,True,1979,65,0,0,0,0,0.0,,0,0,200000,200000,0,0,0,ok,,
1615,,,,facebookresearch__hydra.0f03eb60.pr_2062.4v62d359,3,facebookresearch__hydra.0f03eb60.pr_2062.4v62d359,4912,True,774,111,0,0,0,0,0.0,,0,0,300000,300000,0,0,0,ok,,
1616,,,,facebookresearch__hydra.0f03eb60.pr_2062.4v62d359,4,facebookresearch__hydra.0f03eb60.pr_2062.4v62d359,5797,True,18,33,0,0,0,0,0.0,,0,0,400000,400000,0,0,0,ok,,
1617,,,,facebookresearch__hydra.0f03eb60.pr_2062.4v62d359,5,facebookresearch__hydra.0f03eb60.pr_2062.4v62d359,5848,True,24,38,0,0,0,0,0.0,,0,0,500000,500000,0,0,0,ok,,
1618,,,,facebookresearch__hydra.0f03eb60.pr_2062.4v62d359,6,facebookresearch__hydra.0f03eb60.pr_2062.4v62d359,5910,True,651,31,0,0,0,0,0.0,,0,0,600000,600000,0,0,0,ok,,
1619,,,,facebookresearch__hydra.0f03eb60.pr_2062.4v62d359,7,facebookresearch__hydra.0f03eb60.pr_2062.4v62d359,6592,True,189,38,0,0,0,0,0.0,,0,0,700000,700000,0,0,0,ok,,
1620,,,,facebookresearch__hydra.0f03eb60.pr_2062.4v62d359,8,facebookresearch__hydra.0f03eb60.pr_2062.4v62d359,6819,True,36132,32,0,0,0,0,0.0,,0,0,800000,800000,0,0,0,ok,,
1621,,,,facebookresearch__hydra.0f03eb60.pr_2062.4v62d359,9,facebookresearch__hydra.0f03eb60.pr_2062.4v62d359,42983,True,131,109,0,0,0,0,0.0,,0,0,900000,900000,0,0,0,ok,,
1622,,,,facebookresearch__hydra.0f03eb60.pr_2062.4v62d359,10,facebookresearch__hydra.0f03eb60.pr_2062.4v62d359,43223,True,774,102,0,0,0,0,0.0,,0,0,1000000,1000000,0,0,0,ok,,
1623,,,,facebookresearch__hydra.0f03eb60.pr_2062.4v62d359,11,facebookresearch__hydra.0f03eb60.pr_2062.4v62d359,44099,True,62,1166,0,0,0,0,0.0,,0,0,1100000,1100000,0,0,0,ok,,
1624,,,,facebookresearch__hydra.0f03eb60.pr_2062.4v62d359,12,facebookresearch__hydra.0f03eb60.pr_2062.4v62d359,45327,True,1005,87,0,0,0,0,0.0,,0,0,1200000,1200000,0,0,0,ok,,
1625,,,,facebookresearch__hydra.0f03eb60.pr_2062.4v62d359,13,facebookresearch__hydra.0f03eb60.pr_2062.4v62d359,46419,True,129,30,0,0,0,0,0.0,,0,0,1300000,1300000,0,0,0,ok,,
1626,,,,dbader__schedule.82a43db1.26.y98rfspv,0,swe_smith_system_prompt,924,True,690,71,0,0,0,0,0.0,,0,0,0,0,0,0,0,ok,,
1627,,,,dbader__schedule.82a43db1.26.y98rfspv,1,dbader__schedule.82a43db1.26.y98rfspv,1685,True,304,60,0,0,0,0,0.0,,0,0,100000,100000,0,0,0,ok,,
1628,,,,dbader__schedule.82a43db1.26.y98rfspv,2,dbader__schedule.82a43db1.26.y98rfspv,2049,True,7324,43,0,0,0,0,0.0,,0,0,200000,200000,0,0,0,ok,,
1629,,,,dbader__schedule.82a43db1.26.y98rfspv,3,dbader__schedule.82a43db1.26.y98rfspv,9416,True,246,32,0,0,0,0,0.0,,0,0,300000,300000,0,0,0,ok,,
1630,,,,dbader__schedule.82a43db1.26.y98rfspv,4,dbader__schedule.82a43db1.26.y98rfspv,9694,True,478,31,0,0,0,0,0.0,,0,0,400000,400000,0,0,0,ok,,
1631,,,,dbader__schedule.82a43db1.26.y98rfspv,5,dbader__schedule.82a43db1.26.y98rfspv,10203,True,725,530,0,0,0,0,0.0,,0,0,500000,500000,0,0,0,ok,,
1632,,,,dbader__schedule.82a43db1.26.y98rfspv,6,dbader__schedule.82a43db1.26.y98rfspv,11458,True,20,33,0,0,0,0,0.0,,0,0,600000,600000,0,0,0,ok,,
1633,,,,dbader__schedule.82a43db1.26.y98rfspv,7,dbader__schedule.82a43db1.26.y98rfspv,11511,True,90,192,0,0,0,0,0.0,,0,0,700000,700000,0,0,0,ok,,
1634,,,,dbader__schedule.82a43db1.26.y98rfspv,8,dbader__schedule.82a43db1.26.y98rfspv,11793,True,96,196,0,0,0,0,0.0,,0,0,800000,800000,0,0,0,ok,,
1635,,,,dbader__schedule.82a43db1.26.y98rfspv,9,dbader__schedule.82a43db1.26.y98rfspv,12085,True,261,136,0,0,0,0,0.0,,0,0,900000,900000,0,0,0,ok,,
1636,,,,dbader__schedule.82a43db1.26.y98rfspv,10,dbader__schedule.82a43db1.26.y98rfspv,12482,True,226,148,0,0,0,0,0.0,,0,0,1000000,1000000,0,0,0,ok,,
1637,,,,dbader__schedule.82a43db1.26.y98rfspv,11,dbader__schedule.82a43db1.26.y98rfspv,12856,True,74,152,0,0,0,0,0.0,,0,0,1100000,1100000,0,0,0,ok,,
1638,,,,dbader__schedule.82a43db1.26.y98rfspv,12,dbader__schedule.82a43db1.26.y98rfspv,13082,True,233,723,0,0,0,0,0.0,,0,0,1200000,1200000,0,0,0,ok,,
1639,,,,dbader__schedule.82a43db1.26.y98rfspv,13,dbader__schedule.82a43db1.26.y98rfspv,14038,True,646,38,0,0,0,0,0.0,,0,0,1300000,1300000,0,0,0,ok,,
1640,,,,dbader__schedule.82a43db1.26.y98rfspv,14,dbader__schedule.82a43db1.26.y98rfspv,14722,True,104,53,0,0,0,0,0.0,,0,0,1400000,1400000,0,0,0,ok,,
1641,,,,dbader__schedule.82a43db1.26.y98rfspv,15,dbader__schedule.82a43db1.26.y98rfspv,14879,True,27,62,0,0,0,0,0.0,,0,0,1500000,1500000,0,0,0,ok,,
1642,,,,dbader__schedule.82a43db1.26.y98rfspv,16,dbader__schedule.82a43db1.26.y98rfspv,14968,True,335,76,0,0,0,0,0.0,,0,0,1600000,1600000,0,0,0,ok,,
1643,,,,dbader__schedule.82a43db1.26.y98rfspv,17,dbader__schedule.82a43db1.26.y98rfspv,15379,True,187,204,0,0,0,0,0.0,,0,0,1700000,1700000,0,0,0,ok,,
1644,,,,dbader__schedule.82a43db1.26.y98rfspv,18,dbader__schedule.82a43db1.26.y98rfspv,15770,True,310,33,0,0,0,0,0.0,,0,0,1800000,1800000,0,0,0,ok,,
1645,,,,dbader__schedule.82a43db1.26.y98rfspv,19,dbader__schedule.82a43db1.26.y98rfspv,16113,True,79,97,0,0,0,0,0.0,,0,0,1900000,1900000,0,0,0,ok,,
1646,,,,dbader__schedule.82a43db1.26.y98rfspv,20,dbader__schedule.82a43db1.26.y98rfspv,16289,True,373,64,0,0,0,0,0.0,,0,0,2000000,2000000,0,0,0,ok,,
1647,,,,dbader__schedule.82a43db1.26.y98rfspv,21,dbader__schedule.82a43db1.26.y98rfspv,16726,True,380,52,0,0,0,0,0.0,,0,0,2100000,2100000,0,0,0,ok,,
1648,,,,dbader__schedule.82a43db1.26.y98rfspv,22,dbader__schedule.82a43db1.26.y98rfspv,17158,True,356,52,0,0,0,0,0.0,,0,0,2200000,2200000,0,0,0,ok,,
1649,,,,dbader__schedule.82a43db1.26.y98rfspv,23,dbader__schedule.82a43db1.26.y98rfspv,17566,True,384,147,0,0,0,0,0.0,,0,0,2300000,2300000,0,0,0,ok,,
1650,,,,dbader__schedule.82a43db1.26.y98rfspv,24,dbader__schedule.82a43db1.26.y98rfspv,18097,True,232,38,0,0,0,0,0.0,,0,0,2400000,2400000,0,0,0,ok,,
1651,,,,dbader__schedule.82a43db1.26.y98rfspv,25,dbader__schedule.82a43db1.26.y98rfspv,18367,True,86,36,0,0,0,0,0.0,,0,0,2500000,2500000,0,0,0,ok,,
1652,,,,lincolnloop__python-qrcode.456b01d4.135.ldpab6ql,0,swe_smith_system_prompt,924,True,504,71,0,0,0,0,0.0,,0,0,0,0,0,0,0,ok,,
1653,,,,lincolnloop__python-qrcode.456b01d4.135.ldpab6ql,1,lincolnloop__python-qrcode.456b01d4.135.ldpab6ql,1499,True,253,69,0,0,0,0,0.0,,0,0,100000,100000,0,0,0,ok,,
1654,,,,lincolnloop__python-qrcode.456b01d4.135.ldpab6ql,2,lincolnloop__python-qrcode.456b01d4.135.ldpab6ql,1821,True,8897,45,0,0,0,0,0.0,,0,0,200000,200000,0,0,0,ok,,
1655,,,,lincolnloop__python-qrcode.456b01d4.135.ldpab6ql,3,lincolnloop__python-qrcode.456b01d4.135.ldpab6ql,10763,True,174,51,0,0,0,0,0.0,,0,0,300000,300000,0,0,0,ok,,
1656,,,,lincolnloop__python-qrcode.456b01d4.135.ldpab6ql,4,lincolnloop__python-qrcode.456b01d4.135.ldpab6ql,10988,True,225,423,0,0,0,0,0.0,,0,0,400000,400000,0,0,0,ok,,
1657,,,,lincolnloop__python-qrcode.456b01d4.135.ldpab6ql,5,lincolnloop__python-qrcode.456b01d4.135.ldpab6ql,11636,True,18,33,0,0,0,0,0.0,,0,0,500000,500000,0,0,0,ok,,
1658,,,,lincolnloop__python-qrcode.456b01d4.135.ldpab6ql,6,lincolnloop__python-qrcode.456b01d4.135.ldpab6ql,11687,True,15,266,0,0,0,0,0.0,,0,0,600000,600000,0,0,0,ok,,
1659,,,,lincolnloop__python-qrcode.456b01d4.135.ldpab6ql,7,lincolnloop__python-qrcode.456b01d4.135.ldpab6ql,11968,True,362,160,0,0,0,0,0.0,,0,0,700000,700000,0,0,0,ok,,
1660,,,,lincolnloop__python-qrcode.456b01d4.135.ldpab6ql,8,lincolnloop__python-qrcode.456b01d4.135.ldpab6ql,12490,True,15,325,0,0,0,0,0.0,,0,0,800000,800000,0,0,0,ok,,
1661,,,,lincolnloop__python-qrcode.456b01d4.135.ldpab6ql,9,lincolnloop__python-qrcode.456b01d4.135.ldpab6ql,12830,True,6634,306,0,0,0,0,0.0,,0,0,900000,900000,0,0,0,ok,,
1662,,,,lincolnloop__python-qrcode.456b01d4.135.ldpab6ql,10,lincolnloop__python-qrcode.456b01d4.135.ldpab6ql,19770,True,228,61,0,0,0,0,0.0,,0,0,1000000,1000000,0,0,0,ok,,
1663,,,,lincolnloop__python-qrcode.456b01d4.135.ldpab6ql,11,lincolnloop__python-qrcode.456b01d4.135.ldpab6ql,20059,True,136,333,0,0,0,0,0.0,,0,0,1100000,1100000,0,0,0,ok,,
1664,,,,lincolnloop__python-qrcode.456b01d4.135.ldpab6ql,12,lincolnloop__python-qrcode.456b01d4.135.ldpab6ql,20528,True,380,32,0,0,0,0,0.0,,0,0,1200000,1200000,0,0,0,ok,,
1665,,,,lincolnloop__python-qrcode.456b01d4.135.ldpab6ql,13,lincolnloop__python-qrcode.456b01d4.135.ldpab6ql,20940,True,15,582,0,0,0,0,0.0,,0,0,1300000,1300000,0,0,0,ok,,
1666,,,,lincolnloop__python-qrcode.456b01d4.135.ldpab6ql,14,lincolnloop__python-qrcode.456b01d4.135.ldpab6ql,21537,True,471,31,0,0,0,0,0.0,,0,0,1400000,1400000,0,0,0,ok,,
1667,,,,lincolnloop__python-qrcode.456b01d4.135.ldpab6ql,15,lincolnloop__python-qrcode.456b01d4.135.ldpab6ql,22039,True,15,485,0,0,0,0,0.0,,0,0,1500000,1500000,0,0,0,ok,,
1668,,,,lincolnloop__python-qrcode.456b01d4.135.ldpab6ql,16,lincolnloop__python-qrcode.456b01d4.135.ldpab6ql,22539,True,515,33,0,0,0,0,0.0,,0,0,1600000,1600000,0,0,0,ok,,
1669,,,,lincolnloop__python-qrcode.456b01d4.135.ldpab6ql,17,lincolnloop__python-qrcode.456b01d4.135.ldpab6ql,23087,True,15,329,0,0,0,0,0.0,,0,0,1700000,1700000,0,0,0,ok,,
1670,,,,lincolnloop__python-qrcode.456b01d4.135.ldpab6ql,18,lincolnloop__python-qrcode.456b01d4.135.ldpab6ql,23431,True,399,33,0,0,0,0,0.0,,0,0,1800000,1800000,0,0,0,ok,,
1671,,,,lincolnloop__python-qrcode.456b01d4.135.ldpab6ql,19,lincolnloop__python-qrcode.456b01d4.135.ldpab6ql,23863,True,15,307,0,0,0,0,0.0,,0,0,1900000,1900000,0,0,0,ok,,
1672,,,,lincolnloop__python-qrcode.456b01d4.135.ldpab6ql,20,lincolnloop__python-qrcode.456b01d4.135.ldpab6ql,24185,True,326,33,0,0,0,0,0.0,,0,0,2000000,2000000,0,0,0,ok,,
1673,,,,lincolnloop__python-qrcode.456b01d4.135.ldpab6ql,21,lincolnloop__python-qrcode.456b01d4.135.ldpab6ql,24544,True,15,422,0,0,0,0,0.0,,0,0,2100000,2100000,0,0,0,ok,,
1674,,,,lincolnloop__python-qrcode.456b01d4.135.ldpab6ql,22,lincolnloop__python-qrcode.456b01d4.135.ldpab6ql,24981,True,522,33,0,0,0,0,0.0,,0,0,2200000,2200000,0,0,0,ok,,
1675,,,,lincolnloop__python-qrcode.456b01d4.135.ldpab6ql,23,lincolnloop__python-qrcode.456b01d4.135.ldpab6ql,25536,True,15,600,0,0,0,0,0.0,,0,0,2300000,2300000,0,0,0,ok,,
1676,,,,lincolnloop__python-qrcode.456b01d4.135.ldpab6ql,24,lincolnloop__python-qrcode.456b01d4.135.ldpab6ql,26151,True,589,33,0,0,0,0,0.0,,0,0,2400000,2400000,0,0,0,ok,,
1677,,,,lincolnloop__python-qrcode.456b01d4.135.ldpab6ql,25,lincolnloop__python-qrcode.456b01d4.135.ldpab6ql,26773,True,15,793,0,0,0,0,0.0,,0,0,2500000,2500000,0,0,0,ok,,
1678,,,,lincolnloop__python-qrcode.456b01d4.135.ldpab6ql,26,lincolnloop__python-qrcode.456b01d4.135.ldpab6ql,27581,True,797,33,0,0,0,0,0.0,,0,0,2600000,2600000,0,0,0,ok,,
1679,,,,lincolnloop__python-qrcode.456b01d4.135.ldpab6ql,27,lincolnloop__python-qrcode.456b01d4.135.ldpab6ql,28411,True,17,33,0,0,0,0,0.0,,0,0,2700000,2700000,0,0,0,ok,,
1680,,,,mahmoud__boltons.3bfcfdd0.lm_rewrite__o3q1corl.31nskqa3,0,swe_smith_system_prompt,924,True,563,91,0,0,0,0,0.0,,0,0,0,0,0,0,0,ok,,
1681,,,,mahmoud__boltons.3bfcfdd0.lm_rewrite__o3q1corl.31nskqa3,1,mahmoud__boltons.3bfcfdd0.lm_rewrite__o3q1corl.31nskqa3,1578,True,15,70,0,0,0,0,0.0,,0,0,100000,100000,0,0,0,ok,,
1682,,,,mahmoud__boltons.3bfcfdd0.lm_rewrite__o3q1corl.31nskqa3,2,mahmoud__boltons.3bfcfdd0.lm_rewrite__o3q1corl.31nskqa3,1663,True,6075,58,0,0,0,0,0.0,,0,0,200000,200000,0,0,0,ok,,
1683,,,,mahmoud__boltons.3bfcfdd0.lm_rewrite__o3q1corl.31nskqa3,3,mahmoud__boltons.3bfcfdd0.lm_rewrite__o3q1corl.31nskqa3,7796,True,186,72,0,0,0,0,0.0,,0,0,300000,300000,0,0,0,ok,,
1684,,,,mahmoud__boltons.3bfcfdd0.lm_rewrite__o3q1corl.31nskqa3,4,mahmoud__boltons.3bfcfdd0.lm_rewrite__o3q1corl.31nskqa3,8054,True,433,106,0,0,0,0,0.0,,0,0,400000,400000,0,0,0,ok,,
1685,,,,mahmoud__boltons.3bfcfdd0.lm_rewrite__o3q1corl.31nskqa3,5,mahmoud__boltons.3bfcfdd0.lm_rewrite__o3q1corl.31nskqa3,8593,True,13,54,0,0,0,0,0.0,,0,0,500000,500000,0,0,0,ok,,
1686,,,,mahmoud__boltons.3bfcfdd0.lm_rewrite__o3q1corl.31nskqa3,6,mahmoud__boltons.3bfcfdd0.lm_rewrite__o3q1corl.31nskqa3,8660,True,6057,149,0,0,0,0,0.0,,0,0,600000,600000,0,0,0,ok,,
1687,,,,mahmoud__boltons.3bfcfdd0.lm_rewrite__o3q1corl.31nskqa3,7,mahmoud__boltons.3bfcfdd0.lm_rewrite__o3q1corl.31nskqa3,14866,True,19,35,0,0,0,0,0.0,,0,0,700000,700000,0,0,0,ok,,
1688,,,,mahmoud__boltons.3bfcfdd0.lm_rewrite__o3q1corl.31nskqa3,8,mahmoud__boltons.3bfcfdd0.lm_rewrite__o3q1corl.31nskqa3,14920,True,10,215,0,0,0,0,0.0,,0,0,800000,800000,0,0,0,ok,,
1689,,,,mahmoud__boltons.3bfcfdd0.lm_rewrite__o3q1corl.31nskqa3,9,mahmoud__boltons.3bfcfdd0.lm_rewrite__o3q1corl.31nskqa3,15145,True,19,27,0,0,0,0,0.0,,0,0,900000,900000,0,0,0,ok,,
1690,,,,mahmoud__boltons.3bfcfdd0.lm_rewrite__o3q1corl.31nskqa3,10,mahmoud__boltons.3bfcfdd0.lm_rewrite__o3q1corl.31nskqa3,15191,True,68,268,0,0,0,0,0.0,,0,0,1000000,1000000,0,0,0,ok,,
1691,,,,mahmoud__boltons.3bfcfdd0.lm_rewrite__o3q1corl.31nskqa3,11,mahmoud__boltons.3bfcfdd0.lm_rewrite__o3q1corl.31nskqa3,15527,True,21,27,0,0,0,0,0.0,,0,0,1100000,1100000,0,0,0,ok,,
1692,,,,mahmoud__boltons.3bfcfdd0.lm_rewrite__o3q1corl.31nskqa3,12,mahmoud__boltons.3bfcfdd0.lm_rewrite__o3q1corl.31nskqa3,15575,True,38,236,0,0,0,0,0.0,,0,0,1200000,1200000,0,0,0,ok,,
1693,,,,mahmoud__boltons.3bfcfdd0.lm_rewrite__o3q1corl.31nskqa3,13,mahmoud__boltons.3bfcfdd0.lm_rewrite__o3q1corl.31nskqa3,15849,True,271,40,0,0,0,0,0.0,,0,0,1300000,1300000,0,0,0,ok,,
1694,,,,mahmoud__boltons.3bfcfdd0.lm_rewrite__o3q1corl.31nskqa3,14,mahmoud__boltons.3bfcfdd0.lm_rewrite__o3q1corl.31nskqa3,16160,True,39,208,0,0,0,0,0.0,,0,0,1400000,1400000,0,0,0,ok,,
1695,,,,mahmoud__boltons.3bfcfdd0.lm_rewrite__o3q1corl.31nskqa3,15,mahmoud__boltons.3bfcfdd0.lm_rewrite__o3q1corl.31nskqa3,16407,True,18,26,0,0,0,0,0.0,,0,0,1500000,1500000,0,0,0,ok,,
1696,,,,mahmoud__boltons.3bfcfdd0.lm_rewrite__o3q1corl.31nskqa3,16,mahmoud__boltons.3bfcfdd0.lm_rewrite__o3q1corl.31nskqa3,16451,True,35,224,0,0,0,0,0.0,,0,0,1600000,1600000,0,0,0,ok,,
1697,,,,mahmoud__boltons.3bfcfdd0.lm_rewrite__o3q1corl.31nskqa3,17,mahmoud__boltons.3bfcfdd0.lm_rewrite__o3q1corl.31nskqa3,16710,True,18,26,0,0,0,0,0.0,,0,0,1700000,1700000,0,0,0,ok,,
1698,,,,mahmoud__boltons.3bfcfdd0.lm_rewrite__o3q1corl.31nskqa3,18,mahmoud__boltons.3bfcfdd0.lm_rewrite__o3q1corl.31nskqa3,16754,True,30,204,0,0,0,0,0.0,,0,0,1800000,1800000,0,0,0,ok,,
1699,,,,mahmoud__boltons.3bfcfdd0.lm_rewrite__o3q1corl.31nskqa3,19,mahmoud__boltons.3bfcfdd0.lm_rewrite__o3q1corl.31nskqa3,16988,True,18,26,0,0,0,0,0.0,,0,0,1900000,1900000,0,0,0,ok,,
1700,,,,mahmoud__boltons.3bfcfdd0.lm_rewrite__o3q1corl.31nskqa3,20,mahmoud__boltons.3bfcfdd0.lm_rewrite__o3q1corl.31nskqa3,17032,True,26,77,0,0,0,0,0.0,,0,0,2000000,2000000,0,0,0,ok,,
1701,,,,mahmoud__boltons.3bfcfdd0.lm_rewrite__o3q1corl.31nskqa3,21,mahmoud__boltons.3bfcfdd0.lm_rewrite__o3q1corl.31nskqa3,17135,True,374,246,0,0,0,0,0.0,,0,0,2100000,2100000,0,0,0,ok,,
1702,,,,mahmoud__boltons.3bfcfdd0.lm_rewrite__o3q1corl.31nskqa3,22,mahmoud__boltons.3bfcfdd0.lm_rewrite__o3q1corl.31nskqa3,17755,True,1927,75,0,0,0,0,0.0,,0,0,2200000,2200000,0,0,0,ok,,
1703,,,,mahmoud__boltons.3bfcfdd0.lm_rewrite__o3q1corl.31nskqa3,23,mahmoud__boltons.3bfcfdd0.lm_rewrite__o3q1corl.31nskqa3,19757,True,11,8,0,0,0,0,0.0,,0,0,2300000,2300000,0,0,0,ok,,
1704,,,,tkrajina__gpxpy.09fc46b3.lm_rewrite__0m63cgpa.qslpahpb,0,swe_smith_system_prompt,924,True,855,102,0,0,0,0,0.0,,0,0,0,0,0,0,0,ok,,
1705,,,,tkrajina__gpxpy.09fc46b3.lm_rewrite__0m63cgpa.qslpahpb,1,tkrajina__gpxpy.09fc46b3.lm_rewrite__0m63cgpa.qslpahpb,1881,True,120,57,0,0,0,0,0.0,,0,0,100000,100000,0,0,0,ok,,
1706,,,,tkrajina__gpxpy.09fc46b3.lm_rewrite__0m63cgpa.qslpahpb,2,tkrajina__gpxpy.09fc46b3.lm_rewrite__0m63cgpa.qslpahpb,2058,True,6204,60,0,0,0,0,0.0,,0,0,200000,200000,0,0,0,ok,,
1707,,,,tkrajina__gpxpy.09fc46b3.lm_rewrite__0m63cgpa.qslpahpb,3,tkrajina__gpxpy.09fc46b3.lm_rewrite__0m63cgpa.qslpahpb,8322,True,348,83,0,0,0,0,0.0,,0,0,300000,300000,0,0,0,ok,,
1708,,,,tkrajina__gpxpy.09fc46b3.lm_rewrite__0m63cgpa.qslpahpb,4,tkrajina__gpxpy.09fc46b3.lm_rewrite__0m63cgpa.qslpahpb,8753,True,808,54,0,0,0,0,0.0,,0,0,400000,400000,0,0,0,ok,,
1709,,,,tkrajina__gpxpy.09fc46b3.lm_rewrite__0m63cgpa.qslpahpb,5,tkrajina__gpxpy.09fc46b3.lm_rewrite__0m63cgpa.qslpahpb,9615,True,347,54,0,0,0,0,0.0,,0,0,500000,500000,0,0,0,ok,,
1710,,,,tkrajina__gpxpy.09fc46b3.lm_rewrite__0m63cgpa.qslpahpb,6,tkrajina__gpxpy.09fc46b3.lm_rewrite__0m63cgpa.qslpahpb,10016,True,347,55,0,0,0,0,0.0,,0,0,600000,600000,0,0,0,ok,,
1711,,,,tkrajina__gpxpy.09fc46b3.lm_rewrite__0m63cgpa.qslpahpb,7,tkrajina__gpxpy.09fc46b3.lm_rewrite__0m63cgpa.qslpahpb,10418,True,2847,67,0,0,0,0,0.0,,0,0,700000,700000,0,0,0,ok,,
1712,,,,tkrajina__gpxpy.09fc46b3.lm_rewrite__0m63cgpa.qslpahpb,8,tkrajina__gpxpy.09fc46b3.lm_rewrite__0m63cgpa.qslpahpb,13332,True,656,52,0,0,0,0,0.0,,0,0,800000,800000,0,0,0,ok,,
1713,,,,tkrajina__gpxpy.09fc46b3.lm_rewrite__0m63cgpa.qslpahpb,9,tkrajina__gpxpy.09fc46b3.lm_rewrite__0m63cgpa.qslpahpb,14040,True,370,395,0,0,0,0,0.0,,0,0,900000,900000,0,0,0,ok,,
1714,,,,tkrajina__gpxpy.09fc46b3.lm_rewrite__0m63cgpa.qslpahpb,10,tkrajina__gpxpy.09fc46b3.lm_rewrite__0m63cgpa.qslpahpb,14805,True,20,47,0,0,0,0,0.0,,0,0,1000000,1000000,0,0,0,ok,,
1715,,,,tkrajina__gpxpy.09fc46b3.lm_rewrite__0m63cgpa.qslpahpb,11,tkrajina__gpxpy.09fc46b3.lm_rewrite__0m63cgpa.qslpahpb,14872,True,49,173,0,0,0,0,0.0,,0,0,1100000,1100000,0,0,0,ok,,
1716,,,,tkrajina__gpxpy.09fc46b3.lm_rewrite__0m63cgpa.qslpahpb,12,tkrajina__gpxpy.09fc46b3.lm_rewrite__0m63cgpa.qslpahpb,15094,True,333,141,0,0,0,0,0.0,,0,0,1200000,1200000,0,0,0,ok,,
1717,,,,tkrajina__gpxpy.09fc46b3.lm_rewrite__0m63cgpa.qslpahpb,13,tkrajina__gpxpy.09fc46b3.lm_rewrite__0m63cgpa.qslpahpb,15568,True,370,436,0,0,0,0,0.0,,0,0,1300000,1300000,0,0,0,ok,,
1718,,,,tkrajina__gpxpy.09fc46b3.lm_rewrite__0m63cgpa.qslpahpb,14,tkrajina__gpxpy.09fc46b3.lm_rewrite__0m63cgpa.qslpahpb,16374,True,397,459,0,0,0,0,0.0,,0,0,1400000,1400000,0,0,0,ok,,
1719,,,,tkrajina__gpxpy.09fc46b3.lm_rewrite__0m63cgpa.qslpahpb,15,tkrajina__gpxpy.09fc46b3.lm_rewrite__0m63cgpa.qslpahpb,17230,True,583,81,0,0,0,0,0.0,,0,0,1500000,1500000,0,0,0,ok,,
1720,,,,tkrajina__gpxpy.09fc46b3.lm_rewrite__0m63cgpa.qslpahpb,16,tkrajina__gpxpy.09fc46b3.lm_rewrite__0m63cgpa.qslpahpb,17894,True,731,141,0,0,0,0,0.0,,0,0,1600000,1600000,0,0,0,ok,,
1721,,,,tkrajina__gpxpy.09fc46b3.lm_rewrite__0m63cgpa.qslpahpb,17,tkrajina__gpxpy.09fc46b3.lm_rewrite__0m63cgpa.qslpahpb,18766,True,49,884,0,0,0,0,0.0,,0,0,1700000,1700000,0,0,0,ok,,
1722,,,,tkrajina__gpxpy.09fc46b3.lm_rewrite__0m63cgpa.qslpahpb,18,tkrajina__gpxpy.09fc46b3.lm_rewrite__0m63cgpa.qslpahpb,19699,True,19,35,0,0,0,0,0.0,,0,0,1800000,1800000,0,0,0,ok,,
1723,,,,tkrajina__gpxpy.09fc46b3.lm_rewrite__0m63cgpa.qslpahpb,19,tkrajina__gpxpy.09fc46b3.lm_rewrite__0m63cgpa.qslpahpb,19753,True,196,471,0,0,0,0,0.0,,0,0,1900000,1900000,0,0,0,ok,,
1724,,,,tkrajina__gpxpy.09fc46b3.lm_rewrite__0m63cgpa.qslpahpb,20,tkrajina__gpxpy.09fc46b3.lm_rewrite__0m63cgpa.qslpahpb,20420,True,2207,45,0,0,0,0,0.0,,0,0,2000000,2000000,0,0,0,ok,,
1725,,,,tkrajina__gpxpy.09fc46b3.lm_rewrite__0m63cgpa.qslpahpb,21,tkrajina__gpxpy.09fc46b3.lm_rewrite__0m63cgpa.qslpahpb,22672,True,11,8,0,0,0,0,0.0,,0,0,2100000,2100000,0,0,0,ok,,
1726,,,,PyCQA__flake8.cf1542ce.lm_rewrite__79ro1skp.23sxv31f,0,swe_smith_system_prompt,924,True,583,71,0,0,0,0,0.0,,0,0,0,0,0,0,0,ok,,
1727,,,,PyCQA__flake8.cf1542ce.lm_rewrite__79ro1skp.23sxv31f,1,PyCQA__flake8.cf1542ce.lm_rewrite__79ro1skp.23sxv31f,1578,True,957,73,0,0,0,0,0.0,,0,0,100000,100000,0,0,0,ok,,
1728,,,,PyCQA__flake8.cf1542ce.lm_rewrite__79ro1skp.23sxv31f,2,PyCQA__flake8.cf1542ce.lm_rewrite__79ro1skp.23sxv31f,2608,True,1986,56,0,0,0,0,0.0,,0,0,200000,200000,0,0,0,ok,,
1729,,,,PyCQA__flake8.cf1542ce.lm_rewrite__79ro1skp.23sxv31f,3,PyCQA__flake8.cf1542ce.lm_rewrite__79ro1skp.23sxv31f,4650,True,4704,57,0,0,0,0,0.0,,0,0,300000,300000,0,0,0,ok,,
1730,,,,PyCQA__flake8.cf1542ce.lm_rewrite__79ro1skp.23sxv31f,4,PyCQA__flake8.cf1542ce.lm_rewrite__79ro1skp.23sxv31f,9411,True,774,361,0,0,0,0,0.0,,0,0,400000,400000,0,0,0,ok,,
1731,,,,PyCQA__flake8.cf1542ce.lm_rewrite__79ro1skp.23sxv31f,5,PyCQA__flake8.cf1542ce.lm_rewrite__79ro1skp.23sxv31f,10546,True,20,36,0,0,0,0,0.0,,0,0,500000,500000,0,0,0,ok,,
1732,,,,PyCQA__flake8.cf1542ce.lm_rewrite__79ro1skp.23sxv31f,6,PyCQA__flake8.cf1542ce.lm_rewrite__79ro1skp.23sxv31f,10602,True,38,1014,0,0,0,0,0.0,,0,0,600000,600000,0,0,0,ok,,
1733,,,,PyCQA__flake8.cf1542ce.lm_rewrite__79ro1skp.23sxv31f,7,PyCQA__flake8.cf1542ce.lm_rewrite__79ro1skp.23sxv31f,11654,True,900,440,0,0,0,0,0.0,,0,0,700000,700000,0,0,0,ok,,
1734,,,,PyCQA__flake8.cf1542ce.lm_rewrite__79ro1skp.23sxv31f,8,PyCQA__flake8.cf1542ce.lm_rewrite__79ro1skp.23sxv31f,12994,True,18,37,0,0,0,0,0.0,,0,0,800000,800000,0,0,0,ok,,
1735,,,,PyCQA__flake8.cf1542ce.lm_rewrite__79ro1skp.23sxv31f,9,PyCQA__flake8.cf1542ce.lm_rewrite__79ro1skp.23sxv31f,13049,True,52,613,0,0,0,0,0.0,,0,0,900000,900000,0,0,0,ok,,
1736,,,,PyCQA__flake8.cf1542ce.lm_rewrite__79ro1skp.23sxv31f,10,PyCQA__flake8.cf1542ce.lm_rewrite__79ro1skp.23sxv31f,13714,True,20,26,0,0,0,0,0.0,,0,0,1000000,1000000,0,0,0,ok,,
1737,,,,PyCQA__flake8.cf1542ce.lm_rewrite__79ro1skp.23sxv31f,11,PyCQA__flake8.cf1542ce.lm_rewrite__79ro1skp.23sxv31f,13760,True,51,664,0,0,0,0,0.0,,0,0,1100000,1100000,0,0,0,ok,,
1738,,,,PyCQA__flake8.cf1542ce.lm_rewrite__79ro1skp.23sxv31f,12,PyCQA__flake8.cf1542ce.lm_rewrite__79ro1skp.23sxv31f,14475,True,19,25,0,0,0,0,0.0,,0,0,1200000,1200000,0,0,0,ok,,
1739,,,,PyCQA__flake8.cf1542ce.lm_rewrite__79ro1skp.23sxv31f,13,PyCQA__flake8.cf1542ce.lm_rewrite__79ro1skp.23sxv31f,14519,True,99,1081,0,0,0,0,0.0,,0,0,1300000,1300000,0,0,0,ok,,
1740,,,,PyCQA__flake8.cf1542ce.lm_rewrite__79ro1skp.23sxv31f,14,PyCQA__flake8.cf1542ce.lm_rewrite__79ro1skp.23sxv31f,15699,True,1074,228,0,0,0,0,0.0,,0,0,1400000,1400000,0,0,0,ok,,
1741,,,,PyCQA__flake8.cf1542ce.lm_rewrite__79ro1skp.23sxv31f,15,PyCQA__flake8.cf1542ce.lm_rewrite__79ro1skp.23sxv31f,17001,True,353,239,0,0,0,0,0.0,,0,0,1500000,1500000,0,0,0,ok,,
1742,,,,PyCQA__flake8.cf1542ce.lm_rewrite__79ro1skp.23sxv31f,16,PyCQA__flake8.cf1542ce.lm_rewrite__79ro1skp.23sxv31f,17593,True,321,39,0,0,0,0,0.0,,0,0,1600000,1600000,0,0,0,ok,,
1743,,,,PyCQA__flake8.cf1542ce.lm_rewrite__79ro1skp.23sxv31f,17,PyCQA__flake8.cf1542ce.lm_rewrite__79ro1skp.23sxv31f,17953,True,52,25,0,0,0,0,0.0,,0,0,1700000,1700000,0,0,0,ok,,
1744,,,,PyCQA__flake8.cf1542ce.lm_rewrite__79ro1skp.23sxv31f,18,PyCQA__flake8.cf1542ce.lm_rewrite__79ro1skp.23sxv31f,18030,True,99,620,0,0,0,0,0.0,,0,0,1800000,1800000,0,0,0,ok,,
1745,,,,PyCQA__flake8.cf1542ce.lm_rewrite__79ro1skp.23sxv31f,19,PyCQA__flake8.cf1542ce.lm_rewrite__79ro1skp.23sxv31f,18749,True,20,26,0,0,0,0,0.0,,0,0,1900000,1900000,0,0,0,ok,,
1746,,,,PyCQA__flake8.cf1542ce.lm_rewrite__79ro1skp.23sxv31f,20,PyCQA__flake8.cf1542ce.lm_rewrite__79ro1skp.23sxv31f,18795,True,107,265,0,0,0,0,0.0,,0,0,2000000,2000000,0,0,0,ok,,
1747,,,,PyCQA__flake8.cf1542ce.lm_rewrite__79ro1skp.23sxv31f,21,PyCQA__flake8.cf1542ce.lm_rewrite__79ro1skp.23sxv31f,19167,True,4502,68,0,0,0,0,0.0,,0,0,2100000,2100000,0,0,0,ok,,
1748,,,,PyCQA__flake8.cf1542ce.lm_rewrite__79ro1skp.23sxv31f,22,PyCQA__flake8.cf1542ce.lm_rewrite__79ro1skp.23sxv31f,23737,True,11,8,0,0,0,0,0.0,,0,0,2200000,2200000,0,0,0,ok,,
1749,,,,jd__tenacity.0d40e76f.97.0ogdx7b8,0,swe_smith_system_prompt,924,True,649,64,0,0,0,0,0.0,,0,0,0,0,0,0,0,ok,,
1750,,,,jd__tenacity.0d40e76f.97.0ogdx7b8,1,jd__tenacity.0d40e76f.97.0ogdx7b8,1637,True,735,45,0,0,0,0,0.0,,0,0,100000,100000,0,0,0,ok,,
1751,,,,jd__tenacity.0d40e76f.97.0ogdx7b8,2,jd__tenacity.0d40e76f.97.0ogdx7b8,2417,True,6981,47,0,0,0,0,0.0,,0,0,200000,200000,0,0,0,ok,,
1752,,,,jd__tenacity.0d40e76f.97.0ogdx7b8,3,jd__tenacity.0d40e76f.97.0ogdx7b8,9445,True,19,64,0,0,0,0,0.0,,0,0,300000,300000,0,0,0,ok,,
1753,,,,jd__tenacity.0d40e76f.97.0ogdx7b8,4,jd__tenacity.0d40e76f.97.0ogdx7b8,9528,True,299,67,0,0,0,0,0.0,,0,0,400000,400000,0,0,0,ok,,
1754,,,,jd__tenacity.0d40e76f.97.0ogdx7b8,5,jd__tenacity.0d40e76f.97.0ogdx7b8,9894,True,136,159,0,0,0,0,0.0,,0,0,500000,500000,0,0,0,ok,,
1755,,,,jd__tenacity.0d40e76f.97.0ogdx7b8,6,jd__tenacity.0d40e76f.97.0ogdx7b8,10189,True,18,36,0,0,0,0,0.0,,0,0,600000,600000,0,0,0,ok,,
1756,,,,jd__tenacity.0d40e76f.97.0ogdx7b8,7,jd__tenacity.0d40e76f.97.0ogdx7b8,10243,True,253,351,0,0,0,0,0.0,,0,0,700000,700000,0,0,0,ok,,
1757,,,,jd__tenacity.0d40e76f.97.0ogdx7b8,8,jd__tenacity.0d40e76f.97.0ogdx7b8,10847,True,18,33,0,0,0,0,0.0,,0,0,800000,800000,0,0,0,ok,,
1758,,,,jd__tenacity.0d40e76f.97.0ogdx7b8,9,jd__tenacity.0d40e76f.97.0ogdx7b8,10898,True,11,17,0,0,0,0,0.0,,0,0,900000,900000,0,0,0,ok,,
1759,,,,jd__tenacity.0d40e76f.97.0ogdx7b8,10,jd__tenacity.0d40e76f.97.0ogdx7b8,10926,True,671,87,0,0,0,0,0.0,,0,0,1000000,1000000,0,0,0,ok,,
1760,,,,tox-dev__pipdeptree.c31b6418.pr_318.hgx0q6fr,0,swe_smith_system_prompt,924,True,308,71,0,0,0,0,0.0,,0,0,0,0,0,0,0,ok,,
1761,,,,tox-dev__pipdeptree.c31b6418.pr_318.hgx0q6fr,1,tox-dev__pipdeptree.c31b6418.pr_318.hgx0q6fr,1303,True,198,50,0,0,0,0,0.0,,0,0,100000,100000,0,0,0,ok,,
1762,,,,tox-dev__pipdeptree.c31b6418.pr_318.hgx0q6fr,2,tox-dev__pipdeptree.c31b6418.pr_318.hgx0q6fr,1551,True,326,104,0,0,0,0,0.0,,0,0,200000,200000,0,0,0,ok,,
1763,,,,tox-dev__pipdeptree.c31b6418.pr_318.hgx0q6fr,3,tox-dev__pipdeptree.c31b6418.pr_318.hgx0q6fr,1981,True,3159,47,0,0,0,0,0.0,,0,0,300000,300000,0,0,0,ok,,
1764,,,,tox-dev__pipdeptree.c31b6418.pr_318.hgx0q6fr,4,tox-dev__pipdeptree.c31b6418.pr_318.hgx0q6fr,5187,True,3520,47,0,0,0,0,0.0,,0,0,400000,400000,0,0,0,ok,,
1765,,,,tox-dev__pipdeptree.c31b6418.pr_318.hgx0q6fr,5,tox-dev__pipdeptree.c31b6418.pr_318.hgx0q6fr,8754,True,2209,344,0,0,0,0,0.0,,0,0,500000,500000,0,0,0,ok,,
1766,,,,tox-dev__pipdeptree.c31b6418.pr_318.hgx0q6fr,6,tox-dev__pipdeptree.c31b6418.pr_318.hgx0q6fr,11307,True,342,191,0,0,0,0,0.0,,0,0,600000,600000,0,0,0,ok,,
1767,,,,tox-dev__pipdeptree.c31b6418.pr_318.hgx0q6fr,7,tox-dev__pipdeptree.c31b6418.pr_318.hgx0q6fr,11840,True,354,207,0,0,0,0,0.0,,0,0,700000,700000,0,0,0,ok,,
1768,,,,tox-dev__pipdeptree.c31b6418.pr_318.hgx0q6fr,8,tox-dev__pipdeptree.c31b6418.pr_318.hgx0q6fr,12401,True,267,192,0,0,0,0,0.0,,0,0,800000,800000,0,0,0,ok,,
1769,,,,tox-dev__pipdeptree.c31b6418.pr_318.hgx0q6fr,9,tox-dev__pipdeptree.c31b6418.pr_318.hgx0q6fr,12860,True,291,419,0,0,0,0,0.0,,0,0,900000,900000,0,0,0,ok,,
1770,,,,tox-dev__pipdeptree.c31b6418.pr_318.hgx0q6fr,10,tox-dev__pipdeptree.c31b6418.pr_318.hgx0q6fr,13570,True,522,377,0,0,0,0,0.0,,0,0,1000000,1000000,0,0,0,ok,,
1771,,,,tox-dev__pipdeptree.c31b6418.pr_318.hgx0q6fr,11,tox-dev__pipdeptree.c31b6418.pr_318.hgx0q6fr,14469,True,508,597,0,0,0,0,0.0,,0,0,1100000,1100000,0,0,0,ok,,
1772,,,,tox-dev__pipdeptree.c31b6418.pr_318.hgx0q6fr,12,tox-dev__pipdeptree.c31b6418.pr_318.hgx0q6fr,15574,True,579,375,0,0,0,0,0.0,,0,0,1200000,1200000,0,0,0,ok,,
1773,,,,tox-dev__pipdeptree.c31b6418.pr_318.hgx0q6fr,13,tox-dev__pipdeptree.c31b6418.pr_318.hgx0q6fr,16528,True,494,591,0,0,0,0,0.0,,0,0,1300000,1300000,0,0,0,ok,,
1774,,,,tox-dev__pipdeptree.c31b6418.pr_318.hgx0q6fr,14,tox-dev__pipdeptree.c31b6418.pr_318.hgx0q6fr,17613,True,611,281,0,0,0,0,0.0,,0,0,1400000,1400000,0,0,0,ok,,
1775,,,,tox-dev__pipdeptree.c31b6418.pr_318.hgx0q6fr,15,tox-dev__pipdeptree.c31b6418.pr_318.hgx0q6fr,18505,True,18,33,0,0,0,0,0.0,,0,0,1500000,1500000,0,0,0,ok,,
1776,,,,tox-dev__pipdeptree.c31b6418.pr_318.hgx0q6fr,16,tox-dev__pipdeptree.c31b6418.pr_318.hgx0q6fr,18556,True,100,36,0,0,0,0,0.0,,0,0,1600000,1600000,0,0,0,ok,,
1777,,,,tox-dev__pipdeptree.c31b6418.pr_318.hgx0q6fr,17,tox-dev__pipdeptree.c31b6418.pr_318.hgx0q6fr,18692,True,664,35,0,0,0,0,0.0,,0,0,1700000,1700000,0,0,0,ok,,
1778,,,,tox-dev__pipdeptree.c31b6418.pr_318.hgx0q6fr,18,tox-dev__pipdeptree.c31b6418.pr_318.hgx0q6fr,19391,True,1636,147,0,0,0,0,0.0,,0,0,1800000,1800000,0,0,0,ok,,
1779,,,,tox-dev__pipdeptree.c31b6418.pr_318.hgx0q6fr,19,tox-dev__pipdeptree.c31b6418.pr_318.hgx0q6fr,21174,True,199,34,0,0,0,0,0.0,,0,0,1900000,1900000,0,0,0,ok,,
1780,,,,tox-dev__pipdeptree.c31b6418.pr_318.hgx0q6fr,20,tox-dev__pipdeptree.c31b6418.pr_318.hgx0q6fr,21407,True,2778,264,0,0,0,0,0.0,,0,0,2000000,2000000,0,0,0,ok,,
1781,,,,getmoto__moto.694ce1f4.pr_8348.o1kcis1k,0,swe_smith_system_prompt,924,True,636,94,0,0,0,0,0.0,,0,0,0,0,0,0,0,ok,,
1782,,,,getmoto__moto.694ce1f4.pr_8348.o1kcis1k,1,getmoto__moto.694ce1f4.pr_8348.o1kcis1k,1654,True,229,64,0,0,0,0,0.0,,0,0,100000,100000,0,0,0,ok,,
1783,,,,getmoto__moto.694ce1f4.pr_8348.o1kcis1k,2,getmoto__moto.694ce1f4.pr_8348.o1kcis1k,1947,True,5953,57,0,0,0,0,0.0,,0,0,200000,200000,0,0,0,ok,,
1784,,,,getmoto__moto.694ce1f4.pr_8348.o1kcis1k,3,getmoto__moto.694ce1f4.pr_8348.o1kcis1k,7957,True,3568,55,0,0,0,0,0.0,,0,0,300000,300000,0,0,0,ok,,
1785,,,,getmoto__moto.694ce1f4.pr_8348.o1kcis1k,4,getmoto__moto.694ce1f4.pr_8348.o1kcis1k,11580,True,2351,357,0,0,0,0,0.0,,0,0,400000,400000,0,0,0,ok,,
1786,,,,getmoto__moto.694ce1f4.pr_8348.o1kcis1k,5,getmoto__moto.694ce1f4.pr_8348.o1kcis1k,14288,True,20,36,0,0,0,0,0.0,,0,0,500000,500000,0,0,0,ok,,
1787,,,,getmoto__moto.694ce1f4.pr_8348.o1kcis1k,6,getmoto__moto.694ce1f4.pr_8348.o1kcis1k,14344,True,504,175,0,0,0,0,0.0,,0,0,600000,600000,0,0,0,ok,,
1788,,,,getmoto__moto.694ce1f4.pr_8348.o1kcis1k,7,getmoto__moto.694ce1f4.pr_8348.o1kcis1k,15023,True,240,33,0,0,0,0,0.0,,0,0,700000,700000,0,0,0,ok,,
1789,,,,getmoto__moto.694ce1f4.pr_8348.o1kcis1k,8,getmoto__moto.694ce1f4.pr_8348.o1kcis1k,15296,True,211,1171,0,0,0,0,0.0,,0,0,800000,800000,0,0,0,ok,,
1790,,,,getmoto__moto.694ce1f4.pr_8348.o1kcis1k,9,getmoto__moto.694ce1f4.pr_8348.o1kcis1k,16678,True,1038,337,0,0,0,0,0.0,,0,0,900000,900000,0,0,0,ok,,
1791,,,,getmoto__moto.694ce1f4.pr_8348.o1kcis1k,10,getmoto__moto.694ce1f4.pr_8348.o1kcis1k,18053,True,448,56,0,0,0,0,0.0,,0,0,1000000,1000000,0,0,0,ok,,
1792,,,,getmoto__moto.694ce1f4.pr_8348.o1kcis1k,11,getmoto__moto.694ce1f4.pr_8348.o1kcis1k,18557,True,278,769,0,0,0,0,0.0,,0,0,1100000,1100000,0,0,0,ok,,
1793,,,,getmoto__moto.694ce1f4.pr_8348.o1kcis1k,12,getmoto__moto.694ce1f4.pr_8348.o1kcis1k,19604,True,19,35,0,0,0,0,0.0,,0,0,1200000,1200000,0,0,0,ok,,
1794,,,,getmoto__moto.694ce1f4.pr_8348.o1kcis1k,13,getmoto__moto.694ce1f4.pr_8348.o1kcis1k,19658,True,590,1134,0,0,0,0,0.0,,0,0,1300000,1300000,0,0,0,ok,,
1795,,,,getmoto__moto.694ce1f4.pr_8348.o1kcis1k,14,getmoto__moto.694ce1f4.pr_8348.o1kcis1k,21382,True,1044,301,0,0,0,0,0.0,,0,0,1400000,1400000,0,0,0,ok,,
1796,,,,getmoto__moto.694ce1f4.pr_8348.o1kcis1k,15,getmoto__moto.694ce1f4.pr_8348.o1kcis1k,22727,True,412,43,0,0,0,0,0.0,,0,0,1500000,1500000,0,0,0,ok,,
1797,,,,getmoto__moto.694ce1f4.pr_8348.o1kcis1k,16,getmoto__moto.694ce1f4.pr_8348.o1kcis1k,23182,True,595,501,0,0,0,0,0.0,,0,0,1600000,1600000,0,0,0,ok,,
1798,,,,getmoto__moto.694ce1f4.pr_8348.o1kcis1k,17,getmoto__moto.694ce1f4.pr_8348.o1kcis1k,24278,True,427,34,0,0,0,0,0.0,,0,0,1700000,1700000,0,0,0,ok,,
1799,,,,getmoto__moto.694ce1f4.pr_8348.o1kcis1k,18,getmoto__moto.694ce1f4.pr_8348.o1kcis1k,24739,True,1637,644,0,0,0,0,0.0,,0,0,1800000,1800000,0,0,0,ok,,
1800,,,,getmoto__moto.694ce1f4.pr_8348.o1kcis1k,19,getmoto__moto.694ce1f4.pr_8348.o1kcis1k,27020,True,606,308,0,0,0,0,0.0,,0,0,1900000,1900000,0,0,0,ok,,
1801,,,,getmoto__moto.694ce1f4.pr_8348.o1kcis1k,20,getmoto__moto.694ce1f4.pr_8348.o1kcis1k,27934,True,396,45,0,0,0,0,0.0,,0,0,2000000,2000000,0,0,0,ok,,
1802,,,,getmoto__moto.694ce1f4.pr_8348.o1kcis1k,21,getmoto__moto.694ce1f4.pr_8348.o1kcis1k,28375,True,1637,42,0,0,0,0,0.0,,0,0,2100000,2100000,0,0,0,ok,,
1803,,,,getmoto__moto.694ce1f4.pr_8348.o1kcis1k,22,getmoto__moto.694ce1f4.pr_8348.o1kcis1k,30054,True,280,225,0,0,0,0,0.0,,0,0,2200000,2200000,0,0,0,ok,,
1804,,,,getmoto__moto.694ce1f4.pr_8348.o1kcis1k,23,getmoto__moto.694ce1f4.pr_8348.o1kcis1k,30559,True,2310,44,0,0,0,0,0.0,,0,0,2300000,2300000,0,0,0,ok,,
1805,,,,getmoto__moto.694ce1f4.pr_8348.o1kcis1k,24,getmoto__moto.694ce1f4.pr_8348.o1kcis1k,32913,True,11,8,0,0,0,0,0.0,,0,0,2400000,2400000,0,0,0,ok,,
1806,,,,scrapy__scrapy.35212ec5.pr_5406.ve3tpuuk,0,swe_smith_system_prompt,924,True,583,112,0,0,0,0,0.0,,0,0,0,0,0,0,0,ok,,
1807,,,,scrapy__scrapy.35212ec5.pr_5406.ve3tpuuk,1,scrapy__scrapy.35212ec5.pr_5406.ve3tpuuk,1619,True,11,38,0,0,0,0,0.0,,0,0,100000,100000,0,0,0,ok,,
1808,,,,scrapy__scrapy.35212ec5.pr_5406.ve3tpuuk,2,scrapy__scrapy.35212ec5.pr_5406.ve3tpuuk,1668,True,4338,64,0,0,0,0,0.0,,0,0,200000,200000,0,0,0,ok,,
1809,,,,scrapy__scrapy.35212ec5.pr_5406.ve3tpuuk,3,scrapy__scrapy.35212ec5.pr_5406.ve3tpuuk,6070,True,3333,55,0,0,0,0,0.0,,0,0,300000,300000,0,0,0,ok,,
1810,,,,scrapy__scrapy.35212ec5.pr_5406.ve3tpuuk,4,scrapy__scrapy.35212ec5.pr_5406.ve3tpuuk,9458,True,2368,193,0,0,0,0,0.0,,0,0,400000,400000,0,0,0,ok,,
1811,,,,scrapy__scrapy.35212ec5.pr_5406.ve3tpuuk,5,scrapy__scrapy.35212ec5.pr_5406.ve3tpuuk,12019,True,57,37,0,0,0,0,0.0,,0,0,500000,500000,0,0,0,ok,,
1812,,,,scrapy__scrapy.35212ec5.pr_5406.ve3tpuuk,6,scrapy__scrapy.35212ec5.pr_5406.ve3tpuuk,12113,True,582,68,0,0,0,0,0.0,,0,0,600000,600000,0,0,0,ok,,
1813,,,,scrapy__scrapy.35212ec5.pr_5406.ve3tpuuk,7,scrapy__scrapy.35212ec5.pr_5406.ve3tpuuk,12763,True,539,356,0,0,0,0,0.0,,0,0,700000,700000,0,0,0,ok,,
1814,,,,scrapy__scrapy.35212ec5.pr_5406.ve3tpuuk,8,scrapy__scrapy.35212ec5.pr_5406.ve3tpuuk,13658,True,19,35,0,0,0,0,0.0,,0,0,800000,800000,0,0,0,ok,,
1815,,,,scrapy__scrapy.35212ec5.pr_5406.ve3tpuuk,9,scrapy__scrapy.35212ec5.pr_5406.ve3tpuuk,13712,True,66,636,0,0,0,0,0.0,,0,0,900000,900000,0,0,0,ok,,
1816,,,,scrapy__scrapy.35212ec5.pr_5406.ve3tpuuk,10,scrapy__scrapy.35212ec5.pr_5406.ve3tpuuk,14414,True,710,32,0,0,0,0,0.0,,0,0,1000000,1000000,0,0,0,ok,,
1817,,,,scrapy__scrapy.35212ec5.pr_5406.ve3tpuuk,11,scrapy__scrapy.35212ec5.pr_5406.ve3tpuuk,15156,True,79,883,0,0,0,0,0.0,,0,0,1100000,1100000,0,0,0,ok,,
1818,,,,scrapy__scrapy.35212ec5.pr_5406.ve3tpuuk,12,scrapy__scrapy.35212ec5.pr_5406.ve3tpuuk,16118,True,815,32,0,0,0,0,0.0,,0,0,1200000,1200000,0,0,0,ok,,
1819,,,,scrapy__scrapy.35212ec5.pr_5406.ve3tpuuk,13,scrapy__scrapy.35212ec5.pr_5406.ve3tpuuk,16965,True,65,618,0,0,0,0,0.0,,0,0,1300000,1300000,0,0,0,ok,,
1820,,,,scrapy__scrapy.35212ec5.pr_5406.ve3tpuuk,14,scrapy__scrapy.35212ec5.pr_5406.ve3tpuuk,17648,True,600,999,0,0,0,0,0.0,,0,0,1400000,1400000,0,0,0,ok,,
1821,,,,scrapy__scrapy.35212ec5.pr_5406.ve3tpuuk,15,scrapy__scrapy.35212ec5.pr_5406.ve3tpuuk,19247,True,846,36,0,0,0,0,0.0,,0,0,1500000,1500000,0,0,0,ok,,
1822,,,,scrapy__scrapy.35212ec5.pr_5406.ve3tpuuk,16,scrapy__scrapy.35212ec5.pr_5406.ve3tpuuk,20129,True,119,124,0,0,0,0,0.0,,0,0,1600000,1600000,0,0,0,ok,,
1823,,,,scrapy__scrapy.35212ec5.pr_5406.ve3tpuuk,17,scrapy__scrapy.35212ec5.pr_5406.ve3tpuuk,20372,True,121,720,0,0,0,0,0.0,,0,0,1700000,1700000,0,0,0,ok,,
1824,,,,scrapy__scrapy.35212ec5.pr_5406.ve3tpuuk,18,scrapy__scrapy.35212ec5.pr_5406.ve3tpuuk,21213,True,608,32,0,0,0,0,0.0,,0,0,1800000,1800000,0,0,0,ok,,
1825,,,,scrapy__scrapy.35212ec5.pr_5406.ve3tpuuk,19,scrapy__scrapy.35212ec5.pr_5406.ve3tpuuk,21853,True,129,93,0,0,0,0,0.0,,0,0,1900000,1900000,0,0,0,ok,,
1826,,,,scrapy__scrapy.35212ec5.pr_5406.ve3tpuuk,20,scrapy__scrapy.35212ec5.pr_5406.ve3tpuuk,22075,True,33,759,0,0,0,0,0.0,,0,0,2000000,2000000,0,0,0,ok,,
1827,,,,scrapy__scrapy.35212ec5.pr_5406.ve3tpuuk,21,scrapy__scrapy.35212ec5.pr_5406.ve3tpuuk,22867,True,894,37,0,0,0,0,0.0,,0,0,2100000,2100000,0,0,0,ok,,
1828,,,,scrapy__scrapy.35212ec5.pr_5406.ve3tpuuk,22,scrapy__scrapy.35212ec5.pr_5406.ve3tpuuk,23798,True,225,384,0,0,0,0,0.0,,0,0,2200000,2200000,0,0,0,ok,,
1829,,,,scrapy__scrapy.35212ec5.pr_5406.ve3tpuuk,23,scrapy__scrapy.35212ec5.pr_5406.ve3tpuuk,24407,True,343,43,0,0,0,0,0.0,,0,0,2300000,2300000,0,0,0,ok,,
1830,,,,scrapy__scrapy.35212ec5.pr_5406.ve3tpuuk,24,scrapy__scrapy.35212ec5.pr_5406.ve3tpuuk,24793,True,33,200,0,0,0,0,0.0,,0,0,2400000,2400000,0,0,0,ok,,
1831,,,,scrapy__scrapy.35212ec5.pr_5406.ve3tpuuk,25,scrapy__scrapy.35212ec5.pr_5406.ve3tpuuk,25026,True,30197,36,0,0,0,0,0.0,,0,0,2500000,2500000,0,0,0,ok,,
1832,,,,scrapy__scrapy.35212ec5.pr_5406.ve3tpuuk,26,scrapy__scrapy.35212ec5.pr_5406.ve3tpuuk,55259,True,11,8,0,0,0,0,0.0,,0,0,2600000,2600000,0,0,0,ok,,
1833,,,,pydantic__pydantic.acb0f10f.pr_7932.s1bj726t,0,swe_smith_system_prompt,924,True,1077,82,0,0,0,0,0.0,,0,0,0,0,0,0,0,ok,,
1834,,,,pydantic__pydantic.acb0f10f.pr_7932.s1bj726t,1,pydantic__pydantic.acb0f10f.pr_7932.s1bj726t,2083,True,1493,90,0,0,0,0,0.0,,0,0,100000,100000,0,0,0,ok,,
1835,,,,pydantic__pydantic.acb0f10f.pr_7932.s1bj726t,2,pydantic__pydantic.acb0f10f.pr_7932.s1bj726t,3666,True,3053,51,0,0,0,0,0.0,,0,0,200000,200000,0,0,0,ok,,
1836,,,,pydantic__pydantic.acb0f10f.pr_7932.s1bj726t,3,pydantic__pydantic.acb0f10f.pr_7932.s1bj726t,6770,True,6202,54,0,0,0,0,0.0,,0,0,300000,300000,0,0,0,ok,,
1837,,,,pydantic__pydantic.acb0f10f.pr_7932.s1bj726t,4,pydantic__pydantic.acb0f10f.pr_7932.s1bj726t,13026,True,467,78,0,0,0,0,0.0,,0,0,400000,400000,0,0,0,ok,,
1838,,,,pydantic__pydantic.acb0f10f.pr_7932.s1bj726t,5,pydantic__pydantic.acb0f10f.pr_7932.s1bj726t,13571,True,1300,81,0,0,0,0,0.0,,0,0,500000,500000,0,0,0,ok,,
1839,,,,pydantic__pydantic.acb0f10f.pr_7932.s1bj726t,6,pydantic__pydantic.acb0f10f.pr_7932.s1bj726t,14952,True,1625,155,0,0,0,0,0.0,,0,0,600000,600000,0,0,0,ok,,
1840,,,,pydantic__pydantic.acb0f10f.pr_7932.s1bj726t,7,pydantic__pydantic.acb0f10f.pr_7932.s1bj726t,16732,True,19,34,0,0,0,0,0.0,,0,0,700000,700000,0,0,0,ok,,
1841,,,,pydantic__pydantic.acb0f10f.pr_7932.s1bj726t,8,pydantic__pydantic.acb0f10f.pr_7932.s1bj726t,16785,True,70,30,0,0,0,0,0.0,,0,0,800000,800000,0,0,0,ok,,
1842,,,,pydantic__pydantic.acb0f10f.pr_7932.s1bj726t,9,pydantic__pydantic.acb0f10f.pr_7932.s1bj726t,16885,True,171,34,0,0,0,0,0.0,,0,0,900000,900000,0,0,0,ok,,
1843,,,,pydantic__pydantic.acb0f10f.pr_7932.s1bj726t,10,pydantic__pydantic.acb0f10f.pr_7932.s1bj726t,17090,True,171,32,0,0,0,0,0.0,,0,0,1000000,1000000,0,0,0,ok,,
1844,,,,pydantic__pydantic.acb0f10f.pr_7932.s1bj726t,11,pydantic__pydantic.acb0f10f.pr_7932.s1bj726t,17293,True,502,33,0,0,0,0,0.0,,0,0,1100000,1100000,0,0,0,ok,,
1845,,,,pydantic__pydantic.acb0f10f.pr_7932.s1bj726t,12,pydantic__pydantic.acb0f10f.pr_7932.s1bj726t,17828,True,496,29,0,0,0,0,0.0,,0,0,1200000,1200000,0,0,0,ok,,
1846,,,,pydantic__pydantic.acb0f10f.pr_7932.s1bj726t,13,pydantic__pydantic.acb0f10f.pr_7932.s1bj726t,18353,True,162,34,0,0,0,0,0.0,,0,0,1300000,1300000,0,0,0,ok,,
1847,,,,pydantic__pydantic.acb0f10f.pr_7932.s1bj726t,14,pydantic__pydantic.acb0f10f.pr_7932.s1bj726t,18549,True,734,432,0,0,0,0,0.0,,0,0,1400000,1400000,0,0,0,ok,,
1848,,,,pydantic__pydantic.acb0f10f.pr_7932.s1bj726t,15,pydantic__pydantic.acb0f10f.pr_7932.s1bj726t,19715,True,396,38,0,0,0,0,0.0,,0,0,1500000,1500000,0,0,0,ok,,
1849,,,,pydantic__pydantic.acb0f10f.pr_7932.s1bj726t,16,pydantic__pydantic.acb0f10f.pr_7932.s1bj726t,20149,True,11,286,0,0,0,0,0.0,,0,0,1600000,1600000,0,0,0,ok,,
1850,,,,pydantic__pydantic.acb0f10f.pr_7932.s1bj726t,17,pydantic__pydantic.acb0f10f.pr_7932.s1bj726t,20446,True,365,225,0,0,0,0,0.0,,0,0,1700000,1700000,0,0,0,ok,,
1851,,,,pydantic__pydantic.acb0f10f.pr_7932.s1bj726t,18,pydantic__pydantic.acb0f10f.pr_7932.s1bj726t,21036,True,19,33,0,0,0,0,0.0,,0,0,1800000,1800000,0,0,0,ok,,
1852,,,,pydantic__pydantic.acb0f10f.pr_7932.s1bj726t,19,pydantic__pydantic.acb0f10f.pr_7932.s1bj726t,21088,True,10,31,0,0,0,0,0.0,,0,0,1900000,1900000,0,0,0,ok,,
1853,,,,pydantic__pydantic.acb0f10f.func_pm_remove_assign__i1dypufs.g8yln6vw,0,swe_smith_system_prompt,924,True,580,96,0,0,0,0,0.0,,0,0,0,0,0,0,0,ok,,
1854,,,,pydantic__pydantic.acb0f10f.func_pm_remove_assign__i1dypufs.g8yln6vw,1,pydantic__pydantic.acb0f10f.func_pm_remove_assign__i1dypufs.g8yln6vw,1600,True,33182,61,0,0,0,0,0.0,,0,0,100000,100000,0,0,0,ok,,
1855,,,,pydantic__pydantic.acb0f10f.func_pm_remove_assign__i1dypufs.g8yln6vw,2,pydantic__pydantic.acb0f10f.func_pm_remove_assign__i1dypufs.g8yln6vw,34843,True,3618,47,0,0,0,0,0.0,,0,0,200000,200000,0,0,0,ok,,
1856,,,,pydantic__pydantic.acb0f10f.func_pm_remove_assign__i1dypufs.g8yln6vw,3,pydantic__pydantic.acb0f10f.func_pm_remove_assign__i1dypufs.g8yln6vw,38508,True,938,50,0,0,0,0,0.0,,0,0,300000,300000,0,0,0,ok,,
1857,,,,pydantic__pydantic.acb0f10f.func_pm_remove_assign__i1dypufs.g8yln6vw,4,pydantic__pydantic.acb0f10f.func_pm_remove_assign__i1dypufs.g8yln6vw,39496,True,6521,48,0,0,0,0,0.0,,0,0,400000,400000,0,0,0,ok,,
1858,,,,pydantic__pydantic.acb0f10f.func_pm_remove_assign__i1dypufs.g8yln6vw,5,pydantic__pydantic.acb0f10f.func_pm_remove_assign__i1dypufs.g8yln6vw,46065,True,18,66,0,0,0,0,0.0,,0,0,500000,500000,0,0,0,ok,,
1859,,,,pydantic__pydantic.acb0f10f.func_pm_remove_assign__i1dypufs.g8yln6vw,6,pydantic__pydantic.acb0f10f.func_pm_remove_assign__i1dypufs.g8yln6vw,46149,True,1037,67,0,0,0,0,0.0,,0,0,600000,600000,0,0,0,ok,,
1860,,,,pydantic__pydantic.acb0f10f.func_pm_remove_assign__i1dypufs.g8yln6vw,7,pydantic__pydantic.acb0f10f.func_pm_remove_assign__i1dypufs.g8yln6vw,47253,True,821,45,0,0,0,0,0.0,,0,0,700000,700000,0,0,0,ok,,
1861,,,,pydantic__pydantic.acb0f10f.func_pm_remove_assign__i1dypufs.g8yln6vw,8,pydantic__pydantic.acb0f10f.func_pm_remove_assign__i1dypufs.g8yln6vw,48119,True,24,54,0,0,0,0,0.0,,0,0,800000,800000,0,0,0,ok,,
1862,,,,pydantic__pydantic.acb0f10f.func_pm_remove_assign__i1dypufs.g8yln6vw,9,pydantic__pydantic.acb0f10f.func_pm_remove_assign__i1dypufs.g8yln6vw,48197,True,50,54,0,0,0,0,0.0,,0,0,900000,900000,0,0,0,ok,,
1863,,,,pydantic__pydantic.acb0f10f.func_pm_remove_assign__i1dypufs.g8yln6vw,10,pydantic__pydantic.acb0f10f.func_pm_remove_assign__i1dypufs.g8yln6vw,48301,True,765,48,0,0,0,0,0.0,,0,0,1000000,1000000,0,0,0,ok,,
1864,,,,pydantic__pydantic.acb0f10f.func_pm_remove_assign__i1dypufs.g8yln6vw,11,pydantic__pydantic.acb0f10f.func_pm_remove_assign__i1dypufs.g8yln6vw,49114,True,64,54,0,0,0,0,0.0,,0,0,1100000,1100000,0,0,0,ok,,
1865,,,,pydantic__pydantic.acb0f10f.func_pm_remove_assign__i1dypufs.g8yln6vw,12,pydantic__pydantic.acb0f10f.func_pm_remove_assign__i1dypufs.g8yln6vw,49232,True,283,235,0,0,0,0,0.0,,0,0,1200000,1200000,0,0,0,ok,,
1866,,,,pydantic__pydantic.acb0f10f.func_pm_remove_assign__i1dypufs.g8yln6vw,13,pydantic__pydantic.acb0f10f.func_pm_remove_assign__i1dypufs.g8yln6vw,49750,True,19,35,0,0,0,0,0.0,,0,0,1300000,1300000,0,0,0,ok,,
1867,,,,pydantic__pydantic.acb0f10f.func_pm_remove_assign__i1dypufs.g8yln6vw,14,pydantic__pydantic.acb0f10f.func_pm_remove_assign__i1dypufs.g8yln6vw,49804,True,174,41,0,0,0,0,0.0,,0,0,1400000,1400000,0,0,0,ok,,
1868,,,,pydantic__pydantic.acb0f10f.func_pm_remove_assign__i1dypufs.g8yln6vw,15,pydantic__pydantic.acb0f10f.func_pm_remove_assign__i1dypufs.g8yln6vw,50019,True,984,33,0,0,0,0,0.0,,0,0,1500000,1500000,0,0,0,ok,,
1869,,,,pydantic__pydantic.acb0f10f.func_pm_remove_assign__i1dypufs.g8yln6vw,16,pydantic__pydantic.acb0f10f.func_pm_remove_assign__i1dypufs.g8yln6vw,51036,True,342,33,0,0,0,0,0.0,,0,0,1600000,1600000,0,0,0,ok,,
1870,,,,pydantic__pydantic.acb0f10f.func_pm_remove_assign__i1dypufs.g8yln6vw,17,pydantic__pydantic.acb0f10f.func_pm_remove_assign__i1dypufs.g8yln6vw,51411,True,53,280,0,0,0,0,0.0,,0,0,1700000,1700000,0,0,0,ok,,
1871,,,,pydantic__pydantic.acb0f10f.func_pm_remove_assign__i1dypufs.g8yln6vw,18,pydantic__pydantic.acb0f10f.func_pm_remove_assign__i1dypufs.g8yln6vw,51744,True,361,53,0,0,0,0,0.0,,0,0,1800000,1800000,0,0,0,ok,,
1872,,,,pydantic__pydantic.acb0f10f.func_pm_remove_assign__i1dypufs.g8yln6vw,19,pydantic__pydantic.acb0f10f.func_pm_remove_assign__i1dypufs.g8yln6vw,52158,True,52,699,0,0,0,0,0.0,,0,0,1900000,1900000,0,0,0,ok,,
1873,,,,pydantic__pydantic.acb0f10f.func_pm_remove_assign__i1dypufs.g8yln6vw,20,pydantic__pydantic.acb0f10f.func_pm_remove_assign__i1dypufs.g8yln6vw,52909,True,870,40,0,0,0,0,0.0,,0,0,2000000,2000000,0,0,0,ok,,
1874,,,,pydantic__pydantic.acb0f10f.func_pm_remove_assign__i1dypufs.g8yln6vw,21,pydantic__pydantic.acb0f10f.func_pm_remove_assign__i1dypufs.g8yln6vw,53819,True,246,269,0,0,0,0,0.0,,0,0,2100000,2100000,0,0,0,ok,,
1875,,,,pydantic__pydantic.acb0f10f.func_pm_remove_assign__i1dypufs.g8yln6vw,22,pydantic__pydantic.acb0f10f.func_pm_remove_assign__i1dypufs.g8yln6vw,54334,True,286,32,0,0,0,0,0.0,,0,0,2200000,2200000,0,0,0,ok,,
1876,,,,pydantic__pydantic.acb0f10f.func_pm_remove_assign__i1dypufs.g8yln6vw,23,pydantic__pydantic.acb0f10f.func_pm_remove_assign__i1dypufs.g8yln6vw,54652,True,220,569,0,0,0,0,0.0,,0,0,2300000,2300000,0,0,0,ok,,
1877,,,,pydantic__pydantic.acb0f10f.func_pm_remove_assign__i1dypufs.g8yln6vw,24,pydantic__pydantic.acb0f10f.func_pm_remove_assign__i1dypufs.g8yln6vw,55441,True,628,32,0,0,0,0,0.0,,0,0,2400000,2400000,0,0,0,ok,,
1878,,,,pydantic__pydantic.acb0f10f.func_pm_remove_assign__i1dypufs.g8yln6vw,25,pydantic__pydantic.acb0f10f.func_pm_remove_assign__i1dypufs.g8yln6vw,56101,True,312,257,0,0,0,0,0.0,,0,0,2500000,2500000,0,0,0,ok,,
1879,,,,pydantic__pydantic.acb0f10f.func_pm_remove_assign__i1dypufs.g8yln6vw,26,pydantic__pydantic.acb0f10f.func_pm_remove_assign__i1dypufs.g8yln6vw,56670,True,1472,32,0,0,0,0,0.0,,0,0,2600000,2600000,0,0,0,ok,,
1880,,,,pydantic__pydantic.acb0f10f.func_pm_remove_assign__i1dypufs.g8yln6vw,27,pydantic__pydantic.acb0f10f.func_pm_remove_assign__i1dypufs.g8yln6vw,58174,True,11,8,0,0,0,0,0.0,,0,0,2700000,2700000,0,0,0,ok,,
1881,,,,life4__textdistance.c3aca916.func_pm_op_change__un97tc1d.a3h8grjk,0,swe_smith_system_prompt,924,True,472,97,0,0,0,0,0.0,,0,0,0,0,0,0,0,ok,,
1882,,,,life4__textdistance.c3aca916.func_pm_op_change__un97tc1d.a3h8grjk,1,life4__textdistance.c3aca916.func_pm_op_change__un97tc1d.a3h8grjk,1493,True,647,78,0,0,0,0,0.0,,0,0,100000,100000,0,0,0,ok,,
1883,,,,life4__textdistance.c3aca916.func_pm_op_change__un97tc1d.a3h8grjk,2,life4__textdistance.c3aca916.func_pm_op_change__un97tc1d.a3h8grjk,2218,True,404,61,0,0,0,0,0.0,,0,0,200000,200000,0,0,0,ok,,
1884,,,,life4__textdistance.c3aca916.func_pm_op_change__un97tc1d.a3h8grjk,3,life4__textdistance.c3aca916.func_pm_op_change__un97tc1d.a3h8grjk,2683,True,30,54,0,0,0,0,0.0,,0,0,300000,300000,0,0,0,ok,,
1885,,,,life4__textdistance.c3aca916.func_pm_op_change__un97tc1d.a3h8grjk,4,life4__textdistance.c3aca916.func_pm_op_change__un97tc1d.a3h8grjk,2767,True,5532,66,0,0,0,0,0.0,,0,0,400000,400000,0,0,0,ok,,
1886,,,,life4__textdistance.c3aca916.func_pm_op_change__un97tc1d.a3h8grjk,5,life4__textdistance.c3aca916.func_pm_op_change__un97tc1d.a3h8grjk,8365,True,703,53,0,0,0,0,0.0,,0,0,500000,500000,0,0,0,ok,,
1887,,,,life4__textdistance.c3aca916.func_pm_op_change__un97tc1d.a3h8grjk,6,life4__textdistance.c3aca916.func_pm_op_change__un97tc1d.a3h8grjk,9121,True,2671,58,0,0,0,0,0.0,,0,0,600000,600000,0,0,0,ok,,
1888,,,,life4__textdistance.c3aca916.func_pm_op_change__un97tc1d.a3h8grjk,7,life4__textdistance.c3aca916.func_pm_op_change__un97tc1d.a3h8grjk,11850,True,261,45,0,0,0,0,0.0,,0,0,700000,700000,0,0,0,ok,,
1889,,,,life4__textdistance.c3aca916.func_pm_op_change__un97tc1d.a3h8grjk,8,life4__textdistance.c3aca916.func_pm_op_change__un97tc1d.a3h8grjk,12156,True,156,168,0,0,0,0,0.0,,0,0,800000,800000,0,0,0,ok,,
1890,,,,life4__textdistance.c3aca916.func_pm_op_change__un97tc1d.a3h8grjk,9,life4__textdistance.c3aca916.func_pm_op_change__un97tc1d.a3h8grjk,12480,True,19,35,0,0,0,0,0.0,,0,0,900000,900000,0,0,0,ok,,
1891,,,,life4__textdistance.c3aca916.func_pm_op_change__un97tc1d.a3h8grjk,10,life4__textdistance.c3aca916.func_pm_op_change__un97tc1d.a3h8grjk,12534,True,45,614,0,0,0,0,0.0,,0,0,1000000,1000000,0,0,0,ok,,
1892,,,,life4__textdistance.c3aca916.func_pm_op_change__un97tc1d.a3h8grjk,11,life4__textdistance.c3aca916.func_pm_op_change__un97tc1d.a3h8grjk,13193,True,326,48,0,0,0,0,0.0,,0,0,1100000,1100000,0,0,0,ok,,
1893,,,,life4__textdistance.c3aca916.func_pm_op_change__un97tc1d.a3h8grjk,12,life4__textdistance.c3aca916.func_pm_op_change__un97tc1d.a3h8grjk,13567,True,45,65,0,0,0,0,0.0,,0,0,1200000,1200000,0,0,0,ok,,
1894,,,,life4__textdistance.c3aca916.func_pm_op_change__un97tc1d.a3h8grjk,13,life4__textdistance.c3aca916.func_pm_op_change__un97tc1d.a3h8grjk,13677,True,814,595,0,0,0,0,0.0,,0,0,1300000,1300000,0,0,0,ok,,
1895,,,,life4__textdistance.c3aca916.func_pm_op_change__un97tc1d.a3h8grjk,14,life4__textdistance.c3aca916.func_pm_op_change__un97tc1d.a3h8grjk,15086,True,412,49,0,0,0,0,0.0,,0,0,1400000,1400000,0,0,0,ok,,
1896,,,,life4__textdistance.c3aca916.func_pm_op_change__un97tc1d.a3h8grjk,15,life4__textdistance.c3aca916.func_pm_op_change__un97tc1d.a3h8grjk,15547,True,488,47,0,0,0,0,0.0,,0,0,1500000,1500000,0,0,0,ok,,
1897,,,,life4__textdistance.c3aca916.func_pm_op_change__un97tc1d.a3h8grjk,16,life4__textdistance.c3aca916.func_pm_op_change__un97tc1d.a3h8grjk,16082,True,45,634,0,0,0,0,0.0,,0,0,1600000,1600000,0,0,0,ok,,
1898,,,,life4__textdistance.c3aca916.func_pm_op_change__un97tc1d.a3h8grjk,17,life4__textdistance.c3aca916.func_pm_op_change__un97tc1d.a3h8grjk,16761,True,19,35,0,0,0,0,0.0,,0,0,1700000,1700000,0,0,0,ok,,
1899,,,,life4__textdistance.c3aca916.func_pm_op_change__un97tc1d.a3h8grjk,18,life4__textdistance.c3aca916.func_pm_op_change__un97tc1d.a3h8grjk,16815,True,123,516,0,0,0,0,0.0,,0,0,1800000,1800000,0,0,0,ok,,
1900,,,,life4__textdistance.c3aca916.func_pm_op_change__un97tc1d.a3h8grjk,19,life4__textdistance.c3aca916.func_pm_op_change__un97tc1d.a3h8grjk,17454,True,478,36,0,0,0,0,0.0,,0,0,1900000,1900000,0,0,0,ok,,
1901,,,,life4__textdistance.c3aca916.func_pm_op_change__un97tc1d.a3h8grjk,20,life4__textdistance.c3aca916.func_pm_op_change__un97tc1d.a3h8grjk,17968,True,123,106,0,0,0,0,0.0,,0,0,2000000,2000000,0,0,0,ok,,
1902,,,,life4__textdistance.c3aca916.func_pm_op_change__un97tc1d.a3h8grjk,21,life4__textdistance.c3aca916.func_pm_op_change__un97tc1d.a3h8grjk,18197,True,1093,557,0,0,0,0,0.0,,0,0,2100000,2100000,0,0,0,ok,,
1903,,,,life4__textdistance.c3aca916.func_pm_op_change__un97tc1d.a3h8grjk,22,life4__textdistance.c3aca916.func_pm_op_change__un97tc1d.a3h8grjk,19847,True,569,43,0,0,0,0,0.0,,0,0,2200000,2200000,0,0,0,ok,,
1904,,,,life4__textdistance.c3aca916.func_pm_op_change__un97tc1d.a3h8grjk,23,life4__textdistance.c3aca916.func_pm_op_change__un97tc1d.a3h8grjk,20459,True,488,47,0,0,0,0,0.0,,0,0,2300000,2300000,0,0,0,ok,,
1905,,,,life4__textdistance.c3aca916.func_pm_op_change__un97tc1d.a3h8grjk,24,life4__textdistance.c3aca916.func_pm_op_change__un97tc1d.a3h8grjk,20994,True,45,53,0,0,0,0,0.0,,0,0,2400000,2400000,0,0,0,ok,,
1906,,,,life4__textdistance.c3aca916.func_pm_op_change__un97tc1d.a3h8grjk,25,life4__textdistance.c3aca916.func_pm_op_change__un97tc1d.a3h8grjk,21092,True,123,168,0,0,0,0,0.0,,0,0,2500000,2500000,0,0,0,ok,,
1907,,,,life4__textdistance.c3aca916.func_pm_op_change__un97tc1d.a3h8grjk,26,life4__textdistance.c3aca916.func_pm_op_change__un97tc1d.a3h8grjk,21383,True,1366,40,0,0,0,0,0.0,,0,0,2600000,2600000,0,0,0,ok,,
1908,,,,life4__textdistance.c3aca916.func_pm_op_change__un97tc1d.a3h8grjk,27,life4__textdistance.c3aca916.func_pm_op_change__un97tc1d.a3h8grjk,22789,True,11,14,0,0,0,0,0.0,,0,0,2700000,2700000,0,0,0,ok,,
1909,,,,iterative__dvc.1d6ea681.pr_9212.pv6aoek3,0,swe_smith_system_prompt,924,True,499,70,0,0,0,0,0.0,,0,0,0,0,0,0,0,ok,,
1910,,,,iterative__dvc.1d6ea681.pr_9212.pv6aoek3,1,iterative__dvc.1d6ea681.pr_9212.pv6aoek3,1493,True,593,117,0,0,0,0,0.0,,0,0,100000,100000,0,0,0,ok,,
1911,,,,iterative__dvc.1d6ea681.pr_9212.pv6aoek3,2,iterative__dvc.1d6ea681.pr_9212.pv6aoek3,2203,True,78,57,0,0,0,0,0.0,,0,0,200000,200000,0,0,0,ok,,
1912,,,,iterative__dvc.1d6ea681.pr_9212.pv6aoek3,3,iterative__dvc.1d6ea681.pr_9212.pv6aoek3,2338,True,3151,55,0,0,0,0,0.0,,0,0,300000,300000,0,0,0,ok,,
1913,,,,iterative__dvc.1d6ea681.pr_9212.pv6aoek3,4,iterative__dvc.1d6ea681.pr_9212.pv6aoek3,5544,True,4185,168,0,0,0,0,0.0,,0,0,400000,400000,0,0,0,ok,,
1914,,,,iterative__dvc.1d6ea681.pr_9212.pv6aoek3,5,iterative__dvc.1d6ea681.pr_9212.pv6aoek3,9897,True,514,53,0,0,0,0,0.0,,0,0,500000,500000,0,0,0,ok,,
1915,,,,iterative__dvc.1d6ea681.pr_9212.pv6aoek3,6,iterative__dvc.1d6ea681.pr_9212.pv6aoek3,10464,True,361,236,0,0,0,0,0.0,,0,0,600000,600000,0,0,0,ok,,
1916,,,,iterative__dvc.1d6ea681.pr_9212.pv6aoek3,7,iterative__dvc.1d6ea681.pr_9212.pv6aoek3,11061,True,18,29,0,0,0,0,0.0,,0,0,700000,700000,0,0,0,ok,,
1917,,,,iterative__dvc.1d6ea681.pr_9212.pv6aoek3,8,iterative__dvc.1d6ea681.pr_9212.pv6aoek3,11108,True,15,748,0,0,0,0,0.0,,0,0,800000,800000,0,0,0,ok,,
1918,,,,iterative__dvc.1d6ea681.pr_9212.pv6aoek3,9,iterative__dvc.1d6ea681.pr_9212.pv6aoek3,11871,True,941,590,0,0,0,0,0.0,,0,0,900000,900000,0,0,0,ok,,
1919,,,,iterative__dvc.1d6ea681.pr_9212.pv6aoek3,10,iterative__dvc.1d6ea681.pr_9212.pv6aoek3,13402,True,690,454,0,0,0,0,0.0,,0,0,1000000,1000000,0,0,0,ok,,
1920,,,,iterative__dvc.1d6ea681.pr_9212.pv6aoek3,11,iterative__dvc.1d6ea681.pr_9212.pv6aoek3,14546,True,524,37,0,0,0,0,0.0,,0,0,1100000,1100000,0,0,0,ok,,
1921,,,,iterative__dvc.1d6ea681.pr_9212.pv6aoek3,12,iterative__dvc.1d6ea681.pr_9212.pv6aoek3,15107,True,15,599,0,0,0,0,0.0,,0,0,1200000,1200000,0,0,0,ok,,
1922,,,,iterative__dvc.1d6ea681.pr_9212.pv6aoek3,13,iterative__dvc.1d6ea681.pr_9212.pv6aoek3,15721,True,887,31,0,0,0,0,0.0,,0,0,1300000,1300000,0,0,0,ok,,
1923,,,,iterative__dvc.1d6ea681.pr_9212.pv6aoek3,14,iterative__dvc.1d6ea681.pr_9212.pv6aoek3,16639,True,291,224,0,0,0,0,0.0,,0,0,1400000,1400000,0,0,0,ok,,
1924,,,,cantools__cantools.0c6a7871.combine_file__1w4tyzon.rbvfrj8m,0,swe_smith_system_prompt,924,True,552,107,0,0,0,0,0.0,,0,0,0,0,0,0,0,ok,,
1925,,,,cantools__cantools.0c6a7871.combine_file__1w4tyzon.rbvfrj8m,1,cantools__cantools.0c6a7871.combine_file__1w4tyzon.rbvfrj8m,1583,True,1146,79,0,0,0,0,0.0,,0,0,100000,100000,0,0,0,ok,,
1926,,,,cantools__cantools.0c6a7871.combine_file__1w4tyzon.rbvfrj8m,2,cantools__cantools.0c6a7871.combine_file__1w4tyzon.rbvfrj8m,2808,True,1809,58,0,0,0,0,0.0,,0,0,200000,200000,0,0,0,ok,,
1927,,,,cantools__cantools.0c6a7871.combine_file__1w4tyzon.rbvfrj8m,3,cantools__cantools.0c6a7871.combine_file__1w4tyzon.rbvfrj8m,4675,True,1559,51,0,0,0,0,0.0,,0,0,300000,300000,0,0,0,ok,,
1928,,,,cantools__cantools.0c6a7871.combine_file__1w4tyzon.rbvfrj8m,4,cantools__cantools.0c6a7871.combine_file__1w4tyzon.rbvfrj8m,6285,True,3179,67,0,0,0,0,0.0,,0,0,400000,400000,0,0,0,ok,,
1929,,,,cantools__cantools.0c6a7871.combine_file__1w4tyzon.rbvfrj8m,5,cantools__cantools.0c6a7871.combine_file__1w4tyzon.rbvfrj8m,9531,True,579,51,0,0,0,0,0.0,,0,0,500000,500000,0,0,0,ok,,
1930,,,,cantools__cantools.0c6a7871.combine_file__1w4tyzon.rbvfrj8m,6,cantools__cantools.0c6a7871.combine_file__1w4tyzon.rbvfrj8m,10161,True,21,34,0,0,0,0,0.0,,0,0,600000,600000,0,0,0,ok,,
1931,,,,cantools__cantools.0c6a7871.combine_file__1w4tyzon.rbvfrj8m,7,cantools__cantools.0c6a7871.combine_file__1w4tyzon.rbvfrj8m,10216,True,17,60,0,0,0,0,0.0,,0,0,700000,700000,0,0,0,ok,,
1932,,,,cantools__cantools.0c6a7871.combine_file__1w4tyzon.rbvfrj8m,8,cantools__cantools.0c6a7871.combine_file__1w4tyzon.rbvfrj8m,10293,True,637,53,0,0,0,0,0.0,,0,0,800000,800000,0,0,0,ok,,
1933,,,,cantools__cantools.0c6a7871.combine_file__1w4tyzon.rbvfrj8m,9,cantools__cantools.0c6a7871.combine_file__1w4tyzon.rbvfrj8m,10983,True,839,53,0,0,0,0,0.0,,0,0,900000,900000,0,0,0,ok,,
1934,,,,cantools__cantools.0c6a7871.combine_file__1w4tyzon.rbvfrj8m,10,cantools__cantools.0c6a7871.combine_file__1w4tyzon.rbvfrj8m,11875,True,905,53,0,0,0,0,0.0,,0,0,1000000,1000000,0,0,0,ok,,
1935,,,,cantools__cantools.0c6a7871.combine_file__1w4tyzon.rbvfrj8m,11,cantools__cantools.0c6a7871.combine_file__1w4tyzon.rbvfrj8m,12833,True,764,46,0,0,0,0,0.0,,0,0,1100000,1100000,0,0,0,ok,,
1936,,,,cantools__cantools.0c6a7871.combine_file__1w4tyzon.rbvfrj8m,12,cantools__cantools.0c6a7871.combine_file__1w4tyzon.rbvfrj8m,13643,True,2150,52,0,0,0,0,0.0,,0,0,1200000,1200000,0,0,0,ok,,
1937,,,,cantools__cantools.0c6a7871.combine_file__1w4tyzon.rbvfrj8m,13,cantools__cantools.0c6a7871.combine_file__1w4tyzon.rbvfrj8m,15845,True,518,60,0,0,0,0,0.0,,0,0,1300000,1300000,0,0,0,ok,,
1938,,,,cantools__cantools.0c6a7871.combine_file__1w4tyzon.rbvfrj8m,14,cantools__cantools.0c6a7871.combine_file__1w4tyzon.rbvfrj8m,16423,True,719,539,0,0,0,0,0.0,,0,0,1400000,1400000,0,0,0,ok,,
1939,,,,cantools__cantools.0c6a7871.combine_file__1w4tyzon.rbvfrj8m,15,cantools__cantools.0c6a7871.combine_file__1w4tyzon.rbvfrj8m,17681,True,19,35,0,0,0,0,0.0,,0,0,1500000,1500000,0,0,0,ok,,
1940,,,,cantools__cantools.0c6a7871.combine_file__1w4tyzon.rbvfrj8m,16,cantools__cantools.0c6a7871.combine_file__1w4tyzon.rbvfrj8m,17735,True,45,173,0,0,0,0,0.0,,0,0,1600000,1600000,0,0,0,ok,,
1941,,,,cantools__cantools.0c6a7871.combine_file__1w4tyzon.rbvfrj8m,17,cantools__cantools.0c6a7871.combine_file__1w4tyzon.rbvfrj8m,17953,True,222,241,0,0,0,0,0.0,,0,0,1700000,1700000,0,0,0,ok,,
1942,,,,cantools__cantools.0c6a7871.combine_file__1w4tyzon.rbvfrj8m,18,cantools__cantools.0c6a7871.combine_file__1w4tyzon.rbvfrj8m,18416,True,347,214,0,0,0,0,0.0,,0,0,1800000,1800000,0,0,0,ok,,
1943,,,,cantools__cantools.0c6a7871.combine_file__1w4tyzon.rbvfrj8m,19,cantools__cantools.0c6a7871.combine_file__1w4tyzon.rbvfrj8m,18977,True,306,183,0,0,0,0,0.0,,0,0,1900000,1900000,0,0,0,ok,,
1944,,,,cantools__cantools.0c6a7871.combine_file__1w4tyzon.rbvfrj8m,20,cantools__cantools.0c6a7871.combine_file__1w4tyzon.rbvfrj8m,19466,True,246,55,0,0,0,0,0.0,,0,0,2000000,2000000,0,0,0,ok,,
1945,,,,cantools__cantools.0c6a7871.combine_file__1w4tyzon.rbvfrj8m,21,cantools__cantools.0c6a7871.combine_file__1w4tyzon.rbvfrj8m,19767,True,144,56,0,0,0,0,0.0,,0,0,2100000,2100000,0,0,0,ok,,
1946,,,,cantools__cantools.0c6a7871.combine_file__1w4tyzon.rbvfrj8m,22,cantools__cantools.0c6a7871.combine_file__1w4tyzon.rbvfrj8m,19967,True,69,1238,0,0,0,0,0.0,,0,0,2200000,2200000,0,0,0,ok,,
1947,,,,cantools__cantools.0c6a7871.combine_file__1w4tyzon.rbvfrj8m,23,cantools__cantools.0c6a7871.combine_file__1w4tyzon.rbvfrj8m,21274,True,19,33,0,0,0,0,0.0,,0,0,2300000,2300000,0,0,0,ok,,
1948,,,,cantools__cantools.0c6a7871.combine_file__1w4tyzon.rbvfrj8m,24,cantools__cantools.0c6a7871.combine_file__1w4tyzon.rbvfrj8m,21326,True,386,1641,0,0,0,0,0.0,,0,0,2400000,2400000,0,0,0,ok,,
1949,,,,cantools__cantools.0c6a7871.combine_file__1w4tyzon.rbvfrj8m,25,cantools__cantools.0c6a7871.combine_file__1w4tyzon.rbvfrj8m,23353,True,1426,34,0,0,0,0,0.0,,0,0,2500000,2500000,0,0,0,ok,,
1950,,,,cantools__cantools.0c6a7871.combine_file__1w4tyzon.rbvfrj8m,26,cantools__cantools.0c6a7871.combine_file__1w4tyzon.rbvfrj8m,24813,True,468,304,0,0,0,0,0.0,,0,0,2600000,2600000,0,0,0,ok,,
1951,,,,cantools__cantools.0c6a7871.combine_file__1w4tyzon.rbvfrj8m,27,cantools__cantools.0c6a7871.combine_file__1w4tyzon.rbvfrj8m,25585,True,2927,42,0,0,0,0,0.0,,0,0,2700000,2700000,0,0,0,ok,,
1952,,,,cantools__cantools.0c6a7871.combine_file__1w4tyzon.rbvfrj8m,28,cantools__cantools.0c6a7871.combine_file__1w4tyzon.rbvfrj8m,28554,True,11,14,0,0,0,0,0.0,,0,0,2800000,2800000,0,0,0,ok,,
1953,,,,kurtmckee__feedparser.cad965a3.pr_334.91lr429w,0,swe_smith_system_prompt,924,True,558,109,0,0,0,0,0.0,,0,0,0,0,0,0,0,ok,,
1954,,,,kurtmckee__feedparser.cad965a3.pr_334.91lr429w,1,kurtmckee__feedparser.cad965a3.pr_334.91lr429w,1591,True,637,68,0,0,0,0,0.0,,0,0,100000,100000,0,0,0,ok,,
1955,,,,kurtmckee__feedparser.cad965a3.pr_334.91lr429w,2,kurtmckee__feedparser.cad965a3.pr_334.91lr429w,2296,True,1293,60,0,0,0,0,0.0,,0,0,200000,200000,0,0,0,ok,,
1956,,,,kurtmckee__feedparser.cad965a3.pr_334.91lr429w,3,kurtmckee__feedparser.cad965a3.pr_334.91lr429w,3649,True,6357,237,0,0,0,0,0.0,,0,0,300000,300000,0,0,0,ok,,
1957,,,,kurtmckee__feedparser.cad965a3.pr_334.91lr429w,4,kurtmckee__feedparser.cad965a3.pr_334.91lr429w,10243,True,19,35,0,0,0,0,0.0,,0,0,400000,400000,0,0,0,ok,,
1958,,,,kurtmckee__feedparser.cad965a3.pr_334.91lr429w,5,kurtmckee__feedparser.cad965a3.pr_334.91lr429w,10297,True,127,208,0,0,0,0,0.0,,0,0,500000,500000,0,0,0,ok,,
1959,,,,kurtmckee__feedparser.cad965a3.pr_334.91lr429w,6,kurtmckee__feedparser.cad965a3.pr_334.91lr429w,10632,True,342,91,0,0,0,0,0.0,,0,0,600000,600000,0,0,0,ok,,
1960,,,,kurtmckee__feedparser.cad965a3.pr_334.91lr429w,7,kurtmckee__feedparser.cad965a3.pr_334.91lr429w,11065,True,7,472,0,0,0,0,0.0,,0,0,700000,700000,0,0,0,ok,,
1961,,,,kurtmckee__feedparser.cad965a3.pr_334.91lr429w,8,kurtmckee__feedparser.cad965a3.pr_334.91lr429w,11544,True,19,33,0,0,0,0,0.0,,0,0,800000,800000,0,0,0,ok,,
1962,,,,kurtmckee__feedparser.cad965a3.pr_334.91lr429w,9,kurtmckee__feedparser.cad965a3.pr_334.91lr429w,11596,True,53,82,0,0,0,0,0.0,,0,0,900000,900000,0,0,0,ok,,
1963,,,,kurtmckee__feedparser.cad965a3.pr_334.91lr429w,10,kurtmckee__feedparser.cad965a3.pr_334.91lr429w,11731,True,235,52,0,0,0,0,0.0,,0,0,1000000,1000000,0,0,0,ok,,
1964,,,,kurtmckee__feedparser.cad965a3.pr_334.91lr429w,11,kurtmckee__feedparser.cad965a3.pr_334.91lr429w,12018,True,524,64,0,0,0,0,0.0,,0,0,1100000,1100000,0,0,0,ok,,
1965,,,,kurtmckee__feedparser.cad965a3.pr_334.91lr429w,12,kurtmckee__feedparser.cad965a3.pr_334.91lr429w,12606,True,70,36,0,0,0,0,0.0,,0,0,1200000,1200000,0,0,0,ok,,
1966,,,,kurtmckee__feedparser.cad965a3.pr_334.91lr429w,13,kurtmckee__feedparser.cad965a3.pr_334.91lr429w,12712,True,53,145,0,0,0,0,0.0,,0,0,1300000,1300000,0,0,0,ok,,
1967,,,,kurtmckee__feedparser.cad965a3.pr_334.91lr429w,14,kurtmckee__feedparser.cad965a3.pr_334.91lr429w,12910,True,1134,42,0,0,0,0,0.0,,0,0,1400000,1400000,0,0,0,ok,,
1968,,,,kurtmckee__feedparser.cad965a3.pr_334.91lr429w,15,kurtmckee__feedparser.cad965a3.pr_334.91lr429w,14086,True,11,14,0,0,0,0,0.0,,0,0,1500000,1500000,0,0,0,ok,,
1969,,,,facebookresearch__fvcore.a491d5b9.func_pm_ctrl_shuffle__qktgu5i3.isczqw0f,0,swe_smith_system_prompt,924,True,555,95,0,0,0,0,0.0,,0,0,0,0,0,0,0,ok,,
1970,,,,facebookresearch__fvcore.a491d5b9.func_pm_ctrl_shuffle__qktgu5i3.isczqw0f,1,facebookresearch__fvcore.a491d5b9.func_pm_ctrl_shuffle__qktgu5i3.isczqw0f,1574,True,18,69,0,0,0,0,0.0,,0,0,100000,100000,0,0,0,ok,,
1971,,,,facebookresearch__fvcore.a491d5b9.func_pm_ctrl_shuffle__qktgu5i3.isczqw0f,2,facebookresearch__fvcore.a491d5b9.func_pm_ctrl_shuffle__qktgu5i3.isczqw0f,1661,True,4534,49,0,0,0,0,0.0,,0,0,200000,200000,0,0,0,ok,,
1972,,,,facebookresearch__fvcore.a491d5b9.func_pm_ctrl_shuffle__qktgu5i3.isczqw0f,3,facebookresearch__fvcore.a491d5b9.func_pm_ctrl_shuffle__qktgu5i3.isczqw0f,6244,True,27,47,0,0,0,0,0.0,,0,0,300000,300000,0,0,0,ok,,
1973,,,,facebookresearch__fvcore.a491d5b9.func_pm_ctrl_shuffle__qktgu5i3.isczqw0f,4,facebookresearch__fvcore.a491d5b9.func_pm_ctrl_shuffle__qktgu5i3.isczqw0f,6318,True,1984,144,0,0,0,0,0.0,,0,0,400000,400000,0,0,0,ok,,
1974,,,,facebookresearch__fvcore.a491d5b9.func_pm_ctrl_shuffle__qktgu5i3.isczqw0f,5,facebookresearch__fvcore.a491d5b9.func_pm_ctrl_shuffle__qktgu5i3.isczqw0f,8446,True,19,37,0,0,0,0,0.0,,0,0,500000,500000,0,0,0,ok,,
1975,,,,facebookresearch__fvcore.a491d5b9.func_pm_ctrl_shuffle__qktgu5i3.isczqw0f,6,facebookresearch__fvcore.a491d5b9.func_pm_ctrl_shuffle__qktgu5i3.isczqw0f,8502,True,183,379,0,0,0,0,0.0,,0,0,600000,600000,0,0,0,ok,,
1976,,,,facebookresearch__fvcore.a491d5b9.func_pm_ctrl_shuffle__qktgu5i3.isczqw0f,7,facebookresearch__fvcore.a491d5b9.func_pm_ctrl_shuffle__qktgu5i3.isczqw0f,9064,True,333,120,0,0,0,0,0.0,,0,0,700000,700000,0,0,0,ok,,
1977,,,,facebookresearch__fvcore.a491d5b9.func_pm_ctrl_shuffle__qktgu5i3.isczqw0f,8,facebookresearch__fvcore.a491d5b9.func_pm_ctrl_shuffle__qktgu5i3.isczqw0f,9517,True,13,336,0,0,0,0,0.0,,0,0,800000,800000,0,0,0,ok,,
1978,,,,facebookresearch__fvcore.a491d5b9.func_pm_ctrl_shuffle__qktgu5i3.isczqw0f,9,facebookresearch__fvcore.a491d5b9.func_pm_ctrl_shuffle__qktgu5i3.isczqw0f,9866,True,18,26,0,0,0,0,0.0,,0,0,900000,900000,0,0,0,ok,,
1979,,,,facebookresearch__fvcore.a491d5b9.func_pm_ctrl_shuffle__qktgu5i3.isczqw0f,10,facebookresearch__fvcore.a491d5b9.func_pm_ctrl_shuffle__qktgu5i3.isczqw0f,9910,True,32,331,0,0,0,0,0.0,,0,0,1000000,1000000,0,0,0,ok,,
1980,,,,facebookresearch__fvcore.a491d5b9.func_pm_ctrl_shuffle__qktgu5i3.isczqw0f,11,facebookresearch__fvcore.a491d5b9.func_pm_ctrl_shuffle__qktgu5i3.isczqw0f,10273,True,376,434,0,0,0,0,0.0,,0,0,1100000,1100000,0,0,0,ok,,
1981,,,,facebookresearch__fvcore.a491d5b9.func_pm_ctrl_shuffle__qktgu5i3.isczqw0f,12,facebookresearch__fvcore.a491d5b9.func_pm_ctrl_shuffle__qktgu5i3.isczqw0f,11083,True,18,26,0,0,0,0,0.0,,0,0,1200000,1200000,0,0,0,ok,,
1982,,,,facebookresearch__fvcore.a491d5b9.func_pm_ctrl_shuffle__qktgu5i3.isczqw0f,13,facebookresearch__fvcore.a491d5b9.func_pm_ctrl_shuffle__qktgu5i3.isczqw0f,11127,True,1092,318,0,0,0,0,0.0,,0,0,1300000,1300000,0,0,0,ok,,
1983,,,,facebookresearch__fvcore.a491d5b9.func_pm_ctrl_shuffle__qktgu5i3.isczqw0f,14,facebookresearch__fvcore.a491d5b9.func_pm_ctrl_shuffle__qktgu5i3.isczqw0f,12537,True,334,33,0,0,0,0,0.0,,0,0,1400000,1400000,0,0,0,ok,,
1984,,,,facebookresearch__fvcore.a491d5b9.func_pm_ctrl_shuffle__qktgu5i3.isczqw0f,15,facebookresearch__fvcore.a491d5b9.func_pm_ctrl_shuffle__qktgu5i3.isczqw0f,12904,True,204,209,0,0,0,0,0.0,,0,0,1500000,1500000,0,0,0,ok,,
1985,,,,facebookresearch__fvcore.a491d5b9.func_pm_ctrl_shuffle__qktgu5i3.isczqw0f,16,facebookresearch__fvcore.a491d5b9.func_pm_ctrl_shuffle__qktgu5i3.isczqw0f,13317,True,8276,50,0,0,0,0,0.0,,0,0,1600000,1600000,0,0,0,ok,,
1986,,,,facebookresearch__fvcore.a491d5b9.func_pm_ctrl_shuffle__qktgu5i3.isczqw0f,17,facebookresearch__fvcore.a491d5b9.func_pm_ctrl_shuffle__qktgu5i3.isczqw0f,21643,True,11,8,0,0,0,0,0.0,,0,0,1700000,1700000,0,0,0,ok,,
1987,,,,seatgeek__thefuzz.8a05a3ee.lm_rewrite__8m940ky9.z4ujoc4e,0,swe_smith_system_prompt,924,True,458,73,0,0,0,0,0.0,,0,0,0,0,0,0,0,ok,,
1988,,,,seatgeek__thefuzz.8a05a3ee.lm_rewrite__8m940ky9.z4ujoc4e,1,seatgeek__thefuzz.8a05a3ee.lm_rewrite__8m940ky9.z4ujoc4e,1455,True,90,44,0,0,0,0,0.0,,0,0,100000,100000,0,0,0,ok,,
1989,,,,seatgeek__thefuzz.8a05a3ee.lm_rewrite__8m940ky9.z4ujoc4e,2,seatgeek__thefuzz.8a05a3ee.lm_rewrite__8m940ky9.z4ujoc4e,1589,True,338,69,0,0,0,0,0.0,,0,0,200000,200000,0,0,0,ok,,
1990,,,,seatgeek__thefuzz.8a05a3ee.lm_rewrite__8m940ky9.z4ujoc4e,3,seatgeek__thefuzz.8a05a3ee.lm_rewrite__8m940ky9.z4ujoc4e,1996,True,4842,54,0,0,0,0,0.0,,0,0,300000,300000,0,0,0,ok,,
1991,,,,seatgeek__thefuzz.8a05a3ee.lm_rewrite__8m940ky9.z4ujoc4e,4,seatgeek__thefuzz.8a05a3ee.lm_rewrite__8m940ky9.z4ujoc4e,6892,True,290,53,0,0,0,0,0.0,,0,0,400000,400000,0,0,0,ok,,
1992,,,,seatgeek__thefuzz.8a05a3ee.lm_rewrite__8m940ky9.z4ujoc4e,5,seatgeek__thefuzz.8a05a3ee.lm_rewrite__8m940ky9.z4ujoc4e,7235,True,2382,172,0,0,0,0,0.0,,0,0,500000,500000,0,0,0,ok,,
1993,,,,seatgeek__thefuzz.8a05a3ee.lm_rewrite__8m940ky9.z4ujoc4e,6,seatgeek__thefuzz.8a05a3ee.lm_rewrite__8m940ky9.z4ujoc4e,9789,True,19,35,0,0,0,0,0.0,,0,0,600000,600000,0,0,0,ok,,
1994,,,,seatgeek__thefuzz.8a05a3ee.lm_rewrite__8m940ky9.z4ujoc4e,7,seatgeek__thefuzz.8a05a3ee.lm_rewrite__8m940ky9.z4ujoc4e,9843,True,39,480,0,0,0,0,0.0,,0,0,700000,700000,0,0,0,ok,,
1995,,,,seatgeek__thefuzz.8a05a3ee.lm_rewrite__8m940ky9.z4ujoc4e,8,seatgeek__thefuzz.8a05a3ee.lm_rewrite__8m940ky9.z4ujoc4e,10362,True,288,40,0,0,0,0,0.0,,0,0,800000,800000,0,0,0,ok,,
1996,,,,seatgeek__thefuzz.8a05a3ee.lm_rewrite__8m940ky9.z4ujoc4e,9,seatgeek__thefuzz.8a05a3ee.lm_rewrite__8m940ky9.z4ujoc4e,10690,True,43,660,0,0,0,0,0.0,,0,0,900000,900000,0,0,0,ok,,
1997,,,,seatgeek__thefuzz.8a05a3ee.lm_rewrite__8m940ky9.z4ujoc4e,10,seatgeek__thefuzz.8a05a3ee.lm_rewrite__8m940ky9.z4ujoc4e,11393,True,19,33,0,0,0,0,0.0,,0,0,1000000,1000000,0,0,0,ok,,
1998,,,,seatgeek__thefuzz.8a05a3ee.lm_rewrite__8m940ky9.z4ujoc4e,11,seatgeek__thefuzz.8a05a3ee.lm_rewrite__8m940ky9.z4ujoc4e,11445,True,853,252,0,0,0,0,0.0,,0,0,1100000,1100000,0,0,0,ok,,
1999,,,,seatgeek__thefuzz.8a05a3ee.lm_rewrite__8m940ky9.z4ujoc4e,12,seatgeek__thefuzz.8a05a3ee.lm_rewrite__8m940ky9.z4ujoc4e,12550,True,1430,42,0,0,0,0,0.0,,0,0,1200000,1200000,0,0,0,ok,,
2000,,,,seatgeek__thefuzz.8a05a3ee.lm_rewrite__8m940ky9.z4ujoc4e,13,seatgeek__thefuzz.8a05a3ee.lm_rewrite__8m940ky9.z4ujoc4e,14022,True,11,14,0,0,0,0,0.0,,0,0,1300000,1300000,0,0,0,ok,,
2001,,,,pygments__pygments.27649ebb.lm_rewrite__0qeog39g.sq9az265,0,swe_smith_system_prompt,924,True,790,91,0,0,0,0,0.0,,0,0,0,0,0,0,0,ok,,
2002,,,,pygments__pygments.27649ebb.lm_rewrite__0qeog39g.sq9az265,1,pygments__pygments.27649ebb.lm_rewrite__0qeog39g.sq9az265,1805,True,48,69,0,0,0,0,0.0,,0,0,100000,100000,0,0,0,ok,,
2003,,,,pygments__pygments.27649ebb.lm_rewrite__0qeog39g.sq9az265,2,pygments__pygments.27649ebb.lm_rewrite__0qeog39g.sq9az265,1922,True,4444,65,0,0,0,0,0.0,,0,0,200000,200000,0,0,0,ok,,
2004,,,,pygments__pygments.27649ebb.lm_rewrite__0qeog39g.sq9az265,3,pygments__pygments.27649ebb.lm_rewrite__0qeog39g.sq9az265,6431,True,10651,59,0,0,0,0,0.0,,0,0,300000,300000,0,0,0,ok,,
2005,,,,pygments__pygments.27649ebb.lm_rewrite__0qeog39g.sq9az265,4,pygments__pygments.27649ebb.lm_rewrite__0qeog39g.sq9az265,17141,True,14,40,0,0,0,0,0.0,,0,0,400000,400000,0,0,0,ok,,
2006,,,,pygments__pygments.27649ebb.lm_rewrite__0qeog39g.sq9az265,5,pygments__pygments.27649ebb.lm_rewrite__0qeog39g.sq9az265,17195,True,15,41,0,0,0,0,0.0,,0,0,500000,500000,0,0,0,ok,,
2007,,,,pygments__pygments.27649ebb.lm_rewrite__0qeog39g.sq9az265,6,pygments__pygments.27649ebb.lm_rewrite__0qeog39g.sq9az265,17251,True,16,41,0,0,0,0,0.0,,0,0,600000,600000,0,0,0,ok,,
2008,,,,pygments__pygments.27649ebb.lm_rewrite__0qeog39g.sq9az265,7,pygments__pygments.27649ebb.lm_rewrite__0qeog39g.sq9az265,17308,True,16,52,0,0,0,0,0.0,,0,0,700000,700000,0,0,0,ok,,
2009,,,,pygments__pygments.27649ebb.lm_rewrite__0qeog39g.sq9az265,8,pygments__pygments.27649ebb.lm_rewrite__0qeog39g.sq9az265,17376,True,1074,267,0,0,0,0,0.0,,0,0,800000,800000,0,0,0,ok,,
2010,,,,pygments__pygments.27649ebb.lm_rewrite__0qeog39g.sq9az265,9,pygments__pygments.27649ebb.lm_rewrite__0qeog39g.sq9az265,18717,True,20,37,0,0,0,0,0.0,,0,0,900000,900000,0,0,0,ok,,
2011,,,,pygments__pygments.27649ebb.lm_rewrite__0qeog39g.sq9az265,10,pygments__pygments.27649ebb.lm_rewrite__0qeog39g.sq9az265,18774,True,962,654,0,0,0,0,0.0,,0,0,1000000,1000000,0,0,0,ok,,
2012,,,,pygments__pygments.27649ebb.lm_rewrite__0qeog39g.sq9az265,11,pygments__pygments.27649ebb.lm_rewrite__0qeog39g.sq9az265,20390,True,577,41,0,0,0,0,0.0,,0,0,1100000,1100000,0,0,0,ok,,
2013,,,,pygments__pygments.27649ebb.lm_rewrite__0qeog39g.sq9az265,12,pygments__pygments.27649ebb.lm_rewrite__0qeog39g.sq9az265,21008,True,1608,1029,0,0,0,0,0.0,,0,0,1200000,1200000,0,0,0,ok,,
2014,,,,pygments__pygments.27649ebb.lm_rewrite__0qeog39g.sq9az265,13,pygments__pygments.27649ebb.lm_rewrite__0qeog39g.sq9az265,23645,True,817,113,0,0,0,0,0.0,,0,0,1300000,1300000,0,0,0,ok,,
2015,,,,pygments__pygments.27649ebb.lm_rewrite__0qeog39g.sq9az265,14,pygments__pygments.27649ebb.lm_rewrite__0qeog39g.sq9az265,24575,True,1643,516,0,0,0,0,0.0,,0,0,1400000,1400000,0,0,0,ok,,
2016,,,,pygments__pygments.27649ebb.lm_rewrite__0qeog39g.sq9az265,15,pygments__pygments.27649ebb.lm_rewrite__0qeog39g.sq9az265,26734,True,19,34,0,0,0,0,0.0,,0,0,1500000,1500000,0,0,0,ok,,
2017,,,,pygments__pygments.27649ebb.lm_rewrite__0qeog39g.sq9az265,16,pygments__pygments.27649ebb.lm_rewrite__0qeog39g.sq9az265,26787,True,1877,381,0,0,0,0,0.0,,0,0,1600000,1600000,0,0,0,ok,,
2018,,,,pygments__pygments.27649ebb.lm_rewrite__0qeog39g.sq9az265,17,pygments__pygments.27649ebb.lm_rewrite__0qeog39g.sq9az265,29045,True,18,31,0,0,0,0,0.0,,0,0,1700000,1700000,0,0,0,ok,,
2019,,,,pygments__pygments.27649ebb.lm_rewrite__0qeog39g.sq9az265,18,pygments__pygments.27649ebb.lm_rewrite__0qeog39g.sq9az265,29094,True,1000,248,0,0,0,0,0.0,,0,0,1800000,1800000,0,0,0,ok,,
2020,,,,pygments__pygments.27649ebb.lm_rewrite__0qeog39g.sq9az265,19,pygments__pygments.27649ebb.lm_rewrite__0qeog39g.sq9az265,30342,True,1817,51,0,0,0,0,0.0,,0,0,1900000,1900000,0,0,0,ok,,
2021,,,,pygments__pygments.27649ebb.lm_rewrite__0qeog39g.sq9az265,20,pygments__pygments.27649ebb.lm_rewrite__0qeog39g.sq9az265,32210,True,11,8,0,0,0,0,0.0,,0,0,2000000,2000000,0,0,0,ok,,
2022,,,,pandas-dev__pandas.95280573.pr_50331.tlhhsf4k,0,swe_smith_system_prompt,924,True,402,65,0,0,0,0,0.0,,0,0,0,0,0,0,0,ok,,
2023,,,,pandas-dev__pandas.95280573.pr_50331.tlhhsf4k,1,pandas-dev__pandas.95280573.pr_50331.tlhhsf4k,1391,True,981,69,0,0,0,0,0.0,,0,0,100000,100000,0,0,0,ok,,
2024,,,,pandas-dev__pandas.95280573.pr_50331.tlhhsf4k,2,pandas-dev__pandas.95280573.pr_50331.tlhhsf4k,2441,True,5895,68,0,0,0,0,0.0,,0,0,200000,200000,0,0,0,ok,,
2025,,,,pandas-dev__pandas.95280573.pr_50331.tlhhsf4k,3,pandas-dev__pandas.95280573.pr_50331.tlhhsf4k,8404,True,248,216,0,0,0,0,0.0,,0,0,300000,300000,0,0,0,ok,,
2026,,,,pandas-dev__pandas.95280573.pr_50331.tlhhsf4k,4,pandas-dev__pandas.95280573.pr_50331.tlhhsf4k,8868,True,20,35,0,0,0,0,0.0,,0,0,400000,400000,0,0,0,ok,,
2027,,,,pandas-dev__pandas.95280573.pr_50331.tlhhsf4k,5,pandas-dev__pandas.95280573.pr_50331.tlhhsf4k,8923,True,429,45,0,0,0,0,0.0,,0,0,500000,500000,0,0,0,ok,,
2028,,,,pandas-dev__pandas.95280573.pr_50331.tlhhsf4k,6,pandas-dev__pandas.95280573.pr_50331.tlhhsf4k,9397,True,778,42,0,0,0,0,0.0,,0,0,600000,600000,0,0,0,ok,,
2029,,,,pandas-dev__pandas.95280573.pr_50331.tlhhsf4k,7,pandas-dev__pandas.95280573.pr_50331.tlhhsf4k,10217,True,41,41,0,0,0,0,0.0,,0,0,700000,700000,0,0,0,ok,,
2030,,,,pandas-dev__pandas.95280573.pr_50331.tlhhsf4k,8,pandas-dev__pandas.95280573.pr_50331.tlhhsf4k,10299,True,474,36,0,0,0,0,0.0,,0,0,800000,800000,0,0,0,ok,,
2031,,,,pandas-dev__pandas.95280573.pr_50331.tlhhsf4k,9,pandas-dev__pandas.95280573.pr_50331.tlhhsf4k,10809,True,43,389,0,0,0,0,0.0,,0,0,900000,900000,0,0,0,ok,,
2032,,,,pandas-dev__pandas.95280573.pr_50331.tlhhsf4k,10,pandas-dev__pandas.95280573.pr_50331.tlhhsf4k,11241,True,450,246,0,0,0,0,0.0,,0,0,1000000,1000000,0,0,0,ok,,
2033,,,,pandas-dev__pandas.95280573.pr_50331.tlhhsf4k,11,pandas-dev__pandas.95280573.pr_50331.tlhhsf4k,11937,True,1739,276,0,0,0,0,0.0,,0,0,1100000,1100000,0,0,0,ok,,
2034,,,,pandas-dev__pandas.95280573.pr_50331.tlhhsf4k,12,pandas-dev__pandas.95280573.pr_50331.tlhhsf4k,13952,True,18,24,0,0,0,0,0.0,,0,0,1200000,1200000,0,0,0,ok,,
2035,,,,pandas-dev__pandas.95280573.pr_50331.tlhhsf4k,13,pandas-dev__pandas.95280573.pr_50331.tlhhsf4k,13994,True,26,661,0,0,0,0,0.0,,0,0,1300000,1300000,0,0,0,ok,,
2036,,,,pandas-dev__pandas.95280573.pr_50331.tlhhsf4k,14,pandas-dev__pandas.95280573.pr_50331.tlhhsf4k,14681,True,736,43,0,0,0,0,0.0,,0,0,1400000,1400000,0,0,0,ok,,
2037,,,,pandas-dev__pandas.95280573.pr_50331.tlhhsf4k,15,pandas-dev__pandas.95280573.pr_50331.tlhhsf4k,15460,True,40,306,0,0,0,0,0.0,,0,0,1500000,1500000,0,0,0,ok,,
2038,,,,pandas-dev__pandas.95280573.pr_50331.tlhhsf4k,16,pandas-dev__pandas.95280573.pr_50331.tlhhsf4k,15806,True,428,318,0,0,0,0,0.0,,0,0,1600000,1600000,0,0,0,ok,,
2039,,,,pandas-dev__pandas.95280573.pr_50331.tlhhsf4k,17,pandas-dev__pandas.95280573.pr_50331.tlhhsf4k,16552,True,362,44,0,0,0,0,0.0,,0,0,1700000,1700000,0,0,0,ok,,
2040,,,,pandas-dev__pandas.95280573.pr_50331.tlhhsf4k,18,pandas-dev__pandas.95280573.pr_50331.tlhhsf4k,16958,True,39,371,0,0,0,0,0.0,,0,0,1800000,1800000,0,0,0,ok,,
2041,,,,pyutils__line_profiler.a646bf0f.127.8wrqzpyg,0,swe_smith_system_prompt,924,True,556,65,0,0,0,0,0.0,,0,0,0,0,0,0,0,ok,,
2042,,,,pyutils__line_profiler.a646bf0f.127.8wrqzpyg,1,pyutils__line_profiler.a646bf0f.127.8wrqzpyg,1545,True,708,76,0,0,0,0,0.0,,0,0,100000,100000,0,0,0,ok,,
2043,,,,pyutils__line_profiler.a646bf0f.127.8wrqzpyg,2,pyutils__line_profiler.a646bf0f.127.8wrqzpyg,2329,True,5674,181,0,0,0,0,0.0,,0,0,200000,200000,0,0,0,ok,,
2044,,,,pyutils__line_profiler.a646bf0f.127.8wrqzpyg,3,pyutils__line_profiler.a646bf0f.127.8wrqzpyg,8184,True,18,33,0,0,0,0,0.0,,0,0,300000,300000,0,0,0,ok,,
2045,,,,pyutils__line_profiler.a646bf0f.127.8wrqzpyg,4,pyutils__line_profiler.a646bf0f.127.8wrqzpyg,8235,True,270,43,0,0,0,0,0.0,,0,0,400000,400000,0,0,0,ok,,
2046,,,,pyutils__line_profiler.a646bf0f.127.8wrqzpyg,5,pyutils__line_profiler.a646bf0f.127.8wrqzpyg,8548,True,501,34,0,0,0,0,0.0,,0,0,500000,500000,0,0,0,ok,,
2047,,,,pyutils__line_profiler.a646bf0f.127.8wrqzpyg,6,pyutils__line_profiler.a646bf0f.127.8wrqzpyg,9083,True,113,331,0,0,0,0,0.0,,0,0,600000,600000,0,0,0,ok,,
2048,,,,pyutils__line_profiler.a646bf0f.127.8wrqzpyg,7,pyutils__line_profiler.a646bf0f.127.8wrqzpyg,9527,True,367,41,0,0,0,0,0.0,,0,0,700000,700000,0,0,0,ok,,
2049,,,,pyutils__line_profiler.a646bf0f.127.8wrqzpyg,8,pyutils__line_profiler.a646bf0f.127.8wrqzpyg,9935,True,113,45,0,0,0,0,0.0,,0,0,800000,800000,0,0,0,ok,,
2050,,,,rubik__radon.54b88e58.lm_rewrite__w9pylnzu.k0b3poyt,0,swe_smith_system_prompt,924,True,595,94,0,0,0,0,0.0,,0,0,0,0,0,0,0,ok,,
2051,,,,rubik__radon.54b88e58.lm_rewrite__w9pylnzu.k0b3poyt,1,rubik__radon.54b88e58.lm_rewrite__w9pylnzu.k0b3poyt,1613,True,360,92,0,0,0,0,0.0,,0,0,100000,100000,0,0,0,ok,,
2052,,,,rubik__radon.54b88e58.lm_rewrite__w9pylnzu.k0b3poyt,2,rubik__radon.54b88e58.lm_rewrite__w9pylnzu.k0b3poyt,2065,True,2658,61,0,0,0,0,0.0,,0,0,200000,200000,0,0,0,ok,,
2053,,,,rubik__radon.54b88e58.lm_rewrite__w9pylnzu.k0b3poyt,3,rubik__radon.54b88e58.lm_rewrite__w9pylnzu.k0b3poyt,4784,True,6615,57,0,0,0,0,0.0,,0,0,300000,300000,0,0,0,ok,,
2054,,,,rubik__radon.54b88e58.lm_rewrite__w9pylnzu.k0b3poyt,4,rubik__radon.54b88e58.lm_rewrite__w9pylnzu.k0b3poyt,11456,True,1276,422,0,0,0,0,0.0,,0,0,400000,400000,0,0,0,ok,,
2055,,,,rubik__radon.54b88e58.lm_rewrite__w9pylnzu.k0b3poyt,5,rubik__radon.54b88e58.lm_rewrite__w9pylnzu.k0b3poyt,13154,True,19,36,0,0,0,0,0.0,,0,0,500000,500000,0,0,0,ok,,
2056,,,,rubik__radon.54b88e58.lm_rewrite__w9pylnzu.k0b3poyt,6,rubik__radon.54b88e58.lm_rewrite__w9pylnzu.k0b3poyt,13209,True,173,941,0,0,0,0,0.0,,0,0,600000,600000,0,0,0,ok,,
2057,,,,rubik__radon.54b88e58.lm_rewrite__w9pylnzu.k0b3poyt,7,rubik__radon.54b88e58.lm_rewrite__w9pylnzu.k0b3poyt,14323,True,797,40,0,0,0,0,0.0,,0,0,700000,700000,0,0,0,ok,,
2058,,,,rubik__radon.54b88e58.lm_rewrite__w9pylnzu.k0b3poyt,8,rubik__radon.54b88e58.lm_rewrite__w9pylnzu.k0b3poyt,15160,True,65,809,0,0,0,0,0.0,,0,0,800000,800000,0,0,0,ok,,
2059,,,,rubik__radon.54b88e58.lm_rewrite__w9pylnzu.k0b3poyt,9,rubik__radon.54b88e58.lm_rewrite__w9pylnzu.k0b3poyt,16034,True,744,32,0,0,0,0,0.0,,0,0,900000,900000,0,0,0,ok,,
2060,,,,rubik__radon.54b88e58.lm_rewrite__w9pylnzu.k0b3poyt,10,rubik__radon.54b88e58.lm_rewrite__w9pylnzu.k0b3poyt,16810,True,304,996,0,0,0,0,0.0,,0,0,1000000,1000000,0,0,0,ok,,
2061,,,,rubik__radon.54b88e58.lm_rewrite__w9pylnzu.k0b3poyt,11,rubik__radon.54b88e58.lm_rewrite__w9pylnzu.k0b3poyt,18110,True,19,33,0,0,0,0,0.0,,0,0,1100000,1100000,0,0,0,ok,,
2062,,,,rubik__radon.54b88e58.lm_rewrite__w9pylnzu.k0b3poyt,12,rubik__radon.54b88e58.lm_rewrite__w9pylnzu.k0b3poyt,18162,True,1673,87,0,0,0,0,0.0,,0,0,1200000,1200000,0,0,0,ok,,
2063,,,,rubik__radon.54b88e58.lm_rewrite__w9pylnzu.k0b3poyt,13,rubik__radon.54b88e58.lm_rewrite__w9pylnzu.k0b3poyt,19922,True,11,243,0,0,0,0,0.0,,0,0,1300000,1300000,0,0,0,ok,,
2064,,,,rubik__radon.54b88e58.lm_rewrite__w9pylnzu.k0b3poyt,14,rubik__radon.54b88e58.lm_rewrite__w9pylnzu.k0b3poyt,20176,True,2402,42,0,0,0,0,0.0,,0,0,1400000,1400000,0,0,0,ok,,
2065,,,,rubik__radon.54b88e58.lm_rewrite__w9pylnzu.k0b3poyt,15,rubik__radon.54b88e58.lm_rewrite__w9pylnzu.k0b3poyt,22620,True,11,14,0,0,0,0,0.0,,0,0,1500000,1500000,0,0,0,ok,,
2066,,,,facebookresearch__fvcore.a491d5b9.func_pm_class_rm_base__8vxbgclf.jqw041ty,0,swe_smith_system_prompt,924,True,643,93,0,0,0,0,0.0,,0,0,0,0,0,0,0,ok,,
2067,,,,facebookresearch__fvcore.a491d5b9.func_pm_class_rm_base__8vxbgclf.jqw041ty,1,facebookresearch__fvcore.a491d5b9.func_pm_class_rm_base__8vxbgclf.jqw041ty,1660,True,157,69,0,0,0,0,0.0,,0,0,100000,100000,0,0,0,ok,,
2068,,,,facebookresearch__fvcore.a491d5b9.func_pm_class_rm_base__8vxbgclf.jqw041ty,2,facebookresearch__fvcore.a491d5b9.func_pm_class_rm_base__8vxbgclf.jqw041ty,1886,True,6520,64,0,0,0,0,0.0,,0,0,200000,200000,0,0,0,ok,,
2069,,,,facebookresearch__fvcore.a491d5b9.func_pm_class_rm_base__8vxbgclf.jqw041ty,3,facebookresearch__fvcore.a491d5b9.func_pm_class_rm_base__8vxbgclf.jqw041ty,8470,True,3173,391,0,0,0,0,0.0,,0,0,300000,300000,0,0,0,ok,,
2070,,,,facebookresearch__fvcore.a491d5b9.func_pm_class_rm_base__8vxbgclf.jqw041ty,4,facebookresearch__fvcore.a491d5b9.func_pm_class_rm_base__8vxbgclf.jqw041ty,12034,True,19,36,0,0,0,0,0.0,,0,0,400000,400000,0,0,0,ok,,
2071,,,,facebookresearch__fvcore.a491d5b9.func_pm_class_rm_base__8vxbgclf.jqw041ty,5,facebookresearch__fvcore.a491d5b9.func_pm_class_rm_base__8vxbgclf.jqw041ty,12089,True,127,723,0,0,0,0,0.0,,0,0,500000,500000,0,0,0,ok,,
2072,,,,facebookresearch__fvcore.a491d5b9.func_pm_class_rm_base__8vxbgclf.jqw041ty,6,facebookresearch__fvcore.a491d5b9.func_pm_class_rm_base__8vxbgclf.jqw041ty,12939,True,672,55,0,0,0,0,0.0,,0,0,600000,600000,0,0,0,ok,,
2073,,,,facebookresearch__fvcore.a491d5b9.func_pm_class_rm_base__8vxbgclf.jqw041ty,7,facebookresearch__fvcore.a491d5b9.func_pm_class_rm_base__8vxbgclf.jqw041ty,13666,True,34,1046,0,0,0,0,0.0,,0,0,700000,700000,0,0,0,ok,,
2074,,,,facebookresearch__fvcore.a491d5b9.func_pm_class_rm_base__8vxbgclf.jqw041ty,8,facebookresearch__fvcore.a491d5b9.func_pm_class_rm_base__8vxbgclf.jqw041ty,14746,True,1013,32,0,0,0,0,0.0,,0,0,800000,800000,0,0,0,ok,,
2075,,,,facebookresearch__fvcore.a491d5b9.func_pm_class_rm_base__8vxbgclf.jqw041ty,9,facebookresearch__fvcore.a491d5b9.func_pm_class_rm_base__8vxbgclf.jqw041ty,15791,True,305,109,0,0,0,0,0.0,,0,0,900000,900000,0,0,0,ok,,
2076,,,,facebookresearch__fvcore.a491d5b9.func_pm_class_rm_base__8vxbgclf.jqw041ty,10,facebookresearch__fvcore.a491d5b9.func_pm_class_rm_base__8vxbgclf.jqw041ty,16205,True,318,123,0,0,0,0,0.0,,0,0,1000000,1000000,0,0,0,ok,,
2077,,,,facebookresearch__fvcore.a491d5b9.func_pm_class_rm_base__8vxbgclf.jqw041ty,11,facebookresearch__fvcore.a491d5b9.func_pm_class_rm_base__8vxbgclf.jqw041ty,16646,True,306,523,0,0,0,0,0.0,,0,0,1100000,1100000,0,0,0,ok,,
2078,,,,facebookresearch__fvcore.a491d5b9.func_pm_class_rm_base__8vxbgclf.jqw041ty,12,facebookresearch__fvcore.a491d5b9.func_pm_class_rm_base__8vxbgclf.jqw041ty,17475,True,495,74,0,0,0,0,0.0,,0,0,1200000,1200000,0,0,0,ok,,
2079,,,,facebookresearch__fvcore.a491d5b9.func_pm_class_rm_base__8vxbgclf.jqw041ty,13,facebookresearch__fvcore.a491d5b9.func_pm_class_rm_base__8vxbgclf.jqw041ty,18044,True,209,179,0,0,0,0,0.0,,0,0,1300000,1300000,0,0,0,ok,,
2080,,,,facebookresearch__fvcore.a491d5b9.func_pm_class_rm_base__8vxbgclf.jqw041ty,14,facebookresearch__fvcore.a491d5b9.func_pm_class_rm_base__8vxbgclf.jqw041ty,18432,True,320,126,0,0,0,0,0.0,,0,0,1400000,1400000,0,0,0,ok,,
2081,,,,facebookresearch__fvcore.a491d5b9.func_pm_class_rm_base__8vxbgclf.jqw041ty,15,facebookresearch__fvcore.a491d5b9.func_pm_class_rm_base__8vxbgclf.jqw041ty,18878,True,315,244,0,0,0,0,0.0,,0,0,1500000,1500000,0,0,0,ok,,
2082,,,,facebookresearch__fvcore.a491d5b9.func_pm_class_rm_base__8vxbgclf.jqw041ty,16,facebookresearch__fvcore.a491d5b9.func_pm_class_rm_base__8vxbgclf.jqw041ty,19437,True,285,32,0,0,0,0,0.0,,0,0,1600000,1600000,0,0,0,ok,,
2083,,,,facebookresearch__fvcore.a491d5b9.func_pm_class_rm_base__8vxbgclf.jqw041ty,17,facebookresearch__fvcore.a491d5b9.func_pm_class_rm_base__8vxbgclf.jqw041ty,19754,True,324,455,0,0,0,0,0.0,,0,0,1700000,1700000,0,0,0,ok,,
2084,,,,facebookresearch__fvcore.a491d5b9.func_pm_class_rm_base__8vxbgclf.jqw041ty,18,facebookresearch__fvcore.a491d5b9.func_pm_class_rm_base__8vxbgclf.jqw041ty,20533,True,18,33,0,0,0,0,0.0,,0,0,1800000,1800000,0,0,0,ok,,
2085,,,,facebookresearch__fvcore.a491d5b9.func_pm_class_rm_base__8vxbgclf.jqw041ty,19,facebookresearch__fvcore.a491d5b9.func_pm_class_rm_base__8vxbgclf.jqw041ty,20584,True,86,752,0,0,0,0,0.0,,0,0,1900000,1900000,0,0,0,ok,,
2086,,,,facebookresearch__fvcore.a491d5b9.func_pm_class_rm_base__8vxbgclf.jqw041ty,20,facebookresearch__fvcore.a491d5b9.func_pm_class_rm_base__8vxbgclf.jqw041ty,21422,True,475,45,0,0,0,0,0.0,,0,0,2000000,2000000,0,0,0,ok,,
2087,,,,facebookresearch__fvcore.a491d5b9.func_pm_class_rm_base__8vxbgclf.jqw041ty,21,facebookresearch__fvcore.a491d5b9.func_pm_class_rm_base__8vxbgclf.jqw041ty,21942,True,29,47,0,0,0,0,0.0,,0,0,2100000,2100000,0,0,0,ok,,
2088,,,,facebookresearch__fvcore.a491d5b9.func_pm_class_rm_base__8vxbgclf.jqw041ty,22,facebookresearch__fvcore.a491d5b9.func_pm_class_rm_base__8vxbgclf.jqw041ty,22018,True,32,49,0,0,0,0,0.0,,0,0,2200000,2200000,0,0,0,ok,,
2089,,,,facebookresearch__fvcore.a491d5b9.func_pm_class_rm_base__8vxbgclf.jqw041ty,23,facebookresearch__fvcore.a491d5b9.func_pm_class_rm_base__8vxbgclf.jqw041ty,22099,True,86,224,0,0,0,0,0.0,,0,0,2300000,2300000,0,0,0,ok,,
2090,,,,facebookresearch__fvcore.a491d5b9.func_pm_class_rm_base__8vxbgclf.jqw041ty,24,facebookresearch__fvcore.a491d5b9.func_pm_class_rm_base__8vxbgclf.jqw041ty,22409,True,8761,43,0,0,0,0,0.0,,0,0,2400000,2400000,0,0,0,ok,,
2091,,,,facebookresearch__fvcore.a491d5b9.func_pm_class_rm_base__8vxbgclf.jqw041ty,25,facebookresearch__fvcore.a491d5b9.func_pm_class_rm_base__8vxbgclf.jqw041ty,31213,True,11,8,0,0,0,0,0.0,,0,0,2500000,2500000,0,0,0,ok,,
2092,,,,lincolnloop__python-qrcode.456b01d4.133.1vzh8oac,0,swe_smith_system_prompt,924,True,529,77,0,0,0,0,0.0,,0,0,0,0,0,0,0,ok,,
2093,,,,lincolnloop__python-qrcode.456b01d4.133.1vzh8oac,1,lincolnloop__python-qrcode.456b01d4.133.1vzh8oac,1530,True,8897,47,0,0,0,0,0.0,,0,0,100000,100000,0,0,0,ok,,
2094,,,,lincolnloop__python-qrcode.456b01d4.133.1vzh8oac,2,lincolnloop__python-qrcode.456b01d4.133.1vzh8oac,10474,True,14,31,0,0,0,0,0.0,,0,0,200000,200000,0,0,0,ok,,
2095,,,,lincolnloop__python-qrcode.456b01d4.133.1vzh8oac,3,lincolnloop__python-qrcode.456b01d4.133.1vzh8oac,10519,True,30,74,0,0,0,0,0.0,,0,0,300000,300000,0,0,0,ok,,
2096,,,,lincolnloop__python-qrcode.456b01d4.133.1vzh8oac,4,lincolnloop__python-qrcode.456b01d4.133.1vzh8oac,10623,True,834,283,0,0,0,0,0.0,,0,0,400000,400000,0,0,0,ok,,
2097,,,,lincolnloop__python-qrcode.456b01d4.133.1vzh8oac,5,lincolnloop__python-qrcode.456b01d4.133.1vzh8oac,11740,True,18,34,0,0,0,0,0.0,,0,0,500000,500000,0,0,0,ok,,
2098,,,,lincolnloop__python-qrcode.456b01d4.133.1vzh8oac,6,lincolnloop__python-qrcode.456b01d4.133.1vzh8oac,11792,True,42,301,0,0,0,0,0.0,,0,0,600000,600000,0,0,0,ok,,
2099,,,,lincolnloop__python-qrcode.456b01d4.133.1vzh8oac,7,lincolnloop__python-qrcode.456b01d4.133.1vzh8oac,12135,True,430,153,0,0,0,0,0.0,,0,0,700000,700000,0,0,0,ok,,
2100,,,,lincolnloop__python-qrcode.456b01d4.133.1vzh8oac,8,lincolnloop__python-qrcode.456b01d4.133.1vzh8oac,12718,True,65,253,0,0,0,0,0.0,,0,0,800000,800000,0,0,0,ok,,
2101,,,,lincolnloop__python-qrcode.456b01d4.133.1vzh8oac,9,lincolnloop__python-qrcode.456b01d4.133.1vzh8oac,13036,True,19,25,0,0,0,0,0.0,,0,0,900000,900000,0,0,0,ok,,
2102,,,,lincolnloop__python-qrcode.456b01d4.133.1vzh8oac,10,lincolnloop__python-qrcode.456b01d4.133.1vzh8oac,13080,True,93,45,0,0,0,0,0.0,,0,0,1000000,1000000,0,0,0,ok,,
2103,,,,arrow-py__arrow.1d70d009.lm_rewrite__0oep5tw2.p476hr6b,0,swe_smith_system_prompt,924,True,656,100,0,0,0,0,0.0,,0,0,0,0,0,0,0,ok,,
2104,,,,arrow-py__arrow.1d70d009.lm_rewrite__0oep5tw2.p476hr6b,1,arrow-py__arrow.1d70d009.lm_rewrite__0oep5tw2.p476hr6b,1680,True,185,63,0,0,0,0,0.0,,0,0,100000,100000,0,0,0,ok,,
2105,,,,arrow-py__arrow.1d70d009.lm_rewrite__0oep5tw2.p476hr6b,2,arrow-py__arrow.1d70d009.lm_rewrite__0oep5tw2.p476hr6b,1928,True,5366,65,0,0,0,0,0.0,,0,0,200000,200000,0,0,0,ok,,
2106,,,,arrow-py__arrow.1d70d009.lm_rewrite__0oep5tw2.p476hr6b,3,arrow-py__arrow.1d70d009.lm_rewrite__0oep5tw2.p476hr6b,7359,True,580,53,0,0,0,0,0.0,,0,0,300000,300000,0,0,0,ok,,
2107,,,,arrow-py__arrow.1d70d009.lm_rewrite__0oep5tw2.p476hr6b,4,arrow-py__arrow.1d70d009.lm_rewrite__0oep5tw2.p476hr6b,7992,True,6807,358,0,0,0,0,0.0,,0,0,400000,400000,0,0,0,ok,,
2108,,,,arrow-py__arrow.1d70d009.lm_rewrite__0oep5tw2.p476hr6b,5,arrow-py__arrow.1d70d009.lm_rewrite__0oep5tw2.p476hr6b,15157,True,20,37,0,0,0,0,0.0,,0,0,500000,500000,0,0,0,ok,,
2109,,,,arrow-py__arrow.1d70d009.lm_rewrite__0oep5tw2.p476hr6b,6,arrow-py__arrow.1d70d009.lm_rewrite__0oep5tw2.p476hr6b,15214,True,129,552,0,0,0,0,0.0,,0,0,600000,600000,0,0,0,ok,,
2110,,,,arrow-py__arrow.1d70d009.lm_rewrite__0oep5tw2.p476hr6b,7,arrow-py__arrow.1d70d009.lm_rewrite__0oep5tw2.p476hr6b,15895,True,205,53,0,0,0,0,0.0,,0,0,700000,700000,0,0,0,ok,,
2111,,,,arrow-py__arrow.1d70d009.lm_rewrite__0oep5tw2.p476hr6b,8,arrow-py__arrow.1d70d009.lm_rewrite__0oep5tw2.p476hr6b,16153,True,257,62,0,0,0,0,0.0,,0,0,800000,800000,0,0,0,ok,,
2112,,,,arrow-py__arrow.1d70d009.lm_rewrite__0oep5tw2.p476hr6b,9,arrow-py__arrow.1d70d009.lm_rewrite__0oep5tw2.p476hr6b,16472,True,405,69,0,0,0,0,0.0,,0,0,900000,900000,0,0,0,ok,,
2113,,,,arrow-py__arrow.1d70d009.lm_rewrite__0oep5tw2.p476hr6b,10,arrow-py__arrow.1d70d009.lm_rewrite__0oep5tw2.p476hr6b,16946,True,290,62,0,0,0,0,0.0,,0,0,1000000,1000000,0,0,0,ok,,
2114,,,,arrow-py__arrow.1d70d009.lm_rewrite__0oep5tw2.p476hr6b,11,arrow-py__arrow.1d70d009.lm_rewrite__0oep5tw2.p476hr6b,17298,True,274,280,0,0,0,0,0.0,,0,0,1100000,1100000,0,0,0,ok,,
2115,,,,arrow-py__arrow.1d70d009.lm_rewrite__0oep5tw2.p476hr6b,12,arrow-py__arrow.1d70d009.lm_rewrite__0oep5tw2.p476hr6b,17852,True,376,199,0,0,0,0,0.0,,0,0,1200000,1200000,0,0,0,ok,,
2116,,,,arrow-py__arrow.1d70d009.lm_rewrite__0oep5tw2.p476hr6b,13,arrow-py__arrow.1d70d009.lm_rewrite__0oep5tw2.p476hr6b,18427,True,238,162,0,0,0,0,0.0,,0,0,1300000,1300000,0,0,0,ok,,
2117,,,,arrow-py__arrow.1d70d009.lm_rewrite__0oep5tw2.p476hr6b,14,arrow-py__arrow.1d70d009.lm_rewrite__0oep5tw2.p476hr6b,18827,True,250,46,0,0,0,0,0.0,,0,0,1400000,1400000,0,0,0,ok,,
2118,,,,arrow-py__arrow.1d70d009.lm_rewrite__0oep5tw2.p476hr6b,15,arrow-py__arrow.1d70d009.lm_rewrite__0oep5tw2.p476hr6b,19123,True,97,62,0,0,0,0,0.0,,0,0,1500000,1500000,0,0,0,ok,,
2119,,,,arrow-py__arrow.1d70d009.lm_rewrite__0oep5tw2.p476hr6b,16,arrow-py__arrow.1d70d009.lm_rewrite__0oep5tw2.p476hr6b,19282,True,519,51,0,0,0,0,0.0,,0,0,1600000,1600000,0,0,0,ok,,
2120,,,,arrow-py__arrow.1d70d009.lm_rewrite__0oep5tw2.p476hr6b,17,arrow-py__arrow.1d70d009.lm_rewrite__0oep5tw2.p476hr6b,19852,True,202,68,0,0,0,0,0.0,,0,0,1700000,1700000,0,0,0,ok,,
2121,,,,arrow-py__arrow.1d70d009.lm_rewrite__0oep5tw2.p476hr6b,18,arrow-py__arrow.1d70d009.lm_rewrite__0oep5tw2.p476hr6b,20122,True,140,610,0,0,0,0,0.0,,0,0,1800000,1800000,0,0,0,ok,,
2122,,,,arrow-py__arrow.1d70d009.lm_rewrite__0oep5tw2.p476hr6b,19,arrow-py__arrow.1d70d009.lm_rewrite__0oep5tw2.p476hr6b,20872,True,19,27,0,0,0,0,0.0,,0,0,1900000,1900000,0,0,0,ok,,
2123,,,,arrow-py__arrow.1d70d009.lm_rewrite__0oep5tw2.p476hr6b,20,arrow-py__arrow.1d70d009.lm_rewrite__0oep5tw2.p476hr6b,20918,True,242,228,0,0,0,0,0.0,,0,0,2000000,2000000,0,0,0,ok,,
2124,,,,arrow-py__arrow.1d70d009.lm_rewrite__0oep5tw2.p476hr6b,21,arrow-py__arrow.1d70d009.lm_rewrite__0oep5tw2.p476hr6b,21388,True,1853,44,0,0,0,0,0.0,,0,0,2100000,2100000,0,0,0,ok,,
2125,,,,arrow-py__arrow.1d70d009.lm_rewrite__0oep5tw2.p476hr6b,22,arrow-py__arrow.1d70d009.lm_rewrite__0oep5tw2.p476hr6b,23285,True,11,8,0,0,0,0,0.0,,0,0,2200000,2200000,0,0,0,ok,,
2126,,,,marshmallow-code__marshmallow.9716fc62.func_pm_class_rm_base__uxflnl0d.1tby049u,0,swe_smith_system_prompt,924,True,589,71,0,0,0,0,0.0,,0,0,0,0,0,0,0,ok,,
2127,,,,marshmallow-code__marshmallow.9716fc62.func_pm_class_rm_base__uxflnl0d.1tby049u,1,marshmallow-code__marshmallow.9716fc62.func_pm_class_rm_base__uxflnl0d.1tby049u,1584,True,383,70,0,0,0,0,0.0,,0,0,100000,100000,0,0,0,ok,,
2128,,,,marshmallow-code__marshmallow.9716fc62.func_pm_class_rm_base__uxflnl0d.1tby049u,2,marshmallow-code__marshmallow.9716fc62.func_pm_class_rm_base__uxflnl0d.1tby049u,2037,True,6424,54,0,0,0,0,0.0,,0,0,200000,200000,0,0,0,ok,,
2129,,,,marshmallow-code__marshmallow.9716fc62.func_pm_class_rm_base__uxflnl0d.1tby049u,3,marshmallow-code__marshmallow.9716fc62.func_pm_class_rm_base__uxflnl0d.1tby049u,8515,True,13,68,0,0,0,0,0.0,,0,0,300000,300000,0,0,0,ok,,
2130,,,,marshmallow-code__marshmallow.9716fc62.func_pm_class_rm_base__uxflnl0d.1tby049u,4,marshmallow-code__marshmallow.9716fc62.func_pm_class_rm_base__uxflnl0d.1tby049u,8596,True,1020,75,0,0,0,0,0.0,,0,0,400000,400000,0,0,0,ok,,
2131,,,,marshmallow-code__marshmallow.9716fc62.func_pm_class_rm_base__uxflnl0d.1tby049u,5,marshmallow-code__marshmallow.9716fc62.func_pm_class_rm_base__uxflnl0d.1tby049u,9691,True,347,143,0,0,0,0,0.0,,0,0,500000,500000,0,0,0,ok,,
2132,,,,marshmallow-code__marshmallow.9716fc62.func_pm_class_rm_base__uxflnl0d.1tby049u,6,marshmallow-code__marshmallow.9716fc62.func_pm_class_rm_base__uxflnl0d.1tby049u,10181,True,18,34,0,0,0,0,0.0,,0,0,600000,600000,0,0,0,ok,,
2133,,,,marshmallow-code__marshmallow.9716fc62.func_pm_class_rm_base__uxflnl0d.1tby049u,7,marshmallow-code__marshmallow.9716fc62.func_pm_class_rm_base__uxflnl0d.1tby049u,10233,True,30,107,0,0,0,0,0.0,,0,0,700000,700000,0,0,0,ok,,
2134,,,,marshmallow-code__marshmallow.9716fc62.func_pm_class_rm_base__uxflnl0d.1tby049u,8,marshmallow-code__marshmallow.9716fc62.func_pm_class_rm_base__uxflnl0d.1tby049u,10370,True,226,54,0,0,0,0,0.0,,0,0,800000,800000,0,0,0,ok,,
2135,,,,marshmallow-code__marshmallow.9716fc62.func_pm_class_rm_base__uxflnl0d.1tby049u,9,marshmallow-code__marshmallow.9716fc62.func_pm_class_rm_base__uxflnl0d.1tby049u,10650,True,157,420,0,0,0,0,0.0,,0,0,900000,900000,0,0,0,ok,,
2136,,,,marshmallow-code__marshmallow.9716fc62.func_pm_class_rm_base__uxflnl0d.1tby049u,10,marshmallow-code__marshmallow.9716fc62.func_pm_class_rm_base__uxflnl0d.1tby049u,11227,True,416,39,0,0,0,0,0.0,,0,0,1000000,1000000,0,0,0,ok,,
2137,,,,marshmallow-code__marshmallow.9716fc62.func_pm_class_rm_base__uxflnl0d.1tby049u,11,marshmallow-code__marshmallow.9716fc62.func_pm_class_rm_base__uxflnl0d.1tby049u,11682,True,24,412,0,0,0,0,0.0,,0,0,1100000,1100000,0,0,0,ok,,
2138,,,,marshmallow-code__marshmallow.9716fc62.func_pm_class_rm_base__uxflnl0d.1tby049u,12,marshmallow-code__marshmallow.9716fc62.func_pm_class_rm_base__uxflnl0d.1tby049u,12118,True,426,37,0,0,0,0,0.0,,0,0,1200000,1200000,0,0,0,ok,,
2139,,,,marshmallow-code__marshmallow.9716fc62.func_pm_class_rm_base__uxflnl0d.1tby049u,13,marshmallow-code__marshmallow.9716fc62.func_pm_class_rm_base__uxflnl0d.1tby049u,12581,True,92,192,0,0,0,0,0.0,,0,0,1300000,1300000,0,0,0,ok,,
2140,,,,marshmallow-code__marshmallow.9716fc62.func_pm_class_rm_base__uxflnl0d.1tby049u,14,marshmallow-code__marshmallow.9716fc62.func_pm_class_rm_base__uxflnl0d.1tby049u,12865,True,747,31,0,0,0,0,0.0,,0,0,1400000,1400000,0,0,0,ok,,
2141,,,,marshmallow-code__marshmallow.9716fc62.func_pm_class_rm_base__uxflnl0d.1tby049u,15,marshmallow-code__marshmallow.9716fc62.func_pm_class_rm_base__uxflnl0d.1tby049u,13643,True,11,14,0,0,0,0,0.0,,0,0,1500000,1500000,0,0,0,ok,,
2142,,,,paramiko__paramiko.23f92003.lm_rewrite__u92vz6uj.ihrsln4t,0,swe_smith_system_prompt,924,True,579,95,0,0,0,0,0.0,,0,0,0,0,0,0,0,ok,,
2143,,,,paramiko__paramiko.23f92003.lm_rewrite__u92vz6uj.ihrsln4t,1,paramiko__paramiko.23f92003.lm_rewrite__u92vz6uj.ihrsln4t,1598,True,878,77,0,0,0,0,0.0,,0,0,100000,100000,0,0,0,ok,,
2144,,,,paramiko__paramiko.23f92003.lm_rewrite__u92vz6uj.ihrsln4t,2,paramiko__paramiko.23f92003.lm_rewrite__u92vz6uj.ihrsln4t,2553,True,3617,52,0,0,0,0,0.0,,0,0,200000,200000,0,0,0,ok,,
2145,,,,paramiko__paramiko.23f92003.lm_rewrite__u92vz6uj.ihrsln4t,3,paramiko__paramiko.23f92003.lm_rewrite__u92vz6uj.ihrsln4t,6222,True,4414,67,0,0,0,0,0.0,,0,0,300000,300000,0,0,0,ok,,
2146,,,,paramiko__paramiko.23f92003.lm_rewrite__u92vz6uj.ihrsln4t,4,paramiko__paramiko.23f92003.lm_rewrite__u92vz6uj.ihrsln4t,10703,True,828,242,0,0,0,0,0.0,,0,0,400000,400000,0,0,0,ok,,
2147,,,,paramiko__paramiko.23f92003.lm_rewrite__u92vz6uj.ihrsln4t,5,paramiko__paramiko.23f92003.lm_rewrite__u92vz6uj.ihrsln4t,11773,True,19,35,0,0,0,0,0.0,,0,0,500000,500000,0,0,0,ok,,
2148,,,,paramiko__paramiko.23f92003.lm_rewrite__u92vz6uj.ihrsln4t,6,paramiko__paramiko.23f92003.lm_rewrite__u92vz6uj.ihrsln4t,11827,True,74,673,0,0,0,0,0.0,,0,0,600000,600000,0,0,0,ok,,
2149,,,,paramiko__paramiko.23f92003.lm_rewrite__u92vz6uj.ihrsln4t,7,paramiko__paramiko.23f92003.lm_rewrite__u92vz6uj.ihrsln4t,12574,True,677,56,0,0,0,0,0.0,,0,0,700000,700000,0,0,0,ok,,
2150,,,,paramiko__paramiko.23f92003.lm_rewrite__u92vz6uj.ihrsln4t,8,paramiko__paramiko.23f92003.lm_rewrite__u92vz6uj.ihrsln4t,13307,True,57,410,0,0,0,0,0.0,,0,0,800000,800000,0,0,0,ok,,
2151,,,,paramiko__paramiko.23f92003.lm_rewrite__u92vz6uj.ihrsln4t,9,paramiko__paramiko.23f92003.lm_rewrite__u92vz6uj.ihrsln4t,13774,True,20,34,0,0,0,0,0.0,,0,0,900000,900000,0,0,0,ok,,
2152,,,,paramiko__paramiko.23f92003.lm_rewrite__u92vz6uj.ihrsln4t,10,paramiko__paramiko.23f92003.lm_rewrite__u92vz6uj.ihrsln4t,13828,True,72,215,0,0,0,0,0.0,,0,0,1000000,1000000,0,0,0,ok,,
2153,,,,paramiko__paramiko.23f92003.lm_rewrite__u92vz6uj.ihrsln4t,11,paramiko__paramiko.23f92003.lm_rewrite__u92vz6uj.ihrsln4t,14115,True,20,34,0,0,0,0,0.0,,0,0,1100000,1100000,0,0,0,ok,,
2154,,,,paramiko__paramiko.23f92003.lm_rewrite__u92vz6uj.ihrsln4t,12,paramiko__paramiko.23f92003.lm_rewrite__u92vz6uj.ihrsln4t,14169,True,24,106,0,0,0,0,0.0,,0,0,1200000,1200000,0,0,0,ok,,
2155,,,,paramiko__paramiko.23f92003.lm_rewrite__u92vz6uj.ihrsln4t,13,paramiko__paramiko.23f92003.lm_rewrite__u92vz6uj.ihrsln4t,14299,True,391,545,0,0,0,0,0.0,,0,0,1300000,1300000,0,0,0,ok,,
2156,,,,paramiko__paramiko.23f92003.lm_rewrite__u92vz6uj.ihrsln4t,14,paramiko__paramiko.23f92003.lm_rewrite__u92vz6uj.ihrsln4t,15235,True,562,35,0,0,0,0,0.0,,0,0,1400000,1400000,0,0,0,ok,,
2157,,,,paramiko__paramiko.23f92003.lm_rewrite__u92vz6uj.ihrsln4t,15,paramiko__paramiko.23f92003.lm_rewrite__u92vz6uj.ihrsln4t,15832,True,42,356,0,0,0,0,0.0,,0,0,1500000,1500000,0,0,0,ok,,
2158,,,,paramiko__paramiko.23f92003.lm_rewrite__u92vz6uj.ihrsln4t,16,paramiko__paramiko.23f92003.lm_rewrite__u92vz6uj.ihrsln4t,16230,True,20,34,0,0,0,0,0.0,,0,0,1600000,1600000,0,0,0,ok,,
2159,,,,paramiko__paramiko.23f92003.lm_rewrite__u92vz6uj.ihrsln4t,17,paramiko__paramiko.23f92003.lm_rewrite__u92vz6uj.ihrsln4t,16284,True,108,253,0,0,0,0,0.0,,0,0,1700000,1700000,0,0,0,ok,,
2160,,,,paramiko__paramiko.23f92003.lm_rewrite__u92vz6uj.ihrsln4t,18,paramiko__paramiko.23f92003.lm_rewrite__u92vz6uj.ihrsln4t,16645,True,2133,64,0,0,0,0,0.0,,0,0,1800000,1800000,0,0,0,ok,,
2161,,,,paramiko__paramiko.23f92003.lm_rewrite__u92vz6uj.ihrsln4t,19,paramiko__paramiko.23f92003.lm_rewrite__u92vz6uj.ihrsln4t,18842,True,11,8,0,0,0,0,0.0,,0,0,1900000,1900000,0,0,0,ok,,
2162,,,,facebookresearch__hydra.0f03eb60.lm_rewrite__gpyz1el7.okv3h4yn,0,swe_smith_system_prompt,924,True,631,78,0,0,0,0,0.0,,0,0,0,0,0,0,0,ok,,
2163,,,,facebookresearch__hydra.0f03eb60.lm_rewrite__gpyz1el7.okv3h4yn,1,facebookresearch__hydra.0f03eb60.lm_rewrite__gpyz1el7.okv3h4yn,1633,True,4614,53,0,0,0,0,0.0,,0,0,100000,100000,0,0,0,ok,,
2164,,,,facebookresearch__hydra.0f03eb60.lm_rewrite__gpyz1el7.okv3h4yn,2,facebookresearch__hydra.0f03eb60.lm_rewrite__gpyz1el7.okv3h4yn,6300,True,283,54,0,0,0,0,0.0,,0,0,200000,200000,0,0,0,ok,,
2165,,,,facebookresearch__hydra.0f03eb60.lm_rewrite__gpyz1el7.okv3h4yn,3,facebookresearch__hydra.0f03eb60.lm_rewrite__gpyz1el7.okv3h4yn,6637,True,2197,63,0,0,0,0,0.0,,0,0,300000,300000,0,0,0,ok,,
2166,,,,facebookresearch__hydra.0f03eb60.lm_rewrite__gpyz1el7.okv3h4yn,4,facebookresearch__hydra.0f03eb60.lm_rewrite__gpyz1el7.okv3h4yn,8897,True,508,162,0,0,0,0,0.0,,0,0,400000,400000,0,0,0,ok,,
2167,,,,facebookresearch__hydra.0f03eb60.lm_rewrite__gpyz1el7.okv3h4yn,5,facebookresearch__hydra.0f03eb60.lm_rewrite__gpyz1el7.okv3h4yn,9567,True,20,36,0,0,0,0,0.0,,0,0,500000,500000,0,0,0,ok,,
2168,,,,facebookresearch__hydra.0f03eb60.lm_rewrite__gpyz1el7.okv3h4yn,6,facebookresearch__hydra.0f03eb60.lm_rewrite__gpyz1el7.okv3h4yn,9623,True,27,459,0,0,0,0,0.0,,0,0,600000,600000,0,0,0,ok,,
2169,,,,facebookresearch__hydra.0f03eb60.lm_rewrite__gpyz1el7.okv3h4yn,7,facebookresearch__hydra.0f03eb60.lm_rewrite__gpyz1el7.okv3h4yn,10109,True,628,41,0,0,0,0,0.0,,0,0,700000,700000,0,0,0,ok,,
2170,,,,facebookresearch__hydra.0f03eb60.lm_rewrite__gpyz1el7.okv3h4yn,8,facebookresearch__hydra.0f03eb60.lm_rewrite__gpyz1el7.okv3h4yn,10778,True,28,314,0,0,0,0,0.0,,0,0,800000,800000,0,0,0,ok,,
2171,,,,facebookresearch__hydra.0f03eb60.lm_rewrite__gpyz1el7.okv3h4yn,9,facebookresearch__hydra.0f03eb60.lm_rewrite__gpyz1el7.okv3h4yn,11120,True,19,35,0,0,0,0,0.0,,0,0,900000,900000,0,0,0,ok,,
2172,,,,facebookresearch__hydra.0f03eb60.lm_rewrite__gpyz1el7.okv3h4yn,10,facebookresearch__hydra.0f03eb60.lm_rewrite__gpyz1el7.okv3h4yn,11174,True,231,391,0,0,0,0,0.0,,0,0,1000000,1000000,0,0,0,ok,,
2173,,,,facebookresearch__hydra.0f03eb60.lm_rewrite__gpyz1el7.okv3h4yn,11,facebookresearch__hydra.0f03eb60.lm_rewrite__gpyz1el7.okv3h4yn,11796,True,19,33,0,0,0,0,0.0,,0,0,1100000,1100000,0,0,0,ok,,
2174,,,,facebookresearch__hydra.0f03eb60.lm_rewrite__gpyz1el7.okv3h4yn,12,facebookresearch__hydra.0f03eb60.lm_rewrite__gpyz1el7.okv3h4yn,11848,True,318,543,0,0,0,0,0.0,,0,0,1200000,1200000,0,0,0,ok,,
2175,,,,facebookresearch__hydra.0f03eb60.lm_rewrite__gpyz1el7.okv3h4yn,13,facebookresearch__hydra.0f03eb60.lm_rewrite__gpyz1el7.okv3h4yn,12709,True,491,34,0,0,0,0,0.0,,0,0,1300000,1300000,0,0,0,ok,,
2176,,,,facebookresearch__hydra.0f03eb60.lm_rewrite__gpyz1el7.okv3h4yn,14,facebookresearch__hydra.0f03eb60.lm_rewrite__gpyz1el7.okv3h4yn,13234,True,318,354,0,0,0,0,0.0,,0,0,1400000,1400000,0,0,0,ok,,
2177,,,,facebookresearch__hydra.0f03eb60.lm_rewrite__gpyz1el7.okv3h4yn,15,facebookresearch__hydra.0f03eb60.lm_rewrite__gpyz1el7.okv3h4yn,13906,True,19,33,0,0,0,0,0.0,,0,0,1500000,1500000,0,0,0,ok,,
2178,,,,facebookresearch__hydra.0f03eb60.lm_rewrite__gpyz1el7.okv3h4yn,16,facebookresearch__hydra.0f03eb60.lm_rewrite__gpyz1el7.okv3h4yn,13958,True,41,74,0,0,0,0,0.0,,0,0,1600000,1600000,0,0,0,ok,,
2179,,,,facebookresearch__hydra.0f03eb60.lm_rewrite__gpyz1el7.okv3h4yn,17,facebookresearch__hydra.0f03eb60.lm_rewrite__gpyz1el7.okv3h4yn,14073,True,937,811,0,0,0,0,0.0,,0,0,1700000,1700000,0,0,0,ok,,
2180,,,,facebookresearch__hydra.0f03eb60.lm_rewrite__gpyz1el7.okv3h4yn,18,facebookresearch__hydra.0f03eb60.lm_rewrite__gpyz1el7.okv3h4yn,15821,True,803,34,0,0,0,0,0.0,,0,0,1800000,1800000,0,0,0,ok,,
2181,,,,facebookresearch__hydra.0f03eb60.lm_rewrite__gpyz1el7.okv3h4yn,19,facebookresearch__hydra.0f03eb60.lm_rewrite__gpyz1el7.okv3h4yn,16658,True,112,1022,0,0,0,0,0.0,,0,0,1900000,1900000,0,0,0,ok,,
2182,,,,facebookresearch__hydra.0f03eb60.lm_rewrite__gpyz1el7.okv3h4yn,20,facebookresearch__hydra.0f03eb60.lm_rewrite__gpyz1el7.okv3h4yn,17792,True,835,34,0,0,0,0,0.0,,0,0,2000000,2000000,0,0,0,ok,,
2183,,,,facebookresearch__hydra.0f03eb60.lm_rewrite__gpyz1el7.okv3h4yn,21,facebookresearch__hydra.0f03eb60.lm_rewrite__gpyz1el7.okv3h4yn,18661,True,115,363,0,0,0,0,0.0,,0,0,2100000,2100000,0,0,0,ok,,
2184,,,,facebookresearch__hydra.0f03eb60.lm_rewrite__gpyz1el7.okv3h4yn,22,facebookresearch__hydra.0f03eb60.lm_rewrite__gpyz1el7.okv3h4yn,19139,True,21,35,0,0,0,0,0.0,,0,0,2200000,2200000,0,0,0,ok,,
2185,,,,facebookresearch__hydra.0f03eb60.lm_rewrite__gpyz1el7.okv3h4yn,23,facebookresearch__hydra.0f03eb60.lm_rewrite__gpyz1el7.okv3h4yn,19195,True,320,366,0,0,0,0,0.0,,0,0,2300000,2300000,0,0,0,ok,,
2186,,,,facebookresearch__hydra.0f03eb60.lm_rewrite__gpyz1el7.okv3h4yn,24,facebookresearch__hydra.0f03eb60.lm_rewrite__gpyz1el7.okv3h4yn,19881,True,18,32,0,0,0,0,0.0,,0,0,2400000,2400000,0,0,0,ok,,
2187,,,,facebookresearch__hydra.0f03eb60.lm_rewrite__gpyz1el7.okv3h4yn,25,facebookresearch__hydra.0f03eb60.lm_rewrite__gpyz1el7.okv3h4yn,19931,True,89,385,0,0,0,0,0.0,,0,0,2500000,2500000,0,0,0,ok,,
2188,,,,facebookresearch__hydra.0f03eb60.lm_rewrite__gpyz1el7.okv3h4yn,26,facebookresearch__hydra.0f03eb60.lm_rewrite__gpyz1el7.okv3h4yn,20405,True,20,34,0,0,0,0,0.0,,0,0,2600000,2600000,0,0,0,ok,,
2189,,,,facebookresearch__hydra.0f03eb60.lm_rewrite__gpyz1el7.okv3h4yn,27,facebookresearch__hydra.0f03eb60.lm_rewrite__gpyz1el7.okv3h4yn,20459,True,143,200,0,0,0,0,0.0,,0,0,2700000,2700000,0,0,0,ok,,
2190,,,,facebookresearch__hydra.0f03eb60.lm_rewrite__gpyz1el7.okv3h4yn,28,facebookresearch__hydra.0f03eb60.lm_rewrite__gpyz1el7.okv3h4yn,20802,True,3766,87,0,0,0,0,0.0,,0,0,2800000,2800000,0,0,0,ok,,
2191,,,,facebookresearch__hydra.0f03eb60.lm_rewrite__gpyz1el7.okv3h4yn,29,facebookresearch__hydra.0f03eb60.lm_rewrite__gpyz1el7.okv3h4yn,24655,True,11,8,0,0,0,0,0.0,,0,0,2900000,2900000,0,0,0,ok,,
2192,,,,oauthlib__oauthlib.1fd52536.combine_file__2nfzwp19.ppfp1zmk,0,swe_smith_system_prompt,924,True,640,94,0,0,0,0,0.0,,0,0,0,0,0,0,0,ok,,
2193,,,,oauthlib__oauthlib.1fd52536.combine_file__2nfzwp19.ppfp1zmk,1,oauthlib__oauthlib.1fd52536.combine_file__2nfzwp19.ppfp1zmk,1658,True,2836,66,0,0,0,0,0.0,,0,0,100000,100000,0,0,0,ok,,
2194,,,,oauthlib__oauthlib.1fd52536.combine_file__2nfzwp19.ppfp1zmk,2,oauthlib__oauthlib.1fd52536.combine_file__2nfzwp19.ppfp1zmk,4560,True,1227,63,0,0,0,0,0.0,,0,0,200000,200000,0,0,0,ok,,
2195,,,,oauthlib__oauthlib.1fd52536.combine_file__2nfzwp19.ppfp1zmk,3,oauthlib__oauthlib.1fd52536.combine_file__2nfzwp19.ppfp1zmk,5850,True,2366,63,0,0,0,0,0.0,,0,0,300000,300000,0,0,0,ok,,
2196,,,,oauthlib__oauthlib.1fd52536.combine_file__2nfzwp19.ppfp1zmk,4,oauthlib__oauthlib.1fd52536.combine_file__2nfzwp19.ppfp1zmk,8279,True,827,557,0,0,0,0,0.0,,0,0,400000,400000,0,0,0,ok,,
2197,,,,oauthlib__oauthlib.1fd52536.combine_file__2nfzwp19.ppfp1zmk,5,oauthlib__oauthlib.1fd52536.combine_file__2nfzwp19.ppfp1zmk,9663,True,19,36,0,0,0,0,0.0,,0,0,500000,500000,0,0,0,ok,,
2198,,,,oauthlib__oauthlib.1fd52536.combine_file__2nfzwp19.ppfp1zmk,6,oauthlib__oauthlib.1fd52536.combine_file__2nfzwp19.ppfp1zmk,9718,True,111,399,0,0,0,0,0.0,,0,0,600000,600000,0,0,0,ok,,
2199,,,,oauthlib__oauthlib.1fd52536.combine_file__2nfzwp19.ppfp1zmk,7,oauthlib__oauthlib.1fd52536.combine_file__2nfzwp19.ppfp1zmk,10228,True,302,248,0,0,0,0,0.0,,0,0,700000,700000,0,0,0,ok,,
2200,,,,oauthlib__oauthlib.1fd52536.combine_file__2nfzwp19.ppfp1zmk,8,oauthlib__oauthlib.1fd52536.combine_file__2nfzwp19.ppfp1zmk,10778,True,357,232,0,0,0,0,0.0,,0,0,800000,800000,0,0,0,ok,,
2201,,,,oauthlib__oauthlib.1fd52536.combine_file__2nfzwp19.ppfp1zmk,9,oauthlib__oauthlib.1fd52536.combine_file__2nfzwp19.ppfp1zmk,11367,True,277,198,0,0,0,0,0.0,,0,0,900000,900000,0,0,0,ok,,
2202,,,,oauthlib__oauthlib.1fd52536.combine_file__2nfzwp19.ppfp1zmk,10,oauthlib__oauthlib.1fd52536.combine_file__2nfzwp19.ppfp1zmk,11842,True,253,295,0,0,0,0,0.0,,0,0,1000000,1000000,0,0,0,ok,,
2203,,,,oauthlib__oauthlib.1fd52536.combine_file__2nfzwp19.ppfp1zmk,11,oauthlib__oauthlib.1fd52536.combine_file__2nfzwp19.ppfp1zmk,12390,True,325,55,0,0,0,0,0.0,,0,0,1100000,1100000,0,0,0,ok,,
2204,,,,oauthlib__oauthlib.1fd52536.combine_file__2nfzwp19.ppfp1zmk,12,oauthlib__oauthlib.1fd52536.combine_file__2nfzwp19.ppfp1zmk,12770,True,221,64,0,0,0,0,0.0,,0,0,1200000,1200000,0,0,0,ok,,
2205,,,,oauthlib__oauthlib.1fd52536.combine_file__2nfzwp19.ppfp1zmk,13,oauthlib__oauthlib.1fd52536.combine_file__2nfzwp19.ppfp1zmk,13055,True,155,83,0,0,0,0,0.0,,0,0,1300000,1300000,0,0,0,ok,,
2206,,,,oauthlib__oauthlib.1fd52536.combine_file__2nfzwp19.ppfp1zmk,14,oauthlib__oauthlib.1fd52536.combine_file__2nfzwp19.ppfp1zmk,13293,True,97,329,0,0,0,0,0.0,,0,0,1400000,1400000,0,0,0,ok,,
2207,,,,oauthlib__oauthlib.1fd52536.combine_file__2nfzwp19.ppfp1zmk,15,oauthlib__oauthlib.1fd52536.combine_file__2nfzwp19.ppfp1zmk,13719,True,373,44,0,0,0,0,0.0,,0,0,1500000,1500000,0,0,0,ok,,
2208,,,,oauthlib__oauthlib.1fd52536.combine_file__2nfzwp19.ppfp1zmk,16,oauthlib__oauthlib.1fd52536.combine_file__2nfzwp19.ppfp1zmk,14136,True,155,67,0,0,0,0,0.0,,0,0,1600000,1600000,0,0,0,ok,,
2209,,,,oauthlib__oauthlib.1fd52536.combine_file__2nfzwp19.ppfp1zmk,17,oauthlib__oauthlib.1fd52536.combine_file__2nfzwp19.ppfp1zmk,14358,True,113,427,0,0,0,0,0.0,,0,0,1700000,1700000,0,0,0,ok,,
2210,,,,oauthlib__oauthlib.1fd52536.combine_file__2nfzwp19.ppfp1zmk,18,oauthlib__oauthlib.1fd52536.combine_file__2nfzwp19.ppfp1zmk,14898,True,486,44,0,0,0,0,0.0,,0,0,1800000,1800000,0,0,0,ok,,
2211,,,,oauthlib__oauthlib.1fd52536.combine_file__2nfzwp19.ppfp1zmk,19,oauthlib__oauthlib.1fd52536.combine_file__2nfzwp19.ppfp1zmk,15428,True,32,49,0,0,0,0,0.0,,0,0,1900000,1900000,0,0,0,ok,,
2212,,,,oauthlib__oauthlib.1fd52536.combine_file__2nfzwp19.ppfp1zmk,20,oauthlib__oauthlib.1fd52536.combine_file__2nfzwp19.ppfp1zmk,15509,True,221,1030,0,0,0,0,0.0,,0,0,2000000,2000000,0,0,0,ok,,
2213,,,,oauthlib__oauthlib.1fd52536.combine_file__2nfzwp19.ppfp1zmk,21,oauthlib__oauthlib.1fd52536.combine_file__2nfzwp19.ppfp1zmk,16760,True,19,34,0,0,0,0,0.0,,0,0,2100000,2100000,0,0,0,ok,,
2214,,,,oauthlib__oauthlib.1fd52536.combine_file__2nfzwp19.ppfp1zmk,22,oauthlib__oauthlib.1fd52536.combine_file__2nfzwp19.ppfp1zmk,16813,True,537,568,0,0,0,0,0.0,,0,0,2200000,2200000,0,0,0,ok,,
2215,,,,oauthlib__oauthlib.1fd52536.combine_file__2nfzwp19.ppfp1zmk,23,oauthlib__oauthlib.1fd52536.combine_file__2nfzwp19.ppfp1zmk,17918,True,557,41,0,0,0,0,0.0,,0,0,2300000,2300000,0,0,0,ok,,
2216,,,,oauthlib__oauthlib.1fd52536.combine_file__2nfzwp19.ppfp1zmk,24,oauthlib__oauthlib.1fd52536.combine_file__2nfzwp19.ppfp1zmk,18516,True,520,60,0,0,0,0,0.0,,0,0,2400000,2400000,0,0,0,ok,,
2217,,,,oauthlib__oauthlib.1fd52536.combine_file__2nfzwp19.ppfp1zmk,25,oauthlib__oauthlib.1fd52536.combine_file__2nfzwp19.ppfp1zmk,19096,True,32,58,0,0,0,0,0.0,,0,0,2500000,2500000,0,0,0,ok,,
2218,,,,oauthlib__oauthlib.1fd52536.combine_file__2nfzwp19.ppfp1zmk,26,oauthlib__oauthlib.1fd52536.combine_file__2nfzwp19.ppfp1zmk,19186,True,40,358,0,0,0,0,0.0,,0,0,2600000,2600000,0,0,0,ok,,
2219,,,,oauthlib__oauthlib.1fd52536.combine_file__2nfzwp19.ppfp1zmk,27,oauthlib__oauthlib.1fd52536.combine_file__2nfzwp19.ppfp1zmk,19584,True,3353,43,0,0,0,0,0.0,,0,0,2700000,2700000,0,0,0,ok,,
2220,,,,oauthlib__oauthlib.1fd52536.combine_file__2nfzwp19.ppfp1zmk,28,oauthlib__oauthlib.1fd52536.combine_file__2nfzwp19.ppfp1zmk,22980,True,11,8,0,0,0,0,0.0,,0,0,2800000,2800000,0,0,0,ok,,
2221,,,,gruns__furl.da386f68.lm_rewrite__9nb66oj3.pu1l9fkr,0,swe_smith_system_prompt,924,True,611,100,0,0,0,0,0.0,,0,0,0,0,0,0,0,ok,,
2222,,,,gruns__furl.da386f68.lm_rewrite__9nb66oj3.pu1l9fkr,1,gruns__furl.da386f68.lm_rewrite__9nb66oj3.pu1l9fkr,1635,True,89,78,0,0,0,0,0.0,,0,0,100000,100000,0,0,0,ok,,
2223,,,,gruns__furl.da386f68.lm_rewrite__9nb66oj3.pu1l9fkr,2,gruns__furl.da386f68.lm_rewrite__9nb66oj3.pu1l9fkr,1802,True,7186,55,0,0,0,0,0.0,,0,0,200000,200000,0,0,0,ok,,
2224,,,,gruns__furl.da386f68.lm_rewrite__9nb66oj3.pu1l9fkr,3,gruns__furl.da386f68.lm_rewrite__9nb66oj3.pu1l9fkr,9043,True,27,63,0,0,0,0,0.0,,0,0,300000,300000,0,0,0,ok,,
2225,,,,gruns__furl.da386f68.lm_rewrite__9nb66oj3.pu1l9fkr,4,gruns__furl.da386f68.lm_rewrite__9nb66oj3.pu1l9fkr,9133,True,1620,70,0,0,0,0,0.0,,0,0,400000,400000,0,0,0,ok,,
2226,,,,gruns__furl.da386f68.lm_rewrite__9nb66oj3.pu1l9fkr,5,gruns__furl.da386f68.lm_rewrite__9nb66oj3.pu1l9fkr,10823,True,1611,71,0,0,0,0,0.0,,0,0,500000,500000,0,0,0,ok,,
2227,,,,gruns__furl.da386f68.lm_rewrite__9nb66oj3.pu1l9fkr,6,gruns__furl.da386f68.lm_rewrite__9nb66oj3.pu1l9fkr,12505,True,1745,64,0,0,0,0,0.0,,0,0,600000,600000,0,0,0,ok,,
2228,,,,gruns__furl.da386f68.lm_rewrite__9nb66oj3.pu1l9fkr,7,gruns__furl.da386f68.lm_rewrite__9nb66oj3.pu1l9fkr,14314,True,831,51,0,0,0,0,0.0,,0,0,700000,700000,0,0,0,ok,,
2229,,,,gruns__furl.da386f68.lm_rewrite__9nb66oj3.pu1l9fkr,8,gruns__furl.da386f68.lm_rewrite__9nb66oj3.pu1l9fkr,15196,True,1525,350,0,0,0,0,0.0,,0,0,800000,800000,0,0,0,ok,,
2230,,,,gruns__furl.da386f68.lm_rewrite__9nb66oj3.pu1l9fkr,9,gruns__furl.da386f68.lm_rewrite__9nb66oj3.pu1l9fkr,17071,True,19,35,0,0,0,0,0.0,,0,0,900000,900000,0,0,0,ok,,
2231,,,,gruns__furl.da386f68.lm_rewrite__9nb66oj3.pu1l9fkr,10,gruns__furl.da386f68.lm_rewrite__9nb66oj3.pu1l9fkr,17125,True,88,723,0,0,0,0,0.0,,0,0,1000000,1000000,0,0,0,ok,,
2232,,,,gruns__furl.da386f68.lm_rewrite__9nb66oj3.pu1l9fkr,11,gruns__furl.da386f68.lm_rewrite__9nb66oj3.pu1l9fkr,17936,True,681,66,0,0,0,0,0.0,,0,0,1100000,1100000,0,0,0,ok,,
2233,,,,gruns__furl.da386f68.lm_rewrite__9nb66oj3.pu1l9fkr,12,gruns__furl.da386f68.lm_rewrite__9nb66oj3.pu1l9fkr,18683,True,109,77,0,0,0,0,0.0,,0,0,1200000,1200000,0,0,0,ok,,
2234,,,,gruns__furl.da386f68.lm_rewrite__9nb66oj3.pu1l9fkr,13,gruns__furl.da386f68.lm_rewrite__9nb66oj3.pu1l9fkr,18869,True,402,924,0,0,0,0,0.0,,0,0,1300000,1300000,0,0,0,ok,,
2235,,,,gruns__furl.da386f68.lm_rewrite__9nb66oj3.pu1l9fkr,14,gruns__furl.da386f68.lm_rewrite__9nb66oj3.pu1l9fkr,20195,True,1126,40,0,0,0,0,0.0,,0,0,1400000,1400000,0,0,0,ok,,
2236,,,,gruns__furl.da386f68.lm_rewrite__9nb66oj3.pu1l9fkr,15,gruns__furl.da386f68.lm_rewrite__9nb66oj3.pu1l9fkr,21361,True,133,1041,0,0,0,0,0.0,,0,0,1500000,1500000,0,0,0,ok,,
2237,,,,gruns__furl.da386f68.lm_rewrite__9nb66oj3.pu1l9fkr,16,gruns__furl.da386f68.lm_rewrite__9nb66oj3.pu1l9fkr,22535,True,19,33,0,0,0,0,0.0,,0,0,1600000,1600000,0,0,0,ok,,
2238,,,,gruns__furl.da386f68.lm_rewrite__9nb66oj3.pu1l9fkr,17,gruns__furl.da386f68.lm_rewrite__9nb66oj3.pu1l9fkr,22587,True,102,1992,0,0,0,0,0.0,,0,0,1700000,1700000,0,0,0,ok,,
2239,,,,gruns__furl.da386f68.lm_rewrite__9nb66oj3.pu1l9fkr,18,gruns__furl.da386f68.lm_rewrite__9nb66oj3.pu1l9fkr,24681,True,1457,35,0,0,0,0,0.0,,0,0,1800000,1800000,0,0,0,ok,,
2240,,,,gruns__furl.da386f68.lm_rewrite__9nb66oj3.pu1l9fkr,19,gruns__furl.da386f68.lm_rewrite__9nb66oj3.pu1l9fkr,26173,True,656,255,0,0,0,0,0.0,,0,0,1900000,1900000,0,0,0,ok,,
2241,,,,gruns__furl.da386f68.lm_rewrite__9nb66oj3.pu1l9fkr,20,gruns__furl.da386f68.lm_rewrite__9nb66oj3.pu1l9fkr,27084,True,2992,42,0,0,0,0,0.0,,0,0,2000000,2000000,0,0,0,ok,,
2242,,,,gruns__furl.da386f68.lm_rewrite__9nb66oj3.pu1l9fkr,21,gruns__furl.da386f68.lm_rewrite__9nb66oj3.pu1l9fkr,30118,True,11,14,0,0,0,0,0.0,,0,0,2100000,2100000,0,0,0,ok,,
2243,,,,jawah__charset_normalizer.1fdd6463.lm_rewrite__h2zn5g82.xh3bhvdh,0,swe_smith_system_prompt,924,True,665,106,0,0,0,0,0.0,,0,0,0,0,0,0,0,ok,,
2244,,,,jawah__charset_normalizer.1fdd6463.lm_rewrite__h2zn5g82.xh3bhvdh,1,jawah__charset_normalizer.1fdd6463.lm_rewrite__h2zn5g82.xh3bhvdh,1695,True,323,69,0,0,0,0,0.0,,0,0,100000,100000,0,0,0,ok,,
2245,,,,jawah__charset_normalizer.1fdd6463.lm_rewrite__h2zn5g82.xh3bhvdh,2,jawah__charset_normalizer.1fdd6463.lm_rewrite__h2zn5g82.xh3bhvdh,2087,True,4167,69,0,0,0,0,0.0,,0,0,200000,200000,0,0,0,ok,,
2246,,,,jawah__charset_normalizer.1fdd6463.lm_rewrite__h2zn5g82.xh3bhvdh,3,jawah__charset_normalizer.1fdd6463.lm_rewrite__h2zn5g82.xh3bhvdh,6323,True,670,72,0,0,0,0,0.0,,0,0,300000,300000,0,0,0,ok,,
2247,,,,jawah__charset_normalizer.1fdd6463.lm_rewrite__h2zn5g82.xh3bhvdh,4,jawah__charset_normalizer.1fdd6463.lm_rewrite__h2zn5g82.xh3bhvdh,7065,True,1130,59,0,0,0,0,0.0,,0,0,400000,400000,0,0,0,ok,,
2248,,,,jawah__charset_normalizer.1fdd6463.lm_rewrite__h2zn5g82.xh3bhvdh,5,jawah__charset_normalizer.1fdd6463.lm_rewrite__h2zn5g82.xh3bhvdh,8254,True,6002,50,0,0,0,0,0.0,,0,0,500000,500000,0,0,0,ok,,
2249,,,,jawah__charset_normalizer.1fdd6463.lm_rewrite__h2zn5g82.xh3bhvdh,6,jawah__charset_normalizer.1fdd6463.lm_rewrite__h2zn5g82.xh3bhvdh,14306,True,9135,58,0,0,0,0,0.0,,0,0,600000,600000,0,0,0,ok,,
2250,,,,jawah__charset_normalizer.1fdd6463.lm_rewrite__h2zn5g82.xh3bhvdh,7,jawah__charset_normalizer.1fdd6463.lm_rewrite__h2zn5g82.xh3bhvdh,23499,True,25,62,0,0,0,0,0.0,,0,0,700000,700000,0,0,0,ok,,
2251,,,,jawah__charset_normalizer.1fdd6463.lm_rewrite__h2zn5g82.xh3bhvdh,8,jawah__charset_normalizer.1fdd6463.lm_rewrite__h2zn5g82.xh3bhvdh,23586,True,324,220,0,0,0,0,0.0,,0,0,800000,800000,0,0,0,ok,,
2252,,,,jawah__charset_normalizer.1fdd6463.lm_rewrite__h2zn5g82.xh3bhvdh,9,jawah__charset_normalizer.1fdd6463.lm_rewrite__h2zn5g82.xh3bhvdh,24130,True,20,36,0,0,0,0,0.0,,0,0,900000,900000,0,0,0,ok,,
2253,,,,jawah__charset_normalizer.1fdd6463.lm_rewrite__h2zn5g82.xh3bhvdh,10,jawah__charset_normalizer.1fdd6463.lm_rewrite__h2zn5g82.xh3bhvdh,24186,True,76,1508,0,0,0,0,0.0,,0,0,1000000,1000000,0,0,0,ok,,
2254,,,,jawah__charset_normalizer.1fdd6463.lm_rewrite__h2zn5g82.xh3bhvdh,11,jawah__charset_normalizer.1fdd6463.lm_rewrite__h2zn5g82.xh3bhvdh,25770,True,1437,57,0,0,0,0,0.0,,0,0,1100000,1100000,0,0,0,ok,,
2255,,,,jawah__charset_normalizer.1fdd6463.lm_rewrite__h2zn5g82.xh3bhvdh,12,jawah__charset_normalizer.1fdd6463.lm_rewrite__h2zn5g82.xh3bhvdh,27264,True,58,559,0,0,0,0,0.0,,0,0,1200000,1200000,0,0,0,ok,,
2256,,,,jawah__charset_normalizer.1fdd6463.lm_rewrite__h2zn5g82.xh3bhvdh,13,jawah__charset_normalizer.1fdd6463.lm_rewrite__h2zn5g82.xh3bhvdh,27881,True,19,35,0,0,0,0,0.0,,0,0,1300000,1300000,0,0,0,ok,,
2257,,,,jawah__charset_normalizer.1fdd6463.lm_rewrite__h2zn5g82.xh3bhvdh,14,jawah__charset_normalizer.1fdd6463.lm_rewrite__h2zn5g82.xh3bhvdh,27935,True,757,410,0,0,0,0,0.0,,0,0,1400000,1400000,0,0,0,ok,,
2258,,,,jawah__charset_normalizer.1fdd6463.lm_rewrite__h2zn5g82.xh3bhvdh,15,jawah__charset_normalizer.1fdd6463.lm_rewrite__h2zn5g82.xh3bhvdh,29102,True,448,44,0,0,0,0,0.0,,0,0,1500000,1500000,0,0,0,ok,,
2259,,,,jawah__charset_normalizer.1fdd6463.lm_rewrite__h2zn5g82.xh3bhvdh,16,jawah__charset_normalizer.1fdd6463.lm_rewrite__h2zn5g82.xh3bhvdh,29594,True,757,493,0,0,0,0,0.0,,0,0,1600000,1600000,0,0,0,ok,,
2260,,,,jawah__charset_normalizer.1fdd6463.lm_rewrite__h2zn5g82.xh3bhvdh,17,jawah__charset_normalizer.1fdd6463.lm_rewrite__h2zn5g82.xh3bhvdh,30844,True,20,35,0,0,0,0,0.0,,0,0,1700000,1700000,0,0,0,ok,,
2261,,,,jawah__charset_normalizer.1fdd6463.lm_rewrite__h2zn5g82.xh3bhvdh,18,jawah__charset_normalizer.1fdd6463.lm_rewrite__h2zn5g82.xh3bhvdh,30899,True,737,325,0,0,0,0,0.0,,0,0,1800000,1800000,0,0,0,ok,,
2262,,,,jawah__charset_normalizer.1fdd6463.lm_rewrite__h2zn5g82.xh3bhvdh,19,jawah__charset_normalizer.1fdd6463.lm_rewrite__h2zn5g82.xh3bhvdh,31961,True,2128,53,0,0,0,0,0.0,,0,0,1900000,1900000,0,0,0,ok,,
2263,,,,jawah__charset_normalizer.1fdd6463.lm_rewrite__h2zn5g82.xh3bhvdh,20,jawah__charset_normalizer.1fdd6463.lm_rewrite__h2zn5g82.xh3bhvdh,34142,True,11,8,0,0,0,0,0.0,,0,0,2000000,2000000,0,0,0,ok,,
2264,,,,chardet__chardet.9630f238.163.ag105xpg,0,swe_smith_system_prompt,924,True,493,80,0,0,0,0,0.0,,0,0,0,0,0,0,0,ok,,
2265,,,,chardet__chardet.9630f238.163.ag105xpg,1,chardet__chardet.9630f238.163.ag105xpg,1497,True,33,55,0,0,0,0,0.0,,0,0,100000,100000,0,0,0,ok,,
2266,,,,chardet__chardet.9630f238.163.ag105xpg,2,chardet__chardet.9630f238.163.ag105xpg,1585,True,3968,593,0,0,0,0,0.0,,0,0,200000,200000,0,0,0,ok,,
2267,,,,chardet__chardet.9630f238.163.ag105xpg,3,chardet__chardet.9630f238.163.ag105xpg,6146,True,25,38,0,0,0,0,0.0,,0,0,300000,300000,0,0,0,ok,,
2268,,,,chardet__chardet.9630f238.163.ag105xpg,4,chardet__chardet.9630f238.163.ag105xpg,6209,True,117,218,0,0,0,0,0.0,,0,0,400000,400000,0,0,0,ok,,
2269,,,,chardet__chardet.9630f238.163.ag105xpg,5,chardet__chardet.9630f238.163.ag105xpg,6544,True,243,45,0,0,0,0,0.0,,0,0,500000,500000,0,0,0,ok,,
2270,,,,chardet__chardet.9630f238.163.ag105xpg,6,chardet__chardet.9630f238.163.ag105xpg,6832,True,117,442,0,0,0,0,0.0,,0,0,600000,600000,0,0,0,ok,,
2271,,,,pydantic__pydantic.acb0f10f.pr_8018.3xsh2kxo,0,swe_smith_system_prompt,924,True,575,122,0,0,0,0,0.0,,0,0,0,0,0,0,0,ok,,
2272,,,,pydantic__pydantic.acb0f10f.pr_8018.3xsh2kxo,1,pydantic__pydantic.acb0f10f.pr_8018.3xsh2kxo,1621,True,39,61,0,0,0,0,0.0,,0,0,100000,100000,0,0,0,ok,,
2273,,,,pydantic__pydantic.acb0f10f.pr_8018.3xsh2kxo,2,pydantic__pydantic.acb0f10f.pr_8018.3xsh2kxo,1721,True,5884,279,0,0,0,0,0.0,,0,0,200000,200000,0,0,0,ok,,
2274,,,,pydantic__pydantic.acb0f10f.pr_8018.3xsh2kxo,3,pydantic__pydantic.acb0f10f.pr_8018.3xsh2kxo,7884,True,19,35,0,0,0,0,0.0,,0,0,300000,300000,0,0,0,ok,,
2275,,,,pydantic__pydantic.acb0f10f.pr_8018.3xsh2kxo,4,pydantic__pydantic.acb0f10f.pr_8018.3xsh2kxo,7938,True,179,42,0,0,0,0,0.0,,0,0,400000,400000,0,0,0,ok,,
2276,,,,pydantic__pydantic.acb0f10f.pr_8018.3xsh2kxo,5,pydantic__pydantic.acb0f10f.pr_8018.3xsh2kxo,8159,True,546,33,0,0,0,0,0.0,,0,0,500000,500000,0,0,0,ok,,
2277,,,,pydantic__pydantic.acb0f10f.pr_8018.3xsh2kxo,6,pydantic__pydantic.acb0f10f.pr_8018.3xsh2kxo,8738,True,52,495,0,0,0,0,0.0,,0,0,600000,600000,0,0,0,ok,,
2278,,,,pydantic__pydantic.acb0f10f.pr_8018.3xsh2kxo,7,pydantic__pydantic.acb0f10f.pr_8018.3xsh2kxo,9285,True,492,32,0,0,0,0,0.0,,0,0,700000,700000,0,0,0,ok,,
2279,,,,pydantic__pydantic.acb0f10f.pr_8018.3xsh2kxo,8,pydantic__pydantic.acb0f10f.pr_8018.3xsh2kxo,9809,True,99,443,0,0,0,0,0.0,,0,0,800000,800000,0,0,0,ok,,
2280,,,,pydantic__pydantic.acb0f10f.pr_8018.3xsh2kxo,9,pydantic__pydantic.acb0f10f.pr_8018.3xsh2kxo,10351,True,381,173,0,0,0,0,0.0,,0,0,900000,900000,0,0,0,ok,,
2281,,,,pydantic__pydantic.acb0f10f.pr_8018.3xsh2kxo,10,pydantic__pydantic.acb0f10f.pr_8018.3xsh2kxo,10905,True,99,911,0,0,0,0,0.0,,0,0,1000000,1000000,0,0,0,ok,,
2282,,,,pydantic__pydantic.acb0f10f.pr_8018.3xsh2kxo,11,pydantic__pydantic.acb0f10f.pr_8018.3xsh2kxo,11915,True,19,35,0,0,0,0,0.0,,0,0,1100000,1100000,0,0,0,ok,,
2283,,,,pydantic__pydantic.acb0f10f.pr_8018.3xsh2kxo,12,pydantic__pydantic.acb0f10f.pr_8018.3xsh2kxo,11969,True,313,318,0,0,0,0,0.0,,0,0,1200000,1200000,0,0,0,ok,,
2284,,,,pydantic__pydantic.acb0f10f.pr_8018.3xsh2kxo,13,pydantic__pydantic.acb0f10f.pr_8018.3xsh2kxo,12600,True,953,43,0,0,0,0,0.0,,0,0,1300000,1300000,0,0,0,ok,,
2285,,,,pydantic__pydantic.acb0f10f.pr_8018.3xsh2kxo,14,pydantic__pydantic.acb0f10f.pr_8018.3xsh2kxo,13596,True,11,8,0,0,0,0,0.0,,0,0,1400000,1400000,0,0,0,ok,,
2286,,,,getmoto__moto.694ce1f4.pr_6374.q8pq44eb,0,swe_smith_system_prompt,924,True,795,67,0,0,0,0,0.0,,0,0,0,0,0,0,0,ok,,
2287,,,,getmoto__moto.694ce1f4.pr_6374.q8pq44eb,1,getmoto__moto.694ce1f4.pr_6374.q8pq44eb,1786,True,3607,72,0,0,0,0,0.0,,0,0,100000,100000,0,0,0,ok,,
2288,,,,getmoto__moto.694ce1f4.pr_6374.q8pq44eb,2,getmoto__moto.694ce1f4.pr_6374.q8pq44eb,5465,True,4485,444,0,0,0,0,0.0,,0,0,200000,200000,0,0,0,ok,,
2289,,,,getmoto__moto.694ce1f4.pr_6374.q8pq44eb,3,getmoto__moto.694ce1f4.pr_6374.q8pq44eb,10394,True,21,37,0,0,0,0,0.0,,0,0,300000,300000,0,0,0,ok,,
2290,,,,getmoto__moto.694ce1f4.pr_6374.q8pq44eb,4,getmoto__moto.694ce1f4.pr_6374.q8pq44eb,10452,True,256,190,0,0,0,0,0.0,,0,0,400000,400000,0,0,0,ok,,
2291,,,,getmoto__moto.694ce1f4.pr_6374.q8pq44eb,5,getmoto__moto.694ce1f4.pr_6374.q8pq44eb,10898,True,188,82,0,0,0,0,0.0,,0,0,500000,500000,0,0,0,ok,,
2292,,,,getmoto__moto.694ce1f4.pr_6374.q8pq44eb,6,getmoto__moto.694ce1f4.pr_6374.q8pq44eb,11168,True,182,35,0,0,0,0,0.0,,0,0,600000,600000,0,0,0,ok,,
2293,,,,getmoto__moto.694ce1f4.pr_6374.q8pq44eb,7,getmoto__moto.694ce1f4.pr_6374.q8pq44eb,11385,True,66,687,0,0,0,0,0.0,,0,0,700000,700000,0,0,0,ok,,
2294,,,,getmoto__moto.694ce1f4.pr_6374.q8pq44eb,8,getmoto__moto.694ce1f4.pr_6374.q8pq44eb,12138,True,687,34,0,0,0,0,0.0,,0,0,800000,800000,0,0,0,ok,,
2295,,,,getmoto__moto.694ce1f4.pr_6374.q8pq44eb,9,getmoto__moto.694ce1f4.pr_6374.q8pq44eb,12859,True,90,33,0,0,0,0,0.0,,0,0,900000,900000,0,0,0,ok,,
2296,,,,getmoto__moto.694ce1f4.pr_6374.q8pq44eb,10,getmoto__moto.694ce1f4.pr_6374.q8pq44eb,12982,True,1227,86,0,0,0,0,0.0,,0,0,1000000,1000000,0,0,0,ok,,
2297,,,,getmoto__moto.694ce1f4.pr_6374.q8pq44eb,11,getmoto__moto.694ce1f4.pr_6374.q8pq44eb,14295,True,118,70,0,0,0,0,0.0,,0,0,1100000,1100000,0,0,0,ok,,
2298,,,,getmoto__moto.694ce1f4.pr_6374.q8pq44eb,12,getmoto__moto.694ce1f4.pr_6374.q8pq44eb,14483,True,168,34,0,0,0,0,0.0,,0,0,1200000,1200000,0,0,0,ok,,
2299,,,,getmoto__moto.694ce1f4.pr_6374.q8pq44eb,13,getmoto__moto.694ce1f4.pr_6374.q8pq44eb,14685,True,77,78,0,0,0,0,0.0,,0,0,1300000,1300000,0,0,0,ok,,
2300,,,,getmoto__moto.694ce1f4.pr_6374.q8pq44eb,14,getmoto__moto.694ce1f4.pr_6374.q8pq44eb,14840,True,117,34,0,0,0,0,0.0,,0,0,1400000,1400000,0,0,0,ok,,
2301,,,,getmoto__moto.694ce1f4.pr_6374.q8pq44eb,15,getmoto__moto.694ce1f4.pr_6374.q8pq44eb,14991,True,225,379,0,0,0,0,0.0,,0,0,1500000,1500000,0,0,0,ok,,
2302,,,,getmoto__moto.694ce1f4.pr_6374.q8pq44eb,16,getmoto__moto.694ce1f4.pr_6374.q8pq44eb,15595,True,285,40,0,0,0,0,0.0,,0,0,1600000,1600000,0,0,0,ok,,
2303,,,,getmoto__moto.694ce1f4.pr_6374.q8pq44eb,17,getmoto__moto.694ce1f4.pr_6374.q8pq44eb,15920,True,364,291,0,0,0,0,0.0,,0,0,1700000,1700000,0,0,0,ok,,
2304,,,,getmoto__moto.694ce1f4.pr_8492.uz8ru91h,0,swe_smith_system_prompt,924,True,676,93,0,0,0,0,0.0,,0,0,0,0,0,0,0,ok,,
2305,,,,getmoto__moto.694ce1f4.pr_8492.uz8ru91h,1,getmoto__moto.694ce1f4.pr_8492.uz8ru91h,1693,True,83,48,0,0,0,0,0.0,,0,0,100000,100000,0,0,0,ok,,
2306,,,,getmoto__moto.694ce1f4.pr_8492.uz8ru91h,2,getmoto__moto.694ce1f4.pr_8492.uz8ru91h,1824,True,228,54,0,0,0,0,0.0,,0,0,200000,200000,0,0,0,ok,,
2307,,,,getmoto__moto.694ce1f4.pr_8492.uz8ru91h,3,getmoto__moto.694ce1f4.pr_8492.uz8ru91h,2106,True,5100,52,0,0,0,0,0.0,,0,0,300000,300000,0,0,0,ok,,
2308,,,,getmoto__moto.694ce1f4.pr_8492.uz8ru91h,4,getmoto__moto.694ce1f4.pr_8492.uz8ru91h,7258,True,2244,577,0,0,0,0,0.0,,0,0,400000,400000,0,0,0,ok,,
2309,,,,getmoto__moto.694ce1f4.pr_8492.uz8ru91h,5,getmoto__moto.694ce1f4.pr_8492.uz8ru91h,10079,True,20,37,0,0,0,0,0.0,,0,0,500000,500000,0,0,0,ok,,
2310,,,,getmoto__moto.694ce1f4.pr_8492.uz8ru91h,6,getmoto__moto.694ce1f4.pr_8492.uz8ru91h,10136,True,915,1186,0,0,0,0,0.0,,0,0,600000,600000,0,0,0,ok,,
2311,,,,getmoto__moto.694ce1f4.pr_8492.uz8ru91h,7,getmoto__moto.694ce1f4.pr_8492.uz8ru91h,12237,True,1127,37,0,0,0,0,0.0,,0,0,700000,700000,0,0,0,ok,,
2312,,,,getmoto__moto.694ce1f4.pr_8492.uz8ru91h,8,getmoto__moto.694ce1f4.pr_8492.uz8ru91h,13401,True,73,98,0,0,0,0,0.0,,0,0,800000,800000,0,0,0,ok,,
2313,,,,getmoto__moto.694ce1f4.pr_8492.uz8ru91h,9,getmoto__moto.694ce1f4.pr_8492.uz8ru91h,13572,True,132,33,0,0,0,0,0.0,,0,0,900000,900000,0,0,0,ok,,
2314,,,,getmoto__moto.694ce1f4.pr_8492.uz8ru91h,10,getmoto__moto.694ce1f4.pr_8492.uz8ru91h,13737,True,79,261,0,0,0,0,0.0,,0,0,1000000,1000000,0,0,0,ok,,
2315,,,,getmoto__moto.694ce1f4.pr_8492.uz8ru91h,11,getmoto__moto.694ce1f4.pr_8492.uz8ru91h,14077,True,280,33,0,0,0,0,0.0,,0,0,1100000,1100000,0,0,0,ok,,
2316,,,,getmoto__moto.694ce1f4.pr_8492.uz8ru91h,12,getmoto__moto.694ce1f4.pr_8492.uz8ru91h,14390,True,571,614,0,0,0,0,0.0,,0,0,1200000,1200000,0,0,0,ok,,
2317,,,,getmoto__moto.694ce1f4.pr_8492.uz8ru91h,13,getmoto__moto.694ce1f4.pr_8492.uz8ru91h,15575,True,731,57,0,0,0,0,0.0,,0,0,1300000,1300000,0,0,0,ok,,
2318,,,,getmoto__moto.694ce1f4.pr_8492.uz8ru91h,14,getmoto__moto.694ce1f4.pr_8492.uz8ru91h,16363,True,719,1061,0,0,0,0,0.0,,0,0,1400000,1400000,0,0,0,ok,,
2319,,,,getmoto__moto.694ce1f4.pr_8492.uz8ru91h,15,getmoto__moto.694ce1f4.pr_8492.uz8ru91h,18143,True,19,35,0,0,0,0,0.0,,0,0,1500000,1500000,0,0,0,ok,,
2320,,,,getmoto__moto.694ce1f4.pr_8492.uz8ru91h,16,getmoto__moto.694ce1f4.pr_8492.uz8ru91h,18197,True,2962,199,0,0,0,0,0.0,,0,0,1600000,1600000,0,0,0,ok,,
2321,,,,getmoto__moto.694ce1f4.pr_8492.uz8ru91h,17,getmoto__moto.694ce1f4.pr_8492.uz8ru91h,21358,True,298,36,0,0,0,0,0.0,,0,0,1700000,1700000,0,0,0,ok,,
2322,,,,getmoto__moto.694ce1f4.pr_8492.uz8ru91h,18,getmoto__moto.694ce1f4.pr_8492.uz8ru91h,21692,True,1794,305,0,0,0,0,0.0,,0,0,1800000,1800000,0,0,0,ok,,
2323,,,,getmoto__moto.694ce1f4.pr_8492.uz8ru91h,19,getmoto__moto.694ce1f4.pr_8492.uz8ru91h,23791,True,2870,44,0,0,0,0,0.0,,0,0,1900000,1900000,0,0,0,ok,,
2324,,,,getmoto__moto.694ce1f4.pr_8492.uz8ru91h,20,getmoto__moto.694ce1f4.pr_8492.uz8ru91h,26705,True,11,8,0,0,0,0,0.0,,0,0,2000000,2000000,0,0,0,ok,,
2325,,,,benoitc__gunicorn.bacbf8aa.func_pm_ctrl_invert_if__vsxey1ea.dmb6crem,0,swe_smith_system_prompt,924,True,820,100,0,0,0,0,0.0,,0,0,0,0,0,0,0,ok,,
2326,,,,benoitc__gunicorn.bacbf8aa.func_pm_ctrl_invert_if__vsxey1ea.dmb6crem,1,benoitc__gunicorn.bacbf8aa.func_pm_ctrl_invert_if__vsxey1ea.dmb6crem,1844,True,2576,67,0,0,0,0,0.0,,0,0,100000,100000,0,0,0,ok,,
2327,,,,benoitc__gunicorn.bacbf8aa.func_pm_ctrl_invert_if__vsxey1ea.dmb6crem,2,benoitc__gunicorn.bacbf8aa.func_pm_ctrl_invert_if__vsxey1ea.dmb6crem,4487,True,1107,46,0,0,0,0,0.0,,0,0,200000,200000,0,0,0,ok,,
2328,,,,benoitc__gunicorn.bacbf8aa.func_pm_ctrl_invert_if__vsxey1ea.dmb6crem,3,benoitc__gunicorn.bacbf8aa.func_pm_ctrl_invert_if__vsxey1ea.dmb6crem,5640,True,3275,70,0,0,0,0,0.0,,0,0,300000,300000,0,0,0,ok,,
2329,,,,benoitc__gunicorn.bacbf8aa.func_pm_ctrl_invert_if__vsxey1ea.dmb6crem,4,benoitc__gunicorn.bacbf8aa.func_pm_ctrl_invert_if__vsxey1ea.dmb6crem,8985,True,667,58,0,0,0,0,0.0,,0,0,400000,400000,0,0,0,ok,,
2330,,,,benoitc__gunicorn.bacbf8aa.func_pm_ctrl_invert_if__vsxey1ea.dmb6crem,5,benoitc__gunicorn.bacbf8aa.func_pm_ctrl_invert_if__vsxey1ea.dmb6crem,9710,True,158,73,0,0,0,0,0.0,,0,0,500000,500000,0,0,0,ok,,
2331,,,,benoitc__gunicorn.bacbf8aa.func_pm_ctrl_invert_if__vsxey1ea.dmb6crem,6,benoitc__gunicorn.bacbf8aa.func_pm_ctrl_invert_if__vsxey1ea.dmb6crem,9941,True,390,68,0,0,0,0,0.0,,0,0,600000,600000,0,0,0,ok,,
2332,,,,benoitc__gunicorn.bacbf8aa.func_pm_ctrl_invert_if__vsxey1ea.dmb6crem,7,benoitc__gunicorn.bacbf8aa.func_pm_ctrl_invert_if__vsxey1ea.dmb6crem,10399,True,778,376,0,0,0,0,0.0,,0,0,700000,700000,0,0,0,ok,,
2333,,,,benoitc__gunicorn.bacbf8aa.func_pm_ctrl_invert_if__vsxey1ea.dmb6crem,8,benoitc__gunicorn.bacbf8aa.func_pm_ctrl_invert_if__vsxey1ea.dmb6crem,11553,True,20,37,0,0,0,0,0.0,,0,0,800000,800000,0,0,0,ok,,
2334,,,,benoitc__gunicorn.bacbf8aa.func_pm_ctrl_invert_if__vsxey1ea.dmb6crem,9,benoitc__gunicorn.bacbf8aa.func_pm_ctrl_invert_if__vsxey1ea.dmb6crem,11610,True,644,164,0,0,0,0,0.0,,0,0,900000,900000,0,0,0,ok,,
2335,,,,benoitc__gunicorn.bacbf8aa.func_pm_ctrl_invert_if__vsxey1ea.dmb6crem,10,benoitc__gunicorn.bacbf8aa.func_pm_ctrl_invert_if__vsxey1ea.dmb6crem,12418,True,233,51,0,0,0,0,0.0,,0,0,1000000,1000000,0,0,0,ok,,
2336,,,,benoitc__gunicorn.bacbf8aa.func_pm_ctrl_invert_if__vsxey1ea.dmb6crem,11,benoitc__gunicorn.bacbf8aa.func_pm_ctrl_invert_if__vsxey1ea.dmb6crem,12702,True,507,771,0,0,0,0,0.0,,0,0,1100000,1100000,0,0,0,ok,,
2337,,,,benoitc__gunicorn.bacbf8aa.func_pm_ctrl_invert_if__vsxey1ea.dmb6crem,12,benoitc__gunicorn.bacbf8aa.func_pm_ctrl_invert_if__vsxey1ea.dmb6crem,13980,True,19,39,0,0,0,0,0.0,,0,0,1200000,1200000,0,0,0,ok,,
2338,,,,benoitc__gunicorn.bacbf8aa.func_pm_ctrl_invert_if__vsxey1ea.dmb6crem,13,benoitc__gunicorn.bacbf8aa.func_pm_ctrl_invert_if__vsxey1ea.dmb6crem,14038,True,68,337,0,0,0,0,0.0,,0,0,1300000,1300000,0,0,0,ok,,
2339,,,,benoitc__gunicorn.bacbf8aa.func_pm_ctrl_invert_if__vsxey1ea.dmb6crem,14,benoitc__gunicorn.bacbf8aa.func_pm_ctrl_invert_if__vsxey1ea.dmb6crem,14443,True,196,190,0,0,0,0,0.0,,0,0,1400000,1400000,0,0,0,ok,,
2340,,,,benoitc__gunicorn.bacbf8aa.func_pm_ctrl_invert_if__vsxey1ea.dmb6crem,15,benoitc__gunicorn.bacbf8aa.func_pm_ctrl_invert_if__vsxey1ea.dmb6crem,14829,True,18,26,0,0,0,0,0.0,,0,0,1500000,1500000,0,0,0,ok,,
2341,,,,benoitc__gunicorn.bacbf8aa.func_pm_ctrl_invert_if__vsxey1ea.dmb6crem,16,benoitc__gunicorn.bacbf8aa.func_pm_ctrl_invert_if__vsxey1ea.dmb6crem,14873,True,138,228,0,0,0,0,0.0,,0,0,1600000,1600000,0,0,0,ok,,
2342,,,,benoitc__gunicorn.bacbf8aa.func_pm_ctrl_invert_if__vsxey1ea.dmb6crem,17,benoitc__gunicorn.bacbf8aa.func_pm_ctrl_invert_if__vsxey1ea.dmb6crem,15239,True,295,202,0,0,0,0,0.0,,0,0,1700000,1700000,0,0,0,ok,,
2343,,,,benoitc__gunicorn.bacbf8aa.func_pm_ctrl_invert_if__vsxey1ea.dmb6crem,18,benoitc__gunicorn.bacbf8aa.func_pm_ctrl_invert_if__vsxey1ea.dmb6crem,15736,True,19,26,0,0,0,0,0.0,,0,0,1800000,1800000,0,0,0,ok,,
2344,,,,benoitc__gunicorn.bacbf8aa.func_pm_ctrl_invert_if__vsxey1ea.dmb6crem,19,benoitc__gunicorn.bacbf8aa.func_pm_ctrl_invert_if__vsxey1ea.dmb6crem,15781,True,148,1795,0,0,0,0,0.0,,0,0,1900000,1900000,0,0,0,ok,,
2345,,,,benoitc__gunicorn.bacbf8aa.func_pm_ctrl_invert_if__vsxey1ea.dmb6crem,20,benoitc__gunicorn.bacbf8aa.func_pm_ctrl_invert_if__vsxey1ea.dmb6crem,17724,True,18,32,0,0,0,0,0.0,,0,0,2000000,2000000,0,0,0,ok,,
2346,,,,benoitc__gunicorn.bacbf8aa.func_pm_ctrl_invert_if__vsxey1ea.dmb6crem,21,benoitc__gunicorn.bacbf8aa.func_pm_ctrl_invert_if__vsxey1ea.dmb6crem,17774,True,234,216,0,0,0,0,0.0,,0,0,2100000,2100000,0,0,0,ok,,
2347,,,,benoitc__gunicorn.bacbf8aa.func_pm_ctrl_invert_if__vsxey1ea.dmb6crem,22,benoitc__gunicorn.bacbf8aa.func_pm_ctrl_invert_if__vsxey1ea.dmb6crem,18224,True,4417,67,0,0,0,0,0.0,,0,0,2200000,2200000,0,0,0,ok,,
2348,,,,benoitc__gunicorn.bacbf8aa.func_pm_ctrl_invert_if__vsxey1ea.dmb6crem,23,benoitc__gunicorn.bacbf8aa.func_pm_ctrl_invert_if__vsxey1ea.dmb6crem,22708,True,11,8,0,0,0,0,0.0,,0,0,2300000,2300000,0,0,0,ok,,
2349,,,,pyasn1__pyasn1.0f07d724.lm_rewrite__rli42acr.82pjat6u,0,swe_smith_system_prompt,924,True,617,101,0,0,0,0,0.0,,0,0,0,0,0,0,0,ok,,
2350,,,,pyasn1__pyasn1.0f07d724.lm_rewrite__rli42acr.82pjat6u,1,pyasn1__pyasn1.0f07d724.lm_rewrite__rli42acr.82pjat6u,1642,True,25,60,0,0,0,0,0.0,,0,0,100000,100000,0,0,0,ok,,
2351,,,,pyasn1__pyasn1.0f07d724.lm_rewrite__rli42acr.82pjat6u,2,pyasn1__pyasn1.0f07d724.lm_rewrite__rli42acr.82pjat6u,1727,True,6161,54,0,0,0,0,0.0,,0,0,200000,200000,0,0,0,ok,,
2352,,,,pyasn1__pyasn1.0f07d724.lm_rewrite__rli42acr.82pjat6u,3,pyasn1__pyasn1.0f07d724.lm_rewrite__rli42acr.82pjat6u,7942,True,36,61,0,0,0,0,0.0,,0,0,300000,300000,0,0,0,ok,,
2353,,,,pyasn1__pyasn1.0f07d724.lm_rewrite__rli42acr.82pjat6u,4,pyasn1__pyasn1.0f07d724.lm_rewrite__rli42acr.82pjat6u,8039,True,237,131,0,0,0,0,0.0,,0,0,400000,400000,0,0,0,ok,,
2354,,,,pyasn1__pyasn1.0f07d724.lm_rewrite__rli42acr.82pjat6u,5,pyasn1__pyasn1.0f07d724.lm_rewrite__rli42acr.82pjat6u,8407,True,62,219,0,0,0,0,0.0,,0,0,500000,500000,0,0,0,ok,,
2355,,,,pyasn1__pyasn1.0f07d724.lm_rewrite__rli42acr.82pjat6u,6,pyasn1__pyasn1.0f07d724.lm_rewrite__rli42acr.82pjat6u,8688,True,20,37,0,0,0,0,0.0,,0,0,600000,600000,0,0,0,ok,,
2356,,,,pyasn1__pyasn1.0f07d724.lm_rewrite__rli42acr.82pjat6u,7,pyasn1__pyasn1.0f07d724.lm_rewrite__rli42acr.82pjat6u,8745,True,28,277,0,0,0,0,0.0,,0,0,700000,700000,0,0,0,ok,,
2357,,,,pyasn1__pyasn1.0f07d724.lm_rewrite__rli42acr.82pjat6u,8,pyasn1__pyasn1.0f07d724.lm_rewrite__rli42acr.82pjat6u,9050,True,254,155,0,0,0,0,0.0,,0,0,800000,800000,0,0,0,ok,,
2358,,,,pyasn1__pyasn1.0f07d724.lm_rewrite__rli42acr.82pjat6u,9,pyasn1__pyasn1.0f07d724.lm_rewrite__rli42acr.82pjat6u,9459,True,242,57,0,0,0,0,0.0,,0,0,900000,900000,0,0,0,ok,,
2359,,,,pyasn1__pyasn1.0f07d724.lm_rewrite__rli42acr.82pjat6u,10,pyasn1__pyasn1.0f07d724.lm_rewrite__rli42acr.82pjat6u,9758,True,28,108,0,0,0,0,0.0,,0,0,1000000,1000000,0,0,0,ok,,
2360,,,,pyasn1__pyasn1.0f07d724.lm_rewrite__rli42acr.82pjat6u,11,pyasn1__pyasn1.0f07d724.lm_rewrite__rli42acr.82pjat6u,9894,True,834,90,0,0,0,0,0.0,,0,0,1100000,1100000,0,0,0,ok,,
2361,,,,pyasn1__pyasn1.0f07d724.lm_rewrite__rli42acr.82pjat6u,12,pyasn1__pyasn1.0f07d724.lm_rewrite__rli42acr.82pjat6u,10818,True,167,250,0,0,0,0,0.0,,0,0,1200000,1200000,0,0,0,ok,,
2362,,,,pyasn1__pyasn1.0f07d724.lm_rewrite__rli42acr.82pjat6u,13,pyasn1__pyasn1.0f07d724.lm_rewrite__rli42acr.82pjat6u,11235,True,240,131,0,0,0,0,0.0,,0,0,1300000,1300000,0,0,0,ok,,
2363,,,,pyasn1__pyasn1.0f07d724.lm_rewrite__rli42acr.82pjat6u,14,pyasn1__pyasn1.0f07d724.lm_rewrite__rli42acr.82pjat6u,11606,True,228,1051,0,0,0,0,0.0,,0,0,1400000,1400000,0,0,0,ok,,
2364,,,,pyasn1__pyasn1.0f07d724.lm_rewrite__rli42acr.82pjat6u,15,pyasn1__pyasn1.0f07d724.lm_rewrite__rli42acr.82pjat6u,12885,True,1267,42,0,0,0,0,0.0,,0,0,1500000,1500000,0,0,0,ok,,
2365,,,,pyasn1__pyasn1.0f07d724.lm_rewrite__rli42acr.82pjat6u,16,pyasn1__pyasn1.0f07d724.lm_rewrite__rli42acr.82pjat6u,14194,True,28,721,0,0,0,0,0.0,,0,0,1600000,1600000,0,0,0,ok,,
2366,,,,pyasn1__pyasn1.0f07d724.lm_rewrite__rli42acr.82pjat6u,17,pyasn1__pyasn1.0f07d724.lm_rewrite__rli42acr.82pjat6u,14943,True,19,33,0,0,0,0,0.0,,0,0,1700000,1700000,0,0,0,ok,,
2367,,,,pyasn1__pyasn1.0f07d724.lm_rewrite__rli42acr.82pjat6u,18,pyasn1__pyasn1.0f07d724.lm_rewrite__rli42acr.82pjat6u,14995,True,225,177,0,0,0,0,0.0,,0,0,1800000,1800000,0,0,0,ok,,
2368,,,,pyasn1__pyasn1.0f07d724.lm_rewrite__rli42acr.82pjat6u,19,pyasn1__pyasn1.0f07d724.lm_rewrite__rli42acr.82pjat6u,15397,True,1855,44,0,0,0,0,0.0,,0,0,1900000,1900000,0,0,0,ok,,
2369,,,,pyasn1__pyasn1.0f07d724.lm_rewrite__rli42acr.82pjat6u,20,pyasn1__pyasn1.0f07d724.lm_rewrite__rli42acr.82pjat6u,17296,True,11,8,0,0,0,0,0.0,,0,0,2000000,2000000,0,0,0,ok,,
2370,,,,seperman__deepdiff.ed252022.lm_rewrite__8antbd9j.63okxalb,0,swe_smith_system_prompt,924,True,651,71,0,0,0,0,0.0,,0,0,0,0,0,0,0,ok,,
2371,,,,seperman__deepdiff.ed252022.lm_rewrite__8antbd9j.63okxalb,1,seperman__deepdiff.ed252022.lm_rewrite__8antbd9j.63okxalb,1646,True,382,58,0,0,0,0,0.0,,0,0,100000,100000,0,0,0,ok,,
2372,,,,seperman__deepdiff.ed252022.lm_rewrite__8antbd9j.63okxalb,2,seperman__deepdiff.ed252022.lm_rewrite__8antbd9j.63okxalb,2086,True,6074,46,0,0,0,0,0.0,,0,0,200000,200000,0,0,0,ok,,
2373,,,,seperman__deepdiff.ed252022.lm_rewrite__8antbd9j.63okxalb,3,seperman__deepdiff.ed252022.lm_rewrite__8antbd9j.63okxalb,8206,True,11,62,0,0,0,0,0.0,,0,0,300000,300000,0,0,0,ok,,
2374,,,,seperman__deepdiff.ed252022.lm_rewrite__8antbd9j.63okxalb,4,seperman__deepdiff.ed252022.lm_rewrite__8antbd9j.63okxalb,8279,True,3519,73,0,0,0,0,0.0,,0,0,400000,400000,0,0,0,ok,,
2375,,,,seperman__deepdiff.ed252022.lm_rewrite__8antbd9j.63okxalb,5,seperman__deepdiff.ed252022.lm_rewrite__8antbd9j.63okxalb,11871,True,761,53,0,0,0,0,0.0,,0,0,500000,500000,0,0,0,ok,,
2376,,,,seperman__deepdiff.ed252022.lm_rewrite__8antbd9j.63okxalb,6,seperman__deepdiff.ed252022.lm_rewrite__8antbd9j.63okxalb,12685,True,376,291,0,0,0,0,0.0,,0,0,600000,600000,0,0,0,ok,,
2377,,,,seperman__deepdiff.ed252022.lm_rewrite__8antbd9j.63okxalb,7,seperman__deepdiff.ed252022.lm_rewrite__8antbd9j.63okxalb,13352,True,20,36,0,0,0,0,0.0,,0,0,700000,700000,0,0,0,ok,,
2378,,,,seperman__deepdiff.ed252022.lm_rewrite__8antbd9j.63okxalb,8,seperman__deepdiff.ed252022.lm_rewrite__8antbd9j.63okxalb,13408,True,61,326,0,0,0,0,0.0,,0,0,800000,800000,0,0,0,ok,,
2379,,,,seperman__deepdiff.ed252022.lm_rewrite__8antbd9j.63okxalb,9,seperman__deepdiff.ed252022.lm_rewrite__8antbd9j.63okxalb,13795,True,23,29,0,0,0,0,0.0,,0,0,900000,900000,0,0,0,ok,,
2380,,,,seperman__deepdiff.ed252022.lm_rewrite__8antbd9j.63okxalb,10,seperman__deepdiff.ed252022.lm_rewrite__8antbd9j.63okxalb,13847,True,214,610,0,0,0,0,0.0,,0,0,1000000,1000000,0,0,0,ok,,
2381,,,,seperman__deepdiff.ed252022.lm_rewrite__8antbd9j.63okxalb,11,seperman__deepdiff.ed252022.lm_rewrite__8antbd9j.63okxalb,14671,True,619,40,0,0,0,0,0.0,,0,0,1100000,1100000,0,0,0,ok,,
2382,,,,seperman__deepdiff.ed252022.lm_rewrite__8antbd9j.63okxalb,12,seperman__deepdiff.ed252022.lm_rewrite__8antbd9j.63okxalb,15330,True,243,78,0,0,0,0,0.0,,0,0,1200000,1200000,0,0,0,ok,,
2383,,,,seperman__deepdiff.ed252022.lm_rewrite__8antbd9j.63okxalb,13,seperman__deepdiff.ed252022.lm_rewrite__8antbd9j.63okxalb,15651,True,120,54,0,0,0,0,0.0,,0,0,1300000,1300000,0,0,0,ok,,
2384,,,,seperman__deepdiff.ed252022.lm_rewrite__8antbd9j.63okxalb,14,seperman__deepdiff.ed252022.lm_rewrite__8antbd9j.63okxalb,15825,True,47,37,0,0,0,0,0.0,,0,0,1400000,1400000,0,0,0,ok,,
2385,,,,seperman__deepdiff.ed252022.lm_rewrite__8antbd9j.63okxalb,15,seperman__deepdiff.ed252022.lm_rewrite__8antbd9j.63okxalb,15909,True,221,338,0,0,0,0,0.0,,0,0,1500000,1500000,0,0,0,ok,,
2386,,,,seperman__deepdiff.ed252022.lm_rewrite__8antbd9j.63okxalb,16,seperman__deepdiff.ed252022.lm_rewrite__8antbd9j.63okxalb,16468,True,18,26,0,0,0,0,0.0,,0,0,1600000,1600000,0,0,0,ok,,
2387,,,,seperman__deepdiff.ed252022.lm_rewrite__8antbd9j.63okxalb,17,seperman__deepdiff.ed252022.lm_rewrite__8antbd9j.63okxalb,16512,True,132,719,0,0,0,0,0.0,,0,0,1700000,1700000,0,0,0,ok,,
2388,,,,seperman__deepdiff.ed252022.lm_rewrite__8antbd9j.63okxalb,18,seperman__deepdiff.ed252022.lm_rewrite__8antbd9j.63okxalb,17363,True,780,248,0,0,0,0,0.0,,0,0,1800000,1800000,0,0,0,ok,,
2389,,,,seperman__deepdiff.ed252022.lm_rewrite__8antbd9j.63okxalb,19,seperman__deepdiff.ed252022.lm_rewrite__8antbd9j.63okxalb,18391,True,19,27,0,0,0,0,0.0,,0,0,1900000,1900000,0,0,0,ok,,
2390,,,,seperman__deepdiff.ed252022.lm_rewrite__8antbd9j.63okxalb,20,seperman__deepdiff.ed252022.lm_rewrite__8antbd9j.63okxalb,18437,True,117,307,0,0,0,0,0.0,,0,0,2000000,2000000,0,0,0,ok,,
2391,,,,seperman__deepdiff.ed252022.lm_rewrite__8antbd9j.63okxalb,21,seperman__deepdiff.ed252022.lm_rewrite__8antbd9j.63okxalb,18861,True,18,26,0,0,0,0,0.0,,0,0,2100000,2100000,0,0,0,ok,,
2392,,,,seperman__deepdiff.ed252022.lm_rewrite__8antbd9j.63okxalb,22,seperman__deepdiff.ed252022.lm_rewrite__8antbd9j.63okxalb,18905,True,86,217,0,0,0,0,0.0,,0,0,2200000,2200000,0,0,0,ok,,
2393,,,,seperman__deepdiff.ed252022.lm_rewrite__8antbd9j.63okxalb,23,seperman__deepdiff.ed252022.lm_rewrite__8antbd9j.63okxalb,19208,True,2444,72,0,0,0,0,0.0,,0,0,2300000,2300000,0,0,0,ok,,
2394,,,,seperman__deepdiff.ed252022.lm_rewrite__8antbd9j.63okxalb,24,seperman__deepdiff.ed252022.lm_rewrite__8antbd9j.63okxalb,21724,True,11,16,0,0,0,0,0.0,,0,0,2400000,2400000,0,0,0,ok,,
2395,,,,iterative__dvc.1d6ea681.pr_7899.68tpylhg,0,swe_smith_system_prompt,924,True,626,122,0,0,0,0,0.0,,0,0,0,0,0,0,0,ok,,
2396,,,,iterative__dvc.1d6ea681.pr_7899.68tpylhg,1,iterative__dvc.1d6ea681.pr_7899.68tpylhg,1672,True,38,61,0,0,0,0,0.0,,0,0,100000,100000,0,0,0,ok,,
2397,,,,iterative__dvc.1d6ea681.pr_7899.68tpylhg,2,iterative__dvc.1d6ea681.pr_7899.68tpylhg,1771,True,2490,119,0,0,0,0,0.0,,0,0,200000,200000,0,0,0,ok,,
2398,,,,iterative__dvc.1d6ea681.pr_7899.68tpylhg,3,iterative__dvc.1d6ea681.pr_7899.68tpylhg,4380,True,3634,73,0,0,0,0,0.0,,0,0,300000,300000,0,0,0,ok,,
2399,,,,iterative__dvc.1d6ea681.pr_7899.68tpylhg,4,iterative__dvc.1d6ea681.pr_7899.68tpylhg,8087,True,14,335,0,0,0,0,0.0,,0,0,400000,400000,0,0,0,ok,,
2400,,,,iterative__dvc.1d6ea681.pr_7899.68tpylhg,5,iterative__dvc.1d6ea681.pr_7899.68tpylhg,8436,True,19,35,0,0,0,0,0.0,,0,0,500000,500000,0,0,0,ok,,
2401,,,,iterative__dvc.1d6ea681.pr_7899.68tpylhg,6,iterative__dvc.1d6ea681.pr_7899.68tpylhg,8490,True,965,623,0,0,0,0,0.0,,0,0,600000,600000,0,0,0,ok,,
2402,,,,iterative__dvc.1d6ea681.pr_7899.68tpylhg,7,iterative__dvc.1d6ea681.pr_7899.68tpylhg,10078,True,587,32,0,0,0,0,0.0,,0,0,700000,700000,0,0,0,ok,,
2403,,,,iterative__dvc.1d6ea681.pr_7899.68tpylhg,8,iterative__dvc.1d6ea681.pr_7899.68tpylhg,10697,True,680,92,0,0,0,0,0.0,,0,0,800000,800000,0,0,0,ok,,
2404,,,,iterative__dvc.1d6ea681.pr_7899.68tpylhg,9,iterative__dvc.1d6ea681.pr_7899.68tpylhg,11469,True,26,69,0,0,0,0,0.0,,0,0,900000,900000,0,0,0,ok,,
2405,,,,iterative__dvc.1d6ea681.pr_7899.68tpylhg,10,iterative__dvc.1d6ea681.pr_7899.68tpylhg,11564,True,454,80,0,0,0,0,0.0,,0,0,1000000,1000000,0,0,0,ok,,
2406,,,,iterative__dvc.1d6ea681.pr_7899.68tpylhg,11,iterative__dvc.1d6ea681.pr_7899.68tpylhg,12098,True,995,503,0,0,0,0,0.0,,0,0,1100000,1100000,0,0,0,ok,,
2407,,,,iterative__dvc.1d6ea681.pr_7899.68tpylhg,12,iterative__dvc.1d6ea681.pr_7899.68tpylhg,13596,True,679,40,0,0,0,0,0.0,,0,0,1200000,1200000,0,0,0,ok,,
2408,,,,iterative__dvc.1d6ea681.pr_7899.68tpylhg,13,iterative__dvc.1d6ea681.pr_7899.68tpylhg,14315,True,169,114,0,0,0,0,0.0,,0,0,1300000,1300000,0,0,0,ok,,
2409,,,,iterative__dvc.1d6ea681.pr_7899.68tpylhg,14,iterative__dvc.1d6ea681.pr_7899.68tpylhg,14598,True,202,32,0,0,0,0,0.0,,0,0,1400000,1400000,0,0,0,ok,,
2410,,,,iterative__dvc.1d6ea681.pr_7899.68tpylhg,15,iterative__dvc.1d6ea681.pr_7899.68tpylhg,14832,True,597,459,0,0,0,0,0.0,,0,0,1500000,1500000,0,0,0,ok,,
2411,,,,iterative__dvc.1d6ea681.pr_7899.68tpylhg,16,iterative__dvc.1d6ea681.pr_7899.68tpylhg,15888,True,20,37,0,0,0,0,0.0,,0,0,1600000,1600000,0,0,0,ok,,
2412,,,,iterative__dvc.1d6ea681.pr_7899.68tpylhg,17,iterative__dvc.1d6ea681.pr_7899.68tpylhg,15945,True,1964,504,0,0,0,0,0.0,,0,0,1700000,1700000,0,0,0,ok,,
2413,,,,iterative__dvc.1d6ea681.pr_7899.68tpylhg,18,iterative__dvc.1d6ea681.pr_7899.68tpylhg,18413,True,20,36,0,0,0,0,0.0,,0,0,1800000,1800000,0,0,0,ok,,
2414,,,,iterative__dvc.1d6ea681.pr_7899.68tpylhg,19,iterative__dvc.1d6ea681.pr_7899.68tpylhg,18469,True,2568,243,0,0,0,0,0.0,,0,0,1900000,1900000,0,0,0,ok,,
2415,,,,iterative__dvc.1d6ea681.pr_7899.68tpylhg,20,iterative__dvc.1d6ea681.pr_7899.68tpylhg,21280,True,14090,54,0,0,0,0,0.0,,0,0,2000000,2000000,0,0,0,ok,,
2416,,,,iterative__dvc.1d6ea681.pr_7899.68tpylhg,21,iterative__dvc.1d6ea681.pr_7899.68tpylhg,35424,True,11,8,0,0,0,0,0.0,,0,0,2100000,2100000,0,0,0,ok,,
2417,,,,pygments__pygments.27649ebb.pr_2474.5fyjc736,0,swe_smith_system_prompt,924,True,875,103,0,0,0,0,0.0,,0,0,0,0,0,0,0,ok,,
2418,,,,pygments__pygments.27649ebb.pr_2474.5fyjc736,1,pygments__pygments.27649ebb.pr_2474.5fyjc736,1902,True,577,53,0,0,0,0,0.0,,0,0,100000,100000,0,0,0,ok,,
2419,,,,pygments__pygments.27649ebb.pr_2474.5fyjc736,2,pygments__pygments.27649ebb.pr_2474.5fyjc736,2532,True,943,52,0,0,0,0,0.0,,0,0,200000,200000,0,0,0,ok,,
2420,,,,pygments__pygments.27649ebb.pr_2474.5fyjc736,3,pygments__pygments.27649ebb.pr_2474.5fyjc736,3527,True,1513,83,0,0,0,0,0.0,,0,0,300000,300000,0,0,0,ok,,
2421,,,,pygments__pygments.27649ebb.pr_2474.5fyjc736,4,pygments__pygments.27649ebb.pr_2474.5fyjc736,5123,True,11,69,0,0,0,0,0.0,,0,0,400000,400000,0,0,0,ok,,
2422,,,,pygments__pygments.27649ebb.pr_2474.5fyjc736,5,pygments__pygments.27649ebb.pr_2474.5fyjc736,5203,True,1205,48,0,0,0,0,0.0,,0,0,500000,500000,0,0,0,ok,,
2423,,,,pygments__pygments.27649ebb.pr_2474.5fyjc736,6,pygments__pygments.27649ebb.pr_2474.5fyjc736,6456,True,2145,49,0,0,0,0,0.0,,0,0,600000,600000,0,0,0,ok,,
2424,,,,pygments__pygments.27649ebb.pr_2474.5fyjc736,7,pygments__pygments.27649ebb.pr_2474.5fyjc736,8650,True,3108,60,0,0,0,0,0.0,,0,0,700000,700000,0,0,0,ok,,
2425,,,,pygments__pygments.27649ebb.pr_2474.5fyjc736,8,pygments__pygments.27649ebb.pr_2474.5fyjc736,11818,True,65,55,0,0,0,0,0.0,,0,0,800000,800000,0,0,0,ok,,
2426,,,,pygments__pygments.27649ebb.pr_2474.5fyjc736,9,pygments__pygments.27649ebb.pr_2474.5fyjc736,11938,True,851,46,0,0,0,0,0.0,,0,0,900000,900000,0,0,0,ok,,
2427,,,,pygments__pygments.27649ebb.pr_2474.5fyjc736,10,pygments__pygments.27649ebb.pr_2474.5fyjc736,12835,True,28,154,0,0,0,0,0.0,,0,0,1000000,1000000,0,0,0,ok,,
2428,,,,pygments__pygments.27649ebb.pr_2474.5fyjc736,11,pygments__pygments.27649ebb.pr_2474.5fyjc736,13017,True,19,36,0,0,0,0,0.0,,0,0,1100000,1100000,0,0,0,ok,,
2429,,,,pygments__pygments.27649ebb.pr_2474.5fyjc736,12,pygments__pygments.27649ebb.pr_2474.5fyjc736,13072,True,271,1136,0,0,0,0,0.0,,0,0,1200000,1200000,0,0,0,ok,,
2430,,,,pygments__pygments.27649ebb.pr_2474.5fyjc736,13,pygments__pygments.27649ebb.pr_2474.5fyjc736,14479,True,23,55,0,0,0,0,0.0,,0,0,1300000,1300000,0,0,0,ok,,
2431,,,,pygments__pygments.27649ebb.pr_2474.5fyjc736,14,pygments__pygments.27649ebb.pr_2474.5fyjc736,14557,True,267,585,0,0,0,0,0.0,,0,0,1400000,1400000,0,0,0,ok,,
2432,,,,pygments__pygments.27649ebb.pr_2474.5fyjc736,15,pygments__pygments.27649ebb.pr_2474.5fyjc736,15409,True,20,36,0,0,0,0,0.0,,0,0,1500000,1500000,0,0,0,ok,,
2433,,,,pygments__pygments.27649ebb.pr_2474.5fyjc736,16,pygments__pygments.27649ebb.pr_2474.5fyjc736,15465,True,427,706,0,0,0,0,0.0,,0,0,1600000,1600000,0,0,0,ok,,
2434,,,,pygments__pygments.27649ebb.pr_2474.5fyjc736,17,pygments__pygments.27649ebb.pr_2474.5fyjc736,16598,True,18,33,0,0,0,0,0.0,,0,0,1700000,1700000,0,0,0,ok,,
2435,,,,pygments__pygments.27649ebb.pr_2474.5fyjc736,18,pygments__pygments.27649ebb.pr_2474.5fyjc736,16649,True,1948,137,0,0,0,0,0.0,,0,0,1800000,1800000,0,0,0,ok,,
2436,,,,pygments__pygments.27649ebb.pr_2474.5fyjc736,19,pygments__pygments.27649ebb.pr_2474.5fyjc736,18734,True,211,41,0,0,0,0,0.0,,0,0,1900000,1900000,0,0,0,ok,,
2437,,,,pygments__pygments.27649ebb.pr_2474.5fyjc736,20,pygments__pygments.27649ebb.pr_2474.5fyjc736,18986,True,1947,86,0,0,0,0,0.0,,0,0,2000000,2000000,0,0,0,ok,,
2438,,,,pygments__pygments.27649ebb.pr_2474.5fyjc736,21,pygments__pygments.27649ebb.pr_2474.5fyjc736,21019,True,427,206,0,0,0,0,0.0,,0,0,2100000,2100000,0,0,0,ok,,
2439,,,,pygments__pygments.27649ebb.pr_2474.5fyjc736,22,pygments__pygments.27649ebb.pr_2474.5fyjc736,21652,True,3400,50,0,0,0,0,0.0,,0,0,2200000,2200000,0,0,0,ok,,
2440,,,,pygments__pygments.27649ebb.pr_2474.5fyjc736,23,pygments__pygments.27649ebb.pr_2474.5fyjc736,25102,True,11,14,0,0,0,0,0.0,,0,0,2300000,2300000,0,0,0,ok,,
2441,,,,lepture__mistune.bf54ef67.lm_rewrite__bwo2to9m.b1q5dsis,0,swe_smith_system_prompt,924,True,625,78,0,0,0,0,0.0,,0,0,0,0,0,0,0,ok,,
2442,,,,lepture__mistune.bf54ef67.lm_rewrite__bwo2to9m.b1q5dsis,1,lepture__mistune.bf54ef67.lm_rewrite__bwo2to9m.b1q5dsis,1627,True,566,89,0,0,0,0,0.0,,0,0,100000,100000,0,0,0,ok,,
2443,,,,lepture__mistune.bf54ef67.lm_rewrite__bwo2to9m.b1q5dsis,2,lepture__mistune.bf54ef67.lm_rewrite__bwo2to9m.b1q5dsis,2282,True,2109,54,0,0,0,0,0.0,,0,0,200000,200000,0,0,0,ok,,
2444,,,,lepture__mistune.bf54ef67.lm_rewrite__bwo2to9m.b1q5dsis,3,lepture__mistune.bf54ef67.lm_rewrite__bwo2to9m.b1q5dsis,4445,True,6232,51,0,0,0,0,0.0,,0,0,300000,300000,0,0,0,ok,,
2445,,,,lepture__mistune.bf54ef67.lm_rewrite__bwo2to9m.b1q5dsis,4,lepture__mistune.bf54ef67.lm_rewrite__bwo2to9m.b1q5dsis,10728,True,2388,50,0,0,0,0,0.0,,0,0,400000,400000,0,0,0,ok,,
2446,,,,lepture__mistune.bf54ef67.lm_rewrite__bwo2to9m.b1q5dsis,5,lepture__mistune.bf54ef67.lm_rewrite__bwo2to9m.b1q5dsis,13166,True,1164,379,0,0,0,0,0.0,,0,0,500000,500000,0,0,0,ok,,
2447,,,,lepture__mistune.bf54ef67.lm_rewrite__bwo2to9m.b1q5dsis,6,lepture__mistune.bf54ef67.lm_rewrite__bwo2to9m.b1q5dsis,14709,True,18,35,0,0,0,0,0.0,,0,0,600000,600000,0,0,0,ok,,
2448,,,,lepture__mistune.bf54ef67.lm_rewrite__bwo2to9m.b1q5dsis,7,lepture__mistune.bf54ef67.lm_rewrite__bwo2to9m.b1q5dsis,14762,True,255,576,0,0,0,0,0.0,,0,0,700000,700000,0,0,0,ok,,
2449,,,,lepture__mistune.bf54ef67.lm_rewrite__bwo2to9m.b1q5dsis,8,lepture__mistune.bf54ef67.lm_rewrite__bwo2to9m.b1q5dsis,15593,True,653,40,0,0,0,0,0.0,,0,0,800000,800000,0,0,0,ok,,
2450,,,,lepture__mistune.bf54ef67.lm_rewrite__bwo2to9m.b1q5dsis,9,lepture__mistune.bf54ef67.lm_rewrite__bwo2to9m.b1q5dsis,16286,True,241,683,0,0,0,0,0.0,,0,0,900000,900000,0,0,0,ok,,
2451,,,,lepture__mistune.bf54ef67.lm_rewrite__bwo2to9m.b1q5dsis,10,lepture__mistune.bf54ef67.lm_rewrite__bwo2to9m.b1q5dsis,17210,True,577,39,0,0,0,0,0.0,,0,0,1000000,1000000,0,0,0,ok,,
2452,,,,lepture__mistune.bf54ef67.lm_rewrite__bwo2to9m.b1q5dsis,11,lepture__mistune.bf54ef67.lm_rewrite__bwo2to9m.b1q5dsis,17826,True,241,651,0,0,0,0,0.0,,0,0,1100000,1100000,0,0,0,ok,,
2453,,,,lepture__mistune.bf54ef67.lm_rewrite__bwo2to9m.b1q5dsis,12,lepture__mistune.bf54ef67.lm_rewrite__bwo2to9m.b1q5dsis,18718,True,19,34,0,0,0,0,0.0,,0,0,1200000,1200000,0,0,0,ok,,
2454,,,,lepture__mistune.bf54ef67.lm_rewrite__bwo2to9m.b1q5dsis,13,lepture__mistune.bf54ef67.lm_rewrite__bwo2to9m.b1q5dsis,18771,True,822,103,0,0,0,0,0.0,,0,0,1300000,1300000,0,0,0,ok,,
2455,,,,lepture__mistune.bf54ef67.lm_rewrite__bwo2to9m.b1q5dsis,14,lepture__mistune.bf54ef67.lm_rewrite__bwo2to9m.b1q5dsis,19696,True,2073,39,0,0,0,0,0.0,,0,0,1400000,1400000,0,0,0,ok,,
2456,,,,lepture__mistune.bf54ef67.lm_rewrite__bwo2to9m.b1q5dsis,15,lepture__mistune.bf54ef67.lm_rewrite__bwo2to9m.b1q5dsis,21808,True,11,14,0,0,0,0,0.0,,0,0,1500000,1500000,0,0,0,ok,,
2457,,,,conan-io__conan.86f29e13.lm_rewrite__bpnk34rf.5u0vfu9z,0,swe_smith_system_prompt,924,True,421,72,0,0,0,0,0.0,,0,0,0,0,0,0,0,ok,,
2458,,,,conan-io__conan.86f29e13.lm_rewrite__bpnk34rf.5u0vfu9z,1,conan-io__conan.86f29e13.lm_rewrite__bpnk34rf.5u0vfu9z,1417,True,15181,63,0,0,0,0,0.0,,0,0,100000,100000,0,0,0,ok,,
2459,,,,conan-io__conan.86f29e13.lm_rewrite__bpnk34rf.5u0vfu9z,2,conan-io__conan.86f29e13.lm_rewrite__bpnk34rf.5u0vfu9z,16661,True,65,51,0,0,0,0,0.0,,0,0,200000,200000,0,0,0,ok,,
2460,,,,conan-io__conan.86f29e13.lm_rewrite__bpnk34rf.5u0vfu9z,3,conan-io__conan.86f29e13.lm_rewrite__bpnk34rf.5u0vfu9z,16777,True,4052,47,0,0,0,0,0.0,,0,0,300000,300000,0,0,0,ok,,
2461,,,,conan-io__conan.86f29e13.lm_rewrite__bpnk34rf.5u0vfu9z,4,conan-io__conan.86f29e13.lm_rewrite__bpnk34rf.5u0vfu9z,20876,True,1454,68,0,0,0,0,0.0,,0,0,400000,400000,0,0,0,ok,,
2462,,,,conan-io__conan.86f29e13.lm_rewrite__bpnk34rf.5u0vfu9z,5,conan-io__conan.86f29e13.lm_rewrite__bpnk34rf.5u0vfu9z,22398,True,43,46,0,0,0,0,0.0,,0,0,500000,500000,0,0,0,ok,,
2463,,,,conan-io__conan.86f29e13.lm_rewrite__bpnk34rf.5u0vfu9z,6,conan-io__conan.86f29e13.lm_rewrite__bpnk34rf.5u0vfu9z,22487,True,1393,205,0,0,0,0,0.0,,0,0,600000,600000,0,0,0,ok,,
2464,,,,conan-io__conan.86f29e13.lm_rewrite__bpnk34rf.5u0vfu9z,7,conan-io__conan.86f29e13.lm_rewrite__bpnk34rf.5u0vfu9z,24085,True,20,36,0,0,0,0,0.0,,0,0,700000,700000,0,0,0,ok,,
2465,,,,conan-io__conan.86f29e13.lm_rewrite__bpnk34rf.5u0vfu9z,8,conan-io__conan.86f29e13.lm_rewrite__bpnk34rf.5u0vfu9z,24141,True,31,332,0,0,0,0,0.0,,0,0,800000,800000,0,0,0,ok,,
2466,,,,conan-io__conan.86f29e13.lm_rewrite__bpnk34rf.5u0vfu9z,9,conan-io__conan.86f29e13.lm_rewrite__bpnk34rf.5u0vfu9z,24504,True,378,41,0,0,0,0,0.0,,0,0,900000,900000,0,0,0,ok,,
2467,,,,conan-io__conan.86f29e13.lm_rewrite__bpnk34rf.5u0vfu9z,10,conan-io__conan.86f29e13.lm_rewrite__bpnk34rf.5u0vfu9z,24923,True,32,130,0,0,0,0,0.0,,0,0,1000000,1000000,0,0,0,ok,,
2468,,,,conan-io__conan.86f29e13.lm_rewrite__bpnk34rf.5u0vfu9z,11,conan-io__conan.86f29e13.lm_rewrite__bpnk34rf.5u0vfu9z,25085,True,107,58,0,0,0,0,0.0,,0,0,1100000,1100000,0,0,0,ok,,
2469,,,,conan-io__conan.86f29e13.lm_rewrite__bpnk34rf.5u0vfu9z,12,conan-io__conan.86f29e13.lm_rewrite__bpnk34rf.5u0vfu9z,25250,True,1091,53,0,0,0,0,0.0,,0,0,1200000,1200000,0,0,0,ok,,
2470,,,,conan-io__conan.86f29e13.lm_rewrite__bpnk34rf.5u0vfu9z,13,conan-io__conan.86f29e13.lm_rewrite__bpnk34rf.5u0vfu9z,26394,True,2148,47,0,0,0,0,0.0,,0,0,1300000,1300000,0,0,0,ok,,
2471,,,,conan-io__conan.86f29e13.lm_rewrite__bpnk34rf.5u0vfu9z,14,conan-io__conan.86f29e13.lm_rewrite__bpnk34rf.5u0vfu9z,28589,True,1082,126,0,0,0,0,0.0,,0,0,1400000,1400000,0,0,0,ok,,
2472,,,,conan-io__conan.86f29e13.lm_rewrite__bpnk34rf.5u0vfu9z,15,conan-io__conan.86f29e13.lm_rewrite__bpnk34rf.5u0vfu9z,29797,True,783,65,0,0,0,0,0.0,,0,0,1500000,1500000,0,0,0,ok,,
2473,,,,conan-io__conan.86f29e13.lm_rewrite__bpnk34rf.5u0vfu9z,16,conan-io__conan.86f29e13.lm_rewrite__bpnk34rf.5u0vfu9z,30645,True,860,69,0,0,0,0,0.0,,0,0,1600000,1600000,0,0,0,ok,,
2474,,,,conan-io__conan.86f29e13.lm_rewrite__bpnk34rf.5u0vfu9z,17,conan-io__conan.86f29e13.lm_rewrite__bpnk34rf.5u0vfu9z,31574,True,827,63,0,0,0,0,0.0,,0,0,1700000,1700000,0,0,0,ok,,
2475,,,,conan-io__conan.86f29e13.lm_rewrite__bpnk34rf.5u0vfu9z,18,conan-io__conan.86f29e13.lm_rewrite__bpnk34rf.5u0vfu9z,32464,True,811,113,0,0,0,0,0.0,,0,0,1800000,1800000,0,0,0,ok,,
2476,,,,conan-io__conan.86f29e13.lm_rewrite__bpnk34rf.5u0vfu9z,19,conan-io__conan.86f29e13.lm_rewrite__bpnk34rf.5u0vfu9z,33388,True,32,253,0,0,0,0,0.0,,0,0,1900000,1900000,0,0,0,ok,,
2477,,,,conan-io__conan.86f29e13.lm_rewrite__bpnk34rf.5u0vfu9z,20,conan-io__conan.86f29e13.lm_rewrite__bpnk34rf.5u0vfu9z,33673,True,302,14,0,0,0,0,0.0,,0,0,2000000,2000000,0,0,0,ok,,
2478,,,,conan-io__conan.86f29e13.lm_rewrite__bpnk34rf.5u0vfu9z,21,conan-io__conan.86f29e13.lm_rewrite__bpnk34rf.5u0vfu9z,33989,True,763,36,0,0,0,0,0.0,,0,0,2100000,2100000,0,0,0,ok,,
2479,,,,conan-io__conan.86f29e13.lm_rewrite__bpnk34rf.5u0vfu9z,22,conan-io__conan.86f29e13.lm_rewrite__bpnk34rf.5u0vfu9z,34788,True,11,8,0,0,0,0,0.0,,0,0,2200000,2200000,0,0,0,ok,,
2480,,,,conan-io__conan.86f29e13.pr_14643.vv9pmkbc,0,swe_smith_system_prompt,924,True,555,111,0,0,0,0,0.0,,0,0,0,0,0,0,0,ok,,
2481,,,,conan-io__conan.86f29e13.pr_14643.vv9pmkbc,1,conan-io__conan.86f29e13.pr_14643.vv9pmkbc,1590,True,293,50,0,0,0,0,0.0,,0,0,100000,100000,0,0,0,ok,,
2482,,,,conan-io__conan.86f29e13.pr_14643.vv9pmkbc,2,conan-io__conan.86f29e13.pr_14643.vv9pmkbc,1933,True,4211,59,0,0,0,0,0.0,,0,0,200000,200000,0,0,0,ok,,
2483,,,,conan-io__conan.86f29e13.pr_14643.vv9pmkbc,3,conan-io__conan.86f29e13.pr_14643.vv9pmkbc,6203,True,3925,513,0,0,0,0,0.0,,0,0,300000,300000,0,0,0,ok,,
2484,,,,conan-io__conan.86f29e13.pr_14643.vv9pmkbc,4,conan-io__conan.86f29e13.pr_14643.vv9pmkbc,10641,True,19,35,0,0,0,0,0.0,,0,0,400000,400000,0,0,0,ok,,
2485,,,,conan-io__conan.86f29e13.pr_14643.vv9pmkbc,5,conan-io__conan.86f29e13.pr_14643.vv9pmkbc,10695,True,31,276,0,0,0,0,0.0,,0,0,500000,500000,0,0,0,ok,,
2486,,,,conan-io__conan.86f29e13.pr_14643.vv9pmkbc,6,conan-io__conan.86f29e13.pr_14643.vv9pmkbc,11002,True,28,266,0,0,0,0,0.0,,0,0,600000,600000,0,0,0,ok,,
2487,,,,conan-io__conan.86f29e13.pr_14643.vv9pmkbc,7,conan-io__conan.86f29e13.pr_14643.vv9pmkbc,11296,True,20,26,0,0,0,0,0.0,,0,0,700000,700000,0,0,0,ok,,
2488,,,,conan-io__conan.86f29e13.pr_14643.vv9pmkbc,8,conan-io__conan.86f29e13.pr_14643.vv9pmkbc,11342,True,217,576,0,0,0,0,0.0,,0,0,800000,800000,0,0,0,ok,,
2489,,,,conan-io__conan.86f29e13.pr_14643.vv9pmkbc,9,conan-io__conan.86f29e13.pr_14643.vv9pmkbc,12135,True,518,237,0,0,0,0,0.0,,0,0,900000,900000,0,0,0,ok,,
2490,,,,conan-io__conan.86f29e13.pr_14643.vv9pmkbc,10,conan-io__conan.86f29e13.pr_14643.vv9pmkbc,12890,True,203,609,0,0,0,0,0.0,,0,0,1000000,1000000,0,0,0,ok,,
2491,,,,conan-io__conan.86f29e13.pr_14643.vv9pmkbc,11,conan-io__conan.86f29e13.pr_14643.vv9pmkbc,13702,True,19,33,0,0,0,0,0.0,,0,0,1100000,1100000,0,0,0,ok,,
2492,,,,conan-io__conan.86f29e13.pr_14643.vv9pmkbc,12,conan-io__conan.86f29e13.pr_14643.vv9pmkbc,13754,True,52,152,0,0,0,0,0.0,,0,0,1200000,1200000,0,0,0,ok,,
2493,,,,conan-io__conan.86f29e13.pr_14643.vv9pmkbc,13,conan-io__conan.86f29e13.pr_14643.vv9pmkbc,13958,True,572,67,0,0,0,0,0.0,,0,0,1300000,1300000,0,0,0,ok,,
2494,,,,conan-io__conan.86f29e13.pr_14643.vv9pmkbc,14,conan-io__conan.86f29e13.pr_14643.vv9pmkbc,14597,True,803,53,0,0,0,0,0.0,,0,0,1400000,1400000,0,0,0,ok,,
2495,,,,conan-io__conan.86f29e13.pr_14643.vv9pmkbc,15,conan-io__conan.86f29e13.pr_14643.vv9pmkbc,15453,True,881,68,0,0,0,0,0.0,,0,0,1500000,1500000,0,0,0,ok,,
2496,,,,conan-io__conan.86f29e13.pr_14643.vv9pmkbc,16,conan-io__conan.86f29e13.pr_14643.vv9pmkbc,16402,True,136,57,0,0,0,0,0.0,,0,0,1600000,1600000,0,0,0,ok,,
2497,,,,conan-io__conan.86f29e13.pr_14643.vv9pmkbc,17,conan-io__conan.86f29e13.pr_14643.vv9pmkbc,16595,True,263,50,0,0,0,0,0.0,,0,0,1700000,1700000,0,0,0,ok,,
2498,,,,conan-io__conan.86f29e13.pr_14643.vv9pmkbc,18,conan-io__conan.86f29e13.pr_14643.vv9pmkbc,16908,True,171,50,0,0,0,0,0.0,,0,0,1800000,1800000,0,0,0,ok,,
2499,,,,conan-io__conan.86f29e13.pr_14643.vv9pmkbc,19,conan-io__conan.86f29e13.pr_14643.vv9pmkbc,17129,True,533,213,0,0,0,0,0.0,,0,0,1900000,1900000,0,0,0,ok,,
2500,,,,conan-io__conan.86f29e13.pr_14643.vv9pmkbc,20,conan-io__conan.86f29e13.pr_14643.vv9pmkbc,17875,True,288,237,0,0,0,0,0.0,,0,0,2000000,2000000,0,0,0,ok,,
2501,,,,conan-io__conan.86f29e13.pr_14643.vv9pmkbc,21,conan-io__conan.86f29e13.pr_14643.vv9pmkbc,18400,True,203,660,0,0,0,0,0.0,,0,0,2100000,2100000,0,0,0,ok,,
2502,,,,conan-io__conan.86f29e13.pr_14643.vv9pmkbc,22,conan-io__conan.86f29e13.pr_14643.vv9pmkbc,19263,True,21,28,0,0,0,0,0.0,,0,0,2200000,2200000,0,0,0,ok,,
2503,,,,conan-io__conan.86f29e13.pr_14643.vv9pmkbc,23,conan-io__conan.86f29e13.pr_14643.vv9pmkbc,19312,True,118,249,0,0,0,0,0.0,,0,0,2300000,2300000,0,0,0,ok,,
2504,,,,conan-io__conan.86f29e13.pr_14643.vv9pmkbc,24,conan-io__conan.86f29e13.pr_14643.vv9pmkbc,19679,True,3027,59,0,0,0,0,0.0,,0,0,2400000,2400000,0,0,0,ok,,
2505,,,,conan-io__conan.86f29e13.pr_14643.vv9pmkbc,25,conan-io__conan.86f29e13.pr_14643.vv9pmkbc,22765,True,11,14,0,0,0,0,0.0,,0,0,2500000,2500000,0,0,0,ok,,
2506,,,,luozhouyang__python-string-similarity.115acaac.lm_rewrite__fhcm2miv.9kxj2bcw,0,swe_smith_system_prompt,924,True,518,98,0,0,0,0,0.0,,0,0,0,0,0,0,0,ok,,
2507,,,,luozhouyang__python-string-similarity.115acaac.lm_rewrite__fhcm2miv.9kxj2bcw,1,luozhouyang__python-string-similarity.115acaac.lm_rewrite__fhcm2miv.9kxj2bcw,1540,True,480,52,0,0,0,0,0.0,,0,0,100000,100000,0,0,0,ok,,
2508,,,,luozhouyang__python-string-similarity.115acaac.lm_rewrite__fhcm2miv.9kxj2bcw,2,luozhouyang__python-string-similarity.115acaac.lm_rewrite__fhcm2miv.9kxj2bcw,2072,True,1764,63,0,0,0,0,0.0,,0,0,200000,200000,0,0,0,ok,,
2509,,,,luozhouyang__python-string-similarity.115acaac.lm_rewrite__fhcm2miv.9kxj2bcw,3,luozhouyang__python-string-similarity.115acaac.lm_rewrite__fhcm2miv.9kxj2bcw,3899,True,1070,50,0,0,0,0,0.0,,0,0,300000,300000,0,0,0,ok,,
2510,,,,luozhouyang__python-string-similarity.115acaac.lm_rewrite__fhcm2miv.9kxj2bcw,4,luozhouyang__python-string-similarity.115acaac.lm_rewrite__fhcm2miv.9kxj2bcw,5019,True,646,39,0,0,0,0,0.0,,0,0,400000,400000,0,0,0,ok,,
2511,,,,luozhouyang__python-string-similarity.115acaac.lm_rewrite__fhcm2miv.9kxj2bcw,5,luozhouyang__python-string-similarity.115acaac.lm_rewrite__fhcm2miv.9kxj2bcw,5704,True,587,143,0,0,0,0,0.0,,0,0,500000,500000,0,0,0,ok,,
2512,,,,luozhouyang__python-string-similarity.115acaac.lm_rewrite__fhcm2miv.9kxj2bcw,6,luozhouyang__python-string-similarity.115acaac.lm_rewrite__fhcm2miv.9kxj2bcw,6434,True,19,36,0,0,0,0,0.0,,0,0,600000,600000,0,0,0,ok,,
2513,,,,luozhouyang__python-string-similarity.115acaac.lm_rewrite__fhcm2miv.9kxj2bcw,7,luozhouyang__python-string-similarity.115acaac.lm_rewrite__fhcm2miv.9kxj2bcw,6489,True,129,1194,0,0,0,0,0.0,,0,0,700000,700000,0,0,0,ok,,
2514,,,,luozhouyang__python-string-similarity.115acaac.lm_rewrite__fhcm2miv.9kxj2bcw,8,luozhouyang__python-string-similarity.115acaac.lm_rewrite__fhcm2miv.9kxj2bcw,7812,True,973,54,0,0,0,0,0.0,,0,0,800000,800000,0,0,0,ok,,
2515,,,,luozhouyang__python-string-similarity.115acaac.lm_rewrite__fhcm2miv.9kxj2bcw,9,luozhouyang__python-string-similarity.115acaac.lm_rewrite__fhcm2miv.9kxj2bcw,8839,True,29,658,0,0,0,0,0.0,,0,0,900000,900000,0,0,0,ok,,
2516,,,,luozhouyang__python-string-similarity.115acaac.lm_rewrite__fhcm2miv.9kxj2bcw,10,luozhouyang__python-string-similarity.115acaac.lm_rewrite__fhcm2miv.9kxj2bcw,9526,True,19,35,0,0,0,0,0.0,,0,0,1000000,1000000,0,0,0,ok,,
2517,,,,luozhouyang__python-string-similarity.115acaac.lm_rewrite__fhcm2miv.9kxj2bcw,11,luozhouyang__python-string-similarity.115acaac.lm_rewrite__fhcm2miv.9kxj2bcw,9580,True,1821,284,0,0,0,0,0.0,,0,0,1100000,1100000,0,0,0,ok,,
2518,,,,luozhouyang__python-string-similarity.115acaac.lm_rewrite__fhcm2miv.9kxj2bcw,12,luozhouyang__python-string-similarity.115acaac.lm_rewrite__fhcm2miv.9kxj2bcw,11685,True,1525,42,0,0,0,0,0.0,,0,0,1200000,1200000,0,0,0,ok,,
2519,,,,luozhouyang__python-string-similarity.115acaac.lm_rewrite__fhcm2miv.9kxj2bcw,13,luozhouyang__python-string-similarity.115acaac.lm_rewrite__fhcm2miv.9kxj2bcw,13252,True,11,14,0,0,0,0,0.0,,0,0,1300000,1300000,0,0,0,ok,,
2520,,,,buriy__python-readability.40256f40.func_pm_op_swap__6qaf1vop.yxq655kj,0,swe_smith_system_prompt,924,True,524,103,0,0,0,0,0.0,,0,0,0,0,0,0,0,ok,,
2521,,,,buriy__python-readability.40256f40.func_pm_op_swap__6qaf1vop.yxq655kj,1,buriy__python-readability.40256f40.func_pm_op_swap__6qaf1vop.yxq655kj,1551,True,14,65,0,0,0,0,0.0,,0,0,100000,100000,0,0,0,ok,,
2522,,,,buriy__python-readability.40256f40.func_pm_op_swap__6qaf1vop.yxq655kj,2,buriy__python-readability.40256f40.func_pm_op_swap__6qaf1vop.yxq655kj,1630,True,708,190,0,0,0,0,0.0,,0,0,200000,200000,0,0,0,ok,,
2523,,,,buriy__python-readability.40256f40.func_pm_op_swap__6qaf1vop.yxq655kj,3,buriy__python-readability.40256f40.func_pm_op_swap__6qaf1vop.yxq655kj,2528,True,11,34,0,0,0,0,0.0,,0,0,300000,300000,0,0,0,ok,,
2524,,,,buriy__python-readability.40256f40.func_pm_op_swap__6qaf1vop.yxq655kj,4,buriy__python-readability.40256f40.func_pm_op_swap__6qaf1vop.yxq655kj,2573,True,517,36,0,0,0,0,0.0,,0,0,400000,400000,0,0,0,ok,,
2525,,,,buriy__python-readability.40256f40.func_pm_op_swap__6qaf1vop.yxq655kj,5,buriy__python-readability.40256f40.func_pm_op_swap__6qaf1vop.yxq655kj,3126,True,279,56,0,0,0,0,0.0,,0,0,500000,500000,0,0,0,ok,,
2526,,,,buriy__python-readability.40256f40.func_pm_op_swap__6qaf1vop.yxq655kj,6,buriy__python-readability.40256f40.func_pm_op_swap__6qaf1vop.yxq655kj,3461,True,69,59,0,0,0,0,0.0,,0,0,600000,600000,0,0,0,ok,,
2527,,,,buriy__python-readability.40256f40.func_pm_op_swap__6qaf1vop.yxq655kj,7,buriy__python-readability.40256f40.func_pm_op_swap__6qaf1vop.yxq655kj,3589,True,440,272,0,0,0,0,0.0,,0,0,700000,700000,0,0,0,ok,,
2528,,,,buriy__python-readability.40256f40.func_pm_op_swap__6qaf1vop.yxq655kj,8,buriy__python-readability.40256f40.func_pm_op_swap__6qaf1vop.yxq655kj,4301,True,20,37,0,0,0,0,0.0,,0,0,800000,800000,0,0,0,ok,,
2529,,,,buriy__python-readability.40256f40.func_pm_op_swap__6qaf1vop.yxq655kj,9,buriy__python-readability.40256f40.func_pm_op_swap__6qaf1vop.yxq655kj,4358,True,63,190,0,0,0,0,0.0,,0,0,900000,900000,0,0,0,ok,,
2530,,,,buriy__python-readability.40256f40.func_pm_op_swap__6qaf1vop.yxq655kj,10,buriy__python-readability.40256f40.func_pm_op_swap__6qaf1vop.yxq655kj,4611,True,237,131,0,0,0,0,0.0,,0,0,1000000,1000000,0,0,0,ok,,
2531,,,,buriy__python-readability.40256f40.func_pm_op_swap__6qaf1vop.yxq655kj,11,buriy__python-readability.40256f40.func_pm_op_swap__6qaf1vop.yxq655kj,4979,True,61,563,0,0,0,0,0.0,,0,0,1100000,1100000,0,0,0,ok,,
2532,,,,buriy__python-readability.40256f40.func_pm_op_swap__6qaf1vop.yxq655kj,12,buriy__python-readability.40256f40.func_pm_op_swap__6qaf1vop.yxq655kj,5603,True,19,34,0,0,0,0,0.0,,0,0,1200000,1200000,0,0,0,ok,,
2533,,,,buriy__python-readability.40256f40.func_pm_op_swap__6qaf1vop.yxq655kj,13,buriy__python-readability.40256f40.func_pm_op_swap__6qaf1vop.yxq655kj,5656,True,165,67,0,0,0,0,0.0,,0,0,1300000,1300000,0,0,0,ok,,
2534,,,,buriy__python-readability.40256f40.func_pm_op_swap__6qaf1vop.yxq655kj,14,buriy__python-readability.40256f40.func_pm_op_swap__6qaf1vop.yxq655kj,5888,True,158,928,0,0,0,0,0.0,,0,0,1400000,1400000,0,0,0,ok,,
2535,,,,buriy__python-readability.40256f40.func_pm_op_swap__6qaf1vop.yxq655kj,15,buriy__python-readability.40256f40.func_pm_op_swap__6qaf1vop.yxq655kj,6974,True,833,34,0,0,0,0,0.0,,0,0,1500000,1500000,0,0,0,ok,,
2536,,,,buriy__python-readability.40256f40.func_pm_op_swap__6qaf1vop.yxq655kj,16,buriy__python-readability.40256f40.func_pm_op_swap__6qaf1vop.yxq655kj,7841,True,166,160,0,0,0,0,0.0,,0,0,1600000,1600000,0,0,0,ok,,
2537,,,,buriy__python-readability.40256f40.func_pm_op_swap__6qaf1vop.yxq655kj,17,buriy__python-readability.40256f40.func_pm_op_swap__6qaf1vop.yxq655kj,8167,True,255,34,0,0,0,0,0.0,,0,0,1700000,1700000,0,0,0,ok,,
2538,,,,buriy__python-readability.40256f40.func_pm_op_swap__6qaf1vop.yxq655kj,18,buriy__python-readability.40256f40.func_pm_op_swap__6qaf1vop.yxq655kj,8456,True,361,49,0,0,0,0,0.0,,0,0,1800000,1800000,0,0,0,ok,,
2539,,,,buriy__python-readability.40256f40.func_pm_op_swap__6qaf1vop.yxq655kj,19,buriy__python-readability.40256f40.func_pm_op_swap__6qaf1vop.yxq655kj,8866,True,61,268,0,0,0,0,0.0,,0,0,1900000,1900000,0,0,0,ok,,
2540,,,,buriy__python-readability.40256f40.func_pm_op_swap__6qaf1vop.yxq655kj,20,buriy__python-readability.40256f40.func_pm_op_swap__6qaf1vop.yxq655kj,9195,True,1503,43,0,0,0,0,0.0,,0,0,2000000,2000000,0,0,0,ok,,
2541,,,,buriy__python-readability.40256f40.func_pm_op_swap__6qaf1vop.yxq655kj,21,buriy__python-readability.40256f40.func_pm_op_swap__6qaf1vop.yxq655kj,10741,True,11,14,0,0,0,0,0.0,,0,0,2100000,2100000,0,0,0,ok,,
2542,,,,sunpy__sunpy.f8edfd5c.lm_rewrite__kcbvs8ti.2rh9axxn,0,swe_smith_system_prompt,924,True,624,72,0,0,0,0,0.0,,0,0,0,0,0,0,0,ok,,
2543,,,,sunpy__sunpy.f8edfd5c.lm_rewrite__kcbvs8ti.2rh9axxn,1,sunpy__sunpy.f8edfd5c.lm_rewrite__kcbvs8ti.2rh9axxn,1620,True,6565,81,0,0,0,0,0.0,,0,0,100000,100000,0,0,0,ok,,
2544,,,,sunpy__sunpy.f8edfd5c.lm_rewrite__kcbvs8ti.2rh9axxn,2,sunpy__sunpy.f8edfd5c.lm_rewrite__kcbvs8ti.2rh9axxn,8266,True,783,73,0,0,0,0,0.0,,0,0,200000,200000,0,0,0,ok,,
2545,,,,sunpy__sunpy.f8edfd5c.lm_rewrite__kcbvs8ti.2rh9axxn,3,sunpy__sunpy.f8edfd5c.lm_rewrite__kcbvs8ti.2rh9axxn,9122,True,2433,63,0,0,0,0,0.0,,0,0,300000,300000,0,0,0,ok,,
2546,,,,sunpy__sunpy.f8edfd5c.lm_rewrite__kcbvs8ti.2rh9axxn,4,sunpy__sunpy.f8edfd5c.lm_rewrite__kcbvs8ti.2rh9axxn,11618,True,1558,66,0,0,0,0,0.0,,0,0,400000,400000,0,0,0,ok,,
2547,,,,sunpy__sunpy.f8edfd5c.lm_rewrite__kcbvs8ti.2rh9axxn,5,sunpy__sunpy.f8edfd5c.lm_rewrite__kcbvs8ti.2rh9axxn,13242,True,46,65,0,0,0,0,0.0,,0,0,500000,500000,0,0,0,ok,,
2548,,,,sunpy__sunpy.f8edfd5c.lm_rewrite__kcbvs8ti.2rh9axxn,6,sunpy__sunpy.f8edfd5c.lm_rewrite__kcbvs8ti.2rh9axxn,13353,True,762,57,0,0,0,0,0.0,,0,0,600000,600000,0,0,0,ok,,
2549,,,,sunpy__sunpy.f8edfd5c.lm_rewrite__kcbvs8ti.2rh9axxn,7,sunpy__sunpy.f8edfd5c.lm_rewrite__kcbvs8ti.2rh9axxn,14172,True,4030,317,0,0,0,0,0.0,,0,0,700000,700000,0,0,0,ok,,
2550,,,,sunpy__sunpy.f8edfd5c.lm_rewrite__kcbvs8ti.2rh9axxn,8,sunpy__sunpy.f8edfd5c.lm_rewrite__kcbvs8ti.2rh9axxn,18519,True,20,37,0,0,0,0,0.0,,0,0,800000,800000,0,0,0,ok,,
2551,,,,sunpy__sunpy.f8edfd5c.lm_rewrite__kcbvs8ti.2rh9axxn,9,sunpy__sunpy.f8edfd5c.lm_rewrite__kcbvs8ti.2rh9axxn,18576,True,58,599,0,0,0,0,0.0,,0,0,900000,900000,0,0,0,ok,,
2552,,,,sunpy__sunpy.f8edfd5c.lm_rewrite__kcbvs8ti.2rh9axxn,10,sunpy__sunpy.f8edfd5c.lm_rewrite__kcbvs8ti.2rh9axxn,19233,True,618,278,0,0,0,0,0.0,,0,0,1000000,1000000,0,0,0,ok,,
2553,,,,sunpy__sunpy.f8edfd5c.lm_rewrite__kcbvs8ti.2rh9axxn,11,sunpy__sunpy.f8edfd5c.lm_rewrite__kcbvs8ti.2rh9axxn,20129,True,411,41,0,0,0,0,0.0,,0,0,1100000,1100000,0,0,0,ok,,
2554,,,,sunpy__sunpy.f8edfd5c.lm_rewrite__kcbvs8ti.2rh9axxn,12,sunpy__sunpy.f8edfd5c.lm_rewrite__kcbvs8ti.2rh9axxn,20581,True,65,330,0,0,0,0,0.0,,0,0,1200000,1200000,0,0,0,ok,,
2555,,,,sunpy__sunpy.f8edfd5c.lm_rewrite__kcbvs8ti.2rh9axxn,13,sunpy__sunpy.f8edfd5c.lm_rewrite__kcbvs8ti.2rh9axxn,20976,True,344,40,0,0,0,0,0.0,,0,0,1300000,1300000,0,0,0,ok,,
2556,,,,sunpy__sunpy.f8edfd5c.lm_rewrite__kcbvs8ti.2rh9axxn,14,sunpy__sunpy.f8edfd5c.lm_rewrite__kcbvs8ti.2rh9axxn,21360,True,87,61,0,0,0,0,0.0,,0,0,1400000,1400000,0,0,0,ok,,
2557,,,,sunpy__sunpy.f8edfd5c.lm_rewrite__kcbvs8ti.2rh9axxn,15,sunpy__sunpy.f8edfd5c.lm_rewrite__kcbvs8ti.2rh9axxn,21508,True,752,688,0,0,0,0,0.0,,0,0,1500000,1500000,0,0,0,ok,,
2558,,,,sunpy__sunpy.f8edfd5c.lm_rewrite__kcbvs8ti.2rh9axxn,16,sunpy__sunpy.f8edfd5c.lm_rewrite__kcbvs8ti.2rh9axxn,22948,True,18,34,0,0,0,0,0.0,,0,0,1600000,1600000,0,0,0,ok,,
2559,,,,sunpy__sunpy.f8edfd5c.lm_rewrite__kcbvs8ti.2rh9axxn,17,sunpy__sunpy.f8edfd5c.lm_rewrite__kcbvs8ti.2rh9axxn,23000,True,191,175,0,0,0,0,0.0,,0,0,1700000,1700000,0,0,0,ok,,
2560,,,,sunpy__sunpy.f8edfd5c.lm_rewrite__kcbvs8ti.2rh9axxn,18,sunpy__sunpy.f8edfd5c.lm_rewrite__kcbvs8ti.2rh9axxn,23366,True,1874,43,0,0,0,0,0.0,,0,0,1800000,1800000,0,0,0,ok,,
2561,,,,sunpy__sunpy.f8edfd5c.lm_rewrite__kcbvs8ti.2rh9axxn,19,sunpy__sunpy.f8edfd5c.lm_rewrite__kcbvs8ti.2rh9axxn,25283,True,11,8,0,0,0,0,0.0,,0,0,1900000,1900000,0,0,0,ok,,
2562,,,,theskumar__python-dotenv.2b8635b7.combine_module__uvqxiubw.4up0txkr,0,swe_smith_system_prompt,924,True,608,109,0,0,0,0,0.0,,0,0,0,0,0,0,0,ok,,
2563,,,,theskumar__python-dotenv.2b8635b7.combine_module__uvqxiubw.4up0txkr,1,theskumar__python-dotenv.2b8635b7.combine_module__uvqxiubw.4up0txkr,1641,True,178,84,0,0,0,0,0.0,,0,0,100000,100000,0,0,0,ok,,
2564,,,,theskumar__python-dotenv.2b8635b7.combine_module__uvqxiubw.4up0txkr,2,theskumar__python-dotenv.2b8635b7.combine_module__uvqxiubw.4up0txkr,1903,True,2744,52,0,0,0,0,0.0,,0,0,200000,200000,0,0,0,ok,,
2565,,,,theskumar__python-dotenv.2b8635b7.combine_module__uvqxiubw.4up0txkr,3,theskumar__python-dotenv.2b8635b7.combine_module__uvqxiubw.4up0txkr,4699,True,5626,56,0,0,0,0,0.0,,0,0,300000,300000,0,0,0,ok,,
2566,,,,theskumar__python-dotenv.2b8635b7.combine_module__uvqxiubw.4up0txkr,4,theskumar__python-dotenv.2b8635b7.combine_module__uvqxiubw.4up0txkr,10381,True,639,258,0,0,0,0,0.0,,0,0,400000,400000,0,0,0,ok,,
2567,,,,theskumar__python-dotenv.2b8635b7.combine_module__uvqxiubw.4up0txkr,5,theskumar__python-dotenv.2b8635b7.combine_module__uvqxiubw.4up0txkr,11278,True,18,34,0,0,0,0,0.0,,0,0,500000,500000,0,0,0,ok,,
2568,,,,theskumar__python-dotenv.2b8635b7.combine_module__uvqxiubw.4up0txkr,6,theskumar__python-dotenv.2b8635b7.combine_module__uvqxiubw.4up0txkr,11330,True,9,259,0,0,0,0,0.0,,0,0,600000,600000,0,0,0,ok,,
2569,,,,theskumar__python-dotenv.2b8635b7.combine_module__uvqxiubw.4up0txkr,7,theskumar__python-dotenv.2b8635b7.combine_module__uvqxiubw.4up0txkr,11598,True,291,261,0,0,0,0,0.0,,0,0,700000,700000,0,0,0,ok,,
2570,,,,theskumar__python-dotenv.2b8635b7.combine_module__uvqxiubw.4up0txkr,8,theskumar__python-dotenv.2b8635b7.combine_module__uvqxiubw.4up0txkr,12150,True,326,225,0,0,0,0,0.0,,0,0,800000,800000,0,0,0,ok,,
2571,,,,theskumar__python-dotenv.2b8635b7.combine_module__uvqxiubw.4up0txkr,9,theskumar__python-dotenv.2b8635b7.combine_module__uvqxiubw.4up0txkr,12701,True,318,55,0,0,0,0,0.0,,0,0,900000,900000,0,0,0,ok,,
2572,,,,theskumar__python-dotenv.2b8635b7.combine_module__uvqxiubw.4up0txkr,10,theskumar__python-dotenv.2b8635b7.combine_module__uvqxiubw.4up0txkr,13074,True,11,483,0,0,0,0,0.0,,0,0,1000000,1000000,0,0,0,ok,,
2573,,,,theskumar__python-dotenv.2b8635b7.combine_module__uvqxiubw.4up0txkr,11,theskumar__python-dotenv.2b8635b7.combine_module__uvqxiubw.4up0txkr,13568,True,19,34,0,0,0,0,0.0,,0,0,1100000,1100000,0,0,0,ok,,
2574,,,,theskumar__python-dotenv.2b8635b7.combine_module__uvqxiubw.4up0txkr,12,theskumar__python-dotenv.2b8635b7.combine_module__uvqxiubw.4up0txkr,13621,True,90,145,0,0,0,0,0.0,,0,0,1200000,1200000,0,0,0,ok,,
2575,,,,theskumar__python-dotenv.2b8635b7.combine_module__uvqxiubw.4up0txkr,13,theskumar__python-dotenv.2b8635b7.combine_module__uvqxiubw.4up0txkr,13856,True,8,38,0,0,0,0,0.0,,0,0,1300000,1300000,0,0,0,ok,,
2576,,,,theskumar__python-dotenv.2b8635b7.combine_module__uvqxiubw.4up0txkr,14,theskumar__python-dotenv.2b8635b7.combine_module__uvqxiubw.4up0txkr,13902,True,1381,43,0,0,0,0,0.0,,0,0,1400000,1400000,0,0,0,ok,,
2577,,,,theskumar__python-dotenv.2b8635b7.combine_module__uvqxiubw.4up0txkr,15,theskumar__python-dotenv.2b8635b7.combine_module__uvqxiubw.4up0txkr,15326,True,11,8,0,0,0,0,0.0,,0,0,1500000,1500000,0,0,0,ok,,
2578,,,,jawah__charset_normalizer.1fdd6463.104.wxxb1qme,0,swe_smith_system_prompt,924,True,642,72,0,0,0,0,0.0,,0,0,0,0,0,0,0,ok,,
2579,,,,jawah__charset_normalizer.1fdd6463.104.wxxb1qme,1,jawah__charset_normalizer.1fdd6463.104.wxxb1qme,1638,True,714,72,0,0,0,0,0.0,,0,0,100000,100000,0,0,0,ok,,
2580,,,,jawah__charset_normalizer.1fdd6463.104.wxxb1qme,2,jawah__charset_normalizer.1fdd6463.104.wxxb1qme,2424,True,7387,49,0,0,0,0,0.0,,0,0,200000,200000,0,0,0,ok,,
2581,,,,jawah__charset_normalizer.1fdd6463.104.wxxb1qme,3,jawah__charset_normalizer.1fdd6463.104.wxxb1qme,9860,True,45,61,0,0,0,0,0.0,,0,0,300000,300000,0,0,0,ok,,
2582,,,,jawah__charset_normalizer.1fdd6463.104.wxxb1qme,4,jawah__charset_normalizer.1fdd6463.104.wxxb1qme,9966,True,286,62,0,0,0,0,0.0,,0,0,400000,400000,0,0,0,ok,,
2583,,,,jawah__charset_normalizer.1fdd6463.104.wxxb1qme,5,jawah__charset_normalizer.1fdd6463.104.wxxb1qme,10314,True,327,53,0,0,0,0,0.0,,0,0,500000,500000,0,0,0,ok,,
2584,,,,jawah__charset_normalizer.1fdd6463.104.wxxb1qme,6,jawah__charset_normalizer.1fdd6463.104.wxxb1qme,10694,True,360,53,0,0,0,0,0.0,,0,0,600000,600000,0,0,0,ok,,
2585,,,,jawah__charset_normalizer.1fdd6463.104.wxxb1qme,7,jawah__charset_normalizer.1fdd6463.104.wxxb1qme,11107,True,388,58,0,0,0,0,0.0,,0,0,700000,700000,0,0,0,ok,,
2586,,,,jawah__charset_normalizer.1fdd6463.104.wxxb1qme,8,jawah__charset_normalizer.1fdd6463.104.wxxb1qme,11553,True,118,61,0,0,0,0,0.0,,0,0,800000,800000,0,0,0,ok,,
2587,,,,jawah__charset_normalizer.1fdd6463.104.wxxb1qme,9,jawah__charset_normalizer.1fdd6463.104.wxxb1qme,11732,True,362,60,0,0,0,0,0.0,,0,0,900000,900000,0,0,0,ok,,
2588,,,,jawah__charset_normalizer.1fdd6463.104.wxxb1qme,10,jawah__charset_normalizer.1fdd6463.104.wxxb1qme,12154,True,27,51,0,0,0,0,0.0,,0,0,1000000,1000000,0,0,0,ok,,
2589,,,,jawah__charset_normalizer.1fdd6463.104.wxxb1qme,11,jawah__charset_normalizer.1fdd6463.104.wxxb1qme,12232,True,562,437,0,0,0,0,0.0,,0,0,1100000,1100000,0,0,0,ok,,
2590,,,,jawah__charset_normalizer.1fdd6463.104.wxxb1qme,12,jawah__charset_normalizer.1fdd6463.104.wxxb1qme,13231,True,18,33,0,0,0,0,0.0,,0,0,1200000,1200000,0,0,0,ok,,
2591,,,,jawah__charset_normalizer.1fdd6463.104.wxxb1qme,13,jawah__charset_normalizer.1fdd6463.104.wxxb1qme,13282,True,167,306,0,0,0,0,0.0,,0,0,1300000,1300000,0,0,0,ok,,
2592,,,,jawah__charset_normalizer.1fdd6463.104.wxxb1qme,14,jawah__charset_normalizer.1fdd6463.104.wxxb1qme,13755,True,356,171,0,0,0,0,0.0,,0,0,1400000,1400000,0,0,0,ok,,
2593,,,,jawah__charset_normalizer.1fdd6463.104.wxxb1qme,15,jawah__charset_normalizer.1fdd6463.104.wxxb1qme,14282,True,33,347,0,0,0,0,0.0,,0,0,1500000,1500000,0,0,0,ok,,
2594,,,,python-openxml__python-docx.0cf6d71f.func_pm_ctrl_shuffle__b1e5b0xm.2qfbqllq,0,swe_smith_system_prompt,924,True,645,98,0,0,0,0,0.0,,0,0,0,0,0,0,0,ok,,
2595,,,,python-openxml__python-docx.0cf6d71f.func_pm_ctrl_shuffle__b1e5b0xm.2qfbqllq,1,python-openxml__python-docx.0cf6d71f.func_pm_ctrl_shuffle__b1e5b0xm.2qfbqllq,1667,True,1696,79,0,0,0,0,0.0,,0,0,100000,100000,0,0,0,ok,,
2596,,,,python-openxml__python-docx.0cf6d71f.func_pm_ctrl_shuffle__b1e5b0xm.2qfbqllq,2,python-openxml__python-docx.0cf6d71f.func_pm_ctrl_shuffle__b1e5b0xm.2qfbqllq,3442,True,6952,63,0,0,0,0,0.0,,0,0,200000,200000,0,0,0,ok,,
2597,,,,python-openxml__python-docx.0cf6d71f.func_pm_ctrl_shuffle__b1e5b0xm.2qfbqllq,3,python-openxml__python-docx.0cf6d71f.func_pm_ctrl_shuffle__b1e5b0xm.2qfbqllq,10457,True,47,81,0,0,0,0,0.0,,0,0,300000,300000,0,0,0,ok,,
2598,,,,python-openxml__python-docx.0cf6d71f.func_pm_ctrl_shuffle__b1e5b0xm.2qfbqllq,4,python-openxml__python-docx.0cf6d71f.func_pm_ctrl_shuffle__b1e5b0xm.2qfbqllq,10585,True,410,51,0,0,0,0,0.0,,0,0,400000,400000,0,0,0,ok,,
2599,,,,python-openxml__python-docx.0cf6d71f.func_pm_ctrl_shuffle__b1e5b0xm.2qfbqllq,5,python-openxml__python-docx.0cf6d71f.func_pm_ctrl_shuffle__b1e5b0xm.2qfbqllq,11046,True,149,43,0,0,0,0,0.0,,0,0,500000,500000,0,0,0,ok,,
2600,,,,python-openxml__python-docx.0cf6d71f.func_pm_ctrl_shuffle__b1e5b0xm.2qfbqllq,6,python-openxml__python-docx.0cf6d71f.func_pm_ctrl_shuffle__b1e5b0xm.2qfbqllq,11238,True,243,55,0,0,0,0,0.0,,0,0,600000,600000,0,0,0,ok,,
2601,,,,python-openxml__python-docx.0cf6d71f.func_pm_ctrl_shuffle__b1e5b0xm.2qfbqllq,7,python-openxml__python-docx.0cf6d71f.func_pm_ctrl_shuffle__b1e5b0xm.2qfbqllq,11536,True,91,67,0,0,0,0,0.0,,0,0,700000,700000,0,0,0,ok,,
2602,,,,python-openxml__python-docx.0cf6d71f.func_pm_ctrl_shuffle__b1e5b0xm.2qfbqllq,8,python-openxml__python-docx.0cf6d71f.func_pm_ctrl_shuffle__b1e5b0xm.2qfbqllq,11694,True,259,223,0,0,0,0,0.0,,0,0,800000,800000,0,0,0,ok,,
2603,,,,python-openxml__python-docx.0cf6d71f.func_pm_ctrl_shuffle__b1e5b0xm.2qfbqllq,9,python-openxml__python-docx.0cf6d71f.func_pm_ctrl_shuffle__b1e5b0xm.2qfbqllq,12176,True,19,35,0,0,0,0,0.0,,0,0,900000,900000,0,0,0,ok,,
2604,,,,python-openxml__python-docx.0cf6d71f.func_pm_ctrl_shuffle__b1e5b0xm.2qfbqllq,10,python-openxml__python-docx.0cf6d71f.func_pm_ctrl_shuffle__b1e5b0xm.2qfbqllq,12230,True,161,289,0,0,0,0,0.0,,0,0,1000000,1000000,0,0,0,ok,,
2605,,,,python-openxml__python-docx.0cf6d71f.func_pm_ctrl_shuffle__b1e5b0xm.2qfbqllq,11,python-openxml__python-docx.0cf6d71f.func_pm_ctrl_shuffle__b1e5b0xm.2qfbqllq,12680,True,325,54,0,0,0,0,0.0,,0,0,1100000,1100000,0,0,0,ok,,
2606,,,,python-openxml__python-docx.0cf6d71f.func_pm_ctrl_shuffle__b1e5b0xm.2qfbqllq,12,python-openxml__python-docx.0cf6d71f.func_pm_ctrl_shuffle__b1e5b0xm.2qfbqllq,13059,True,12,369,0,0,0,0,0.0,,0,0,1200000,1200000,0,0,0,ok,,
2607,,,,python-openxml__python-docx.0cf6d71f.func_pm_ctrl_shuffle__b1e5b0xm.2qfbqllq,13,python-openxml__python-docx.0cf6d71f.func_pm_ctrl_shuffle__b1e5b0xm.2qfbqllq,13440,True,18,32,0,0,0,0,0.0,,0,0,1300000,1300000,0,0,0,ok,,
2608,,,,python-openxml__python-docx.0cf6d71f.func_pm_ctrl_shuffle__b1e5b0xm.2qfbqllq,14,python-openxml__python-docx.0cf6d71f.func_pm_ctrl_shuffle__b1e5b0xm.2qfbqllq,13490,True,21,285,0,0,0,0,0.0,,0,0,1400000,1400000,0,0,0,ok,,
2609,,,,python-openxml__python-docx.0cf6d71f.func_pm_ctrl_shuffle__b1e5b0xm.2qfbqllq,15,python-openxml__python-docx.0cf6d71f.func_pm_ctrl_shuffle__b1e5b0xm.2qfbqllq,13796,True,20,34,0,0,0,0,0.0,,0,0,1500000,1500000,0,0,0,ok,,
2610,,,,python-openxml__python-docx.0cf6d71f.func_pm_ctrl_shuffle__b1e5b0xm.2qfbqllq,16,python-openxml__python-docx.0cf6d71f.func_pm_ctrl_shuffle__b1e5b0xm.2qfbqllq,13850,True,13,215,0,0,0,0,0.0,,0,0,1600000,1600000,0,0,0,ok,,
2611,,,,python-openxml__python-docx.0cf6d71f.func_pm_ctrl_shuffle__b1e5b0xm.2qfbqllq,17,python-openxml__python-docx.0cf6d71f.func_pm_ctrl_shuffle__b1e5b0xm.2qfbqllq,14078,True,1456,50,0,0,0,0,0.0,,0,0,1700000,1700000,0,0,0,ok,,
2612,,,,python-openxml__python-docx.0cf6d71f.func_pm_ctrl_shuffle__b1e5b0xm.2qfbqllq,18,python-openxml__python-docx.0cf6d71f.func_pm_ctrl_shuffle__b1e5b0xm.2qfbqllq,15584,True,11,14,0,0,0,0,0.0,,0,0,1800000,1800000,0,0,0,ok,,
2613,,,,pyutils__line_profiler.a646bf0f.121.f5rjpwkg,0,swe_smith_system_prompt,924,True,445,72,0,0,0,0,0.0,,0,0,0,0,0,0,0,ok,,
2614,,,,pyutils__line_profiler.a646bf0f.121.f5rjpwkg,1,pyutils__line_profiler.a646bf0f.121.f5rjpwkg,1441,True,708,94,0,0,0,0,0.0,,0,0,100000,100000,0,0,0,ok,,
2615,,,,pyutils__line_profiler.a646bf0f.121.f5rjpwkg,2,pyutils__line_profiler.a646bf0f.121.f5rjpwkg,2243,True,7182,192,0,0,0,0,0.0,,0,0,200000,200000,0,0,0,ok,,
2616,,,,pyutils__line_profiler.a646bf0f.121.f5rjpwkg,3,pyutils__line_profiler.a646bf0f.121.f5rjpwkg,9617,True,19,34,0,0,0,0,0.0,,0,0,300000,300000,0,0,0,ok,,
2617,,,,pyutils__line_profiler.a646bf0f.121.f5rjpwkg,4,pyutils__line_profiler.a646bf0f.121.f5rjpwkg,9670,True,273,38,0,0,0,0,0.0,,0,0,400000,400000,0,0,0,ok,,
2618,,,,pyutils__line_profiler.a646bf0f.121.f5rjpwkg,5,pyutils__line_profiler.a646bf0f.121.f5rjpwkg,9981,True,505,34,0,0,0,0,0.0,,0,0,500000,500000,0,0,0,ok,,
2619,,,,pyutils__line_profiler.a646bf0f.121.f5rjpwkg,6,pyutils__line_profiler.a646bf0f.121.f5rjpwkg,10520,True,11,275,0,0,0,0,0.0,,0,0,600000,600000,0,0,0,ok,,
2620,,,,pyutils__line_profiler.a646bf0f.121.f5rjpwkg,7,pyutils__line_profiler.a646bf0f.121.f5rjpwkg,10806,True,280,243,0,0,0,0,0.0,,0,0,700000,700000,0,0,0,ok,,
2621,,,,pyutils__line_profiler.a646bf0f.121.f5rjpwkg,8,pyutils__line_profiler.a646bf0f.121.f5rjpwkg,11329,True,25,162,0,0,0,0,0.0,,0,0,800000,800000,0,0,0,ok,,
2622,,,,pyutils__line_profiler.a646bf0f.121.f5rjpwkg,9,pyutils__line_profiler.a646bf0f.121.f5rjpwkg,11516,True,18,194,0,0,0,0,0.0,,0,0,900000,900000,0,0,0,ok,,
2623,,,,pyutils__line_profiler.a646bf0f.121.f5rjpwkg,10,pyutils__line_profiler.a646bf0f.121.f5rjpwkg,11728,True,18,151,0,0,0,0,0.0,,0,0,1000000,1000000,0,0,0,ok,,
2624,,,,pyutils__line_profiler.a646bf0f.121.f5rjpwkg,11,pyutils__line_profiler.a646bf0f.121.f5rjpwkg,11897,True,18,51,0,0,0,0,0.0,,0,0,1100000,1100000,0,0,0,ok,,
2625,,,,pyutils__line_profiler.a646bf0f.121.f5rjpwkg,12,pyutils__line_profiler.a646bf0f.121.f5rjpwkg,11966,True,93,37,0,0,0,0,0.0,,0,0,1200000,1200000,0,0,0,ok,,
2626,,,,tox-dev__pipdeptree.c31b6418.func_pm_ctrl_shuffle__ravg2zmp.mjsk20mr,0,swe_smith_system_prompt,924,True,486,95,0,0,0,0,0.0,,0,0,0,0,0,0,0,ok,,
2627,,,,tox-dev__pipdeptree.c31b6418.func_pm_ctrl_shuffle__ravg2zmp.mjsk20mr,1,tox-dev__pipdeptree.c31b6418.func_pm_ctrl_shuffle__ravg2zmp.mjsk20mr,1505,True,441,72,0,0,0,0,0.0,,0,0,100000,100000,0,0,0,ok,,
2628,,,,tox-dev__pipdeptree.c31b6418.func_pm_ctrl_shuffle__ravg2zmp.mjsk20mr,2,tox-dev__pipdeptree.c31b6418.func_pm_ctrl_shuffle__ravg2zmp.mjsk20mr,2018,True,3521,60,0,0,0,0,0.0,,0,0,200000,200000,0,0,0,ok,,
2629,,,,tox-dev__pipdeptree.c31b6418.func_pm_ctrl_shuffle__ravg2zmp.mjsk20mr,3,tox-dev__pipdeptree.c31b6418.func_pm_ctrl_shuffle__ravg2zmp.mjsk20mr,5599,True,1265,54,0,0,0,0,0.0,,0,0,300000,300000,0,0,0,ok,,
2630,,,,tox-dev__pipdeptree.c31b6418.func_pm_ctrl_shuffle__ravg2zmp.mjsk20mr,4,tox-dev__pipdeptree.c31b6418.func_pm_ctrl_shuffle__ravg2zmp.mjsk20mr,6918,True,3733,214,0,0,0,0,0.0,,0,0,400000,400000,0,0,0,ok,,
2631,,,,tox-dev__pipdeptree.c31b6418.func_pm_ctrl_shuffle__ravg2zmp.mjsk20mr,5,tox-dev__pipdeptree.c31b6418.func_pm_ctrl_shuffle__ravg2zmp.mjsk20mr,10865,True,19,36,0,0,0,0,0.0,,0,0,500000,500000,0,0,0,ok,,
2632,,,,tox-dev__pipdeptree.c31b6418.func_pm_ctrl_shuffle__ravg2zmp.mjsk20mr,6,tox-dev__pipdeptree.c31b6418.func_pm_ctrl_shuffle__ravg2zmp.mjsk20mr,10920,True,20,266,0,0,0,0,0.0,,0,0,600000,600000,0,0,0,ok,,
2633,,,,tox-dev__pipdeptree.c31b6418.func_pm_ctrl_shuffle__ravg2zmp.mjsk20mr,7,tox-dev__pipdeptree.c31b6418.func_pm_ctrl_shuffle__ravg2zmp.mjsk20mr,11206,True,305,55,0,0,0,0,0.0,,0,0,700000,700000,0,0,0,ok,,
2634,,,,tox-dev__pipdeptree.c31b6418.func_pm_ctrl_shuffle__ravg2zmp.mjsk20mr,8,tox-dev__pipdeptree.c31b6418.func_pm_ctrl_shuffle__ravg2zmp.mjsk20mr,11566,True,473,413,0,0,0,0,0.0,,0,0,800000,800000,0,0,0,ok,,
2635,,,,tox-dev__pipdeptree.c31b6418.func_pm_ctrl_shuffle__ravg2zmp.mjsk20mr,9,tox-dev__pipdeptree.c31b6418.func_pm_ctrl_shuffle__ravg2zmp.mjsk20mr,12452,True,366,33,0,0,0,0,0.0,,0,0,900000,900000,0,0,0,ok,,
2636,,,,tox-dev__pipdeptree.c31b6418.func_pm_ctrl_shuffle__ravg2zmp.mjsk20mr,10,tox-dev__pipdeptree.c31b6418.func_pm_ctrl_shuffle__ravg2zmp.mjsk20mr,12851,True,26,762,0,0,0,0,0.0,,0,0,1000000,1000000,0,0,0,ok,,
2637,,,,tox-dev__pipdeptree.c31b6418.func_pm_ctrl_shuffle__ravg2zmp.mjsk20mr,11,tox-dev__pipdeptree.c31b6418.func_pm_ctrl_shuffle__ravg2zmp.mjsk20mr,13639,True,19,35,0,0,0,0,0.0,,0,0,1100000,1100000,0,0,0,ok,,
2638,,,,tox-dev__pipdeptree.c31b6418.func_pm_ctrl_shuffle__ravg2zmp.mjsk20mr,12,tox-dev__pipdeptree.c31b6418.func_pm_ctrl_shuffle__ravg2zmp.mjsk20mr,13693,True,146,224,0,0,0,0,0.0,,0,0,1200000,1200000,0,0,0,ok,,
2639,,,,tox-dev__pipdeptree.c31b6418.func_pm_ctrl_shuffle__ravg2zmp.mjsk20mr,13,tox-dev__pipdeptree.c31b6418.func_pm_ctrl_shuffle__ravg2zmp.mjsk20mr,14063,True,220,240,0,0,0,0,0.0,,0,0,1300000,1300000,0,0,0,ok,,
2640,,,,tox-dev__pipdeptree.c31b6418.func_pm_ctrl_shuffle__ravg2zmp.mjsk20mr,14,tox-dev__pipdeptree.c31b6418.func_pm_ctrl_shuffle__ravg2zmp.mjsk20mr,14523,True,1514,43,0,0,0,0,0.0,,0,0,1400000,1400000,0,0,0,ok,,
2641,,,,tox-dev__pipdeptree.c31b6418.func_pm_ctrl_shuffle__ravg2zmp.mjsk20mr,15,tox-dev__pipdeptree.c31b6418.func_pm_ctrl_shuffle__ravg2zmp.mjsk20mr,16080,True,11,8,0,0,0,0,0.0,,0,0,1500000,1500000,0,0,0,ok,,
2642,,,,pydicom__pydicom.7d361b3d.func_pm_remove_cond__wbfeq52x.npv6db2j,0,swe_smith_system_prompt,924,True,643,88,0,0,0,0,0.0,,0,0,0,0,0,0,0,ok,,
2643,,,,pydicom__pydicom.7d361b3d.func_pm_remove_cond__wbfeq52x.npv6db2j,1,pydicom__pydicom.7d361b3d.func_pm_remove_cond__wbfeq52x.npv6db2j,1655,True,30,73,0,0,0,0,0.0,,0,0,100000,100000,0,0,0,ok,,
2644,,,,pydicom__pydicom.7d361b3d.func_pm_remove_cond__wbfeq52x.npv6db2j,2,pydicom__pydicom.7d361b3d.func_pm_remove_cond__wbfeq52x.npv6db2j,1758,True,1821,80,0,0,0,0,0.0,,0,0,200000,200000,0,0,0,ok,,
2645,,,,pydicom__pydicom.7d361b3d.func_pm_remove_cond__wbfeq52x.npv6db2j,3,pydicom__pydicom.7d361b3d.func_pm_remove_cond__wbfeq52x.npv6db2j,3659,True,668,67,0,0,0,0,0.0,,0,0,300000,300000,0,0,0,ok,,
2646,,,,pydicom__pydicom.7d361b3d.func_pm_remove_cond__wbfeq52x.npv6db2j,4,pydicom__pydicom.7d361b3d.func_pm_remove_cond__wbfeq52x.npv6db2j,4394,True,391,67,0,0,0,0,0.0,,0,0,400000,400000,0,0,0,ok,,
2647,,,,pydicom__pydicom.7d361b3d.func_pm_remove_cond__wbfeq52x.npv6db2j,5,pydicom__pydicom.7d361b3d.func_pm_remove_cond__wbfeq52x.npv6db2j,4852,True,480,66,0,0,0,0,0.0,,0,0,500000,500000,0,0,0,ok,,
2648,,,,pydicom__pydicom.7d361b3d.func_pm_remove_cond__wbfeq52x.npv6db2j,6,pydicom__pydicom.7d361b3d.func_pm_remove_cond__wbfeq52x.npv6db2j,5398,True,540,66,0,0,0,0,0.0,,0,0,600000,600000,0,0,0,ok,,
2649,,,,pydicom__pydicom.7d361b3d.func_pm_remove_cond__wbfeq52x.npv6db2j,7,pydicom__pydicom.7d361b3d.func_pm_remove_cond__wbfeq52x.npv6db2j,6004,True,523,76,0,0,0,0,0.0,,0,0,700000,700000,0,0,0,ok,,
2650,,,,pydicom__pydicom.7d361b3d.func_pm_remove_cond__wbfeq52x.npv6db2j,8,pydicom__pydicom.7d361b3d.func_pm_remove_cond__wbfeq52x.npv6db2j,6603,True,134,280,0,0,0,0,0.0,,0,0,800000,800000,0,0,0,ok,,
2651,,,,pydicom__pydicom.7d361b3d.func_pm_remove_cond__wbfeq52x.npv6db2j,9,pydicom__pydicom.7d361b3d.func_pm_remove_cond__wbfeq52x.npv6db2j,7017,True,19,38,0,0,0,0,0.0,,0,0,900000,900000,0,0,0,ok,,
2652,,,,pydicom__pydicom.7d361b3d.func_pm_remove_cond__wbfeq52x.npv6db2j,10,pydicom__pydicom.7d361b3d.func_pm_remove_cond__wbfeq52x.npv6db2j,7074,True,135,54,0,0,0,0,0.0,,0,0,1000000,1000000,0,0,0,ok,,
2653,,,,pydicom__pydicom.7d361b3d.func_pm_remove_cond__wbfeq52x.npv6db2j,11,pydicom__pydicom.7d361b3d.func_pm_remove_cond__wbfeq52x.npv6db2j,7263,True,284,162,0,0,0,0,0.0,,0,0,1100000,1100000,0,0,0,ok,,
2654,,,,pydicom__pydicom.7d361b3d.func_pm_remove_cond__wbfeq52x.npv6db2j,12,pydicom__pydicom.7d361b3d.func_pm_remove_cond__wbfeq52x.npv6db2j,7709,True,217,32,0,0,0,0,0.0,,0,0,1200000,1200000,0,0,0,ok,,
2655,,,,pydicom__pydicom.7d361b3d.func_pm_remove_cond__wbfeq52x.npv6db2j,13,pydicom__pydicom.7d361b3d.func_pm_remove_cond__wbfeq52x.npv6db2j,7958,True,24,425,0,0,0,0,0.0,,0,0,1300000,1300000,0,0,0,ok,,
2656,,,,pydicom__pydicom.7d361b3d.func_pm_remove_cond__wbfeq52x.npv6db2j,14,pydicom__pydicom.7d361b3d.func_pm_remove_cond__wbfeq52x.npv6db2j,8407,True,552,47,0,0,0,0,0.0,,0,0,1400000,1400000,0,0,0,ok,,
2657,,,,pydicom__pydicom.7d361b3d.func_pm_remove_cond__wbfeq52x.npv6db2j,15,pydicom__pydicom.7d361b3d.func_pm_remove_cond__wbfeq52x.npv6db2j,9006,True,68,422,0,0,0,0,0.0,,0,0,1500000,1500000,0,0,0,ok,,
2658,,,,pydicom__pydicom.7d361b3d.func_pm_remove_cond__wbfeq52x.npv6db2j,16,pydicom__pydicom.7d361b3d.func_pm_remove_cond__wbfeq52x.npv6db2j,9496,True,19,35,0,0,0,0,0.0,,0,0,1600000,1600000,0,0,0,ok,,
2659,,,,pydicom__pydicom.7d361b3d.func_pm_remove_cond__wbfeq52x.npv6db2j,17,pydicom__pydicom.7d361b3d.func_pm_remove_cond__wbfeq52x.npv6db2j,9550,True,667,176,0,0,0,0,0.0,,0,0,1700000,1700000,0,0,0,ok,,
2660,,,,pydicom__pydicom.7d361b3d.func_pm_remove_cond__wbfeq52x.npv6db2j,18,pydicom__pydicom.7d361b3d.func_pm_remove_cond__wbfeq52x.npv6db2j,10393,True,193,290,0,0,0,0,0.0,,0,0,1800000,1800000,0,0,0,ok,,
2661,,,,pydicom__pydicom.7d361b3d.func_pm_remove_cond__wbfeq52x.npv6db2j,19,pydicom__pydicom.7d361b3d.func_pm_remove_cond__wbfeq52x.npv6db2j,10876,True,23,51,0,0,0,0,0.0,,0,0,1900000,1900000,0,0,0,ok,,
2662,,,,pydicom__pydicom.7d361b3d.func_pm_remove_cond__wbfeq52x.npv6db2j,20,pydicom__pydicom.7d361b3d.func_pm_remove_cond__wbfeq52x.npv6db2j,10950,True,42,50,0,0,0,0,0.0,,0,0,2000000,2000000,0,0,0,ok,,
2663,,,,pydicom__pydicom.7d361b3d.func_pm_remove_cond__wbfeq52x.npv6db2j,21,pydicom__pydicom.7d361b3d.func_pm_remove_cond__wbfeq52x.npv6db2j,11042,True,16,45,0,0,0,0,0.0,,0,0,2100000,2100000,0,0,0,ok,,
2664,,,,pydicom__pydicom.7d361b3d.func_pm_remove_cond__wbfeq52x.npv6db2j,22,pydicom__pydicom.7d361b3d.func_pm_remove_cond__wbfeq52x.npv6db2j,11103,True,44,45,0,0,0,0,0.0,,0,0,2200000,2200000,0,0,0,ok,,
2665,,,,pydicom__pydicom.7d361b3d.func_pm_remove_cond__wbfeq52x.npv6db2j,23,pydicom__pydicom.7d361b3d.func_pm_remove_cond__wbfeq52x.npv6db2j,11192,True,3459,47,0,0,0,0,0.0,,0,0,2300000,2300000,0,0,0,ok,,
2666,,,,pydicom__pydicom.7d361b3d.func_pm_remove_cond__wbfeq52x.npv6db2j,24,pydicom__pydicom.7d361b3d.func_pm_remove_cond__wbfeq52x.npv6db2j,14698,True,454,77,0,0,0,0,0.0,,0,0,2400000,2400000,0,0,0,ok,,
2667,,,,pydicom__pydicom.7d361b3d.func_pm_remove_cond__wbfeq52x.npv6db2j,25,pydicom__pydicom.7d361b3d.func_pm_remove_cond__wbfeq52x.npv6db2j,15229,True,321,234,0,0,0,0,0.0,,0,0,2500000,2500000,0,0,0,ok,,
2668,,,,pydicom__pydicom.7d361b3d.func_pm_remove_cond__wbfeq52x.npv6db2j,26,pydicom__pydicom.7d361b3d.func_pm_remove_cond__wbfeq52x.npv6db2j,15784,True,1411,42,0,0,0,0,0.0,,0,0,2600000,2600000,0,0,0,ok,,
2669,,,,pydicom__pydicom.7d361b3d.func_pm_remove_cond__wbfeq52x.npv6db2j,27,pydicom__pydicom.7d361b3d.func_pm_remove_cond__wbfeq52x.npv6db2j,17237,True,11,14,0,0,0,0,0.0,,0,0,2700000,2700000,0,0,0,ok,,
2670,,,,getmoto__moto.694ce1f4.pr_7905.98om7l73,0,swe_smith_system_prompt,924,True,710,93,0,0,0,0,0.0,,0,0,0,0,0,0,0,ok,,
2671,,,,getmoto__moto.694ce1f4.pr_7905.98om7l73,1,getmoto__moto.694ce1f4.pr_7905.98om7l73,1727,True,747,61,0,0,0,0,0.0,,0,0,100000,100000,0,0,0,ok,,
2672,,,,getmoto__moto.694ce1f4.pr_7905.98om7l73,2,getmoto__moto.694ce1f4.pr_7905.98om7l73,2535,True,561,55,0,0,0,0,0.0,,0,0,200000,200000,0,0,0,ok,,
2673,,,,getmoto__moto.694ce1f4.pr_7905.98om7l73,3,getmoto__moto.694ce1f4.pr_7905.98om7l73,3151,True,22,51,0,0,0,0,0.0,,0,0,300000,300000,0,0,0,ok,,
2674,,,,getmoto__moto.694ce1f4.pr_7905.98om7l73,4,getmoto__moto.694ce1f4.pr_7905.98om7l73,3224,True,1602,39,0,0,0,0,0.0,,0,0,400000,400000,0,0,0,ok,,
2675,,,,getmoto__moto.694ce1f4.pr_7905.98om7l73,5,getmoto__moto.694ce1f4.pr_7905.98om7l73,4865,True,896,57,0,0,0,0,0.0,,0,0,500000,500000,0,0,0,ok,,
2676,,,,getmoto__moto.694ce1f4.pr_7905.98om7l73,6,getmoto__moto.694ce1f4.pr_7905.98om7l73,5818,True,790,48,0,0,0,0,0.0,,0,0,600000,600000,0,0,0,ok,,
2677,,,,getmoto__moto.694ce1f4.pr_7905.98om7l73,7,getmoto__moto.694ce1f4.pr_7905.98om7l73,6656,True,5373,48,0,0,0,0,0.0,,0,0,700000,700000,0,0,0,ok,,
2678,,,,getmoto__moto.694ce1f4.pr_7905.98om7l73,8,getmoto__moto.694ce1f4.pr_7905.98om7l73,12077,True,2490,61,0,0,0,0,0.0,,0,0,800000,800000,0,0,0,ok,,
2679,,,,getmoto__moto.694ce1f4.pr_7905.98om7l73,9,getmoto__moto.694ce1f4.pr_7905.98om7l73,14628,True,22,62,0,0,0,0,0.0,,0,0,900000,900000,0,0,0,ok,,
2680,,,,getmoto__moto.694ce1f4.pr_7905.98om7l73,10,getmoto__moto.694ce1f4.pr_7905.98om7l73,14712,True,2196,401,0,0,0,0,0.0,,0,0,1000000,1000000,0,0,0,ok,,
2681,,,,getmoto__moto.694ce1f4.pr_7905.98om7l73,11,getmoto__moto.694ce1f4.pr_7905.98om7l73,17309,True,19,35,0,0,0,0,0.0,,0,0,1100000,1100000,0,0,0,ok,,
2682,,,,getmoto__moto.694ce1f4.pr_7905.98om7l73,12,getmoto__moto.694ce1f4.pr_7905.98om7l73,17363,True,1640,759,0,0,0,0,0.0,,0,0,1200000,1200000,0,0,0,ok,,
2683,,,,getmoto__moto.694ce1f4.pr_7905.98om7l73,13,getmoto__moto.694ce1f4.pr_7905.98om7l73,19762,True,723,32,0,0,0,0,0.0,,0,0,1300000,1300000,0,0,0,ok,,
2684,,,,getmoto__moto.694ce1f4.pr_7905.98om7l73,14,getmoto__moto.694ce1f4.pr_7905.98om7l73,20517,True,362,303,0,0,0,0,0.0,,0,0,1400000,1400000,0,0,0,ok,,
2685,,,,getmoto__moto.694ce1f4.pr_7905.98om7l73,15,getmoto__moto.694ce1f4.pr_7905.98om7l73,21182,True,427,689,0,0,0,0,0.0,,0,0,1500000,1500000,0,0,0,ok,,
2686,,,,getmoto__moto.694ce1f4.pr_7905.98om7l73,16,getmoto__moto.694ce1f4.pr_7905.98om7l73,22298,True,916,379,0,0,0,0,0.0,,0,0,1600000,1600000,0,0,0,ok,,
2687,,,,getmoto__moto.694ce1f4.pr_7905.98om7l73,17,getmoto__moto.694ce1f4.pr_7905.98om7l73,23593,True,514,309,0,0,0,0,0.0,,0,0,1700000,1700000,0,0,0,ok,,
2688,,,,getmoto__moto.694ce1f4.pr_7905.98om7l73,18,getmoto__moto.694ce1f4.pr_7905.98om7l73,24416,True,358,1196,0,0,0,0,0.0,,0,0,1800000,1800000,0,0,0,ok,,
2689,,,,getmoto__moto.694ce1f4.pr_7905.98om7l73,19,getmoto__moto.694ce1f4.pr_7905.98om7l73,25970,True,1509,480,0,0,0,0,0.0,,0,0,1900000,1900000,0,0,0,ok,,
2690,,,,getmoto__moto.694ce1f4.pr_7905.98om7l73,20,getmoto__moto.694ce1f4.pr_7905.98om7l73,27959,True,552,1325,0,0,0,0,0.0,,0,0,2000000,2000000,0,0,0,ok,,
2691,,,,getmoto__moto.694ce1f4.pr_7905.98om7l73,21,getmoto__moto.694ce1f4.pr_7905.98om7l73,29836,True,1459,36,0,0,0,0,0.0,,0,0,2100000,2100000,0,0,0,ok,,
2692,,,,getmoto__moto.694ce1f4.pr_7905.98om7l73,22,getmoto__moto.694ce1f4.pr_7905.98om7l73,31331,True,873,64,0,0,0,0,0.0,,0,0,2200000,2200000,0,0,0,ok,,
2693,,,,getmoto__moto.694ce1f4.pr_7905.98om7l73,23,getmoto__moto.694ce1f4.pr_7905.98om7l73,32268,True,284,284,0,0,0,0,0.0,,0,0,2300000,2300000,0,0,0,ok,,
2694,,,,getmoto__moto.694ce1f4.pr_7905.98om7l73,24,getmoto__moto.694ce1f4.pr_7905.98om7l73,32836,True,4244,35,0,0,0,0,0.0,,0,0,2400000,2400000,0,0,0,ok,,
2695,,,,getmoto__moto.694ce1f4.pr_7905.98om7l73,25,getmoto__moto.694ce1f4.pr_7905.98om7l73,37115,True,11,8,0,0,0,0,0.0,,0,0,2500000,2500000,0,0,0,ok,,
2696,,,,Project-MONAI__MONAI.a09c1f08.func_pm_class_rm_base__jhh5qtvj.iu2kkc8f,0,swe_smith_system_prompt,924,True,557,106,0,0,0,0,0.0,,0,0,0,0,0,0,0,ok,,
2697,,,,Project-MONAI__MONAI.a09c1f08.func_pm_class_rm_base__jhh5qtvj.iu2kkc8f,1,Project-MONAI__MONAI.a09c1f08.func_pm_class_rm_base__jhh5qtvj.iu2kkc8f,1587,True,23,69,0,0,0,0,0.0,,0,0,100000,100000,0,0,0,ok,,
2698,,,,Project-MONAI__MONAI.a09c1f08.func_pm_class_rm_base__jhh5qtvj.iu2kkc8f,2,Project-MONAI__MONAI.a09c1f08.func_pm_class_rm_base__jhh5qtvj.iu2kkc8f,1679,True,5683,58,0,0,0,0,0.0,,0,0,200000,200000,0,0,0,ok,,
2699,,,,Project-MONAI__MONAI.a09c1f08.func_pm_class_rm_base__jhh5qtvj.iu2kkc8f,3,Project-MONAI__MONAI.a09c1f08.func_pm_class_rm_base__jhh5qtvj.iu2kkc8f,7420,True,15,76,0,0,0,0,0.0,,0,0,300000,300000,0,0,0,ok,,
2700,,,,Project-MONAI__MONAI.a09c1f08.func_pm_class_rm_base__jhh5qtvj.iu2kkc8f,4,Project-MONAI__MONAI.a09c1f08.func_pm_class_rm_base__jhh5qtvj.iu2kkc8f,7511,True,2817,72,0,0,0,0,0.0,,0,0,400000,400000,0,0,0,ok,,
2701,,,,Project-MONAI__MONAI.a09c1f08.func_pm_class_rm_base__jhh5qtvj.iu2kkc8f,5,Project-MONAI__MONAI.a09c1f08.func_pm_class_rm_base__jhh5qtvj.iu2kkc8f,10400,True,350,73,0,0,0,0,0.0,,0,0,500000,500000,0,0,0,ok,,
2702,,,,Project-MONAI__MONAI.a09c1f08.func_pm_class_rm_base__jhh5qtvj.iu2kkc8f,6,Project-MONAI__MONAI.a09c1f08.func_pm_class_rm_base__jhh5qtvj.iu2kkc8f,10823,True,443,71,0,0,0,0,0.0,,0,0,600000,600000,0,0,0,ok,,
2703,,,,Project-MONAI__MONAI.a09c1f08.func_pm_class_rm_base__jhh5qtvj.iu2kkc8f,7,Project-MONAI__MONAI.a09c1f08.func_pm_class_rm_base__jhh5qtvj.iu2kkc8f,11337,True,1049,75,0,0,0,0,0.0,,0,0,700000,700000,0,0,0,ok,,
2704,,,,Project-MONAI__MONAI.a09c1f08.func_pm_class_rm_base__jhh5qtvj.iu2kkc8f,8,Project-MONAI__MONAI.a09c1f08.func_pm_class_rm_base__jhh5qtvj.iu2kkc8f,12461,True,681,197,0,0,0,0,0.0,,0,0,800000,800000,0,0,0,ok,,
2705,,,,Project-MONAI__MONAI.a09c1f08.func_pm_class_rm_base__jhh5qtvj.iu2kkc8f,9,Project-MONAI__MONAI.a09c1f08.func_pm_class_rm_base__jhh5qtvj.iu2kkc8f,13339,True,19,35,0,0,0,0,0.0,,0,0,900000,900000,0,0,0,ok,,
2706,,,,Project-MONAI__MONAI.a09c1f08.func_pm_class_rm_base__jhh5qtvj.iu2kkc8f,10,Project-MONAI__MONAI.a09c1f08.func_pm_class_rm_base__jhh5qtvj.iu2kkc8f,13393,True,82,348,0,0,0,0,0.0,,0,0,1000000,1000000,0,0,0,ok,,
2707,,,,Project-MONAI__MONAI.a09c1f08.func_pm_class_rm_base__jhh5qtvj.iu2kkc8f,11,Project-MONAI__MONAI.a09c1f08.func_pm_class_rm_base__jhh5qtvj.iu2kkc8f,13823,True,340,754,0,0,0,0,0.0,,0,0,1100000,1100000,0,0,0,ok,,
2708,,,,Project-MONAI__MONAI.a09c1f08.func_pm_class_rm_base__jhh5qtvj.iu2kkc8f,12,Project-MONAI__MONAI.a09c1f08.func_pm_class_rm_base__jhh5qtvj.iu2kkc8f,14917,True,982,39,0,0,0,0,0.0,,0,0,1200000,1200000,0,0,0,ok,,
2709,,,,Project-MONAI__MONAI.a09c1f08.func_pm_class_rm_base__jhh5qtvj.iu2kkc8f,13,Project-MONAI__MONAI.a09c1f08.func_pm_class_rm_base__jhh5qtvj.iu2kkc8f,15938,True,124,694,0,0,0,0,0.0,,0,0,1300000,1300000,0,0,0,ok,,
2710,,,,Project-MONAI__MONAI.a09c1f08.func_pm_class_rm_base__jhh5qtvj.iu2kkc8f,14,Project-MONAI__MONAI.a09c1f08.func_pm_class_rm_base__jhh5qtvj.iu2kkc8f,16756,True,635,33,0,0,0,0,0.0,,0,0,1400000,1400000,0,0,0,ok,,
2711,,,,Project-MONAI__MONAI.a09c1f08.func_pm_class_rm_base__jhh5qtvj.iu2kkc8f,15,Project-MONAI__MONAI.a09c1f08.func_pm_class_rm_base__jhh5qtvj.iu2kkc8f,17424,True,47,278,0,0,0,0,0.0,,0,0,1500000,1500000,0,0,0,ok,,
2712,,,,Project-MONAI__MONAI.a09c1f08.func_pm_class_rm_base__jhh5qtvj.iu2kkc8f,16,Project-MONAI__MONAI.a09c1f08.func_pm_class_rm_base__jhh5qtvj.iu2kkc8f,17749,True,329,32,0,0,0,0,0.0,,0,0,1600000,1600000,0,0,0,ok,,
2713,,,,Project-MONAI__MONAI.a09c1f08.func_pm_class_rm_base__jhh5qtvj.iu2kkc8f,17,Project-MONAI__MONAI.a09c1f08.func_pm_class_rm_base__jhh5qtvj.iu2kkc8f,18110,True,50,341,0,0,0,0,0.0,,0,0,1700000,1700000,0,0,0,ok,,
2714,,,,Project-MONAI__MONAI.a09c1f08.func_pm_class_rm_base__jhh5qtvj.iu2kkc8f,18,Project-MONAI__MONAI.a09c1f08.func_pm_class_rm_base__jhh5qtvj.iu2kkc8f,18501,True,396,32,0,0,0,0,0.0,,0,0,1800000,1800000,0,0,0,ok,,
2715,,,,Project-MONAI__MONAI.a09c1f08.func_pm_class_rm_base__jhh5qtvj.iu2kkc8f,19,Project-MONAI__MONAI.a09c1f08.func_pm_class_rm_base__jhh5qtvj.iu2kkc8f,18929,True,50,1080,0,0,0,0,0.0,,0,0,1900000,1900000,0,0,0,ok,,
2716,,,,Project-MONAI__MONAI.a09c1f08.func_pm_class_rm_base__jhh5qtvj.iu2kkc8f,20,Project-MONAI__MONAI.a09c1f08.func_pm_class_rm_base__jhh5qtvj.iu2kkc8f,20059,True,18,31,0,0,0,0,0.0,,0,0,2000000,2000000,0,0,0,ok,,
2717,,,,Project-MONAI__MONAI.a09c1f08.func_pm_class_rm_base__jhh5qtvj.iu2kkc8f,21,Project-MONAI__MONAI.a09c1f08.func_pm_class_rm_base__jhh5qtvj.iu2kkc8f,20108,True,313,253,0,0,0,0,0.0,,0,0,2100000,2100000,0,0,0,ok,,
2718,,,,Project-MONAI__MONAI.a09c1f08.func_pm_class_rm_base__jhh5qtvj.iu2kkc8f,22,Project-MONAI__MONAI.a09c1f08.func_pm_class_rm_base__jhh5qtvj.iu2kkc8f,20674,True,2624,43,0,0,0,0,0.0,,0,0,2200000,2200000,0,0,0,ok,,
2719,,,,Project-MONAI__MONAI.a09c1f08.func_pm_class_rm_base__jhh5qtvj.iu2kkc8f,23,Project-MONAI__MONAI.a09c1f08.func_pm_class_rm_base__jhh5qtvj.iu2kkc8f,23341,True,11,8,0,0,0,0,0.0,,0,0,2300000,2300000,0,0,0,ok,,
2720,,,,iterative__dvc.1d6ea681.func_pm_ctrl_invert_if__ntv844lr.qevj6bvk,0,swe_smith_system_prompt,924,True,496,91,0,0,0,0,0.0,,0,0,0,0,0,0,0,ok,,
2721,,,,iterative__dvc.1d6ea681.func_pm_ctrl_invert_if__ntv844lr.qevj6bvk,1,iterative__dvc.1d6ea681.func_pm_ctrl_invert_if__ntv844lr.qevj6bvk,1511,True,14,54,0,0,0,0,0.0,,0,0,100000,100000,0,0,0,ok,,
2722,,,,iterative__dvc.1d6ea681.func_pm_ctrl_invert_if__ntv844lr.qevj6bvk,2,iterative__dvc.1d6ea681.func_pm_ctrl_invert_if__ntv844lr.qevj6bvk,1579,True,1069,346,0,0,0,0,0.0,,0,0,200000,200000,0,0,0,ok,,
2723,,,,iterative__dvc.1d6ea681.func_pm_ctrl_invert_if__ntv844lr.qevj6bvk,3,iterative__dvc.1d6ea681.func_pm_ctrl_invert_if__ntv844lr.qevj6bvk,2994,True,19,36,0,0,0,0,0.0,,0,0,300000,300000,0,0,0,ok,,
2724,,,,iterative__dvc.1d6ea681.func_pm_ctrl_invert_if__ntv844lr.qevj6bvk,4,iterative__dvc.1d6ea681.func_pm_ctrl_invert_if__ntv844lr.qevj6bvk,3049,True,46,269,0,0,0,0,0.0,,0,0,400000,400000,0,0,0,ok,,
2725,,,,iterative__dvc.1d6ea681.func_pm_ctrl_invert_if__ntv844lr.qevj6bvk,5,iterative__dvc.1d6ea681.func_pm_ctrl_invert_if__ntv844lr.qevj6bvk,3364,True,318,147,0,0,0,0,0.0,,0,0,500000,500000,0,0,0,ok,,
2726,,,,iterative__dvc.1d6ea681.func_pm_ctrl_invert_if__ntv844lr.qevj6bvk,6,iterative__dvc.1d6ea681.func_pm_ctrl_invert_if__ntv844lr.qevj6bvk,3829,True,28,894,0,0,0,0,0.0,,0,0,600000,600000,0,0,0,ok,,
2727,,,,iterative__dvc.1d6ea681.func_pm_ctrl_invert_if__ntv844lr.qevj6bvk,7,iterative__dvc.1d6ea681.func_pm_ctrl_invert_if__ntv844lr.qevj6bvk,4751,True,19,36,0,0,0,0,0.0,,0,0,700000,700000,0,0,0,ok,,
2728,,,,iterative__dvc.1d6ea681.func_pm_ctrl_invert_if__ntv844lr.qevj6bvk,8,iterative__dvc.1d6ea681.func_pm_ctrl_invert_if__ntv844lr.qevj6bvk,4806,True,231,31,0,0,0,0,0.0,,0,0,800000,800000,0,0,0,ok,,
2729,,,,iterative__dvc.1d6ea681.func_pm_ctrl_invert_if__ntv844lr.qevj6bvk,9,iterative__dvc.1d6ea681.func_pm_ctrl_invert_if__ntv844lr.qevj6bvk,5068,True,1869,49,0,0,0,0,0.0,,0,0,900000,900000,0,0,0,ok,,
2730,,,,iterative__dvc.1d6ea681.func_pm_ctrl_invert_if__ntv844lr.qevj6bvk,10,iterative__dvc.1d6ea681.func_pm_ctrl_invert_if__ntv844lr.qevj6bvk,6986,True,11,14,0,0,0,0,0.0,,0,0,1000000,1000000,0,0,0,ok,,
2731,,,,pyca__pyopenssl.04766a49.func_pm_remove_assign__2j27akkq.w24c0l1f,0,swe_smith_system_prompt,924,True,785,71,0,0,0,0,0.0,,0,0,0,0,0,0,0,ok,,
2732,,,,pyca__pyopenssl.04766a49.func_pm_remove_assign__2j27akkq.w24c0l1f,1,pyca__pyopenssl.04766a49.func_pm_remove_assign__2j27akkq.w24c0l1f,1780,True,157,67,0,0,0,0,0.0,,0,0,100000,100000,0,0,0,ok,,
2733,,,,pyca__pyopenssl.04766a49.func_pm_remove_assign__2j27akkq.w24c0l1f,2,pyca__pyopenssl.04766a49.func_pm_remove_assign__2j27akkq.w24c0l1f,2004,True,7894,54,0,0,0,0,0.0,,0,0,200000,200000,0,0,0,ok,,
2734,,,,pyca__pyopenssl.04766a49.func_pm_remove_assign__2j27akkq.w24c0l1f,3,pyca__pyopenssl.04766a49.func_pm_remove_assign__2j27akkq.w24c0l1f,9952,True,17,66,0,0,0,0,0.0,,0,0,300000,300000,0,0,0,ok,,
2735,,,,pyca__pyopenssl.04766a49.func_pm_remove_assign__2j27akkq.w24c0l1f,4,pyca__pyopenssl.04766a49.func_pm_remove_assign__2j27akkq.w24c0l1f,10035,True,1339,503,0,0,0,0,0.0,,0,0,400000,400000,0,0,0,ok,,
2736,,,,pyca__pyopenssl.04766a49.func_pm_remove_assign__2j27akkq.w24c0l1f,5,pyca__pyopenssl.04766a49.func_pm_remove_assign__2j27akkq.w24c0l1f,11877,True,20,37,0,0,0,0,0.0,,0,0,500000,500000,0,0,0,ok,,
2737,,,,pyca__pyopenssl.04766a49.func_pm_remove_assign__2j27akkq.w24c0l1f,6,pyca__pyopenssl.04766a49.func_pm_remove_assign__2j27akkq.w24c0l1f,11934,True,252,402,0,0,0,0,0.0,,0,0,600000,600000,0,0,0,ok,,
2738,,,,pyca__pyopenssl.04766a49.func_pm_remove_assign__2j27akkq.w24c0l1f,7,pyca__pyopenssl.04766a49.func_pm_remove_assign__2j27akkq.w24c0l1f,12588,True,421,84,0,0,0,0,0.0,,0,0,700000,700000,0,0,0,ok,,
2739,,,,pyca__pyopenssl.04766a49.func_pm_remove_assign__2j27akkq.w24c0l1f,8,pyca__pyopenssl.04766a49.func_pm_remove_assign__2j27akkq.w24c0l1f,13093,True,1954,1505,0,0,0,0,0.0,,0,0,800000,800000,0,0,0,ok,,
2740,,,,pyca__pyopenssl.04766a49.func_pm_remove_assign__2j27akkq.w24c0l1f,9,pyca__pyopenssl.04766a49.func_pm_remove_assign__2j27akkq.w24c0l1f,16552,True,19,35,0,0,0,0,0.0,,0,0,900000,900000,0,0,0,ok,,
2741,,,,pyca__pyopenssl.04766a49.func_pm_remove_assign__2j27akkq.w24c0l1f,10,pyca__pyopenssl.04766a49.func_pm_remove_assign__2j27akkq.w24c0l1f,16606,True,4010,229,0,0,0,0,0.0,,0,0,1000000,1000000,0,0,0,ok,,
2742,,,,pyca__pyopenssl.04766a49.func_pm_remove_assign__2j27akkq.w24c0l1f,11,pyca__pyopenssl.04766a49.func_pm_remove_assign__2j27akkq.w24c0l1f,20845,True,2751,49,0,0,0,0,0.0,,0,0,1100000,1100000,0,0,0,ok,,
2743,,,,pyca__pyopenssl.04766a49.func_pm_remove_assign__2j27akkq.w24c0l1f,12,pyca__pyopenssl.04766a49.func_pm_remove_assign__2j27akkq.w24c0l1f,23645,True,11,14,0,0,0,0,0.0,,0,0,1200000,1200000,0,0,0,ok,,
2744,,,,scrapy__scrapy.35212ec5.pr_5705.h1s6dyem,0,swe_smith_system_prompt,924,True,2679,72,0,0,0,0,0.0,,0,0,0,0,0,0,0,ok,,
2745,,,,scrapy__scrapy.35212ec5.pr_5705.h1s6dyem,1,scrapy__scrapy.35212ec5.pr_5705.h1s6dyem,3675,True,2504,119,0,0,0,0,0.0,,0,0,100000,100000,0,0,0,ok,,
2746,,,,scrapy__scrapy.35212ec5.pr_5705.h1s6dyem,2,scrapy__scrapy.35212ec5.pr_5705.h1s6dyem,6298,True,5786,38,0,0,0,0,0.0,,0,0,200000,200000,0,0,0,ok,,
2747,,,,scrapy__scrapy.35212ec5.pr_5705.h1s6dyem,3,scrapy__scrapy.35212ec5.pr_5705.h1s6dyem,12122,True,5522,457,0,0,0,0,0.0,,0,0,300000,300000,0,0,0,ok,,
2748,,,,scrapy__scrapy.35212ec5.pr_5705.h1s6dyem,4,scrapy__scrapy.35212ec5.pr_5705.h1s6dyem,18101,True,23,29,0,0,0,0,0.0,,0,0,400000,400000,0,0,0,ok,,
2749,,,,scrapy__scrapy.35212ec5.pr_5705.h1s6dyem,5,scrapy__scrapy.35212ec5.pr_5705.h1s6dyem,18153,True,184,581,0,0,0,0,0.0,,0,0,500000,500000,0,0,0,ok,,
2750,,,,scrapy__scrapy.35212ec5.pr_5705.h1s6dyem,6,scrapy__scrapy.35212ec5.pr_5705.h1s6dyem,18918,True,579,148,0,0,0,0,0.0,,0,0,600000,600000,0,0,0,ok,,
2751,,,,scrapy__scrapy.35212ec5.pr_5705.h1s6dyem,7,scrapy__scrapy.35212ec5.pr_5705.h1s6dyem,19645,True,265,276,0,0,0,0,0.0,,0,0,700000,700000,0,0,0,ok,,
2752,,,,scrapy__scrapy.35212ec5.pr_5705.h1s6dyem,8,scrapy__scrapy.35212ec5.pr_5705.h1s6dyem,20186,True,393,351,0,0,0,0,0.0,,0,0,800000,800000,0,0,0,ok,,
2753,,,,scrapy__scrapy.35212ec5.pr_5705.h1s6dyem,9,scrapy__scrapy.35212ec5.pr_5705.h1s6dyem,20930,True,461,29,0,0,0,0,0.0,,0,0,900000,900000,0,0,0,ok,,
2754,,,,scrapy__scrapy.35212ec5.pr_5705.h1s6dyem,10,scrapy__scrapy.35212ec5.pr_5705.h1s6dyem,21420,True,184,34,0,0,0,0,0.0,,0,0,1000000,1000000,0,0,0,ok,,
2755,,,,life4__textdistance.c3aca916.lm_rewrite__9v6u6jmp.85nuqi8m,0,swe_smith_system_prompt,924,True,588,87,0,0,0,0,0.0,,0,0,0,0,0,0,0,ok,,
2756,,,,life4__textdistance.c3aca916.lm_rewrite__9v6u6jmp.85nuqi8m,1,life4__textdistance.c3aca916.lm_rewrite__9v6u6jmp.85nuqi8m,1599,True,18,59,0,0,0,0,0.0,,0,0,100000,100000,0,0,0,ok,,
2757,,,,life4__textdistance.c3aca916.lm_rewrite__9v6u6jmp.85nuqi8m,2,life4__textdistance.c3aca916.lm_rewrite__9v6u6jmp.85nuqi8m,1676,True,4436,52,0,0,0,0,0.0,,0,0,200000,200000,0,0,0,ok,,
2758,,,,life4__textdistance.c3aca916.lm_rewrite__9v6u6jmp.85nuqi8m,3,life4__textdistance.c3aca916.lm_rewrite__9v6u6jmp.85nuqi8m,6164,True,2671,52,0,0,0,0,0.0,,0,0,300000,300000,0,0,0,ok,,
2759,,,,life4__textdistance.c3aca916.lm_rewrite__9v6u6jmp.85nuqi8m,4,life4__textdistance.c3aca916.lm_rewrite__9v6u6jmp.85nuqi8m,8887,True,261,54,0,0,0,0,0.0,,0,0,400000,400000,0,0,0,ok,,
2760,,,,life4__textdistance.c3aca916.lm_rewrite__9v6u6jmp.85nuqi8m,5,life4__textdistance.c3aca916.lm_rewrite__9v6u6jmp.85nuqi8m,9202,True,156,225,0,0,0,0,0.0,,0,0,500000,500000,0,0,0,ok,,
2761,,,,life4__textdistance.c3aca916.lm_rewrite__9v6u6jmp.85nuqi8m,6,life4__textdistance.c3aca916.lm_rewrite__9v6u6jmp.85nuqi8m,9583,True,21,37,0,0,0,0,0.0,,0,0,600000,600000,0,0,0,ok,,
2762,,,,life4__textdistance.c3aca916.lm_rewrite__9v6u6jmp.85nuqi8m,7,life4__textdistance.c3aca916.lm_rewrite__9v6u6jmp.85nuqi8m,9641,True,73,857,0,0,0,0,0.0,,0,0,700000,700000,0,0,0,ok,,
2763,,,,life4__textdistance.c3aca916.lm_rewrite__9v6u6jmp.85nuqi8m,8,life4__textdistance.c3aca916.lm_rewrite__9v6u6jmp.85nuqi8m,10571,True,1060,43,0,0,0,0,0.0,,0,0,800000,800000,0,0,0,ok,,
2764,,,,life4__textdistance.c3aca916.lm_rewrite__9v6u6jmp.85nuqi8m,9,life4__textdistance.c3aca916.lm_rewrite__9v6u6jmp.85nuqi8m,11674,True,261,1418,0,0,0,0,0.0,,0,0,900000,900000,0,0,0,ok,,
2765,,,,life4__textdistance.c3aca916.lm_rewrite__9v6u6jmp.85nuqi8m,10,life4__textdistance.c3aca916.lm_rewrite__9v6u6jmp.85nuqi8m,13353,True,1120,42,0,0,0,0,0.0,,0,0,1000000,1000000,0,0,0,ok,,
2766,,,,life4__textdistance.c3aca916.lm_rewrite__9v6u6jmp.85nuqi8m,11,life4__textdistance.c3aca916.lm_rewrite__9v6u6jmp.85nuqi8m,14515,True,652,1734,0,0,0,0,0.0,,0,0,1100000,1100000,0,0,0,ok,,
2767,,,,life4__textdistance.c3aca916.lm_rewrite__9v6u6jmp.85nuqi8m,12,life4__textdistance.c3aca916.lm_rewrite__9v6u6jmp.85nuqi8m,16901,True,1388,394,0,0,0,0,0.0,,0,0,1200000,1200000,0,0,0,ok,,
2768,,,,life4__textdistance.c3aca916.lm_rewrite__9v6u6jmp.85nuqi8m,13,life4__textdistance.c3aca916.lm_rewrite__9v6u6jmp.85nuqi8m,18683,True,424,34,0,0,0,0,0.0,,0,0,1300000,1300000,0,0,0,ok,,
2769,,,,life4__textdistance.c3aca916.lm_rewrite__9v6u6jmp.85nuqi8m,14,life4__textdistance.c3aca916.lm_rewrite__9v6u6jmp.85nuqi8m,19141,True,585,1304,0,0,0,0,0.0,,0,0,1400000,1400000,0,0,0,ok,,
2770,,,,life4__textdistance.c3aca916.lm_rewrite__9v6u6jmp.85nuqi8m,15,life4__textdistance.c3aca916.lm_rewrite__9v6u6jmp.85nuqi8m,21030,True,20,34,0,0,0,0,0.0,,0,0,1500000,1500000,0,0,0,ok,,
2771,,,,life4__textdistance.c3aca916.lm_rewrite__9v6u6jmp.85nuqi8m,16,life4__textdistance.c3aca916.lm_rewrite__9v6u6jmp.85nuqi8m,21084,True,2482,1593,0,0,0,0,0.0,,0,0,1600000,1600000,0,0,0,ok,,
2772,,,,life4__textdistance.c3aca916.lm_rewrite__9v6u6jmp.85nuqi8m,17,life4__textdistance.c3aca916.lm_rewrite__9v6u6jmp.85nuqi8m,25159,True,804,62,0,0,0,0,0.0,,0,0,1700000,1700000,0,0,0,ok,,
2773,,,,life4__textdistance.c3aca916.lm_rewrite__9v6u6jmp.85nuqi8m,18,life4__textdistance.c3aca916.lm_rewrite__9v6u6jmp.85nuqi8m,26025,True,2482,581,0,0,0,0,0.0,,0,0,1800000,1800000,0,0,0,ok,,
2774,,,,life4__textdistance.c3aca916.lm_rewrite__9v6u6jmp.85nuqi8m,19,life4__textdistance.c3aca916.lm_rewrite__9v6u6jmp.85nuqi8m,29088,True,21,39,0,0,0,0,0.0,,0,0,1900000,1900000,0,0,0,ok,,
2775,,,,life4__textdistance.c3aca916.lm_rewrite__9v6u6jmp.85nuqi8m,20,life4__textdistance.c3aca916.lm_rewrite__9v6u6jmp.85nuqi8m,29148,True,164,1007,0,0,0,0,0.0,,0,0,2000000,2000000,0,0,0,ok,,
2776,,,,life4__textdistance.c3aca916.lm_rewrite__9v6u6jmp.85nuqi8m,21,life4__textdistance.c3aca916.lm_rewrite__9v6u6jmp.85nuqi8m,30319,True,19,38,0,0,0,0,0.0,,0,0,2100000,2100000,0,0,0,ok,,
2777,,,,life4__textdistance.c3aca916.lm_rewrite__9v6u6jmp.85nuqi8m,22,life4__textdistance.c3aca916.lm_rewrite__9v6u6jmp.85nuqi8m,30376,True,1089,961,0,0,0,0,0.0,,0,0,2200000,2200000,0,0,0,ok,,
2778,,,,life4__textdistance.c3aca916.lm_rewrite__9v6u6jmp.85nuqi8m,23,life4__textdistance.c3aca916.lm_rewrite__9v6u6jmp.85nuqi8m,32426,True,872,45,0,0,0,0,0.0,,0,0,2300000,2300000,0,0,0,ok,,
2779,,,,life4__textdistance.c3aca916.lm_rewrite__9v6u6jmp.85nuqi8m,24,life4__textdistance.c3aca916.lm_rewrite__9v6u6jmp.85nuqi8m,33343,True,1085,68,0,0,0,0,0.0,,0,0,2400000,2400000,0,0,0,ok,,
2780,,,,life4__textdistance.c3aca916.lm_rewrite__9v6u6jmp.85nuqi8m,25,life4__textdistance.c3aca916.lm_rewrite__9v6u6jmp.85nuqi8m,34496,True,164,216,0,0,0,0,0.0,,0,0,2500000,2500000,0,0,0,ok,,
2781,,,,life4__textdistance.c3aca916.lm_rewrite__9v6u6jmp.85nuqi8m,26,life4__textdistance.c3aca916.lm_rewrite__9v6u6jmp.85nuqi8m,34876,True,5068,63,0,0,0,0,0.0,,0,0,2600000,2600000,0,0,0,ok,,
2782,,,,life4__textdistance.c3aca916.lm_rewrite__9v6u6jmp.85nuqi8m,27,life4__textdistance.c3aca916.lm_rewrite__9v6u6jmp.85nuqi8m,40007,True,11,8,0,0,0,0,0.0,,0,0,2700000,2700000,0,0,0,ok,,
2783,,,,tox-dev__pipdeptree.c31b6418.86.2s12i3oe,0,swe_smith_system_prompt,924,True,546,86,0,0,0,0,0.0,,0,0,0,0,0,0,0,ok,,
2784,,,,tox-dev__pipdeptree.c31b6418.86.2s12i3oe,1,tox-dev__pipdeptree.c31b6418.86.2s12i3oe,1556,True,18,50,0,0,0,0,0.0,,0,0,100000,100000,0,0,0,ok,,
2785,,,,tox-dev__pipdeptree.c31b6418.86.2s12i3oe,2,tox-dev__pipdeptree.c31b6418.86.2s12i3oe,1624,True,2024,466,0,0,0,0,0.0,,0,0,200000,200000,0,0,0,ok,,
2786,,,,tox-dev__pipdeptree.c31b6418.86.2s12i3oe,3,tox-dev__pipdeptree.c31b6418.86.2s12i3oe,4114,True,18,35,0,0,0,0,0.0,,0,0,300000,300000,0,0,0,ok,,
2787,,,,tox-dev__pipdeptree.c31b6418.86.2s12i3oe,4,tox-dev__pipdeptree.c31b6418.86.2s12i3oe,4167,True,99,801,0,0,0,0,0.0,,0,0,400000,400000,0,0,0,ok,,
2788,,,,tox-dev__pipdeptree.c31b6418.86.2s12i3oe,5,tox-dev__pipdeptree.c31b6418.86.2s12i3oe,5067,True,721,151,0,0,0,0,0.0,,0,0,500000,500000,0,0,0,ok,,
2789,,,,tox-dev__pipdeptree.c31b6418.86.2s12i3oe,6,tox-dev__pipdeptree.c31b6418.86.2s12i3oe,5939,True,121,309,0,0,0,0,0.0,,0,0,600000,600000,0,0,0,ok,,
2790,,,,mahmoud__glom.fb3c4e76.lm_rewrite__c2jyxhuv.0bb11ym7,0,swe_smith_system_prompt,924,True,484,95,0,0,0,0,0.0,,0,0,0,0,0,0,0,ok,,
2791,,,,mahmoud__glom.fb3c4e76.lm_rewrite__c2jyxhuv.0bb11ym7,1,mahmoud__glom.fb3c4e76.lm_rewrite__c2jyxhuv.0bb11ym7,1503,True,342,52,0,0,0,0,0.0,,0,0,100000,100000,0,0,0,ok,,
2792,,,,mahmoud__glom.fb3c4e76.lm_rewrite__c2jyxhuv.0bb11ym7,2,mahmoud__glom.fb3c4e76.lm_rewrite__c2jyxhuv.0bb11ym7,1897,True,109,65,0,0,0,0,0.0,,0,0,200000,200000,0,0,0,ok,,
2793,,,,mahmoud__glom.fb3c4e76.lm_rewrite__c2jyxhuv.0bb11ym7,3,mahmoud__glom.fb3c4e76.lm_rewrite__c2jyxhuv.0bb11ym7,2071,True,6493,49,0,0,0,0,0.0,,0,0,300000,300000,0,0,0,ok,,
2794,,,,mahmoud__glom.fb3c4e76.lm_rewrite__c2jyxhuv.0bb11ym7,4,mahmoud__glom.fb3c4e76.lm_rewrite__c2jyxhuv.0bb11ym7,8613,True,93,63,0,0,0,0,0.0,,0,0,400000,400000,0,0,0,ok,,
2795,,,,mahmoud__glom.fb3c4e76.lm_rewrite__c2jyxhuv.0bb11ym7,5,mahmoud__glom.fb3c4e76.lm_rewrite__c2jyxhuv.0bb11ym7,8769,True,597,156,0,0,0,0,0.0,,0,0,500000,500000,0,0,0,ok,,
2796,,,,mahmoud__glom.fb3c4e76.lm_rewrite__c2jyxhuv.0bb11ym7,6,mahmoud__glom.fb3c4e76.lm_rewrite__c2jyxhuv.0bb11ym7,9522,True,19,38,0,0,0,0,0.0,,0,0,600000,600000,0,0,0,ok,,
2797,,,,mahmoud__glom.fb3c4e76.lm_rewrite__c2jyxhuv.0bb11ym7,7,mahmoud__glom.fb3c4e76.lm_rewrite__c2jyxhuv.0bb11ym7,9579,True,393,121,0,0,0,0,0.0,,0,0,700000,700000,0,0,0,ok,,
2798,,,,mahmoud__glom.fb3c4e76.lm_rewrite__c2jyxhuv.0bb11ym7,8,mahmoud__glom.fb3c4e76.lm_rewrite__c2jyxhuv.0bb11ym7,10093,True,416,74,0,0,0,0,0.0,,0,0,800000,800000,0,0,0,ok,,
2799,,,,mahmoud__glom.fb3c4e76.lm_rewrite__c2jyxhuv.0bb11ym7,9,mahmoud__glom.fb3c4e76.lm_rewrite__c2jyxhuv.0bb11ym7,10583,True,352,77,0,0,0,0,0.0,,0,0,900000,900000,0,0,0,ok,,
2800,,,,mahmoud__glom.fb3c4e76.lm_rewrite__c2jyxhuv.0bb11ym7,10,mahmoud__glom.fb3c4e76.lm_rewrite__c2jyxhuv.0bb11ym7,11012,True,315,811,0,0,0,0,0.0,,0,0,1000000,1000000,0,0,0,ok,,
2801,,,,mahmoud__glom.fb3c4e76.lm_rewrite__c2jyxhuv.0bb11ym7,11,mahmoud__glom.fb3c4e76.lm_rewrite__c2jyxhuv.0bb11ym7,12138,True,847,50,0,0,0,0,0.0,,0,0,1100000,1100000,0,0,0,ok,,
2802,,,,mahmoud__glom.fb3c4e76.lm_rewrite__c2jyxhuv.0bb11ym7,12,mahmoud__glom.fb3c4e76.lm_rewrite__c2jyxhuv.0bb11ym7,13035,True,345,100,0,0,0,0,0.0,,0,0,1200000,1200000,0,0,0,ok,,
2803,,,,mahmoud__glom.fb3c4e76.lm_rewrite__c2jyxhuv.0bb11ym7,13,mahmoud__glom.fb3c4e76.lm_rewrite__c2jyxhuv.0bb11ym7,13480,True,896,1069,0,0,0,0,0.0,,0,0,1300000,1300000,0,0,0,ok,,
2804,,,,mahmoud__glom.fb3c4e76.lm_rewrite__c2jyxhuv.0bb11ym7,14,mahmoud__glom.fb3c4e76.lm_rewrite__c2jyxhuv.0bb11ym7,15445,True,1051,32,0,0,0,0,0.0,,0,0,1400000,1400000,0,0,0,ok,,
2805,,,,mahmoud__glom.fb3c4e76.lm_rewrite__c2jyxhuv.0bb11ym7,15,mahmoud__glom.fb3c4e76.lm_rewrite__c2jyxhuv.0bb11ym7,16528,True,94,411,0,0,0,0,0.0,,0,0,1500000,1500000,0,0,0,ok,,
2806,,,,mahmoud__glom.fb3c4e76.lm_rewrite__c2jyxhuv.0bb11ym7,16,mahmoud__glom.fb3c4e76.lm_rewrite__c2jyxhuv.0bb11ym7,17033,True,19,27,0,0,0,0,0.0,,0,0,1600000,1600000,0,0,0,ok,,
2807,,,,mahmoud__glom.fb3c4e76.lm_rewrite__c2jyxhuv.0bb11ym7,17,mahmoud__glom.fb3c4e76.lm_rewrite__c2jyxhuv.0bb11ym7,17079,True,276,214,0,0,0,0,0.0,,0,0,1700000,1700000,0,0,0,ok,,
2808,,,,mahmoud__glom.fb3c4e76.lm_rewrite__c2jyxhuv.0bb11ym7,18,mahmoud__glom.fb3c4e76.lm_rewrite__c2jyxhuv.0bb11ym7,17569,True,1869,43,0,0,0,0,0.0,,0,0,1800000,1800000,0,0,0,ok,,
2809,,,,mahmoud__glom.fb3c4e76.lm_rewrite__c2jyxhuv.0bb11ym7,19,mahmoud__glom.fb3c4e76.lm_rewrite__c2jyxhuv.0bb11ym7,19481,True,11,8,0,0,0,0,0.0,,0,0,1900000,1900000,0,0,0,ok,,
2810,,,,luozhouyang__python-string-similarity.115acaac.func_pm_ctrl_shuffle__llhbww8d.jp4fdvha,0,swe_smith_system_prompt,924,True,504,99,0,0,0,0,0.0,,0,0,0,0,0,0,0,ok,,
2811,,,,luozhouyang__python-string-similarity.115acaac.func_pm_ctrl_shuffle__llhbww8d.jp4fdvha,1,luozhouyang__python-string-similarity.115acaac.func_pm_ctrl_shuffle__llhbww8d.jp4fdvha,1527,True,480,67,0,0,0,0,0.0,,0,0,100000,100000,0,0,0,ok,,
2812,,,,luozhouyang__python-string-similarity.115acaac.func_pm_ctrl_shuffle__llhbww8d.jp4fdvha,2,luozhouyang__python-string-similarity.115acaac.func_pm_ctrl_shuffle__llhbww8d.jp4fdvha,2074,True,956,54,0,0,0,0,0.0,,0,0,200000,200000,0,0,0,ok,,
2813,,,,luozhouyang__python-string-similarity.115acaac.func_pm_ctrl_shuffle__llhbww8d.jp4fdvha,3,luozhouyang__python-string-similarity.115acaac.func_pm_ctrl_shuffle__llhbww8d.jp4fdvha,3084,True,771,58,0,0,0,0,0.0,,0,0,300000,300000,0,0,0,ok,,
2814,,,,luozhouyang__python-string-similarity.115acaac.func_pm_ctrl_shuffle__llhbww8d.jp4fdvha,4,luozhouyang__python-string-similarity.115acaac.func_pm_ctrl_shuffle__llhbww8d.jp4fdvha,3913,True,834,167,0,0,0,0,0.0,,0,0,400000,400000,0,0,0,ok,,
2815,,,,luozhouyang__python-string-similarity.115acaac.func_pm_ctrl_shuffle__llhbww8d.jp4fdvha,5,luozhouyang__python-string-similarity.115acaac.func_pm_ctrl_shuffle__llhbww8d.jp4fdvha,4914,True,19,36,0,0,0,0,0.0,,0,0,500000,500000,0,0,0,ok,,
2816,,,,luozhouyang__python-string-similarity.115acaac.func_pm_ctrl_shuffle__llhbww8d.jp4fdvha,6,luozhouyang__python-string-similarity.115acaac.func_pm_ctrl_shuffle__llhbww8d.jp4fdvha,4969,True,22,353,0,0,0,0,0.0,,0,0,600000,600000,0,0,0,ok,,
2817,,,,luozhouyang__python-string-similarity.115acaac.func_pm_ctrl_shuffle__llhbww8d.jp4fdvha,7,luozhouyang__python-string-similarity.115acaac.func_pm_ctrl_shuffle__llhbww8d.jp4fdvha,5344,True,332,135,0,0,0,0,0.0,,0,0,700000,700000,0,0,0,ok,,
2818,,,,luozhouyang__python-string-similarity.115acaac.func_pm_ctrl_shuffle__llhbww8d.jp4fdvha,8,luozhouyang__python-string-similarity.115acaac.func_pm_ctrl_shuffle__llhbww8d.jp4fdvha,5811,True,17,616,0,0,0,0,0.0,,0,0,800000,800000,0,0,0,ok,,
2819,,,,luozhouyang__python-string-similarity.115acaac.func_pm_ctrl_shuffle__llhbww8d.jp4fdvha,9,luozhouyang__python-string-similarity.115acaac.func_pm_ctrl_shuffle__llhbww8d.jp4fdvha,6444,True,19,35,0,0,0,0,0.0,,0,0,900000,900000,0,0,0,ok,,
2820,,,,luozhouyang__python-string-similarity.115acaac.func_pm_ctrl_shuffle__llhbww8d.jp4fdvha,10,luozhouyang__python-string-similarity.115acaac.func_pm_ctrl_shuffle__llhbww8d.jp4fdvha,6498,True,113,140,0,0,0,0,0.0,,0,0,1000000,1000000,0,0,0,ok,,
2821,,,,luozhouyang__python-string-similarity.115acaac.func_pm_ctrl_shuffle__llhbww8d.jp4fdvha,11,luozhouyang__python-string-similarity.115acaac.func_pm_ctrl_shuffle__llhbww8d.jp4fdvha,6751,True,109,243,0,0,0,0,0.0,,0,0,1100000,1100000,0,0,0,ok,,
2822,,,,luozhouyang__python-string-similarity.115acaac.func_pm_ctrl_shuffle__llhbww8d.jp4fdvha,12,luozhouyang__python-string-similarity.115acaac.func_pm_ctrl_shuffle__llhbww8d.jp4fdvha,7103,True,1469,49,0,0,0,0,0.0,,0,0,1200000,1200000,0,0,0,ok,,
2823,,,,luozhouyang__python-string-similarity.115acaac.func_pm_ctrl_shuffle__llhbww8d.jp4fdvha,13,luozhouyang__python-string-similarity.115acaac.func_pm_ctrl_shuffle__llhbww8d.jp4fdvha,8621,True,11,14,0,0,0,0,0.0,,0,0,1300000,1300000,0,0,0,ok,,
2824,,,,marshmallow-code__marshmallow.9716fc62.lm_rewrite__zlhsjbno.ssn48dpy,0,swe_smith_system_prompt,924,True,434,102,0,0,0,0,0.0,,0,0,0,0,0,0,0,ok,,
2825,,,,marshmallow-code__marshmallow.9716fc62.lm_rewrite__zlhsjbno.ssn48dpy,1,marshmallow-code__marshmallow.9716fc62.lm_rewrite__zlhsjbno.ssn48dpy,1460,True,383,62,0,0,0,0,0.0,,0,0,100000,100000,0,0,0,ok,,
2826,,,,marshmallow-code__marshmallow.9716fc62.lm_rewrite__zlhsjbno.ssn48dpy,2,marshmallow-code__marshmallow.9716fc62.lm_rewrite__zlhsjbno.ssn48dpy,1905,True,6111,57,0,0,0,0,0.0,,0,0,200000,200000,0,0,0,ok,,
2827,,,,marshmallow-code__marshmallow.9716fc62.lm_rewrite__zlhsjbno.ssn48dpy,3,marshmallow-code__marshmallow.9716fc62.lm_rewrite__zlhsjbno.ssn48dpy,8073,True,45,65,0,0,0,0,0.0,,0,0,300000,300000,0,0,0,ok,,
2828,,,,marshmallow-code__marshmallow.9716fc62.lm_rewrite__zlhsjbno.ssn48dpy,4,marshmallow-code__marshmallow.9716fc62.lm_rewrite__zlhsjbno.ssn48dpy,8183,True,191,72,0,0,0,0,0.0,,0,0,400000,400000,0,0,0,ok,,
2829,,,,marshmallow-code__marshmallow.9716fc62.lm_rewrite__zlhsjbno.ssn48dpy,5,marshmallow-code__marshmallow.9716fc62.lm_rewrite__zlhsjbno.ssn48dpy,8446,True,211,72,0,0,0,0,0.0,,0,0,500000,500000,0,0,0,ok,,
2830,,,,marshmallow-code__marshmallow.9716fc62.lm_rewrite__zlhsjbno.ssn48dpy,6,marshmallow-code__marshmallow.9716fc62.lm_rewrite__zlhsjbno.ssn48dpy,8729,True,71,78,0,0,0,0,0.0,,0,0,600000,600000,0,0,0,ok,,
2831,,,,marshmallow-code__marshmallow.9716fc62.lm_rewrite__zlhsjbno.ssn48dpy,7,marshmallow-code__marshmallow.9716fc62.lm_rewrite__zlhsjbno.ssn48dpy,8878,True,284,220,0,0,0,0,0.0,,0,0,700000,700000,0,0,0,ok,,
2832,,,,marshmallow-code__marshmallow.9716fc62.lm_rewrite__zlhsjbno.ssn48dpy,8,marshmallow-code__marshmallow.9716fc62.lm_rewrite__zlhsjbno.ssn48dpy,9382,True,19,35,0,0,0,0,0.0,,0,0,800000,800000,0,0,0,ok,,
2833,,,,marshmallow-code__marshmallow.9716fc62.lm_rewrite__zlhsjbno.ssn48dpy,9,marshmallow-code__marshmallow.9716fc62.lm_rewrite__zlhsjbno.ssn48dpy,9436,True,37,192,0,0,0,0,0.0,,0,0,900000,900000,0,0,0,ok,,
2834,,,,marshmallow-code__marshmallow.9716fc62.lm_rewrite__zlhsjbno.ssn48dpy,10,marshmallow-code__marshmallow.9716fc62.lm_rewrite__zlhsjbno.ssn48dpy,9665,True,264,55,0,0,0,0,0.0,,0,0,1000000,1000000,0,0,0,ok,,
2835,,,,marshmallow-code__marshmallow.9716fc62.lm_rewrite__zlhsjbno.ssn48dpy,11,marshmallow-code__marshmallow.9716fc62.lm_rewrite__zlhsjbno.ssn48dpy,9984,True,20,471,0,0,0,0,0.0,,0,0,1100000,1100000,0,0,0,ok,,
2836,,,,marshmallow-code__marshmallow.9716fc62.lm_rewrite__zlhsjbno.ssn48dpy,12,marshmallow-code__marshmallow.9716fc62.lm_rewrite__zlhsjbno.ssn48dpy,10475,True,19,35,0,0,0,0,0.0,,0,0,1200000,1200000,0,0,0,ok,,
2837,,,,marshmallow-code__marshmallow.9716fc62.lm_rewrite__zlhsjbno.ssn48dpy,13,marshmallow-code__marshmallow.9716fc62.lm_rewrite__zlhsjbno.ssn48dpy,10529,True,106,141,0,0,0,0,0.0,,0,0,1300000,1300000,0,0,0,ok,,
2838,,,,marshmallow-code__marshmallow.9716fc62.lm_rewrite__zlhsjbno.ssn48dpy,14,marshmallow-code__marshmallow.9716fc62.lm_rewrite__zlhsjbno.ssn48dpy,10776,True,61,64,0,0,0,0,0.0,,0,0,1400000,1400000,0,0,0,ok,,
2839,,,,marshmallow-code__marshmallow.9716fc62.lm_rewrite__zlhsjbno.ssn48dpy,15,marshmallow-code__marshmallow.9716fc62.lm_rewrite__zlhsjbno.ssn48dpy,10901,True,163,66,0,0,0,0,0.0,,0,0,1500000,1500000,0,0,0,ok,,
2840,,,,marshmallow-code__marshmallow.9716fc62.lm_rewrite__zlhsjbno.ssn48dpy,16,marshmallow-code__marshmallow.9716fc62.lm_rewrite__zlhsjbno.ssn48dpy,11130,True,296,92,0,0,0,0,0.0,,0,0,1600000,1600000,0,0,0,ok,,
2841,,,,marshmallow-code__marshmallow.9716fc62.lm_rewrite__zlhsjbno.ssn48dpy,17,marshmallow-code__marshmallow.9716fc62.lm_rewrite__zlhsjbno.ssn48dpy,11518,True,17,51,0,0,0,0,0.0,,0,0,1700000,1700000,0,0,0,ok,,
2842,,,,marshmallow-code__marshmallow.9716fc62.lm_rewrite__zlhsjbno.ssn48dpy,18,marshmallow-code__marshmallow.9716fc62.lm_rewrite__zlhsjbno.ssn48dpy,11586,True,233,55,0,0,0,0,0.0,,0,0,1800000,1800000,0,0,0,ok,,
2843,,,,marshmallow-code__marshmallow.9716fc62.lm_rewrite__zlhsjbno.ssn48dpy,19,marshmallow-code__marshmallow.9716fc62.lm_rewrite__zlhsjbno.ssn48dpy,11874,True,22,51,0,0,0,0,0.0,,0,0,1900000,1900000,0,0,0,ok,,
2844,,,,marshmallow-code__marshmallow.9716fc62.lm_rewrite__zlhsjbno.ssn48dpy,20,marshmallow-code__marshmallow.9716fc62.lm_rewrite__zlhsjbno.ssn48dpy,11947,True,133,217,0,0,0,0,0.0,,0,0,2000000,2000000,0,0,0,ok,,
2845,,,,marshmallow-code__marshmallow.9716fc62.lm_rewrite__zlhsjbno.ssn48dpy,21,marshmallow-code__marshmallow.9716fc62.lm_rewrite__zlhsjbno.ssn48dpy,12297,True,1140,44,0,0,0,0,0.0,,0,0,2100000,2100000,0,0,0,ok,,
2846,,,,marshmallow-code__marshmallow.9716fc62.lm_rewrite__zlhsjbno.ssn48dpy,22,marshmallow-code__marshmallow.9716fc62.lm_rewrite__zlhsjbno.ssn48dpy,13481,True,11,8,0,0,0,0,0.0,,0,0,2200000,2200000,0,0,0,ok,,
2847,,,,mahmoud__boltons.3bfcfdd0.func_pm_ctrl_invert_if__548m4o51.efjijkl1,0,swe_smith_system_prompt,924,True,434,105,0,0,0,0,0.0,,0,0,0,0,0,0,0,ok,,
2848,,,,mahmoud__boltons.3bfcfdd0.func_pm_ctrl_invert_if__548m4o51.efjijkl1,1,mahmoud__boltons.3bfcfdd0.func_pm_ctrl_invert_if__548m4o51.efjijkl1,1463,True,666,69,0,0,0,0,0.0,,0,0,100000,100000,0,0,0,ok,,
2849,,,,mahmoud__boltons.3bfcfdd0.func_pm_ctrl_invert_if__548m4o51.efjijkl1,2,mahmoud__boltons.3bfcfdd0.func_pm_ctrl_invert_if__548m4o51.efjijkl1,2198,True,5337,66,0,0,0,0,0.0,,0,0,200000,200000,0,0,0,ok,,
2850,,,,mahmoud__boltons.3bfcfdd0.func_pm_ctrl_invert_if__548m4o51.efjijkl1,3,mahmoud__boltons.3bfcfdd0.func_pm_ctrl_invert_if__548m4o51.efjijkl1,7601,True,531,66,0,0,0,0,0.0,,0,0,300000,300000,0,0,0,ok,,
2851,,,,mahmoud__boltons.3bfcfdd0.func_pm_ctrl_invert_if__548m4o51.efjijkl1,4,mahmoud__boltons.3bfcfdd0.func_pm_ctrl_invert_if__548m4o51.efjijkl1,8198,True,1143,193,0,0,0,0,0.0,,0,0,400000,400000,0,0,0,ok,,
2852,,,,mahmoud__boltons.3bfcfdd0.func_pm_ctrl_invert_if__548m4o51.efjijkl1,5,mahmoud__boltons.3bfcfdd0.func_pm_ctrl_invert_if__548m4o51.efjijkl1,9534,True,19,35,0,0,0,0,0.0,,0,0,500000,500000,0,0,0,ok,,
2853,,,,mahmoud__boltons.3bfcfdd0.func_pm_ctrl_invert_if__548m4o51.efjijkl1,6,mahmoud__boltons.3bfcfdd0.func_pm_ctrl_invert_if__548m4o51.efjijkl1,9588,True,196,424,0,0,0,0,0.0,,0,0,600000,600000,0,0,0,ok,,
2854,,,,mahmoud__boltons.3bfcfdd0.func_pm_ctrl_invert_if__548m4o51.efjijkl1,7,mahmoud__boltons.3bfcfdd0.func_pm_ctrl_invert_if__548m4o51.efjijkl1,10208,True,314,54,0,0,0,0,0.0,,0,0,700000,700000,0,0,0,ok,,
2855,,,,mahmoud__boltons.3bfcfdd0.func_pm_ctrl_invert_if__548m4o51.efjijkl1,8,mahmoud__boltons.3bfcfdd0.func_pm_ctrl_invert_if__548m4o51.efjijkl1,10576,True,36,400,0,0,0,0,0.0,,0,0,800000,800000,0,0,0,ok,,
2856,,,,mahmoud__boltons.3bfcfdd0.func_pm_ctrl_invert_if__548m4o51.efjijkl1,9,mahmoud__boltons.3bfcfdd0.func_pm_ctrl_invert_if__548m4o51.efjijkl1,11012,True,19,34,0,0,0,0,0.0,,0,0,900000,900000,0,0,0,ok,,
2857,,,,mahmoud__boltons.3bfcfdd0.func_pm_ctrl_invert_if__548m4o51.efjijkl1,10,mahmoud__boltons.3bfcfdd0.func_pm_ctrl_invert_if__548m4o51.efjijkl1,11065,True,181,395,0,0,0,0,0.0,,0,0,1000000,1000000,0,0,0,ok,,
2858,,,,mahmoud__boltons.3bfcfdd0.func_pm_ctrl_invert_if__548m4o51.efjijkl1,11,mahmoud__boltons.3bfcfdd0.func_pm_ctrl_invert_if__548m4o51.efjijkl1,11641,True,339,112,0,0,0,0,0.0,,0,0,1100000,1100000,0,0,0,ok,,
2859,,,,mahmoud__boltons.3bfcfdd0.func_pm_ctrl_invert_if__548m4o51.efjijkl1,12,mahmoud__boltons.3bfcfdd0.func_pm_ctrl_invert_if__548m4o51.efjijkl1,12092,True,36,242,0,0,0,0,0.0,,0,0,1200000,1200000,0,0,0,ok,,
2860,,,,mahmoud__boltons.3bfcfdd0.func_pm_ctrl_invert_if__548m4o51.efjijkl1,13,mahmoud__boltons.3bfcfdd0.func_pm_ctrl_invert_if__548m4o51.efjijkl1,12370,True,1108,42,0,0,0,0,0.0,,0,0,1300000,1300000,0,0,0,ok,,
2861,,,,mahmoud__boltons.3bfcfdd0.func_pm_ctrl_invert_if__548m4o51.efjijkl1,14,mahmoud__boltons.3bfcfdd0.func_pm_ctrl_invert_if__548m4o51.efjijkl1,13520,True,11,14,0,0,0,0,0.0,,0,0,1400000,1400000,0,0,0,ok,,
2862,,,,PyCQA__flake8.cf1542ce.lm_rewrite__3y6aw3tc.caqi0fgi,0,swe_smith_system_prompt,924,True,538,115,0,0,0,0,0.0,,0,0,0,0,0,0,0,ok,,
2863,,,,PyCQA__flake8.cf1542ce.lm_rewrite__3y6aw3tc.caqi0fgi,1,PyCQA__flake8.cf1542ce.lm_rewrite__3y6aw3tc.caqi0fgi,1577,True,144,72,0,0,0,0,0.0,,0,0,100000,100000,0,0,0,ok,,
2864,,,,PyCQA__flake8.cf1542ce.lm_rewrite__3y6aw3tc.caqi0fgi,2,PyCQA__flake8.cf1542ce.lm_rewrite__3y6aw3tc.caqi0fgi,1793,True,4345,60,0,0,0,0,0.0,,0,0,200000,200000,0,0,0,ok,,
2865,,,,PyCQA__flake8.cf1542ce.lm_rewrite__3y6aw3tc.caqi0fgi,3,PyCQA__flake8.cf1542ce.lm_rewrite__3y6aw3tc.caqi0fgi,6198,True,784,200,0,0,0,0,0.0,,0,0,300000,300000,0,0,0,ok,,
2866,,,,PyCQA__flake8.cf1542ce.lm_rewrite__3y6aw3tc.caqi0fgi,4,PyCQA__flake8.cf1542ce.lm_rewrite__3y6aw3tc.caqi0fgi,7182,True,20,37,0,0,0,0,0.0,,0,0,400000,400000,0,0,0,ok,,
2867,,,,PyCQA__flake8.cf1542ce.lm_rewrite__3y6aw3tc.caqi0fgi,5,PyCQA__flake8.cf1542ce.lm_rewrite__3y6aw3tc.caqi0fgi,7239,True,12,471,0,0,0,0,0.0,,0,0,500000,500000,0,0,0,ok,,
2868,,,,PyCQA__flake8.cf1542ce.lm_rewrite__3y6aw3tc.caqi0fgi,6,PyCQA__flake8.cf1542ce.lm_rewrite__3y6aw3tc.caqi0fgi,7722,True,307,56,0,0,0,0,0.0,,0,0,600000,600000,0,0,0,ok,,
2869,,,,PyCQA__flake8.cf1542ce.lm_rewrite__3y6aw3tc.caqi0fgi,7,PyCQA__flake8.cf1542ce.lm_rewrite__3y6aw3tc.caqi0fgi,8085,True,10,509,0,0,0,0,0.0,,0,0,700000,700000,0,0,0,ok,,
2870,,,,PyCQA__flake8.cf1542ce.lm_rewrite__3y6aw3tc.caqi0fgi,8,PyCQA__flake8.cf1542ce.lm_rewrite__3y6aw3tc.caqi0fgi,8604,True,19,36,0,0,0,0,0.0,,0,0,800000,800000,0,0,0,ok,,
2871,,,,PyCQA__flake8.cf1542ce.lm_rewrite__3y6aw3tc.caqi0fgi,9,PyCQA__flake8.cf1542ce.lm_rewrite__3y6aw3tc.caqi0fgi,8659,True,107,317,0,0,0,0,0.0,,0,0,900000,900000,0,0,0,ok,,
2872,,,,PyCQA__flake8.cf1542ce.lm_rewrite__3y6aw3tc.caqi0fgi,10,PyCQA__flake8.cf1542ce.lm_rewrite__3y6aw3tc.caqi0fgi,9083,True,362,44,0,0,0,0,0.0,,0,0,1000000,1000000,0,0,0,ok,,
2873,,,,PyCQA__flake8.cf1542ce.lm_rewrite__3y6aw3tc.caqi0fgi,11,PyCQA__flake8.cf1542ce.lm_rewrite__3y6aw3tc.caqi0fgi,9489,True,118,169,0,0,0,0,0.0,,0,0,1100000,1100000,0,0,0,ok,,
2874,,,,PyCQA__flake8.cf1542ce.lm_rewrite__3y6aw3tc.caqi0fgi,12,PyCQA__flake8.cf1542ce.lm_rewrite__3y6aw3tc.caqi0fgi,9776,True,663,135,0,0,0,0,0.0,,0,0,1200000,1200000,0,0,0,ok,,
2875,,,,PyCQA__flake8.cf1542ce.lm_rewrite__3y6aw3tc.caqi0fgi,13,PyCQA__flake8.cf1542ce.lm_rewrite__3y6aw3tc.caqi0fgi,10574,True,1482,366,0,0,0,0,0.0,,0,0,1300000,1300000,0,0,0,ok,,
2876,,,,PyCQA__flake8.cf1542ce.lm_rewrite__3y6aw3tc.caqi0fgi,14,PyCQA__flake8.cf1542ce.lm_rewrite__3y6aw3tc.caqi0fgi,12422,True,322,234,0,0,0,0,0.0,,0,0,1400000,1400000,0,0,0,ok,,
2877,,,,PyCQA__flake8.cf1542ce.lm_rewrite__3y6aw3tc.caqi0fgi,15,PyCQA__flake8.cf1542ce.lm_rewrite__3y6aw3tc.caqi0fgi,12978,True,390,49,0,0,0,0,0.0,,0,0,1500000,1500000,0,0,0,ok,,
2878,,,,PyCQA__flake8.cf1542ce.lm_rewrite__3y6aw3tc.caqi0fgi,16,PyCQA__flake8.cf1542ce.lm_rewrite__3y6aw3tc.caqi0fgi,13417,True,549,90,0,0,0,0,0.0,,0,0,1600000,1600000,0,0,0,ok,,
2879,,,,PyCQA__flake8.cf1542ce.lm_rewrite__3y6aw3tc.caqi0fgi,17,PyCQA__flake8.cf1542ce.lm_rewrite__3y6aw3tc.caqi0fgi,14056,True,248,380,0,0,0,0,0.0,,0,0,1700000,1700000,0,0,0,ok,,
2880,,,,PyCQA__flake8.cf1542ce.lm_rewrite__3y6aw3tc.caqi0fgi,18,PyCQA__flake8.cf1542ce.lm_rewrite__3y6aw3tc.caqi0fgi,14684,True,438,49,0,0,0,0,0.0,,0,0,1800000,1800000,0,0,0,ok,,
2881,,,,PyCQA__flake8.cf1542ce.lm_rewrite__3y6aw3tc.caqi0fgi,19,PyCQA__flake8.cf1542ce.lm_rewrite__3y6aw3tc.caqi0fgi,15171,True,247,51,0,0,0,0,0.0,,0,0,1900000,1900000,0,0,0,ok,,
2882,,,,PyCQA__flake8.cf1542ce.lm_rewrite__3y6aw3tc.caqi0fgi,20,PyCQA__flake8.cf1542ce.lm_rewrite__3y6aw3tc.caqi0fgi,15469,True,118,36,0,0,0,0,0.0,,0,0,2000000,2000000,0,0,0,ok,,
2883,,,,PyCQA__flake8.cf1542ce.lm_rewrite__3y6aw3tc.caqi0fgi,21,PyCQA__flake8.cf1542ce.lm_rewrite__3y6aw3tc.caqi0fgi,15623,True,10,49,0,0,0,0,0.0,,0,0,2100000,2100000,0,0,0,ok,,
2884,,,,PyCQA__flake8.cf1542ce.lm_rewrite__3y6aw3tc.caqi0fgi,22,PyCQA__flake8.cf1542ce.lm_rewrite__3y6aw3tc.caqi0fgi,15682,True,27736,60,0,0,0,0,0.0,,0,0,2200000,2200000,0,0,0,ok,,
2885,,,,PyCQA__flake8.cf1542ce.lm_rewrite__3y6aw3tc.caqi0fgi,23,PyCQA__flake8.cf1542ce.lm_rewrite__3y6aw3tc.caqi0fgi,43478,True,1840,43,0,0,0,0,0.0,,0,0,2300000,2300000,0,0,0,ok,,
2886,,,,PyCQA__flake8.cf1542ce.lm_rewrite__3y6aw3tc.caqi0fgi,24,PyCQA__flake8.cf1542ce.lm_rewrite__3y6aw3tc.caqi0fgi,45361,True,11,14,0,0,0,0,0.0,,0,0,2400000,2400000,0,0,0,ok,,
2887,,,,oauthlib__oauthlib.1fd52536.lm_rewrite__1zoa1aes.u3fasg1o,0,swe_smith_system_prompt,924,True,724,92,0,0,0,0,0.0,,0,0,0,0,0,0,0,ok,,
2888,,,,oauthlib__oauthlib.1fd52536.lm_rewrite__1zoa1aes.u3fasg1o,1,oauthlib__oauthlib.1fd52536.lm_rewrite__1zoa1aes.u3fasg1o,1740,True,2836,82,0,0,0,0,0.0,,0,0,100000,100000,0,0,0,ok,,
2889,,,,oauthlib__oauthlib.1fd52536.lm_rewrite__1zoa1aes.u3fasg1o,2,oauthlib__oauthlib.1fd52536.lm_rewrite__1zoa1aes.u3fasg1o,4658,True,3998,73,0,0,0,0,0.0,,0,0,200000,200000,0,0,0,ok,,
2890,,,,oauthlib__oauthlib.1fd52536.lm_rewrite__1zoa1aes.u3fasg1o,3,oauthlib__oauthlib.1fd52536.lm_rewrite__1zoa1aes.u3fasg1o,8729,True,1698,80,0,0,0,0,0.0,,0,0,300000,300000,0,0,0,ok,,
2891,,,,oauthlib__oauthlib.1fd52536.lm_rewrite__1zoa1aes.u3fasg1o,4,oauthlib__oauthlib.1fd52536.lm_rewrite__1zoa1aes.u3fasg1o,10507,True,421,82,0,0,0,0,0.0,,0,0,400000,400000,0,0,0,ok,,
2892,,,,oauthlib__oauthlib.1fd52536.lm_rewrite__1zoa1aes.u3fasg1o,5,oauthlib__oauthlib.1fd52536.lm_rewrite__1zoa1aes.u3fasg1o,11010,True,46,71,0,0,0,0,0.0,,0,0,500000,500000,0,0,0,ok,,
2893,,,,oauthlib__oauthlib.1fd52536.lm_rewrite__1zoa1aes.u3fasg1o,6,oauthlib__oauthlib.1fd52536.lm_rewrite__1zoa1aes.u3fasg1o,11127,True,55,67,0,0,0,0,0.0,,0,0,600000,600000,0,0,0,ok,,
2894,,,,oauthlib__oauthlib.1fd52536.lm_rewrite__1zoa1aes.u3fasg1o,7,oauthlib__oauthlib.1fd52536.lm_rewrite__1zoa1aes.u3fasg1o,11249,True,1132,376,0,0,0,0,0.0,,0,0,700000,700000,0,0,0,ok,,
2895,,,,oauthlib__oauthlib.1fd52536.lm_rewrite__1zoa1aes.u3fasg1o,8,oauthlib__oauthlib.1fd52536.lm_rewrite__1zoa1aes.u3fasg1o,12757,True,22,39,0,0,0,0,0.0,,0,0,800000,800000,0,0,0,ok,,
2896,,,,oauthlib__oauthlib.1fd52536.lm_rewrite__1zoa1aes.u3fasg1o,9,oauthlib__oauthlib.1fd52536.lm_rewrite__1zoa1aes.u3fasg1o,12818,True,23,523,0,0,0,0,0.0,,0,0,900000,900000,0,0,0,ok,,
2897,,,,oauthlib__oauthlib.1fd52536.lm_rewrite__1zoa1aes.u3fasg1o,10,oauthlib__oauthlib.1fd52536.lm_rewrite__1zoa1aes.u3fasg1o,13364,True,420,58,0,0,0,0,0.0,,0,0,1000000,1000000,0,0,0,ok,,
2898,,,,oauthlib__oauthlib.1fd52536.lm_rewrite__1zoa1aes.u3fasg1o,11,oauthlib__oauthlib.1fd52536.lm_rewrite__1zoa1aes.u3fasg1o,13842,True,23,793,0,0,0,0,0.0,,0,0,1100000,1100000,0,0,0,ok,,
2899,,,,oauthlib__oauthlib.1fd52536.lm_rewrite__1zoa1aes.u3fasg1o,12,oauthlib__oauthlib.1fd52536.lm_rewrite__1zoa1aes.u3fasg1o,14658,True,702,35,0,0,0,0,0.0,,0,0,1200000,1200000,0,0,0,ok,,
2900,,,,oauthlib__oauthlib.1fd52536.lm_rewrite__1zoa1aes.u3fasg1o,13,oauthlib__oauthlib.1fd52536.lm_rewrite__1zoa1aes.u3fasg1o,15395,True,61,888,0,0,0,0,0.0,,0,0,1300000,1300000,0,0,0,ok,,
2901,,,,oauthlib__oauthlib.1fd52536.lm_rewrite__1zoa1aes.u3fasg1o,14,oauthlib__oauthlib.1fd52536.lm_rewrite__1zoa1aes.u3fasg1o,16344,True,732,35,0,0,0,0,0.0,,0,0,1400000,1400000,0,0,0,ok,,
2902,,,,oauthlib__oauthlib.1fd52536.lm_rewrite__1zoa1aes.u3fasg1o,15,oauthlib__oauthlib.1fd52536.lm_rewrite__1zoa1aes.u3fasg1o,17111,True,98,793,0,0,0,0,0.0,,0,0,1500000,1500000,0,0,0,ok,,
2903,,,,oauthlib__oauthlib.1fd52536.lm_rewrite__1zoa1aes.u3fasg1o,16,oauthlib__oauthlib.1fd52536.lm_rewrite__1zoa1aes.u3fasg1o,18002,True,21,37,0,0,0,0,0.0,,0,0,1600000,1600000,0,0,0,ok,,
2904,,,,oauthlib__oauthlib.1fd52536.lm_rewrite__1zoa1aes.u3fasg1o,17,oauthlib__oauthlib.1fd52536.lm_rewrite__1zoa1aes.u3fasg1o,18060,True,337,354,0,0,0,0,0.0,,0,0,1700000,1700000,0,0,0,ok,,
2905,,,,oauthlib__oauthlib.1fd52536.lm_rewrite__1zoa1aes.u3fasg1o,18,oauthlib__oauthlib.1fd52536.lm_rewrite__1zoa1aes.u3fasg1o,18751,True,2172,48,0,0,0,0,0.0,,0,0,1800000,1800000,0,0,0,ok,,
2906,,,,oauthlib__oauthlib.1fd52536.lm_rewrite__1zoa1aes.u3fasg1o,19,oauthlib__oauthlib.1fd52536.lm_rewrite__1zoa1aes.u3fasg1o,20971,True,11,8,0,0,0,0,0.0,,0,0,1900000,1900000,0,0,0,ok,,
2907,,,,getmoto__moto.694ce1f4.pr_6387.u9uo2usf,0,swe_smith_system_prompt,924,True,833,66,0,0,0,0,0.0,,0,0,0,0,0,0,0,ok,,
2908,,,,getmoto__moto.694ce1f4.pr_6387.u9uo2usf,1,getmoto__moto.694ce1f4.pr_6387.u9uo2usf,1823,True,3607,53,0,0,0,0,0.0,,0,0,100000,100000,0,0,0,ok,,
2909,,,,getmoto__moto.694ce1f4.pr_6387.u9uo2usf,2,getmoto__moto.694ce1f4.pr_6387.u9uo2usf,5483,True,175,59,0,0,0,0,0.0,,0,0,200000,200000,0,0,0,ok,,
2910,,,,getmoto__moto.694ce1f4.pr_6387.u9uo2usf,3,getmoto__moto.694ce1f4.pr_6387.u9uo2usf,5717,True,2343,43,0,0,0,0,0.0,,0,0,300000,300000,0,0,0,ok,,
2911,,,,getmoto__moto.694ce1f4.pr_6387.u9uo2usf,4,getmoto__moto.694ce1f4.pr_6387.u9uo2usf,8103,True,94,59,0,0,0,0,0.0,,0,0,400000,400000,0,0,0,ok,,
2912,,,,getmoto__moto.694ce1f4.pr_6387.u9uo2usf,5,getmoto__moto.694ce1f4.pr_6387.u9uo2usf,8256,True,5252,45,0,0,0,0,0.0,,0,0,500000,500000,0,0,0,ok,,
2913,,,,getmoto__moto.694ce1f4.pr_6387.u9uo2usf,6,getmoto__moto.694ce1f4.pr_6387.u9uo2usf,13553,True,62,63,0,0,0,0,0.0,,0,0,600000,600000,0,0,0,ok,,
2914,,,,getmoto__moto.694ce1f4.pr_6387.u9uo2usf,7,getmoto__moto.694ce1f4.pr_6387.u9uo2usf,13678,True,309,48,0,0,0,0,0.0,,0,0,700000,700000,0,0,0,ok,,
2915,,,,getmoto__moto.694ce1f4.pr_6387.u9uo2usf,8,getmoto__moto.694ce1f4.pr_6387.u9uo2usf,14035,True,4204,62,0,0,0,0,0.0,,0,0,800000,800000,0,0,0,ok,,
2916,,,,getmoto__moto.694ce1f4.pr_6387.u9uo2usf,9,getmoto__moto.694ce1f4.pr_6387.u9uo2usf,18301,True,193,63,0,0,0,0,0.0,,0,0,900000,900000,0,0,0,ok,,
2917,,,,getmoto__moto.694ce1f4.pr_6387.u9uo2usf,10,getmoto__moto.694ce1f4.pr_6387.u9uo2usf,18557,True,201,621,0,0,0,0,0.0,,0,0,1000000,1000000,0,0,0,ok,,
2918,,,,getmoto__moto.694ce1f4.pr_6387.u9uo2usf,11,getmoto__moto.694ce1f4.pr_6387.u9uo2usf,19379,True,18,33,0,0,0,0,0.0,,0,0,1100000,1100000,0,0,0,ok,,
2919,,,,getmoto__moto.694ce1f4.pr_6387.u9uo2usf,12,getmoto__moto.694ce1f4.pr_6387.u9uo2usf,19430,True,544,597,0,0,0,0,0.0,,0,0,1200000,1200000,0,0,0,ok,,
2920,,,,getmoto__moto.694ce1f4.pr_6387.u9uo2usf,13,getmoto__moto.694ce1f4.pr_6387.u9uo2usf,20571,True,27,24,0,0,0,0,0.0,,0,0,1300000,1300000,0,0,0,ok,,
2921,,,,getmoto__moto.694ce1f4.pr_6387.u9uo2usf,14,getmoto__moto.694ce1f4.pr_6387.u9uo2usf,20622,True,11,580,0,0,0,0,0.0,,0,0,1400000,1400000,0,0,0,ok,,
2922,,,,getmoto__moto.694ce1f4.pr_6387.u9uo2usf,15,getmoto__moto.694ce1f4.pr_6387.u9uo2usf,21213,True,18,24,0,0,0,0,0.0,,0,0,1500000,1500000,0,0,0,ok,,
2923,,,,getmoto__moto.694ce1f4.pr_6387.u9uo2usf,16,getmoto__moto.694ce1f4.pr_6387.u9uo2usf,21255,True,249,237,0,0,0,0,0.0,,0,0,1600000,1600000,0,0,0,ok,,
2924,,,,getmoto__moto.694ce1f4.pr_6387.u9uo2usf,17,getmoto__moto.694ce1f4.pr_6387.u9uo2usf,21741,True,329,168,0,0,0,0,0.0,,0,0,1700000,1700000,0,0,0,ok,,
2925,,,,getmoto__moto.694ce1f4.pr_6387.u9uo2usf,18,getmoto__moto.694ce1f4.pr_6387.u9uo2usf,22238,True,144,69,0,0,0,0,0.0,,0,0,1800000,1800000,0,0,0,ok,,
2926,,,,getmoto__moto.694ce1f4.pr_6387.u9uo2usf,19,getmoto__moto.694ce1f4.pr_6387.u9uo2usf,22451,True,217,78,0,0,0,0,0.0,,0,0,1900000,1900000,0,0,0,ok,,
2927,,,,getmoto__moto.694ce1f4.pr_6387.u9uo2usf,20,getmoto__moto.694ce1f4.pr_6387.u9uo2usf,22746,True,227,324,0,0,0,0,0.0,,0,0,2000000,2000000,0,0,0,ok,,
2928,,,,getmoto__moto.694ce1f4.pr_6387.u9uo2usf,21,getmoto__moto.694ce1f4.pr_6387.u9uo2usf,23297,True,433,30,0,0,0,0,0.0,,0,0,2100000,2100000,0,0,0,ok,,
2929,,,,getmoto__moto.694ce1f4.pr_6387.u9uo2usf,22,getmoto__moto.694ce1f4.pr_6387.u9uo2usf,23760,True,30,1042,0,0,0,0,0.0,,0,0,2200000,2200000,0,0,0,ok,,
2930,,,,getmoto__moto.694ce1f4.pr_6387.u9uo2usf,23,getmoto__moto.694ce1f4.pr_6387.u9uo2usf,24832,True,19,25,0,0,0,0,0.0,,0,0,2300000,2300000,0,0,0,ok,,
2931,,,,getmoto__moto.694ce1f4.pr_6387.u9uo2usf,24,getmoto__moto.694ce1f4.pr_6387.u9uo2usf,24876,True,34,27,0,0,0,0,0.0,,0,0,2400000,2400000,0,0,0,ok,,
2932,,,,conan-io__conan.86f29e13.pr_17500.h2mu7zio,0,swe_smith_system_prompt,924,True,722,119,0,0,0,0,0.0,,0,0,0,0,0,0,0,ok,,
2933,,,,conan-io__conan.86f29e13.pr_17500.h2mu7zio,1,conan-io__conan.86f29e13.pr_17500.h2mu7zio,1765,True,370,50,0,0,0,0,0.0,,0,0,100000,100000,0,0,0,ok,,
2934,,,,conan-io__conan.86f29e13.pr_17500.h2mu7zio,2,conan-io__conan.86f29e13.pr_17500.h2mu7zio,2185,True,82,63,0,0,0,0,0.0,,0,0,200000,200000,0,0,0,ok,,
2935,,,,conan-io__conan.86f29e13.pr_17500.h2mu7zio,3,conan-io__conan.86f29e13.pr_17500.h2mu7zio,2330,True,4625,63,0,0,0,0,0.0,,0,0,300000,300000,0,0,0,ok,,
2936,,,,conan-io__conan.86f29e13.pr_17500.h2mu7zio,4,conan-io__conan.86f29e13.pr_17500.h2mu7zio,7018,True,128,54,0,0,0,0,0.0,,0,0,400000,400000,0,0,0,ok,,
2937,,,,conan-io__conan.86f29e13.pr_17500.h2mu7zio,5,conan-io__conan.86f29e13.pr_17500.h2mu7zio,7200,True,3193,75,0,0,0,0,0.0,,0,0,500000,500000,0,0,0,ok,,
2938,,,,conan-io__conan.86f29e13.pr_17500.h2mu7zio,6,conan-io__conan.86f29e13.pr_17500.h2mu7zio,10468,True,961,70,0,0,0,0,0.0,,0,0,600000,600000,0,0,0,ok,,
2939,,,,conan-io__conan.86f29e13.pr_17500.h2mu7zio,7,conan-io__conan.86f29e13.pr_17500.h2mu7zio,11499,True,1094,57,0,0,0,0,0.0,,0,0,700000,700000,0,0,0,ok,,
2940,,,,conan-io__conan.86f29e13.pr_17500.h2mu7zio,8,conan-io__conan.86f29e13.pr_17500.h2mu7zio,12650,True,5097,54,0,0,0,0,0.0,,0,0,800000,800000,0,0,0,ok,,
2941,,,,conan-io__conan.86f29e13.pr_17500.h2mu7zio,9,conan-io__conan.86f29e13.pr_17500.h2mu7zio,17801,True,83,52,0,0,0,0,0.0,,0,0,900000,900000,0,0,0,ok,,
2942,,,,conan-io__conan.86f29e13.pr_17500.h2mu7zio,10,conan-io__conan.86f29e13.pr_17500.h2mu7zio,17936,True,158,71,0,0,0,0,0.0,,0,0,1000000,1000000,0,0,0,ok,,
2943,,,,conan-io__conan.86f29e13.pr_17500.h2mu7zio,11,conan-io__conan.86f29e13.pr_17500.h2mu7zio,18165,True,377,65,0,0,0,0,0.0,,0,0,1100000,1100000,0,0,0,ok,,
2944,,,,conan-io__conan.86f29e13.pr_17500.h2mu7zio,12,conan-io__conan.86f29e13.pr_17500.h2mu7zio,18607,True,398,141,0,0,0,0,0.0,,0,0,1200000,1200000,0,0,0,ok,,
2945,,,,conan-io__conan.86f29e13.pr_17500.h2mu7zio,13,conan-io__conan.86f29e13.pr_17500.h2mu7zio,19146,True,20,45,0,0,0,0,0.0,,0,0,1300000,1300000,0,0,0,ok,,
2946,,,,conan-io__conan.86f29e13.pr_17500.h2mu7zio,14,conan-io__conan.86f29e13.pr_17500.h2mu7zio,19211,True,20,87,0,0,0,0,0.0,,0,0,1400000,1400000,0,0,0,ok,,
2947,,,,conan-io__conan.86f29e13.pr_17500.h2mu7zio,15,conan-io__conan.86f29e13.pr_17500.h2mu7zio,19318,True,18,25,0,0,0,0,0.0,,0,0,1500000,1500000,0,0,0,ok,,
2948,,,,conan-io__conan.86f29e13.pr_17500.h2mu7zio,16,conan-io__conan.86f29e13.pr_17500.h2mu7zio,19361,True,61,32,0,0,0,0,0.0,,0,0,1600000,1600000,0,0,0,ok,,
2949,,,,conan-io__conan.86f29e13.pr_17500.h2mu7zio,17,conan-io__conan.86f29e13.pr_17500.h2mu7zio,19454,True,201,31,0,0,0,0,0.0,,0,0,1700000,1700000,0,0,0,ok,,
2950,,,,conan-io__conan.86f29e13.pr_17500.h2mu7zio,18,conan-io__conan.86f29e13.pr_17500.h2mu7zio,19686,True,448,613,0,0,0,0,0.0,,0,0,1800000,1800000,0,0,0,ok,,
2951,,,,conan-io__conan.86f29e13.pr_17500.h2mu7zio,19,conan-io__conan.86f29e13.pr_17500.h2mu7zio,20747,True,614,576,0,0,0,0,0.0,,0,0,1900000,1900000,0,0,0,ok,,
2952,,,,conan-io__conan.86f29e13.pr_17500.h2mu7zio,20,conan-io__conan.86f29e13.pr_17500.h2mu7zio,21937,True,709,47,0,0,0,0,0.0,,0,0,2000000,2000000,0,0,0,ok,,
2953,,,,conan-io__conan.86f29e13.pr_17500.h2mu7zio,21,conan-io__conan.86f29e13.pr_17500.h2mu7zio,22693,True,278,73,0,0,0,0,0.0,,0,0,2100000,2100000,0,0,0,ok,,
2954,,,,conan-io__conan.86f29e13.pr_17500.h2mu7zio,22,conan-io__conan.86f29e13.pr_17500.h2mu7zio,23044,True,469,58,0,0,0,0,0.0,,0,0,2200000,2200000,0,0,0,ok,,
2955,,,,conan-io__conan.86f29e13.pr_17500.h2mu7zio,23,conan-io__conan.86f29e13.pr_17500.h2mu7zio,23571,True,303,62,0,0,0,0,0.0,,0,0,2300000,2300000,0,0,0,ok,,
2956,,,,conan-io__conan.86f29e13.pr_17500.h2mu7zio,24,conan-io__conan.86f29e13.pr_17500.h2mu7zio,23936,True,465,57,0,0,0,0,0.0,,0,0,2400000,2400000,0,0,0,ok,,
2957,,,,conan-io__conan.86f29e13.pr_17500.h2mu7zio,25,conan-io__conan.86f29e13.pr_17500.h2mu7zio,24458,True,296,236,0,0,0,0,0.0,,0,0,2500000,2500000,0,0,0,ok,,
2958,,,,conan-io__conan.86f29e13.pr_17500.h2mu7zio,26,conan-io__conan.86f29e13.pr_17500.h2mu7zio,24990,True,3274,68,0,0,0,0,0.0,,0,0,2600000,2600000,0,0,0,ok,,
2959,,,,conan-io__conan.86f29e13.pr_17500.h2mu7zio,27,conan-io__conan.86f29e13.pr_17500.h2mu7zio,28332,True,11,14,0,0,0,0,0.0,,0,0,2700000,2700000,0,0,0,ok,,
2960,,,,pyutils__line_profiler.a646bf0f.combine_file__bumhrrob.jp7vexl7,0,swe_smith_system_prompt,924,True,865,74,0,0,0,0,0.0,,0,0,0,0,0,0,0,ok,,
2961,,,,pyutils__line_profiler.a646bf0f.combine_file__bumhrrob.jp7vexl7,1,pyutils__line_profiler.a646bf0f.combine_file__bumhrrob.jp7vexl7,1863,True,355,74,0,0,0,0,0.0,,0,0,100000,100000,0,0,0,ok,,
2962,,,,pyutils__line_profiler.a646bf0f.combine_file__bumhrrob.jp7vexl7,2,pyutils__line_profiler.a646bf0f.combine_file__bumhrrob.jp7vexl7,2292,True,2378,77,0,0,0,0,0.0,,0,0,200000,200000,0,0,0,ok,,
2963,,,,pyutils__line_profiler.a646bf0f.combine_file__bumhrrob.jp7vexl7,3,pyutils__line_profiler.a646bf0f.combine_file__bumhrrob.jp7vexl7,4747,True,659,55,0,0,0,0,0.0,,0,0,300000,300000,0,0,0,ok,,
2964,,,,pyutils__line_profiler.a646bf0f.combine_file__bumhrrob.jp7vexl7,4,pyutils__line_profiler.a646bf0f.combine_file__bumhrrob.jp7vexl7,5461,True,137,54,0,0,0,0,0.0,,0,0,400000,400000,0,0,0,ok,,
2965,,,,pyutils__line_profiler.a646bf0f.combine_file__bumhrrob.jp7vexl7,5,pyutils__line_profiler.a646bf0f.combine_file__bumhrrob.jp7vexl7,5652,True,501,42,0,0,0,0,0.0,,0,0,500000,500000,0,0,0,ok,,
2966,,,,pyutils__line_profiler.a646bf0f.combine_file__bumhrrob.jp7vexl7,6,pyutils__line_profiler.a646bf0f.combine_file__bumhrrob.jp7vexl7,6195,True,265,81,0,0,0,0,0.0,,0,0,600000,600000,0,0,0,ok,,
2967,,,,pyutils__line_profiler.a646bf0f.combine_file__bumhrrob.jp7vexl7,7,pyutils__line_profiler.a646bf0f.combine_file__bumhrrob.jp7vexl7,6541,True,1366,78,0,0,0,0,0.0,,0,0,700000,700000,0,0,0,ok,,
2968,,,,pyutils__line_profiler.a646bf0f.combine_file__bumhrrob.jp7vexl7,8,pyutils__line_profiler.a646bf0f.combine_file__bumhrrob.jp7vexl7,7985,True,867,611,0,0,0,0,0.0,,0,0,800000,800000,0,0,0,ok,,
2969,,,,pyutils__line_profiler.a646bf0f.combine_file__bumhrrob.jp7vexl7,9,pyutils__line_profiler.a646bf0f.combine_file__bumhrrob.jp7vexl7,9463,True,19,35,0,0,0,0,0.0,,0,0,900000,900000,0,0,0,ok,,
2970,,,,pyutils__line_profiler.a646bf0f.combine_file__bumhrrob.jp7vexl7,10,pyutils__line_profiler.a646bf0f.combine_file__bumhrrob.jp7vexl7,9517,True,797,933,0,0,0,0,0.0,,0,0,1000000,1000000,0,0,0,ok,,
2971,,,,pyutils__line_profiler.a646bf0f.combine_file__bumhrrob.jp7vexl7,11,pyutils__line_profiler.a646bf0f.combine_file__bumhrrob.jp7vexl7,11247,True,676,590,0,0,0,0,0.0,,0,0,1100000,1100000,0,0,0,ok,,
2972,,,,pyutils__line_profiler.a646bf0f.combine_file__bumhrrob.jp7vexl7,12,pyutils__line_profiler.a646bf0f.combine_file__bumhrrob.jp7vexl7,12513,True,653,341,0,0,0,0,0.0,,0,0,1200000,1200000,0,0,0,ok,,
2973,,,,pyutils__line_profiler.a646bf0f.combine_file__bumhrrob.jp7vexl7,13,pyutils__line_profiler.a646bf0f.combine_file__bumhrrob.jp7vexl7,13507,True,420,335,0,0,0,0,0.0,,0,0,1300000,1300000,0,0,0,ok,,
2974,,,,pyutils__line_profiler.a646bf0f.combine_file__bumhrrob.jp7vexl7,14,pyutils__line_profiler.a646bf0f.combine_file__bumhrrob.jp7vexl7,14262,True,375,40,0,0,0,0,0.0,,0,0,1400000,1400000,0,0,0,ok,,
2975,,,,pyutils__line_profiler.a646bf0f.combine_file__bumhrrob.jp7vexl7,15,pyutils__line_profiler.a646bf0f.combine_file__bumhrrob.jp7vexl7,14677,True,414,343,0,0,0,0,0.0,,0,0,1500000,1500000,0,0,0,ok,,
2976,,,,pyutils__line_profiler.a646bf0f.combine_file__bumhrrob.jp7vexl7,16,pyutils__line_profiler.a646bf0f.combine_file__bumhrrob.jp7vexl7,15434,True,317,39,0,0,0,0,0.0,,0,0,1600000,1600000,0,0,0,ok,,
2977,,,,pyutils__line_profiler.a646bf0f.combine_file__bumhrrob.jp7vexl7,17,pyutils__line_profiler.a646bf0f.combine_file__bumhrrob.jp7vexl7,15790,True,144,73,0,0,0,0,0.0,,0,0,1700000,1700000,0,0,0,ok,,
2978,,,,pyutils__line_profiler.a646bf0f.combine_file__bumhrrob.jp7vexl7,18,pyutils__line_profiler.a646bf0f.combine_file__bumhrrob.jp7vexl7,16007,True,514,1042,0,0,0,0,0.0,,0,0,1800000,1800000,0,0,0,ok,,
2979,,,,pyutils__line_profiler.a646bf0f.combine_file__bumhrrob.jp7vexl7,19,pyutils__line_profiler.a646bf0f.combine_file__bumhrrob.jp7vexl7,17563,True,18,40,0,0,0,0,0.0,,0,0,1900000,1900000,0,0,0,ok,,
2980,,,,pyutils__line_profiler.a646bf0f.combine_file__bumhrrob.jp7vexl7,20,pyutils__line_profiler.a646bf0f.combine_file__bumhrrob.jp7vexl7,17621,True,153,60,0,0,0,0,0.0,,0,0,2000000,2000000,0,0,0,ok,,
2981,,,,pyutils__line_profiler.a646bf0f.combine_file__bumhrrob.jp7vexl7,21,pyutils__line_profiler.a646bf0f.combine_file__bumhrrob.jp7vexl7,17834,True,750,141,0,0,0,0,0.0,,0,0,2100000,2100000,0,0,0,ok,,
2982,,,,pyutils__line_profiler.a646bf0f.combine_file__bumhrrob.jp7vexl7,22,pyutils__line_profiler.a646bf0f.combine_file__bumhrrob.jp7vexl7,18725,True,2937,39,0,0,0,0,0.0,,0,0,2200000,2200000,0,0,0,ok,,
2983,,,,pyutils__line_profiler.a646bf0f.combine_file__bumhrrob.jp7vexl7,23,pyutils__line_profiler.a646bf0f.combine_file__bumhrrob.jp7vexl7,21701,True,11,14,0,0,0,0,0.0,,0,0,2300000,2300000,0,0,0,ok,,
2984,,,,scanny__python-pptx.278b47b1.func_pm_ctrl_shuffle__vba0ufyh.jflrqw7m,0,swe_smith_system_prompt,924,True,556,96,0,0,0,0,0.0,,0,0,0,0,0,0,0,ok,,
2985,,,,scanny__python-pptx.278b47b1.func_pm_ctrl_shuffle__vba0ufyh.jflrqw7m,1,scanny__python-pptx.278b47b1.func_pm_ctrl_shuffle__vba0ufyh.jflrqw7m,1576,True,2697,52,0,0,0,0,0.0,,0,0,100000,100000,0,0,0,ok,,
2986,,,,scanny__python-pptx.278b47b1.func_pm_ctrl_shuffle__vba0ufyh.jflrqw7m,2,scanny__python-pptx.278b47b1.func_pm_ctrl_shuffle__vba0ufyh.jflrqw7m,4325,True,1102,56,0,0,0,0,0.0,,0,0,200000,200000,0,0,0,ok,,
2987,,,,scanny__python-pptx.278b47b1.func_pm_ctrl_shuffle__vba0ufyh.jflrqw7m,3,scanny__python-pptx.278b47b1.func_pm_ctrl_shuffle__vba0ufyh.jflrqw7m,5483,True,6452,59,0,0,0,0,0.0,,0,0,300000,300000,0,0,0,ok,,
2988,,,,scanny__python-pptx.278b47b1.func_pm_ctrl_shuffle__vba0ufyh.jflrqw7m,4,scanny__python-pptx.278b47b1.func_pm_ctrl_shuffle__vba0ufyh.jflrqw7m,11994,True,31,73,0,0,0,0,0.0,,0,0,400000,400000,0,0,0,ok,,
2989,,,,scanny__python-pptx.278b47b1.func_pm_ctrl_shuffle__vba0ufyh.jflrqw7m,5,scanny__python-pptx.278b47b1.func_pm_ctrl_shuffle__vba0ufyh.jflrqw7m,12098,True,943,71,0,0,0,0,0.0,,0,0,500000,500000,0,0,0,ok,,
2990,,,,scanny__python-pptx.278b47b1.func_pm_ctrl_shuffle__vba0ufyh.jflrqw7m,6,scanny__python-pptx.278b47b1.func_pm_ctrl_shuffle__vba0ufyh.jflrqw7m,13112,True,556,104,0,0,0,0,0.0,,0,0,600000,600000,0,0,0,ok,,
2991,,,,scanny__python-pptx.278b47b1.func_pm_ctrl_shuffle__vba0ufyh.jflrqw7m,7,scanny__python-pptx.278b47b1.func_pm_ctrl_shuffle__vba0ufyh.jflrqw7m,13772,True,343,315,0,0,0,0,0.0,,0,0,700000,700000,0,0,0,ok,,
2992,,,,scanny__python-pptx.278b47b1.func_pm_ctrl_shuffle__vba0ufyh.jflrqw7m,8,scanny__python-pptx.278b47b1.func_pm_ctrl_shuffle__vba0ufyh.jflrqw7m,14430,True,19,35,0,0,0,0,0.0,,0,0,800000,800000,0,0,0,ok,,
2993,,,,scanny__python-pptx.278b47b1.func_pm_ctrl_shuffle__vba0ufyh.jflrqw7m,9,scanny__python-pptx.278b47b1.func_pm_ctrl_shuffle__vba0ufyh.jflrqw7m,14484,True,252,508,0,0,0,0,0.0,,0,0,900000,900000,0,0,0,ok,,
2994,,,,scanny__python-pptx.278b47b1.func_pm_ctrl_shuffle__vba0ufyh.jflrqw7m,10,scanny__python-pptx.278b47b1.func_pm_ctrl_shuffle__vba0ufyh.jflrqw7m,15244,True,518,132,0,0,0,0,0.0,,0,0,1000000,1000000,0,0,0,ok,,
2995,,,,scanny__python-pptx.278b47b1.func_pm_ctrl_shuffle__vba0ufyh.jflrqw7m,11,scanny__python-pptx.278b47b1.func_pm_ctrl_shuffle__vba0ufyh.jflrqw7m,15894,True,257,1011,0,0,0,0,0.0,,0,0,1100000,1100000,0,0,0,ok,,
2996,,,,scanny__python-pptx.278b47b1.func_pm_ctrl_shuffle__vba0ufyh.jflrqw7m,12,scanny__python-pptx.278b47b1.func_pm_ctrl_shuffle__vba0ufyh.jflrqw7m,17162,True,19,36,0,0,0,0,0.0,,0,0,1200000,1200000,0,0,0,ok,,
2997,,,,scanny__python-pptx.278b47b1.func_pm_ctrl_shuffle__vba0ufyh.jflrqw7m,13,scanny__python-pptx.278b47b1.func_pm_ctrl_shuffle__vba0ufyh.jflrqw7m,17217,True,240,68,0,0,0,0,0.0,,0,0,1300000,1300000,0,0,0,ok,,
2998,,,,scanny__python-pptx.278b47b1.func_pm_ctrl_shuffle__vba0ufyh.jflrqw7m,14,scanny__python-pptx.278b47b1.func_pm_ctrl_shuffle__vba0ufyh.jflrqw7m,17525,True,6708,135,0,0,0,0,0.0,,0,0,1400000,1400000,0,0,0,ok,,
2999,,,,scanny__python-pptx.278b47b1.func_pm_ctrl_shuffle__vba0ufyh.jflrqw7m,15,scanny__python-pptx.278b47b1.func_pm_ctrl_shuffle__vba0ufyh.jflrqw7m,24368,True,262,36,0,0,0,0,0.0,,0,0,1500000,1500000,0,0,0,ok,,
3000,,,,scanny__python-pptx.278b47b1.func_pm_ctrl_shuffle__vba0ufyh.jflrqw7m,16,scanny__python-pptx.278b47b1.func_pm_ctrl_shuffle__vba0ufyh.jflrqw7m,24666,True,198,31,0,0,0,0,0.0,,0,0,1600000,1600000,0,0,0,ok,,
3001,,,,scanny__python-pptx.278b47b1.func_pm_ctrl_shuffle__vba0ufyh.jflrqw7m,17,scanny__python-pptx.278b47b1.func_pm_ctrl_shuffle__vba0ufyh.jflrqw7m,24895,True,2199,48,0,0,0,0,0.0,,0,0,1700000,1700000,0,0,0,ok,,
3002,,,,scanny__python-pptx.278b47b1.func_pm_ctrl_shuffle__vba0ufyh.jflrqw7m,18,scanny__python-pptx.278b47b1.func_pm_ctrl_shuffle__vba0ufyh.jflrqw7m,27142,True,11,14,0,0,0,0,0.0,,0,0,1800000,1800000,0,0,0,ok,,
3003,,,,marshmallow-code__apispec.8b421526.61.i01ciz1e,0,swe_smith_system_prompt,924,True,562,116,0,0,0,0,0.0,,0,0,0,0,0,0,0,ok,,
3004,,,,marshmallow-code__apispec.8b421526.61.i01ciz1e,1,marshmallow-code__apispec.8b421526.61.i01ciz1e,1602,True,416,57,0,0,0,0,0.0,,0,0,100000,100000,0,0,0,ok,,
3005,,,,marshmallow-code__apispec.8b421526.61.i01ciz1e,2,marshmallow-code__apispec.8b421526.61.i01ciz1e,2075,True,154,57,0,0,0,0,0.0,,0,0,200000,200000,0,0,0,ok,,
3006,,,,marshmallow-code__apispec.8b421526.61.i01ciz1e,3,marshmallow-code__apispec.8b421526.61.i01ciz1e,2286,True,6400,45,0,0,0,0,0.0,,0,0,300000,300000,0,0,0,ok,,
3007,,,,marshmallow-code__apispec.8b421526.61.i01ciz1e,4,marshmallow-code__apispec.8b421526.61.i01ciz1e,8731,True,125,75,0,0,0,0,0.0,,0,0,400000,400000,0,0,0,ok,,
3008,,,,marshmallow-code__apispec.8b421526.61.i01ciz1e,5,marshmallow-code__apispec.8b421526.61.i01ciz1e,8931,True,153,382,0,0,0,0,0.0,,0,0,500000,500000,0,0,0,ok,,
3009,,,,marshmallow-code__apispec.8b421526.61.i01ciz1e,6,marshmallow-code__apispec.8b421526.61.i01ciz1e,9466,True,18,29,0,0,0,0,0.0,,0,0,600000,600000,0,0,0,ok,,
3010,,,,marshmallow-code__apispec.8b421526.61.i01ciz1e,7,marshmallow-code__apispec.8b421526.61.i01ciz1e,9513,True,37,283,0,0,0,0,0.0,,0,0,700000,700000,0,0,0,ok,,
3011,,,,marshmallow-code__apispec.8b421526.61.i01ciz1e,8,marshmallow-code__apispec.8b421526.61.i01ciz1e,9833,True,334,82,0,0,0,0,0.0,,0,0,800000,800000,0,0,0,ok,,
3012,,,,marshmallow-code__apispec.8b421526.61.i01ciz1e,9,marshmallow-code__apispec.8b421526.61.i01ciz1e,10249,True,44,373,0,0,0,0,0.0,,0,0,900000,900000,0,0,0,ok,,
3013,,,,marshmallow-code__apispec.8b421526.61.i01ciz1e,10,marshmallow-code__apispec.8b421526.61.i01ciz1e,10666,True,20,26,0,0,0,0,0.0,,0,0,1000000,1000000,0,0,0,ok,,
3014,,,,marshmallow-code__apispec.8b421526.61.i01ciz1e,11,marshmallow-code__apispec.8b421526.61.i01ciz1e,10712,True,63,308,0,0,0,0,0.0,,0,0,1100000,1100000,0,0,0,ok,,
3015,,,,marshmallow-code__apispec.8b421526.61.i01ciz1e,12,marshmallow-code__apispec.8b421526.61.i01ciz1e,11083,True,20,26,0,0,0,0,0.0,,0,0,1200000,1200000,0,0,0,ok,,
3016,,,,marshmallow-code__apispec.8b421526.61.i01ciz1e,13,marshmallow-code__apispec.8b421526.61.i01ciz1e,11129,True,61,31,0,0,0,0,0.0,,0,0,1300000,1300000,0,0,0,ok,,
3017,,,,weaveworks__grafanalib.5c3b17ed.19.eul9grrw,0,swe_smith_system_prompt,924,True,653,71,0,0,0,0,0.0,,0,0,0,0,0,0,0,ok,,
3018,,,,weaveworks__grafanalib.5c3b17ed.19.eul9grrw,1,weaveworks__grafanalib.5c3b17ed.19.eul9grrw,1648,True,1045,49,0,0,0,0,0.0,,0,0,100000,100000,0,0,0,ok,,
3019,,,,weaveworks__grafanalib.5c3b17ed.19.eul9grrw,2,weaveworks__grafanalib.5c3b17ed.19.eul9grrw,2742,True,716,185,0,0,0,0,0.0,,0,0,200000,200000,0,0,0,ok,,
3020,,,,weaveworks__grafanalib.5c3b17ed.19.eul9grrw,3,weaveworks__grafanalib.5c3b17ed.19.eul9grrw,3643,True,18,32,0,0,0,0,0.0,,0,0,300000,300000,0,0,0,ok,,
3021,,,,weaveworks__grafanalib.5c3b17ed.19.eul9grrw,4,weaveworks__grafanalib.5c3b17ed.19.eul9grrw,3693,True,149,421,0,0,0,0,0.0,,0,0,400000,400000,0,0,0,ok,,
3022,,,,weaveworks__grafanalib.5c3b17ed.19.eul9grrw,5,weaveworks__grafanalib.5c3b17ed.19.eul9grrw,4263,True,18,34,0,0,0,0,0.0,,0,0,500000,500000,0,0,0,ok,,
3023,,,,weaveworks__grafanalib.5c3b17ed.19.eul9grrw,6,weaveworks__grafanalib.5c3b17ed.19.eul9grrw,4315,True,11,19,0,0,0,0,0.0,,0,0,600000,600000,0,0,0,ok,,
3024,,,,weaveworks__grafanalib.5c3b17ed.19.eul9grrw,7,weaveworks__grafanalib.5c3b17ed.19.eul9grrw,4345,True,749,41,0,0,0,0,0.0,,0,0,700000,700000,0,0,0,ok,,
3025,,,,pydata__patsy.a5d16484.func_pm_ctrl_shuffle__sat9xuvf.xy8f2n7e,0,swe_smith_system_prompt,924,True,458,89,0,0,0,0,0.0,,0,0,0,0,0,0,0,ok,,
3026,,,,pydata__patsy.a5d16484.func_pm_ctrl_shuffle__sat9xuvf.xy8f2n7e,1,pydata__patsy.a5d16484.func_pm_ctrl_shuffle__sat9xuvf.xy8f2n7e,1471,True,15,56,0,0,0,0,0.0,,0,0,100000,100000,0,0,0,ok,,
3027,,,,pydata__patsy.a5d16484.func_pm_ctrl_shuffle__sat9xuvf.xy8f2n7e,2,pydata__patsy.a5d16484.func_pm_ctrl_shuffle__sat9xuvf.xy8f2n7e,1542,True,4387,65,0,0,0,0,0.0,,0,0,200000,200000,0,0,0,ok,,
3028,,,,pydata__patsy.a5d16484.func_pm_ctrl_shuffle__sat9xuvf.xy8f2n7e,3,pydata__patsy.a5d16484.func_pm_ctrl_shuffle__sat9xuvf.xy8f2n7e,5994,True,588,138,0,0,0,0,0.0,,0,0,300000,300000,0,0,0,ok,,
3029,,,,pydata__patsy.a5d16484.func_pm_ctrl_shuffle__sat9xuvf.xy8f2n7e,4,pydata__patsy.a5d16484.func_pm_ctrl_shuffle__sat9xuvf.xy8f2n7e,6720,True,711,141,0,0,0,0,0.0,,0,0,400000,400000,0,0,0,ok,,
3030,,,,pydata__patsy.a5d16484.func_pm_ctrl_shuffle__sat9xuvf.xy8f2n7e,5,pydata__patsy.a5d16484.func_pm_ctrl_shuffle__sat9xuvf.xy8f2n7e,7572,True,19,35,0,0,0,0,0.0,,0,0,500000,500000,0,0,0,ok,,
3031,,,,pydata__patsy.a5d16484.func_pm_ctrl_shuffle__sat9xuvf.xy8f2n7e,6,pydata__patsy.a5d16484.func_pm_ctrl_shuffle__sat9xuvf.xy8f2n7e,7626,True,21,847,0,0,0,0,0.0,,0,0,600000,600000,0,0,0,ok,,
3032,,,,pydata__patsy.a5d16484.func_pm_ctrl_shuffle__sat9xuvf.xy8f2n7e,7,pydata__patsy.a5d16484.func_pm_ctrl_shuffle__sat9xuvf.xy8f2n7e,8494,True,750,143,0,0,0,0,0.0,,0,0,700000,700000,0,0,0,ok,,
3033,,,,pydata__patsy.a5d16484.func_pm_ctrl_shuffle__sat9xuvf.xy8f2n7e,8,pydata__patsy.a5d16484.func_pm_ctrl_shuffle__sat9xuvf.xy8f2n7e,9387,True,16,646,0,0,0,0,0.0,,0,0,800000,800000,0,0,0,ok,,
3034,,,,pydata__patsy.a5d16484.func_pm_ctrl_shuffle__sat9xuvf.xy8f2n7e,9,pydata__patsy.a5d16484.func_pm_ctrl_shuffle__sat9xuvf.xy8f2n7e,10049,True,19,34,0,0,0,0,0.0,,0,0,900000,900000,0,0,0,ok,,
3035,,,,pydata__patsy.a5d16484.func_pm_ctrl_shuffle__sat9xuvf.xy8f2n7e,10,pydata__patsy.a5d16484.func_pm_ctrl_shuffle__sat9xuvf.xy8f2n7e,10102,True,109,81,0,0,0,0,0.0,,0,0,1000000,1000000,0,0,0,ok,,
3036,,,,pydata__patsy.a5d16484.func_pm_ctrl_shuffle__sat9xuvf.xy8f2n7e,11,pydata__patsy.a5d16484.func_pm_ctrl_shuffle__sat9xuvf.xy8f2n7e,10292,True,11,247,0,0,0,0,0.0,,0,0,1100000,1100000,0,0,0,ok,,
3037,,,,pydata__patsy.a5d16484.func_pm_ctrl_shuffle__sat9xuvf.xy8f2n7e,12,pydata__patsy.a5d16484.func_pm_ctrl_shuffle__sat9xuvf.xy8f2n7e,10550,True,1826,42,0,0,0,0,0.0,,0,0,1200000,1200000,0,0,0,ok,,
3038,,,,pydata__patsy.a5d16484.func_pm_ctrl_shuffle__sat9xuvf.xy8f2n7e,13,pydata__patsy.a5d16484.func_pm_ctrl_shuffle__sat9xuvf.xy8f2n7e,12418,True,11,14,0,0,0,0,0.0,,0,0,1300000,1300000,0,0,0,ok,,
3039,,,,tobymao__sqlglot.036601ba.lm_rewrite__f4qftn3p.zhp6bexp,0,swe_smith_system_prompt,924,True,423,107,0,0,0,0,0.0,,0,0,0,0,0,0,0,ok,,
3040,,,,tobymao__sqlglot.036601ba.lm_rewrite__f4qftn3p.zhp6bexp,1,tobymao__sqlglot.036601ba.lm_rewrite__f4qftn3p.zhp6bexp,1454,True,33,48,0,0,0,0,0.0,,0,0,100000,100000,0,0,0,ok,,
3041,,,,tobymao__sqlglot.036601ba.lm_rewrite__f4qftn3p.zhp6bexp,2,tobymao__sqlglot.036601ba.lm_rewrite__f4qftn3p.zhp6bexp,1535,True,11,43,0,0,0,0,0.0,,0,0,200000,200000,0,0,0,ok,,
3042,,,,tobymao__sqlglot.036601ba.lm_rewrite__f4qftn3p.zhp6bexp,3,tobymao__sqlglot.036601ba.lm_rewrite__f4qftn3p.zhp6bexp,1589,True,962,50,0,0,0,0,0.0,,0,0,300000,300000,0,0,0,ok,,
3043,,,,tobymao__sqlglot.036601ba.lm_rewrite__f4qftn3p.zhp6bexp,4,tobymao__sqlglot.036601ba.lm_rewrite__f4qftn3p.zhp6bexp,2601,True,2605,59,0,0,0,0,0.0,,0,0,400000,400000,0,0,0,ok,,
3044,,,,tobymao__sqlglot.036601ba.lm_rewrite__f4qftn3p.zhp6bexp,5,tobymao__sqlglot.036601ba.lm_rewrite__f4qftn3p.zhp6bexp,5265,True,4573,67,0,0,0,0,0.0,,0,0,500000,500000,0,0,0,ok,,
3045,,,,tobymao__sqlglot.036601ba.lm_rewrite__f4qftn3p.zhp6bexp,6,tobymao__sqlglot.036601ba.lm_rewrite__f4qftn3p.zhp6bexp,9905,True,609,51,0,0,0,0,0.0,,0,0,600000,600000,0,0,0,ok,,
3046,,,,tobymao__sqlglot.036601ba.lm_rewrite__f4qftn3p.zhp6bexp,7,tobymao__sqlglot.036601ba.lm_rewrite__f4qftn3p.zhp6bexp,10565,True,122,68,0,0,0,0,0.0,,0,0,700000,700000,0,0,0,ok,,
3047,,,,tobymao__sqlglot.036601ba.lm_rewrite__f4qftn3p.zhp6bexp,8,tobymao__sqlglot.036601ba.lm_rewrite__f4qftn3p.zhp6bexp,10755,True,799,565,0,0,0,0,0.0,,0,0,800000,800000,0,0,0,ok,,
3048,,,,tobymao__sqlglot.036601ba.lm_rewrite__f4qftn3p.zhp6bexp,9,tobymao__sqlglot.036601ba.lm_rewrite__f4qftn3p.zhp6bexp,12119,True,20,36,0,0,0,0,0.0,,0,0,900000,900000,0,0,0,ok,,
3049,,,,tobymao__sqlglot.036601ba.lm_rewrite__f4qftn3p.zhp6bexp,10,tobymao__sqlglot.036601ba.lm_rewrite__f4qftn3p.zhp6bexp,12175,True,183,578,0,0,0,0,0.0,,0,0,1000000,1000000,0,0,0,ok,,
3050,,,,tobymao__sqlglot.036601ba.lm_rewrite__f4qftn3p.zhp6bexp,11,tobymao__sqlglot.036601ba.lm_rewrite__f4qftn3p.zhp6bexp,12936,True,603,41,0,0,0,0,0.0,,0,0,1100000,1100000,0,0,0,ok,,
3051,,,,tobymao__sqlglot.036601ba.lm_rewrite__f4qftn3p.zhp6bexp,12,tobymao__sqlglot.036601ba.lm_rewrite__f4qftn3p.zhp6bexp,13580,True,182,1040,0,0,0,0,0.0,,0,0,1200000,1200000,0,0,0,ok,,
3052,,,,tobymao__sqlglot.036601ba.lm_rewrite__f4qftn3p.zhp6bexp,13,tobymao__sqlglot.036601ba.lm_rewrite__f4qftn3p.zhp6bexp,14802,True,967,37,0,0,0,0,0.0,,0,0,1300000,1300000,0,0,0,ok,,
3053,,,,tobymao__sqlglot.036601ba.lm_rewrite__f4qftn3p.zhp6bexp,14,tobymao__sqlglot.036601ba.lm_rewrite__f4qftn3p.zhp6bexp,15806,True,311,648,0,0,0,0,0.0,,0,0,1400000,1400000,0,0,0,ok,,
3054,,,,tobymao__sqlglot.036601ba.lm_rewrite__f4qftn3p.zhp6bexp,15,tobymao__sqlglot.036601ba.lm_rewrite__f4qftn3p.zhp6bexp,16765,True,630,40,0,0,0,0,0.0,,0,0,1500000,1500000,0,0,0,ok,,
3055,,,,tobymao__sqlglot.036601ba.lm_rewrite__f4qftn3p.zhp6bexp,16,tobymao__sqlglot.036601ba.lm_rewrite__f4qftn3p.zhp6bexp,17435,True,321,738,0,0,0,0,0.0,,0,0,1600000,1600000,0,0,0,ok,,
3056,,,,tobymao__sqlglot.036601ba.lm_rewrite__f4qftn3p.zhp6bexp,17,tobymao__sqlglot.036601ba.lm_rewrite__f4qftn3p.zhp6bexp,18494,True,744,40,0,0,0,0,0.0,,0,0,1700000,1700000,0,0,0,ok,,
3057,,,,tobymao__sqlglot.036601ba.lm_rewrite__f4qftn3p.zhp6bexp,18,tobymao__sqlglot.036601ba.lm_rewrite__f4qftn3p.zhp6bexp,19278,True,317,1175,0,0,0,0,0.0,,0,0,1800000,1800000,0,0,0,ok,,
3058,,,,tobymao__sqlglot.036601ba.lm_rewrite__f4qftn3p.zhp6bexp,19,tobymao__sqlglot.036601ba.lm_rewrite__f4qftn3p.zhp6bexp,20770,True,19,33,0,0,0,0,0.0,,0,0,1900000,1900000,0,0,0,ok,,
3059,,,,tobymao__sqlglot.036601ba.lm_rewrite__f4qftn3p.zhp6bexp,20,tobymao__sqlglot.036601ba.lm_rewrite__f4qftn3p.zhp6bexp,20822,True,339,2281,0,0,0,0,0.0,,0,0,2000000,2000000,0,0,0,ok,,
3060,,,,tobymao__sqlglot.036601ba.lm_rewrite__f4qftn3p.zhp6bexp,21,tobymao__sqlglot.036601ba.lm_rewrite__f4qftn3p.zhp6bexp,23442,True,2076,34,0,0,0,0,0.0,,0,0,2100000,2100000,0,0,0,ok,,
3061,,,,tobymao__sqlglot.036601ba.lm_rewrite__f4qftn3p.zhp6bexp,22,tobymao__sqlglot.036601ba.lm_rewrite__f4qftn3p.zhp6bexp,25552,True,562,833,0,0,0,0,0.0,,0,0,2200000,2200000,0,0,0,ok,,
3062,,,,tobymao__sqlglot.036601ba.lm_rewrite__f4qftn3p.zhp6bexp,23,tobymao__sqlglot.036601ba.lm_rewrite__f4qftn3p.zhp6bexp,26947,True,802,34,0,0,0,0,0.0,,0,0,2300000,2300000,0,0,0,ok,,
3063,,,,tobymao__sqlglot.036601ba.lm_rewrite__f4qftn3p.zhp6bexp,24,tobymao__sqlglot.036601ba.lm_rewrite__f4qftn3p.zhp6bexp,27783,True,564,50,0,0,0,0,0.0,,0,0,2400000,2400000,0,0,0,ok,,
3064,,,,tobymao__sqlglot.036601ba.lm_rewrite__f4qftn3p.zhp6bexp,25,tobymao__sqlglot.036601ba.lm_rewrite__f4qftn3p.zhp6bexp,28397,True,317,208,0,0,0,0,0.0,,0,0,2500000,2500000,0,0,0,ok,,
3065,,,,tobymao__sqlglot.036601ba.lm_rewrite__f4qftn3p.zhp6bexp,26,tobymao__sqlglot.036601ba.lm_rewrite__f4qftn3p.zhp6bexp,28922,True,3341,43,0,0,0,0,0.0,,0,0,2600000,2600000,0,0,0,ok,,
3066,,,,tobymao__sqlglot.036601ba.lm_rewrite__f4qftn3p.zhp6bexp,27,tobymao__sqlglot.036601ba.lm_rewrite__f4qftn3p.zhp6bexp,32306,True,11,8,0,0,0,0,0.0,,0,0,2700000,2700000,0,0,0,ok,,
3067,,,,encode__starlette.db5063c2.lm_rewrite__pev8qvgw.53i3bpoh,0,swe_smith_system_prompt,924,True,426,91,0,0,0,0,0.0,,0,0,0,0,0,0,0,ok,,
3068,,,,encode__starlette.db5063c2.lm_rewrite__pev8qvgw.53i3bpoh,1,encode__starlette.db5063c2.lm_rewrite__pev8qvgw.53i3bpoh,1441,True,29,50,0,0,0,0,0.0,,0,0,100000,100000,0,0,0,ok,,
3069,,,,encode__starlette.db5063c2.lm_rewrite__pev8qvgw.53i3bpoh,2,encode__starlette.db5063c2.lm_rewrite__pev8qvgw.53i3bpoh,1520,True,953,56,0,0,0,0,0.0,,0,0,200000,200000,0,0,0,ok,,
3070,,,,encode__starlette.db5063c2.lm_rewrite__pev8qvgw.53i3bpoh,3,encode__starlette.db5063c2.lm_rewrite__pev8qvgw.53i3bpoh,2529,True,747,173,0,0,0,0,0.0,,0,0,300000,300000,0,0,0,ok,,
3071,,,,encode__starlette.db5063c2.lm_rewrite__pev8qvgw.53i3bpoh,4,encode__starlette.db5063c2.lm_rewrite__pev8qvgw.53i3bpoh,3449,True,19,36,0,0,0,0,0.0,,0,0,400000,400000,0,0,0,ok,,
3072,,,,encode__starlette.db5063c2.lm_rewrite__pev8qvgw.53i3bpoh,5,encode__starlette.db5063c2.lm_rewrite__pev8qvgw.53i3bpoh,3504,True,26,622,0,0,0,0,0.0,,0,0,500000,500000,0,0,0,ok,,
3073,,,,encode__starlette.db5063c2.lm_rewrite__pev8qvgw.53i3bpoh,6,encode__starlette.db5063c2.lm_rewrite__pev8qvgw.53i3bpoh,4152,True,632,36,0,0,0,0,0.0,,0,0,600000,600000,0,0,0,ok,,
3074,,,,encode__starlette.db5063c2.lm_rewrite__pev8qvgw.53i3bpoh,7,encode__starlette.db5063c2.lm_rewrite__pev8qvgw.53i3bpoh,4820,True,125,775,0,0,0,0,0.0,,0,0,700000,700000,0,0,0,ok,,
3075,,,,encode__starlette.db5063c2.lm_rewrite__pev8qvgw.53i3bpoh,8,encode__starlette.db5063c2.lm_rewrite__pev8qvgw.53i3bpoh,5720,True,18,40,0,0,0,0,0.0,,0,0,800000,800000,0,0,0,ok,,
3076,,,,encode__starlette.db5063c2.lm_rewrite__pev8qvgw.53i3bpoh,9,encode__starlette.db5063c2.lm_rewrite__pev8qvgw.53i3bpoh,5778,True,19,1117,0,0,0,0,0.0,,0,0,900000,900000,0,0,0,ok,,
3077,,,,encode__starlette.db5063c2.lm_rewrite__pev8qvgw.53i3bpoh,10,encode__starlette.db5063c2.lm_rewrite__pev8qvgw.53i3bpoh,6914,True,1005,33,0,0,0,0,0.0,,0,0,1000000,1000000,0,0,0,ok,,
3078,,,,encode__starlette.db5063c2.lm_rewrite__pev8qvgw.53i3bpoh,11,encode__starlette.db5063c2.lm_rewrite__pev8qvgw.53i3bpoh,7952,True,162,334,0,0,0,0,0.0,,0,0,1100000,1100000,0,0,0,ok,,
3079,,,,encode__starlette.db5063c2.lm_rewrite__pev8qvgw.53i3bpoh,12,encode__starlette.db5063c2.lm_rewrite__pev8qvgw.53i3bpoh,8448,True,270,151,0,0,0,0,0.0,,0,0,1200000,1200000,0,0,0,ok,,
3080,,,,encode__starlette.db5063c2.lm_rewrite__pev8qvgw.53i3bpoh,13,encode__starlette.db5063c2.lm_rewrite__pev8qvgw.53i3bpoh,8869,True,162,370,0,0,0,0,0.0,,0,0,1300000,1300000,0,0,0,ok,,
3081,,,,encode__starlette.db5063c2.lm_rewrite__pev8qvgw.53i3bpoh,14,encode__starlette.db5063c2.lm_rewrite__pev8qvgw.53i3bpoh,9401,True,357,41,0,0,0,0,0.0,,0,0,1400000,1400000,0,0,0,ok,,
3082,,,,encode__starlette.db5063c2.lm_rewrite__pev8qvgw.53i3bpoh,15,encode__starlette.db5063c2.lm_rewrite__pev8qvgw.53i3bpoh,9799,True,162,599,0,0,0,0,0.0,,0,0,1500000,1500000,0,0,0,ok,,
3083,,,,encode__starlette.db5063c2.lm_rewrite__pev8qvgw.53i3bpoh,16,encode__starlette.db5063c2.lm_rewrite__pev8qvgw.53i3bpoh,10560,True,633,294,0,0,0,0,0.0,,0,0,1600000,1600000,0,0,0,ok,,
3084,,,,encode__starlette.db5063c2.lm_rewrite__pev8qvgw.53i3bpoh,17,encode__starlette.db5063c2.lm_rewrite__pev8qvgw.53i3bpoh,11487,True,365,34,0,0,0,0,0.0,,0,0,1700000,1700000,0,0,0,ok,,
3085,,,,encode__starlette.db5063c2.lm_rewrite__pev8qvgw.53i3bpoh,18,encode__starlette.db5063c2.lm_rewrite__pev8qvgw.53i3bpoh,11886,True,254,961,0,0,0,0,0.0,,0,0,1800000,1800000,0,0,0,ok,,
3086,,,,encode__starlette.db5063c2.lm_rewrite__pev8qvgw.53i3bpoh,19,encode__starlette.db5063c2.lm_rewrite__pev8qvgw.53i3bpoh,13101,True,26,753,0,0,0,0,0.0,,0,0,1900000,1900000,0,0,0,ok,,
3087,,,,encode__starlette.db5063c2.lm_rewrite__pev8qvgw.53i3bpoh,20,encode__starlette.db5063c2.lm_rewrite__pev8qvgw.53i3bpoh,13880,True,19,35,0,0,0,0,0.0,,0,0,2000000,2000000,0,0,0,ok,,
3088,,,,encode__starlette.db5063c2.lm_rewrite__pev8qvgw.53i3bpoh,21,encode__starlette.db5063c2.lm_rewrite__pev8qvgw.53i3bpoh,13934,True,200,167,0,0,0,0,0.0,,0,0,2100000,2100000,0,0,0,ok,,
3089,,,,encode__starlette.db5063c2.lm_rewrite__pev8qvgw.53i3bpoh,22,encode__starlette.db5063c2.lm_rewrite__pev8qvgw.53i3bpoh,14301,True,273,36,0,0,0,0,0.0,,0,0,2200000,2200000,0,0,0,ok,,
3090,,,,encode__starlette.db5063c2.lm_rewrite__pev8qvgw.53i3bpoh,23,encode__starlette.db5063c2.lm_rewrite__pev8qvgw.53i3bpoh,14610,True,208,140,0,0,0,0,0.0,,0,0,2300000,2300000,0,0,0,ok,,
3091,,,,encode__starlette.db5063c2.lm_rewrite__pev8qvgw.53i3bpoh,24,encode__starlette.db5063c2.lm_rewrite__pev8qvgw.53i3bpoh,14958,True,125,252,0,0,0,0,0.0,,0,0,2400000,2400000,0,0,0,ok,,
3092,,,,encode__starlette.db5063c2.lm_rewrite__pev8qvgw.53i3bpoh,25,encode__starlette.db5063c2.lm_rewrite__pev8qvgw.53i3bpoh,15335,True,3127,47,0,0,0,0,0.0,,0,0,2500000,2500000,0,0,0,ok,,
3093,,,,encode__starlette.db5063c2.lm_rewrite__pev8qvgw.53i3bpoh,26,encode__starlette.db5063c2.lm_rewrite__pev8qvgw.53i3bpoh,18509,True,11,14,0,0,0,0,0.0,,0,0,2600000,2600000,0,0,0,ok,,
3094,,,,spulec__freezegun.5f171db0.77.zrfil5kb,0,swe_smith_system_prompt,924,True,524,71,0,0,0,0,0.0,,0,0,0,0,0,0,0,ok,,
3095,,,,spulec__freezegun.5f171db0.77.zrfil5kb,1,spulec__freezegun.5f171db0.77.zrfil5kb,1519,True,349,56,0,0,0,0,0.0,,0,0,100000,100000,0,0,0,ok,,
3096,,,,spulec__freezegun.5f171db0.77.zrfil5kb,2,spulec__freezegun.5f171db0.77.zrfil5kb,1924,True,7615,45,0,0,0,0,0.0,,0,0,200000,200000,0,0,0,ok,,
3097,,,,spulec__freezegun.5f171db0.77.zrfil5kb,3,spulec__freezegun.5f171db0.77.zrfil5kb,9584,True,186,68,0,0,0,0,0.0,,0,0,300000,300000,0,0,0,ok,,
3098,,,,spulec__freezegun.5f171db0.77.zrfil5kb,4,spulec__freezegun.5f171db0.77.zrfil5kb,9838,True,97,312,0,0,0,0,0.0,,0,0,400000,400000,0,0,0,ok,,
3099,,,,spulec__freezegun.5f171db0.77.zrfil5kb,5,spulec__freezegun.5f171db0.77.zrfil5kb,10247,True,18,31,0,0,0,0,0.0,,0,0,500000,500000,0,0,0,ok,,
3100,,,,spulec__freezegun.5f171db0.77.zrfil5kb,6,spulec__freezegun.5f171db0.77.zrfil5kb,10296,True,140,429,0,0,0,0,0.0,,0,0,600000,600000,0,0,0,ok,,
3101,,,,spulec__freezegun.5f171db0.77.zrfil5kb,7,spulec__freezegun.5f171db0.77.zrfil5kb,10865,True,343,188,0,0,0,0,0.0,,0,0,700000,700000,0,0,0,ok,,
3102,,,,spulec__freezegun.5f171db0.77.zrfil5kb,8,spulec__freezegun.5f171db0.77.zrfil5kb,11396,True,263,167,0,0,0,0,0.0,,0,0,800000,800000,0,0,0,ok,,
3103,,,,spulec__freezegun.5f171db0.77.zrfil5kb,9,spulec__freezegun.5f171db0.77.zrfil5kb,11826,True,113,278,0,0,0,0,0.0,,0,0,900000,900000,0,0,0,ok,,
3104,,,,un33k__python-slugify.872b3750.85.d5qfrh0v,0,swe_smith_system_prompt,924,True,648,69,0,0,0,0,0.0,,0,0,0,0,0,0,0,ok,,
3105,,,,un33k__python-slugify.872b3750.85.d5qfrh0v,1,un33k__python-slugify.872b3750.85.d5qfrh0v,1641,True,187,49,0,0,0,0,0.0,,0,0,100000,100000,0,0,0,ok,,
3106,,,,un33k__python-slugify.872b3750.85.d5qfrh0v,2,un33k__python-slugify.872b3750.85.d5qfrh0v,1877,True,168,44,0,0,0,0,0.0,,0,0,200000,200000,0,0,0,ok,,
3107,,,,un33k__python-slugify.872b3750.85.d5qfrh0v,3,un33k__python-slugify.872b3750.85.d5qfrh0v,2089,True,6731,43,0,0,0,0,0.0,,0,0,300000,300000,0,0,0,ok,,
3108,,,,un33k__python-slugify.872b3750.85.d5qfrh0v,4,un33k__python-slugify.872b3750.85.d5qfrh0v,8863,True,38,52,0,0,0,0,0.0,,0,0,400000,400000,0,0,0,ok,,
3109,,,,un33k__python-slugify.872b3750.85.d5qfrh0v,5,un33k__python-slugify.872b3750.85.d5qfrh0v,8953,True,166,58,0,0,0,0,0.0,,0,0,500000,500000,0,0,0,ok,,
3110,,,,un33k__python-slugify.872b3750.85.d5qfrh0v,6,un33k__python-slugify.872b3750.85.d5qfrh0v,9177,True,109,170,0,0,0,0,0.0,,0,0,600000,600000,0,0,0,ok,,
3111,,,,un33k__python-slugify.872b3750.85.d5qfrh0v,7,un33k__python-slugify.872b3750.85.d5qfrh0v,9456,True,18,32,0,0,0,0,0.0,,0,0,700000,700000,0,0,0,ok,,
3112,,,,un33k__python-slugify.872b3750.85.d5qfrh0v,8,un33k__python-slugify.872b3750.85.d5qfrh0v,9506,True,46,340,0,0,0,0,0.0,,0,0,800000,800000,0,0,0,ok,,
3113,,,,un33k__python-slugify.872b3750.85.d5qfrh0v,9,un33k__python-slugify.872b3750.85.d5qfrh0v,9892,True,18,33,0,0,0,0,0.0,,0,0,900000,900000,0,0,0,ok,,
3114,,,,un33k__python-slugify.872b3750.85.d5qfrh0v,10,un33k__python-slugify.872b3750.85.d5qfrh0v,9943,True,11,14,0,0,0,0,0.0,,0,0,1000000,1000000,0,0,0,ok,,
3115,,,,un33k__python-slugify.872b3750.85.d5qfrh0v,11,un33k__python-slugify.872b3750.85.d5qfrh0v,9968,True,622,36,0,0,0,0,0.0,,0,0,1100000,1100000,0,0,0,ok,,
3116,,,,marshmallow-code__apispec.8b421526.lm_rewrite__3ifk7v2p.qtym2reo,0,swe_smith_system_prompt,924,True,645,95,0,0,0,0,0.0,,0,0,0,0,0,0,0,ok,,
3117,,,,marshmallow-code__apispec.8b421526.lm_rewrite__3ifk7v2p.qtym2reo,1,marshmallow-code__apispec.8b421526.lm_rewrite__3ifk7v2p.qtym2reo,1664,True,289,79,0,0,0,0,0.0,,0,0,100000,100000,0,0,0,ok,,
3118,,,,marshmallow-code__apispec.8b421526.lm_rewrite__3ifk7v2p.qtym2reo,2,marshmallow-code__apispec.8b421526.lm_rewrite__3ifk7v2p.qtym2reo,2032,True,3639,62,0,0,0,0,0.0,,0,0,200000,200000,0,0,0,ok,,
3119,,,,marshmallow-code__apispec.8b421526.lm_rewrite__3ifk7v2p.qtym2reo,3,marshmallow-code__apispec.8b421526.lm_rewrite__3ifk7v2p.qtym2reo,5733,True,4598,103,0,0,0,0,0.0,,0,0,300000,300000,0,0,0,ok,,
3120,,,,marshmallow-code__apispec.8b421526.lm_rewrite__3ifk7v2p.qtym2reo,4,marshmallow-code__apispec.8b421526.lm_rewrite__3ifk7v2p.qtym2reo,10434,True,674,69,0,0,0,0,0.0,,0,0,400000,400000,0,0,0,ok,,
3121,,,,marshmallow-code__apispec.8b421526.lm_rewrite__3ifk7v2p.qtym2reo,5,marshmallow-code__apispec.8b421526.lm_rewrite__3ifk7v2p.qtym2reo,11177,True,734,56,0,0,0,0,0.0,,0,0,500000,500000,0,0,0,ok,,
3122,,,,marshmallow-code__apispec.8b421526.lm_rewrite__3ifk7v2p.qtym2reo,6,marshmallow-code__apispec.8b421526.lm_rewrite__3ifk7v2p.qtym2reo,11967,True,713,79,0,0,0,0,0.0,,0,0,600000,600000,0,0,0,ok,,
3123,,,,marshmallow-code__apispec.8b421526.lm_rewrite__3ifk7v2p.qtym2reo,7,marshmallow-code__apispec.8b421526.lm_rewrite__3ifk7v2p.qtym2reo,12759,True,800,75,0,0,0,0,0.0,,0,0,700000,700000,0,0,0,ok,,
3124,,,,marshmallow-code__apispec.8b421526.lm_rewrite__3ifk7v2p.qtym2reo,8,marshmallow-code__apispec.8b421526.lm_rewrite__3ifk7v2p.qtym2reo,13634,True,865,75,0,0,0,0,0.0,,0,0,800000,800000,0,0,0,ok,,
3125,,,,marshmallow-code__apispec.8b421526.lm_rewrite__3ifk7v2p.qtym2reo,9,marshmallow-code__apispec.8b421526.lm_rewrite__3ifk7v2p.qtym2reo,14574,True,782,305,0,0,0,0,0.0,,0,0,900000,900000,0,0,0,ok,,
3126,,,,marshmallow-code__apispec.8b421526.lm_rewrite__3ifk7v2p.qtym2reo,10,marshmallow-code__apispec.8b421526.lm_rewrite__3ifk7v2p.qtym2reo,15661,True,19,35,0,0,0,0,0.0,,0,0,1000000,1000000,0,0,0,ok,,
3127,,,,marshmallow-code__apispec.8b421526.lm_rewrite__3ifk7v2p.qtym2reo,11,marshmallow-code__apispec.8b421526.lm_rewrite__3ifk7v2p.qtym2reo,15715,True,78,484,0,0,0,0,0.0,,0,0,1100000,1100000,0,0,0,ok,,
3128,,,,marshmallow-code__apispec.8b421526.lm_rewrite__3ifk7v2p.qtym2reo,12,marshmallow-code__apispec.8b421526.lm_rewrite__3ifk7v2p.qtym2reo,16277,True,476,32,0,0,0,0,0.0,,0,0,1200000,1200000,0,0,0,ok,,
3129,,,,marshmallow-code__apispec.8b421526.lm_rewrite__3ifk7v2p.qtym2reo,13,marshmallow-code__apispec.8b421526.lm_rewrite__3ifk7v2p.qtym2reo,16785,True,72,1053,0,0,0,0,0.0,,0,0,1300000,1300000,0,0,0,ok,,
3130,,,,marshmallow-code__apispec.8b421526.lm_rewrite__3ifk7v2p.qtym2reo,14,marshmallow-code__apispec.8b421526.lm_rewrite__3ifk7v2p.qtym2reo,17910,True,1066,110,0,0,0,0,0.0,,0,0,1400000,1400000,0,0,0,ok,,
3131,,,,marshmallow-code__apispec.8b421526.lm_rewrite__3ifk7v2p.qtym2reo,15,marshmallow-code__apispec.8b421526.lm_rewrite__3ifk7v2p.qtym2reo,19086,True,33,336,0,0,0,0,0.0,,0,0,1500000,1500000,0,0,0,ok,,
3132,,,,marshmallow-code__apispec.8b421526.lm_rewrite__3ifk7v2p.qtym2reo,16,marshmallow-code__apispec.8b421526.lm_rewrite__3ifk7v2p.qtym2reo,19455,True,18,39,0,0,0,0,0.0,,0,0,1600000,1600000,0,0,0,ok,,
3133,,,,marshmallow-code__apispec.8b421526.lm_rewrite__3ifk7v2p.qtym2reo,17,marshmallow-code__apispec.8b421526.lm_rewrite__3ifk7v2p.qtym2reo,19512,True,83,64,0,0,0,0,0.0,,0,0,1700000,1700000,0,0,0,ok,,
3134,,,,marshmallow-code__apispec.8b421526.lm_rewrite__3ifk7v2p.qtym2reo,18,marshmallow-code__apispec.8b421526.lm_rewrite__3ifk7v2p.qtym2reo,19659,True,4531,1068,0,0,0,0,0.0,,0,0,1800000,1800000,0,0,0,ok,,
3135,,,,marshmallow-code__apispec.8b421526.lm_rewrite__3ifk7v2p.qtym2reo,19,marshmallow-code__apispec.8b421526.lm_rewrite__3ifk7v2p.qtym2reo,25258,True,1022,86,0,0,0,0,0.0,,0,0,1900000,1900000,0,0,0,ok,,
3136,,,,marshmallow-code__apispec.8b421526.lm_rewrite__3ifk7v2p.qtym2reo,20,marshmallow-code__apispec.8b421526.lm_rewrite__3ifk7v2p.qtym2reo,26366,True,4191,50,0,0,0,0,0.0,,0,0,2000000,2000000,0,0,0,ok,,
3137,,,,marshmallow-code__apispec.8b421526.lm_rewrite__3ifk7v2p.qtym2reo,21,marshmallow-code__apispec.8b421526.lm_rewrite__3ifk7v2p.qtym2reo,30607,True,493,234,0,0,0,0,0.0,,0,0,2100000,2100000,0,0,0,ok,,
3138,,,,marshmallow-code__apispec.8b421526.lm_rewrite__3ifk7v2p.qtym2reo,22,marshmallow-code__apispec.8b421526.lm_rewrite__3ifk7v2p.qtym2reo,31334,True,1570,42,0,0,0,0,0.0,,0,0,2200000,2200000,0,0,0,ok,,
3139,,,,marshmallow-code__apispec.8b421526.lm_rewrite__3ifk7v2p.qtym2reo,23,marshmallow-code__apispec.8b421526.lm_rewrite__3ifk7v2p.qtym2reo,32946,True,11,8,0,0,0,0,0.0,,0,0,2300000,2300000,0,0,0,ok,,
3140,,,,jawah__charset_normalizer.1fdd6463.func_pm_remove_cond__1kxdv091.fcwep0gk,0,swe_smith_system_prompt,924,True,617,92,0,0,0,0,0.0,,0,0,0,0,0,0,0,ok,,
3141,,,,jawah__charset_normalizer.1fdd6463.func_pm_remove_cond__1kxdv091.fcwep0gk,1,jawah__charset_normalizer.1fdd6463.func_pm_remove_cond__1kxdv091.fcwep0gk,1633,True,15,58,0,0,0,0,0.0,,0,0,100000,100000,0,0,0,ok,,
3142,,,,jawah__charset_normalizer.1fdd6463.func_pm_remove_cond__1kxdv091.fcwep0gk,2,jawah__charset_normalizer.1fdd6463.func_pm_remove_cond__1kxdv091.fcwep0gk,1706,True,5489,55,0,0,0,0,0.0,,0,0,200000,200000,0,0,0,ok,,
3143,,,,jawah__charset_normalizer.1fdd6463.func_pm_remove_cond__1kxdv091.fcwep0gk,3,jawah__charset_normalizer.1fdd6463.func_pm_remove_cond__1kxdv091.fcwep0gk,7250,True,6002,56,0,0,0,0,0.0,,0,0,300000,300000,0,0,0,ok,,
3144,,,,jawah__charset_normalizer.1fdd6463.func_pm_remove_cond__1kxdv091.fcwep0gk,4,jawah__charset_normalizer.1fdd6463.func_pm_remove_cond__1kxdv091.fcwep0gk,13308,True,4175,327,0,0,0,0,0.0,,0,0,400000,400000,0,0,0,ok,,
3145,,,,jawah__charset_normalizer.1fdd6463.func_pm_remove_cond__1kxdv091.fcwep0gk,5,jawah__charset_normalizer.1fdd6463.func_pm_remove_cond__1kxdv091.fcwep0gk,17810,True,19,35,0,0,0,0,0.0,,0,0,500000,500000,0,0,0,ok,,
3146,,,,jawah__charset_normalizer.1fdd6463.func_pm_remove_cond__1kxdv091.fcwep0gk,6,jawah__charset_normalizer.1fdd6463.func_pm_remove_cond__1kxdv091.fcwep0gk,17864,True,86,63,0,0,0,0,0.0,,0,0,600000,600000,0,0,0,ok,,
3147,,,,jawah__charset_normalizer.1fdd6463.func_pm_remove_cond__1kxdv091.fcwep0gk,7,jawah__charset_normalizer.1fdd6463.func_pm_remove_cond__1kxdv091.fcwep0gk,18013,True,299,154,0,0,0,0,0.0,,0,0,700000,700000,0,0,0,ok,,
3148,,,,jawah__charset_normalizer.1fdd6463.func_pm_remove_cond__1kxdv091.fcwep0gk,8,jawah__charset_normalizer.1fdd6463.func_pm_remove_cond__1kxdv091.fcwep0gk,18466,True,154,32,0,0,0,0,0.0,,0,0,800000,800000,0,0,0,ok,,
3149,,,,jawah__charset_normalizer.1fdd6463.func_pm_remove_cond__1kxdv091.fcwep0gk,9,jawah__charset_normalizer.1fdd6463.func_pm_remove_cond__1kxdv091.fcwep0gk,18652,True,181,122,0,0,0,0,0.0,,0,0,900000,900000,0,0,0,ok,,
3150,,,,jawah__charset_normalizer.1fdd6463.func_pm_remove_cond__1kxdv091.fcwep0gk,10,jawah__charset_normalizer.1fdd6463.func_pm_remove_cond__1kxdv091.fcwep0gk,18955,True,431,67,0,0,0,0,0.0,,0,0,1000000,1000000,0,0,0,ok,,
3151,,,,jawah__charset_normalizer.1fdd6463.func_pm_remove_cond__1kxdv091.fcwep0gk,11,jawah__charset_normalizer.1fdd6463.func_pm_remove_cond__1kxdv091.fcwep0gk,19453,True,322,698,0,0,0,0,0.0,,0,0,1100000,1100000,0,0,0,ok,,
3152,,,,jawah__charset_normalizer.1fdd6463.func_pm_remove_cond__1kxdv091.fcwep0gk,12,jawah__charset_normalizer.1fdd6463.func_pm_remove_cond__1kxdv091.fcwep0gk,20473,True,672,556,0,0,0,0,0.0,,0,0,1200000,1200000,0,0,0,ok,,
3153,,,,jawah__charset_normalizer.1fdd6463.func_pm_remove_cond__1kxdv091.fcwep0gk,13,jawah__charset_normalizer.1fdd6463.func_pm_remove_cond__1kxdv091.fcwep0gk,21701,True,527,36,0,0,0,0,0.0,,0,0,1300000,1300000,0,0,0,ok,,
3154,,,,jawah__charset_normalizer.1fdd6463.func_pm_remove_cond__1kxdv091.fcwep0gk,14,jawah__charset_normalizer.1fdd6463.func_pm_remove_cond__1kxdv091.fcwep0gk,22264,True,435,243,0,0,0,0,0.0,,0,0,1400000,1400000,0,0,0,ok,,
3155,,,,jawah__charset_normalizer.1fdd6463.func_pm_remove_cond__1kxdv091.fcwep0gk,15,jawah__charset_normalizer.1fdd6463.func_pm_remove_cond__1kxdv091.fcwep0gk,22942,True,1007,32,0,0,0,0,0.0,,0,0,1500000,1500000,0,0,0,ok,,
3156,,,,jawah__charset_normalizer.1fdd6463.func_pm_remove_cond__1kxdv091.fcwep0gk,16,jawah__charset_normalizer.1fdd6463.func_pm_remove_cond__1kxdv091.fcwep0gk,23981,True,11,16,0,0,0,0,0.0,,0,0,1600000,1600000,0,0,0,ok,,
3157,,,,tobymao__sqlglot.036601ba.func_pm_remove_assign__4k7my5vm.c5an44i2,0,swe_smith_system_prompt,924,True,591,103,0,0,0,0,0.0,,0,0,0,0,0,0,0,ok,,
3158,,,,tobymao__sqlglot.036601ba.func_pm_remove_assign__4k7my5vm.c5an44i2,1,tobymao__sqlglot.036601ba.func_pm_remove_assign__4k7my5vm.c5an44i2,1618,True,299,68,0,0,0,0,0.0,,0,0,100000,100000,0,0,0,ok,,
3159,,,,tobymao__sqlglot.036601ba.func_pm_remove_assign__4k7my5vm.c5an44i2,2,tobymao__sqlglot.036601ba.func_pm_remove_assign__4k7my5vm.c5an44i2,1985,True,7886,62,0,0,0,0,0.0,,0,0,200000,200000,0,0,0,ok,,
3160,,,,tobymao__sqlglot.036601ba.func_pm_remove_assign__4k7my5vm.c5an44i2,3,tobymao__sqlglot.036601ba.func_pm_remove_assign__4k7my5vm.c5an44i2,9933,True,17,73,0,0,0,0,0.0,,0,0,300000,300000,0,0,0,ok,,
3161,,,,tobymao__sqlglot.036601ba.func_pm_remove_assign__4k7my5vm.c5an44i2,4,tobymao__sqlglot.036601ba.func_pm_remove_assign__4k7my5vm.c5an44i2,10023,True,641,78,0,0,0,0,0.0,,0,0,400000,400000,0,0,0,ok,,
3162,,,,tobymao__sqlglot.036601ba.func_pm_remove_assign__4k7my5vm.c5an44i2,5,tobymao__sqlglot.036601ba.func_pm_remove_assign__4k7my5vm.c5an44i2,10742,True,373,68,0,0,0,0,0.0,,0,0,500000,500000,0,0,0,ok,,
3163,,,,tobymao__sqlglot.036601ba.func_pm_remove_assign__4k7my5vm.c5an44i2,6,tobymao__sqlglot.036601ba.func_pm_remove_assign__4k7my5vm.c5an44i2,11183,True,950,72,0,0,0,0,0.0,,0,0,600000,600000,0,0,0,ok,,
3164,,,,tobymao__sqlglot.036601ba.func_pm_remove_assign__4k7my5vm.c5an44i2,7,tobymao__sqlglot.036601ba.func_pm_remove_assign__4k7my5vm.c5an44i2,12205,True,17,122,0,0,0,0,0.0,,0,0,700000,700000,0,0,0,ok,,
3165,,,,tobymao__sqlglot.036601ba.func_pm_remove_assign__4k7my5vm.c5an44i2,8,tobymao__sqlglot.036601ba.func_pm_remove_assign__4k7my5vm.c5an44i2,12344,True,221,279,0,0,0,0,0.0,,0,0,800000,800000,0,0,0,ok,,
3166,,,,tobymao__sqlglot.036601ba.func_pm_remove_assign__4k7my5vm.c5an44i2,9,tobymao__sqlglot.036601ba.func_pm_remove_assign__4k7my5vm.c5an44i2,12844,True,20,36,0,0,0,0,0.0,,0,0,900000,900000,0,0,0,ok,,
3167,,,,tobymao__sqlglot.036601ba.func_pm_remove_assign__4k7my5vm.c5an44i2,10,tobymao__sqlglot.036601ba.func_pm_remove_assign__4k7my5vm.c5an44i2,12900,True,60,519,0,0,0,0,0.0,,0,0,1000000,1000000,0,0,0,ok,,
3168,,,,tobymao__sqlglot.036601ba.func_pm_remove_assign__4k7my5vm.c5an44i2,11,tobymao__sqlglot.036601ba.func_pm_remove_assign__4k7my5vm.c5an44i2,13479,True,410,33,0,0,0,0,0.0,,0,0,1100000,1100000,0,0,0,ok,,
3169,,,,tobymao__sqlglot.036601ba.func_pm_remove_assign__4k7my5vm.c5an44i2,12,tobymao__sqlglot.036601ba.func_pm_remove_assign__4k7my5vm.c5an44i2,13922,True,82,99,0,0,0,0,0.0,,0,0,1200000,1200000,0,0,0,ok,,
3170,,,,tobymao__sqlglot.036601ba.func_pm_remove_assign__4k7my5vm.c5an44i2,13,tobymao__sqlglot.036601ba.func_pm_remove_assign__4k7my5vm.c5an44i2,14103,True,189,53,0,0,0,0,0.0,,0,0,1300000,1300000,0,0,0,ok,,
3171,,,,tobymao__sqlglot.036601ba.func_pm_remove_assign__4k7my5vm.c5an44i2,14,tobymao__sqlglot.036601ba.func_pm_remove_assign__4k7my5vm.c5an44i2,14345,True,1456,354,0,0,0,0,0.0,,0,0,1400000,1400000,0,0,0,ok,,
3172,,,,tobymao__sqlglot.036601ba.func_pm_remove_assign__4k7my5vm.c5an44i2,15,tobymao__sqlglot.036601ba.func_pm_remove_assign__4k7my5vm.c5an44i2,16155,True,393,41,0,0,0,0,0.0,,0,0,1500000,1500000,0,0,0,ok,,
3173,,,,tobymao__sqlglot.036601ba.func_pm_remove_assign__4k7my5vm.c5an44i2,16,tobymao__sqlglot.036601ba.func_pm_remove_assign__4k7my5vm.c5an44i2,16589,True,76,515,0,0,0,0,0.0,,0,0,1600000,1600000,0,0,0,ok,,
3174,,,,tobymao__sqlglot.036601ba.func_pm_remove_assign__4k7my5vm.c5an44i2,17,tobymao__sqlglot.036601ba.func_pm_remove_assign__4k7my5vm.c5an44i2,17180,True,19,35,0,0,0,0,0.0,,0,0,1700000,1700000,0,0,0,ok,,
3175,,,,tobymao__sqlglot.036601ba.func_pm_remove_assign__4k7my5vm.c5an44i2,18,tobymao__sqlglot.036601ba.func_pm_remove_assign__4k7my5vm.c5an44i2,17234,True,246,403,0,0,0,0,0.0,,0,0,1800000,1800000,0,0,0,ok,,
3176,,,,tobymao__sqlglot.036601ba.func_pm_remove_assign__4k7my5vm.c5an44i2,19,tobymao__sqlglot.036601ba.func_pm_remove_assign__4k7my5vm.c5an44i2,17883,True,20,38,0,0,0,0,0.0,,0,0,1900000,1900000,0,0,0,ok,,
3177,,,,tobymao__sqlglot.036601ba.func_pm_remove_assign__4k7my5vm.c5an44i2,20,tobymao__sqlglot.036601ba.func_pm_remove_assign__4k7my5vm.c5an44i2,17941,True,134,99,0,0,0,0,0.0,,0,0,2000000,2000000,0,0,0,ok,,
3178,,,,tobymao__sqlglot.036601ba.func_pm_remove_assign__4k7my5vm.c5an44i2,21,tobymao__sqlglot.036601ba.func_pm_remove_assign__4k7my5vm.c5an44i2,18174,True,76,196,0,0,0,0,0.0,,0,0,2100000,2100000,0,0,0,ok,,
3179,,,,tobymao__sqlglot.036601ba.func_pm_remove_assign__4k7my5vm.c5an44i2,22,tobymao__sqlglot.036601ba.func_pm_remove_assign__4k7my5vm.c5an44i2,18446,True,1751,52,0,0,0,0,0.0,,0,0,2200000,2200000,0,0,0,ok,,
3180,,,,tobymao__sqlglot.036601ba.func_pm_remove_assign__4k7my5vm.c5an44i2,23,tobymao__sqlglot.036601ba.func_pm_remove_assign__4k7my5vm.c5an44i2,20249,True,11,14,0,0,0,0,0.0,,0,0,2300000,2300000,0,0,0,ok,,
3181,,,,pyutils__line_profiler.a646bf0f.90.d5x7mem0,0,swe_smith_system_prompt,924,True,478,76,0,0,0,0,0.0,,0,0,0,0,0,0,0,ok,,
3182,,,,pyutils__line_profiler.a646bf0f.90.d5x7mem0,1,pyutils__line_profiler.a646bf0f.90.d5x7mem0,1478,True,708,53,0,0,0,0,0.0,,0,0,100000,100000,0,0,0,ok,,
3183,,,,pyutils__line_profiler.a646bf0f.90.d5x7mem0,2,pyutils__line_profiler.a646bf0f.90.d5x7mem0,2239,True,6310,408,0,0,0,0,0.0,,0,0,200000,200000,0,0,0,ok,,
3184,,,,pyutils__line_profiler.a646bf0f.90.d5x7mem0,3,pyutils__line_profiler.a646bf0f.90.d5x7mem0,8957,True,20,36,0,0,0,0,0.0,,0,0,300000,300000,0,0,0,ok,,
3185,,,,pyutils__line_profiler.a646bf0f.90.d5x7mem0,4,pyutils__line_profiler.a646bf0f.90.d5x7mem0,9013,True,62,209,0,0,0,0,0.0,,0,0,400000,400000,0,0,0,ok,,
3186,,,,pyutils__line_profiler.a646bf0f.90.d5x7mem0,5,pyutils__line_profiler.a646bf0f.90.d5x7mem0,9284,True,237,39,0,0,0,0,0.0,,0,0,500000,500000,0,0,0,ok,,
3187,,,,pyutils__line_profiler.a646bf0f.90.d5x7mem0,6,pyutils__line_profiler.a646bf0f.90.d5x7mem0,9560,True,62,481,0,0,0,0,0.0,,0,0,600000,600000,0,0,0,ok,,
3188,,,,pyutils__line_profiler.a646bf0f.90.d5x7mem0,7,pyutils__line_profiler.a646bf0f.90.d5x7mem0,10103,True,19,33,0,0,0,0,0.0,,0,0,700000,700000,0,0,0,ok,,
3189,,,,pyutils__line_profiler.a646bf0f.90.d5x7mem0,8,pyutils__line_profiler.a646bf0f.90.d5x7mem0,10155,True,128,31,0,0,0,0,0.0,,0,0,800000,800000,0,0,0,ok,,
3190,,,,getmoto__moto.694ce1f4.func_pm_remove_assign__jkmemb9w.onp94ne8,0,swe_smith_system_prompt,924,True,587,116,0,0,0,0,0.0,,0,0,0,0,0,0,0,ok,,
3191,,,,getmoto__moto.694ce1f4.func_pm_remove_assign__jkmemb9w.onp94ne8,1,getmoto__moto.694ce1f4.func_pm_remove_assign__jkmemb9w.onp94ne8,1627,True,14,56,0,0,0,0,0.0,,0,0,100000,100000,0,0,0,ok,,
3192,,,,getmoto__moto.694ce1f4.func_pm_remove_assign__jkmemb9w.onp94ne8,2,getmoto__moto.694ce1f4.func_pm_remove_assign__jkmemb9w.onp94ne8,1697,True,5541,77,0,0,0,0,0.0,,0,0,200000,200000,0,0,0,ok,,
3193,,,,getmoto__moto.694ce1f4.func_pm_remove_assign__jkmemb9w.onp94ne8,3,getmoto__moto.694ce1f4.func_pm_remove_assign__jkmemb9w.onp94ne8,7315,True,110,66,0,0,0,0,0.0,,0,0,300000,300000,0,0,0,ok,,
3194,,,,getmoto__moto.694ce1f4.func_pm_remove_assign__jkmemb9w.onp94ne8,4,getmoto__moto.694ce1f4.func_pm_remove_assign__jkmemb9w.onp94ne8,7491,True,1004,65,0,0,0,0,0.0,,0,0,400000,400000,0,0,0,ok,,
3195,,,,getmoto__moto.694ce1f4.func_pm_remove_assign__jkmemb9w.onp94ne8,5,getmoto__moto.694ce1f4.func_pm_remove_assign__jkmemb9w.onp94ne8,8560,True,371,261,0,0,0,0,0.0,,0,0,500000,500000,0,0,0,ok,,
3196,,,,getmoto__moto.694ce1f4.func_pm_remove_assign__jkmemb9w.onp94ne8,6,getmoto__moto.694ce1f4.func_pm_remove_assign__jkmemb9w.onp94ne8,9192,True,19,36,0,0,0,0,0.0,,0,0,600000,600000,0,0,0,ok,,
3197,,,,getmoto__moto.694ce1f4.func_pm_remove_assign__jkmemb9w.onp94ne8,7,getmoto__moto.694ce1f4.func_pm_remove_assign__jkmemb9w.onp94ne8,9247,True,9,364,0,0,0,0,0.0,,0,0,700000,700000,0,0,0,ok,,
3198,,,,getmoto__moto.694ce1f4.func_pm_remove_assign__jkmemb9w.onp94ne8,8,getmoto__moto.694ce1f4.func_pm_remove_assign__jkmemb9w.onp94ne8,9620,True,327,55,0,0,0,0,0.0,,0,0,800000,800000,0,0,0,ok,,
3199,,,,getmoto__moto.694ce1f4.func_pm_remove_assign__jkmemb9w.onp94ne8,9,getmoto__moto.694ce1f4.func_pm_remove_assign__jkmemb9w.onp94ne8,10002,True,37,854,0,0,0,0,0.0,,0,0,900000,900000,0,0,0,ok,,
3200,,,,getmoto__moto.694ce1f4.func_pm_remove_assign__jkmemb9w.onp94ne8,10,getmoto__moto.694ce1f4.func_pm_remove_assign__jkmemb9w.onp94ne8,10893,True,19,35,0,0,0,0,0.0,,0,0,1000000,1000000,0,0,0,ok,,
3201,,,,getmoto__moto.694ce1f4.func_pm_remove_assign__jkmemb9w.onp94ne8,11,getmoto__moto.694ce1f4.func_pm_remove_assign__jkmemb9w.onp94ne8,10947,True,180,415,0,0,0,0,0.0,,0,0,1100000,1100000,0,0,0,ok,,
3202,,,,getmoto__moto.694ce1f4.func_pm_remove_assign__jkmemb9w.onp94ne8,12,getmoto__moto.694ce1f4.func_pm_remove_assign__jkmemb9w.onp94ne8,11542,True,19,27,0,0,0,0,0.0,,0,0,1200000,1200000,0,0,0,ok,,
3203,,,,getmoto__moto.694ce1f4.func_pm_remove_assign__jkmemb9w.onp94ne8,13,getmoto__moto.694ce1f4.func_pm_remove_assign__jkmemb9w.onp94ne8,11588,True,233,221,0,0,0,0,0.0,,0,0,1300000,1300000,0,0,0,ok,,
3204,,,,getmoto__moto.694ce1f4.func_pm_remove_assign__jkmemb9w.onp94ne8,14,getmoto__moto.694ce1f4.func_pm_remove_assign__jkmemb9w.onp94ne8,12042,True,2054,52,0,0,0,0,0.0,,0,0,1400000,1400000,0,0,0,ok,,
3205,,,,getmoto__moto.694ce1f4.func_pm_remove_assign__jkmemb9w.onp94ne8,15,getmoto__moto.694ce1f4.func_pm_remove_assign__jkmemb9w.onp94ne8,14148,True,11,8,0,0,0,0,0.0,,0,0,1500000,1500000,0,0,0,ok,,
3206,,,,pyupio__safety.7654596b.lm_rewrite__rhy4jpfw.7qw19e5w,0,swe_smith_system_prompt,924,True,635,99,0,0,0,0,0.0,,0,0,0,0,0,0,0,ok,,
3207,,,,pyupio__safety.7654596b.lm_rewrite__rhy4jpfw.7qw19e5w,1,pyupio__safety.7654596b.lm_rewrite__rhy4jpfw.7qw19e5w,1658,True,863,48,0,0,0,0,0.0,,0,0,100000,100000,0,0,0,ok,,
3208,,,,pyupio__safety.7654596b.lm_rewrite__rhy4jpfw.7qw19e5w,2,pyupio__safety.7654596b.lm_rewrite__rhy4jpfw.7qw19e5w,2569,True,5150,61,0,0,0,0,0.0,,0,0,200000,200000,0,0,0,ok,,
3209,,,,pyupio__safety.7654596b.lm_rewrite__rhy4jpfw.7qw19e5w,3,pyupio__safety.7654596b.lm_rewrite__rhy4jpfw.7qw19e5w,7780,True,714,47,0,0,0,0,0.0,,0,0,300000,300000,0,0,0,ok,,
3210,,,,pyupio__safety.7654596b.lm_rewrite__rhy4jpfw.7qw19e5w,4,pyupio__safety.7654596b.lm_rewrite__rhy4jpfw.7qw19e5w,8541,True,4433,69,0,0,0,0,0.0,,0,0,400000,400000,0,0,0,ok,,
3211,,,,pyupio__safety.7654596b.lm_rewrite__rhy4jpfw.7qw19e5w,5,pyupio__safety.7654596b.lm_rewrite__rhy4jpfw.7qw19e5w,13043,True,2953,55,0,0,0,0,0.0,,0,0,500000,500000,0,0,0,ok,,
3212,,,,pyupio__safety.7654596b.lm_rewrite__rhy4jpfw.7qw19e5w,6,pyupio__safety.7654596b.lm_rewrite__rhy4jpfw.7qw19e5w,16051,True,11,41,0,0,0,0,0.0,,0,0,600000,600000,0,0,0,ok,,
3213,,,,pyupio__safety.7654596b.lm_rewrite__rhy4jpfw.7qw19e5w,7,pyupio__safety.7654596b.lm_rewrite__rhy4jpfw.7qw19e5w,16103,True,64,33,0,0,0,0,0.0,,0,0,700000,700000,0,0,0,ok,,
3214,,,,pyupio__safety.7654596b.lm_rewrite__rhy4jpfw.7qw19e5w,8,pyupio__safety.7654596b.lm_rewrite__rhy4jpfw.7qw19e5w,16200,True,125,42,0,0,0,0,0.0,,0,0,800000,800000,0,0,0,ok,,
3215,,,,pyupio__safety.7654596b.lm_rewrite__rhy4jpfw.7qw19e5w,9,pyupio__safety.7654596b.lm_rewrite__rhy4jpfw.7qw19e5w,16367,True,50,43,0,0,0,0,0.0,,0,0,900000,900000,0,0,0,ok,,
3216,,,,pyupio__safety.7654596b.lm_rewrite__rhy4jpfw.7qw19e5w,10,pyupio__safety.7654596b.lm_rewrite__rhy4jpfw.7qw19e5w,16460,True,7,55,0,0,0,0,0.0,,0,0,1000000,1000000,0,0,0,ok,,
3217,,,,pyupio__safety.7654596b.lm_rewrite__rhy4jpfw.7qw19e5w,11,pyupio__safety.7654596b.lm_rewrite__rhy4jpfw.7qw19e5w,16522,True,33,62,0,0,0,0,0.0,,0,0,1100000,1100000,0,0,0,ok,,
3218,,,,pyupio__safety.7654596b.lm_rewrite__rhy4jpfw.7qw19e5w,12,pyupio__safety.7654596b.lm_rewrite__rhy4jpfw.7qw19e5w,16617,True,7,83,0,0,0,0,0.0,,0,0,1200000,1200000,0,0,0,ok,,
3219,,,,pyupio__safety.7654596b.lm_rewrite__rhy4jpfw.7qw19e5w,13,pyupio__safety.7654596b.lm_rewrite__rhy4jpfw.7qw19e5w,16707,True,7,685,0,0,0,0,0.0,,0,0,1300000,1300000,0,0,0,ok,,
3220,,,,pyupio__safety.7654596b.lm_rewrite__rhy4jpfw.7qw19e5w,14,pyupio__safety.7654596b.lm_rewrite__rhy4jpfw.7qw19e5w,17399,True,19,35,0,0,0,0,0.0,,0,0,1400000,1400000,0,0,0,ok,,
3221,,,,pyupio__safety.7654596b.lm_rewrite__rhy4jpfw.7qw19e5w,15,pyupio__safety.7654596b.lm_rewrite__rhy4jpfw.7qw19e5w,17453,True,342,1164,0,0,0,0,0.0,,0,0,1500000,1500000,0,0,0,ok,,
3222,,,,pyupio__safety.7654596b.lm_rewrite__rhy4jpfw.7qw19e5w,16,pyupio__safety.7654596b.lm_rewrite__rhy4jpfw.7qw19e5w,18959,True,1153,55,0,0,0,0,0.0,,0,0,1600000,1600000,0,0,0,ok,,
3223,,,,pyupio__safety.7654596b.lm_rewrite__rhy4jpfw.7qw19e5w,17,pyupio__safety.7654596b.lm_rewrite__rhy4jpfw.7qw19e5w,20167,True,242,672,0,0,0,0,0.0,,0,0,1700000,1700000,0,0,0,ok,,
3224,,,,pyupio__safety.7654596b.lm_rewrite__rhy4jpfw.7qw19e5w,18,pyupio__safety.7654596b.lm_rewrite__rhy4jpfw.7qw19e5w,21081,True,19,35,0,0,0,0,0.0,,0,0,1800000,1800000,0,0,0,ok,,
3225,,,,pyupio__safety.7654596b.lm_rewrite__rhy4jpfw.7qw19e5w,19,pyupio__safety.7654596b.lm_rewrite__rhy4jpfw.7qw19e5w,21135,True,565,1774,0,0,0,0,0.0,,0,0,1900000,1900000,0,0,0,ok,,
3226,,,,pyupio__safety.7654596b.lm_rewrite__rhy4jpfw.7qw19e5w,20,pyupio__safety.7654596b.lm_rewrite__rhy4jpfw.7qw19e5w,23474,True,1935,538,0,0,0,0,0.0,,0,0,2000000,2000000,0,0,0,ok,,
3227,,,,pyupio__safety.7654596b.lm_rewrite__rhy4jpfw.7qw19e5w,21,pyupio__safety.7654596b.lm_rewrite__rhy4jpfw.7qw19e5w,25947,True,569,43,0,0,0,0,0.0,,0,0,2100000,2100000,0,0,0,ok,,
3228,,,,pyupio__safety.7654596b.lm_rewrite__rhy4jpfw.7qw19e5w,22,pyupio__safety.7654596b.lm_rewrite__rhy4jpfw.7qw19e5w,26559,True,584,122,0,0,0,0,0.0,,0,0,2200000,2200000,0,0,0,ok,,
3229,,,,pyupio__safety.7654596b.lm_rewrite__rhy4jpfw.7qw19e5w,23,pyupio__safety.7654596b.lm_rewrite__rhy4jpfw.7qw19e5w,27265,True,240,24,0,0,0,0,0.0,,0,0,2300000,2300000,0,0,0,ok,,
3230,,,,pyupio__safety.7654596b.lm_rewrite__rhy4jpfw.7qw19e5w,24,pyupio__safety.7654596b.lm_rewrite__rhy4jpfw.7qw19e5w,27529,True,3603,43,0,0,0,0,0.0,,0,0,2400000,2400000,0,0,0,ok,,
3231,,,,pyupio__safety.7654596b.lm_rewrite__rhy4jpfw.7qw19e5w,25,pyupio__safety.7654596b.lm_rewrite__rhy4jpfw.7qw19e5w,31175,True,11,8,0,0,0,0,0.0,,0,0,2500000,2500000,0,0,0,ok,,
3232,,,,oauthlib__oauthlib.1fd52536.lm_rewrite__1oh6objh.5939iaz8,0,swe_smith_system_prompt,924,True,579,105,0,0,0,0,0.0,,0,0,0,0,0,0,0,ok,,
3233,,,,oauthlib__oauthlib.1fd52536.lm_rewrite__1oh6objh.5939iaz8,1,oauthlib__oauthlib.1fd52536.lm_rewrite__1oh6objh.5939iaz8,1608,True,2836,86,0,0,0,0,0.0,,0,0,100000,100000,0,0,0,ok,,
3234,,,,oauthlib__oauthlib.1fd52536.lm_rewrite__1oh6objh.5939iaz8,2,oauthlib__oauthlib.1fd52536.lm_rewrite__1oh6objh.5939iaz8,4530,True,4829,98,0,0,0,0,0.0,,0,0,200000,200000,0,0,0,ok,,
3235,,,,oauthlib__oauthlib.1fd52536.lm_rewrite__1oh6objh.5939iaz8,3,oauthlib__oauthlib.1fd52536.lm_rewrite__1oh6objh.5939iaz8,9457,True,2913,75,0,0,0,0,0.0,,0,0,300000,300000,0,0,0,ok,,
3236,,,,oauthlib__oauthlib.1fd52536.lm_rewrite__1oh6objh.5939iaz8,4,oauthlib__oauthlib.1fd52536.lm_rewrite__1oh6objh.5939iaz8,12445,True,5339,127,0,0,0,0,0.0,,0,0,400000,400000,0,0,0,ok,,
3237,,,,oauthlib__oauthlib.1fd52536.lm_rewrite__1oh6objh.5939iaz8,5,oauthlib__oauthlib.1fd52536.lm_rewrite__1oh6objh.5939iaz8,17911,True,32,288,0,0,0,0,0.0,,0,0,500000,500000,0,0,0,ok,,
3238,,,,oauthlib__oauthlib.1fd52536.lm_rewrite__1oh6objh.5939iaz8,6,oauthlib__oauthlib.1fd52536.lm_rewrite__1oh6objh.5939iaz8,18231,True,19,35,0,0,0,0,0.0,,0,0,600000,600000,0,0,0,ok,,
3239,,,,oauthlib__oauthlib.1fd52536.lm_rewrite__1oh6objh.5939iaz8,7,oauthlib__oauthlib.1fd52536.lm_rewrite__1oh6objh.5939iaz8,18285,True,77,571,0,0,0,0,0.0,,0,0,700000,700000,0,0,0,ok,,
3240,,,,oauthlib__oauthlib.1fd52536.lm_rewrite__1oh6objh.5939iaz8,8,oauthlib__oauthlib.1fd52536.lm_rewrite__1oh6objh.5939iaz8,18933,True,555,32,0,0,0,0,0.0,,0,0,800000,800000,0,0,0,ok,,
3241,,,,oauthlib__oauthlib.1fd52536.lm_rewrite__1oh6objh.5939iaz8,9,oauthlib__oauthlib.1fd52536.lm_rewrite__1oh6objh.5939iaz8,19520,True,112,580,0,0,0,0,0.0,,0,0,900000,900000,0,0,0,ok,,
3242,,,,oauthlib__oauthlib.1fd52536.lm_rewrite__1oh6objh.5939iaz8,10,oauthlib__oauthlib.1fd52536.lm_rewrite__1oh6objh.5939iaz8,20212,True,628,40,0,0,0,0,0.0,,0,0,1000000,1000000,0,0,0,ok,,
3243,,,,oauthlib__oauthlib.1fd52536.lm_rewrite__1oh6objh.5939iaz8,11,oauthlib__oauthlib.1fd52536.lm_rewrite__1oh6objh.5939iaz8,20880,True,128,811,0,0,0,0,0.0,,0,0,1100000,1100000,0,0,0,ok,,
3244,,,,oauthlib__oauthlib.1fd52536.lm_rewrite__1oh6objh.5939iaz8,12,oauthlib__oauthlib.1fd52536.lm_rewrite__1oh6objh.5939iaz8,21819,True,18,34,0,0,0,0,0.0,,0,0,1200000,1200000,0,0,0,ok,,
3245,,,,oauthlib__oauthlib.1fd52536.lm_rewrite__1oh6objh.5939iaz8,13,oauthlib__oauthlib.1fd52536.lm_rewrite__1oh6objh.5939iaz8,21871,True,139,1985,0,0,0,0,0.0,,0,0,1300000,1300000,0,0,0,ok,,
3246,,,,oauthlib__oauthlib.1fd52536.lm_rewrite__1oh6objh.5939iaz8,14,oauthlib__oauthlib.1fd52536.lm_rewrite__1oh6objh.5939iaz8,23995,True,1890,39,0,0,0,0,0.0,,0,0,1400000,1400000,0,0,0,ok,,
3247,,,,oauthlib__oauthlib.1fd52536.lm_rewrite__1oh6objh.5939iaz8,15,oauthlib__oauthlib.1fd52536.lm_rewrite__1oh6objh.5939iaz8,25924,True,177,594,0,0,0,0,0.0,,0,0,1500000,1500000,0,0,0,ok,,
3248,,,,oauthlib__oauthlib.1fd52536.lm_rewrite__1oh6objh.5939iaz8,16,oauthlib__oauthlib.1fd52536.lm_rewrite__1oh6objh.5939iaz8,26695,True,18,34,0,0,0,0,0.0,,0,0,1600000,1600000,0,0,0,ok,,
3249,,,,oauthlib__oauthlib.1fd52536.lm_rewrite__1oh6objh.5939iaz8,17,oauthlib__oauthlib.1fd52536.lm_rewrite__1oh6objh.5939iaz8,26747,True,78,229,0,0,0,0,0.0,,0,0,1700000,1700000,0,0,0,ok,,
3250,,,,oauthlib__oauthlib.1fd52536.lm_rewrite__1oh6objh.5939iaz8,18,oauthlib__oauthlib.1fd52536.lm_rewrite__1oh6objh.5939iaz8,27054,True,3150,49,0,0,0,0,0.0,,0,0,1800000,1800000,0,0,0,ok,,
3251,,,,oauthlib__oauthlib.1fd52536.lm_rewrite__1oh6objh.5939iaz8,19,oauthlib__oauthlib.1fd52536.lm_rewrite__1oh6objh.5939iaz8,30253,True,11,8,0,0,0,0,0.0,,0,0,1900000,1900000,0,0,0,ok,,
3252,,,,oauthlib__oauthlib.1fd52536.func_pm_ctrl_shuffle__pzqusrn8.6l3e2wj8,0,swe_smith_system_prompt,924,True,707,91,0,0,0,0,0.0,,0,0,0,0,0,0,0,ok,,
3253,,,,oauthlib__oauthlib.1fd52536.func_pm_ctrl_shuffle__pzqusrn8.6l3e2wj8,1,oauthlib__oauthlib.1fd52536.func_pm_ctrl_shuffle__pzqusrn8.6l3e2wj8,1722,True,277,83,0,0,0,0,0.0,,0,0,100000,100000,0,0,0,ok,,
3254,,,,oauthlib__oauthlib.1fd52536.func_pm_ctrl_shuffle__pzqusrn8.6l3e2wj8,2,oauthlib__oauthlib.1fd52536.func_pm_ctrl_shuffle__pzqusrn8.6l3e2wj8,2082,True,654,136,0,0,0,0,0.0,,0,0,200000,200000,0,0,0,ok,,
3255,,,,oauthlib__oauthlib.1fd52536.func_pm_ctrl_shuffle__pzqusrn8.6l3e2wj8,3,oauthlib__oauthlib.1fd52536.func_pm_ctrl_shuffle__pzqusrn8.6l3e2wj8,2872,True,5072,56,0,0,0,0,0.0,,0,0,300000,300000,0,0,0,ok,,
3256,,,,oauthlib__oauthlib.1fd52536.func_pm_ctrl_shuffle__pzqusrn8.6l3e2wj8,4,oauthlib__oauthlib.1fd52536.func_pm_ctrl_shuffle__pzqusrn8.6l3e2wj8,8000,True,2238,324,0,0,0,0,0.0,,0,0,400000,400000,0,0,0,ok,,
3257,,,,oauthlib__oauthlib.1fd52536.func_pm_ctrl_shuffle__pzqusrn8.6l3e2wj8,5,oauthlib__oauthlib.1fd52536.func_pm_ctrl_shuffle__pzqusrn8.6l3e2wj8,10562,True,22,39,0,0,0,0,0.0,,0,0,500000,500000,0,0,0,ok,,
3258,,,,oauthlib__oauthlib.1fd52536.func_pm_ctrl_shuffle__pzqusrn8.6l3e2wj8,6,oauthlib__oauthlib.1fd52536.func_pm_ctrl_shuffle__pzqusrn8.6l3e2wj8,10623,True,12,219,0,0,0,0,0.0,,0,0,600000,600000,0,0,0,ok,,
3259,,,,oauthlib__oauthlib.1fd52536.func_pm_ctrl_shuffle__pzqusrn8.6l3e2wj8,7,oauthlib__oauthlib.1fd52536.func_pm_ctrl_shuffle__pzqusrn8.6l3e2wj8,10854,True,223,143,0,0,0,0,0.0,,0,0,700000,700000,0,0,0,ok,,
3260,,,,oauthlib__oauthlib.1fd52536.func_pm_ctrl_shuffle__pzqusrn8.6l3e2wj8,8,oauthlib__oauthlib.1fd52536.func_pm_ctrl_shuffle__pzqusrn8.6l3e2wj8,11220,True,13,895,0,0,0,0,0.0,,0,0,800000,800000,0,0,0,ok,,
3261,,,,oauthlib__oauthlib.1fd52536.func_pm_ctrl_shuffle__pzqusrn8.6l3e2wj8,9,oauthlib__oauthlib.1fd52536.func_pm_ctrl_shuffle__pzqusrn8.6l3e2wj8,12128,True,21,38,0,0,0,0,0.0,,0,0,900000,900000,0,0,0,ok,,
3262,,,,oauthlib__oauthlib.1fd52536.func_pm_ctrl_shuffle__pzqusrn8.6l3e2wj8,10,oauthlib__oauthlib.1fd52536.func_pm_ctrl_shuffle__pzqusrn8.6l3e2wj8,12187,True,173,295,0,0,0,0,0.0,,0,0,1000000,1000000,0,0,0,ok,,
3263,,,,oauthlib__oauthlib.1fd52536.func_pm_ctrl_shuffle__pzqusrn8.6l3e2wj8,11,oauthlib__oauthlib.1fd52536.func_pm_ctrl_shuffle__pzqusrn8.6l3e2wj8,12655,True,1775,47,0,0,0,0,0.0,,0,0,1100000,1100000,0,0,0,ok,,
3264,,,,oauthlib__oauthlib.1fd52536.func_pm_ctrl_shuffle__pzqusrn8.6l3e2wj8,12,oauthlib__oauthlib.1fd52536.func_pm_ctrl_shuffle__pzqusrn8.6l3e2wj8,14477,True,11,14,0,0,0,0,0.0,,0,0,1200000,1200000,0,0,0,ok,,
3265,,,,Project-MONAI__MONAI.a09c1f08.pr_5807.gir8u3bn,0,swe_smith_system_prompt,924,True,643,88,0,0,0,0,0.0,,0,0,0,0,0,0,0,ok,,
3266,,,,Project-MONAI__MONAI.a09c1f08.pr_5807.gir8u3bn,1,Project-MONAI__MONAI.a09c1f08.pr_5807.gir8u3bn,1655,True,54,70,0,0,0,0,0.0,,0,0,100000,100000,0,0,0,ok,,
3267,,,,Project-MONAI__MONAI.a09c1f08.pr_5807.gir8u3bn,2,Project-MONAI__MONAI.a09c1f08.pr_5807.gir8u3bn,1779,True,11,55,0,0,0,0,0.0,,0,0,200000,200000,0,0,0,ok,,
3268,,,,Project-MONAI__MONAI.a09c1f08.pr_5807.gir8u3bn,3,Project-MONAI__MONAI.a09c1f08.pr_5807.gir8u3bn,1845,True,48,58,0,0,0,0,0.0,,0,0,300000,300000,0,0,0,ok,,
3269,,,,Project-MONAI__MONAI.a09c1f08.pr_5807.gir8u3bn,4,Project-MONAI__MONAI.a09c1f08.pr_5807.gir8u3bn,1951,True,4724,111,0,0,0,0,0.0,,0,0,400000,400000,0,0,0,ok,,
3270,,,,Project-MONAI__MONAI.a09c1f08.pr_5807.gir8u3bn,5,Project-MONAI__MONAI.a09c1f08.pr_5807.gir8u3bn,6786,True,96,53,0,0,0,0,0.0,,0,0,500000,500000,0,0,0,ok,,
3271,,,,Project-MONAI__MONAI.a09c1f08.pr_5807.gir8u3bn,6,Project-MONAI__MONAI.a09c1f08.pr_5807.gir8u3bn,6935,True,3024,83,0,0,0,0,0.0,,0,0,600000,600000,0,0,0,ok,,
3272,,,,Project-MONAI__MONAI.a09c1f08.pr_5807.gir8u3bn,7,Project-MONAI__MONAI.a09c1f08.pr_5807.gir8u3bn,10042,True,227,79,0,0,0,0,0.0,,0,0,700000,700000,0,0,0,ok,,
3273,,,,Project-MONAI__MONAI.a09c1f08.pr_5807.gir8u3bn,8,Project-MONAI__MONAI.a09c1f08.pr_5807.gir8u3bn,10348,True,172,116,0,0,0,0,0.0,,0,0,800000,800000,0,0,0,ok,,
3274,,,,Project-MONAI__MONAI.a09c1f08.pr_5807.gir8u3bn,9,Project-MONAI__MONAI.a09c1f08.pr_5807.gir8u3bn,10636,True,3792,191,0,0,0,0,0.0,,0,0,900000,900000,0,0,0,ok,,
3275,,,,Project-MONAI__MONAI.a09c1f08.pr_5807.gir8u3bn,10,Project-MONAI__MONAI.a09c1f08.pr_5807.gir8u3bn,14619,True,19,35,0,0,0,0,0.0,,0,0,1000000,1000000,0,0,0,ok,,
3276,,,,Project-MONAI__MONAI.a09c1f08.pr_5807.gir8u3bn,11,Project-MONAI__MONAI.a09c1f08.pr_5807.gir8u3bn,14673,True,25,560,0,0,0,0,0.0,,0,0,1100000,1100000,0,0,0,ok,,
3277,,,,Project-MONAI__MONAI.a09c1f08.pr_5807.gir8u3bn,12,Project-MONAI__MONAI.a09c1f08.pr_5807.gir8u3bn,15258,True,616,32,0,0,0,0,0.0,,0,0,1200000,1200000,0,0,0,ok,,
3278,,,,Project-MONAI__MONAI.a09c1f08.pr_5807.gir8u3bn,13,Project-MONAI__MONAI.a09c1f08.pr_5807.gir8u3bn,15906,True,89,111,0,0,0,0,0.0,,0,0,1300000,1300000,0,0,0,ok,,
3279,,,,Project-MONAI__MONAI.a09c1f08.pr_5807.gir8u3bn,14,Project-MONAI__MONAI.a09c1f08.pr_5807.gir8u3bn,16106,True,190,83,0,0,0,0,0.0,,0,0,1400000,1400000,0,0,0,ok,,
3280,,,,Project-MONAI__MONAI.a09c1f08.pr_5807.gir8u3bn,15,Project-MONAI__MONAI.a09c1f08.pr_5807.gir8u3bn,16379,True,255,81,0,0,0,0,0.0,,0,0,1500000,1500000,0,0,0,ok,,
3281,,,,Project-MONAI__MONAI.a09c1f08.pr_5807.gir8u3bn,16,Project-MONAI__MONAI.a09c1f08.pr_5807.gir8u3bn,16715,True,941,442,0,0,0,0,0.0,,0,0,1600000,1600000,0,0,0,ok,,
3282,,,,Project-MONAI__MONAI.a09c1f08.pr_5807.gir8u3bn,17,Project-MONAI__MONAI.a09c1f08.pr_5807.gir8u3bn,18098,True,349,81,0,0,0,0,0.0,,0,0,1700000,1700000,0,0,0,ok,,
3283,,,,Project-MONAI__MONAI.a09c1f08.pr_5807.gir8u3bn,18,Project-MONAI__MONAI.a09c1f08.pr_5807.gir8u3bn,18528,True,458,101,0,0,0,0,0.0,,0,0,1800000,1800000,0,0,0,ok,,
3284,,,,Project-MONAI__MONAI.a09c1f08.pr_5807.gir8u3bn,19,Project-MONAI__MONAI.a09c1f08.pr_5807.gir8u3bn,19087,True,248,100,0,0,0,0,0.0,,0,0,1900000,1900000,0,0,0,ok,,
3285,,,,Project-MONAI__MONAI.a09c1f08.pr_5807.gir8u3bn,20,Project-MONAI__MONAI.a09c1f08.pr_5807.gir8u3bn,19435,True,217,111,0,0,0,0,0.0,,0,0,2000000,2000000,0,0,0,ok,,
3286,,,,Project-MONAI__MONAI.a09c1f08.pr_5807.gir8u3bn,21,Project-MONAI__MONAI.a09c1f08.pr_5807.gir8u3bn,19763,True,272,108,0,0,0,0,0.0,,0,0,2100000,2100000,0,0,0,ok,,
3287,,,,Project-MONAI__MONAI.a09c1f08.pr_5807.gir8u3bn,22,Project-MONAI__MONAI.a09c1f08.pr_5807.gir8u3bn,20143,True,259,274,0,0,0,0,0.0,,0,0,2200000,2200000,0,0,0,ok,,
3288,,,,Project-MONAI__MONAI.a09c1f08.pr_5807.gir8u3bn,23,Project-MONAI__MONAI.a09c1f08.pr_5807.gir8u3bn,20676,True,282,923,0,0,0,0,0.0,,0,0,2300000,2300000,0,0,0,ok,,
3289,,,,Project-MONAI__MONAI.a09c1f08.pr_5807.gir8u3bn,24,Project-MONAI__MONAI.a09c1f08.pr_5807.gir8u3bn,21881,True,963,38,0,0,0,0,0.0,,0,0,2400000,2400000,0,0,0,ok,,
3290,,,,Project-MONAI__MONAI.a09c1f08.pr_5807.gir8u3bn,25,Project-MONAI__MONAI.a09c1f08.pr_5807.gir8u3bn,22882,True,143,163,0,0,0,0,0.0,,0,0,2500000,2500000,0,0,0,ok,,
3291,,,,Project-MONAI__MONAI.a09c1f08.pr_5807.gir8u3bn,26,Project-MONAI__MONAI.a09c1f08.pr_5807.gir8u3bn,23188,True,2404,35,0,0,0,0,0.0,,0,0,2600000,2600000,0,0,0,ok,,
3292,,,,Project-MONAI__MONAI.a09c1f08.pr_5807.gir8u3bn,27,Project-MONAI__MONAI.a09c1f08.pr_5807.gir8u3bn,25627,True,11,8,0,0,0,0,0.0,,0,0,2700000,2700000,0,0,0,ok,,
3293,,,,marshmallow-code__apispec.8b421526.35.jrlclqql,0,swe_smith_system_prompt,924,True,553,71,0,0,0,0,0.0,,0,0,0,0,0,0,0,ok,,
3294,,,,marshmallow-code__apispec.8b421526.35.jrlclqql,1,marshmallow-code__apispec.8b421526.35.jrlclqql,1548,True,416,53,0,0,0,0,0.0,,0,0,100000,100000,0,0,0,ok,,
3295,,,,marshmallow-code__apispec.8b421526.35.jrlclqql,2,marshmallow-code__apispec.8b421526.35.jrlclqql,2017,True,154,57,0,0,0,0,0.0,,0,0,200000,200000,0,0,0,ok,,
3296,,,,marshmallow-code__apispec.8b421526.35.jrlclqql,3,marshmallow-code__apispec.8b421526.35.jrlclqql,2228,True,139,68,0,0,0,0,0.0,,0,0,300000,300000,0,0,0,ok,,
3297,,,,marshmallow-code__apispec.8b421526.35.jrlclqql,4,marshmallow-code__apispec.8b421526.35.jrlclqql,2435,True,6777,56,0,0,0,0,0.0,,0,0,400000,400000,0,0,0,ok,,
3298,,,,marshmallow-code__apispec.8b421526.35.jrlclqql,5,marshmallow-code__apispec.8b421526.35.jrlclqql,9268,True,75,78,0,0,0,0,0.0,,0,0,500000,500000,0,0,0,ok,,
3299,,,,marshmallow-code__apispec.8b421526.35.jrlclqql,6,marshmallow-code__apispec.8b421526.35.jrlclqql,9421,True,380,70,0,0,0,0,0.0,,0,0,600000,600000,0,0,0,ok,,
3300,,,,marshmallow-code__apispec.8b421526.35.jrlclqql,7,marshmallow-code__apispec.8b421526.35.jrlclqql,9871,True,46,61,0,0,0,0,0.0,,0,0,700000,700000,0,0,0,ok,,
3301,,,,marshmallow-code__apispec.8b421526.35.jrlclqql,8,marshmallow-code__apispec.8b421526.35.jrlclqql,9978,True,102,511,0,0,0,0,0.0,,0,0,800000,800000,0,0,0,ok,,
3302,,,,marshmallow-code__apispec.8b421526.35.jrlclqql,9,marshmallow-code__apispec.8b421526.35.jrlclqql,10591,True,19,25,0,0,0,0,0.0,,0,0,900000,900000,0,0,0,ok,,
3303,,,,marshmallow-code__apispec.8b421526.35.jrlclqql,10,marshmallow-code__apispec.8b421526.35.jrlclqql,10635,True,181,727,0,0,0,0,0.0,,0,0,1000000,1000000,0,0,0,ok,,
3304,,,,marshmallow-code__apispec.8b421526.35.jrlclqql,11,marshmallow-code__apispec.8b421526.35.jrlclqql,11543,True,467,38,0,0,0,0,0.0,,0,0,1100000,1100000,0,0,0,ok,,
3305,,,,marshmallow-code__apispec.8b421526.35.jrlclqql,12,marshmallow-code__apispec.8b421526.35.jrlclqql,12048,True,181,309,0,0,0,0,0.0,,0,0,1200000,1200000,0,0,0,ok,,
3306,,,,marshmallow-code__apispec.8b421526.35.jrlclqql,13,marshmallow-code__apispec.8b421526.35.jrlclqql,12538,True,295,34,0,0,0,0,0.0,,0,0,1300000,1300000,0,0,0,ok,,
3307,,,,marshmallow-code__apispec.8b421526.35.jrlclqql,14,marshmallow-code__apispec.8b421526.35.jrlclqql,12867,True,181,301,0,0,0,0,0.0,,0,0,1400000,1400000,0,0,0,ok,,
3308,,,,rustedpy__result.0b855e1e.28.7uo8of9j,0,swe_smith_system_prompt,924,True,529,70,0,0,0,0,0.0,,0,0,0,0,0,0,0,ok,,
3309,,,,rustedpy__result.0b855e1e.28.7uo8of9j,1,rustedpy__result.0b855e1e.28.7uo8of9j,1523,True,205,51,0,0,0,0,0.0,,0,0,100000,100000,0,0,0,ok,,
3310,,,,rustedpy__result.0b855e1e.28.7uo8of9j,2,rustedpy__result.0b855e1e.28.7uo8of9j,1779,True,69,48,0,0,0,0,0.0,,0,0,200000,200000,0,0,0,ok,,
3311,,,,rustedpy__result.0b855e1e.28.7uo8of9j,3,rustedpy__result.0b855e1e.28.7uo8of9j,1896,True,8237,50,0,0,0,0,0.0,,0,0,300000,300000,0,0,0,ok,,
3312,,,,rustedpy__result.0b855e1e.28.7uo8of9j,4,rustedpy__result.0b855e1e.28.7uo8of9j,10183,True,35,75,0,0,0,0,0.0,,0,0,400000,400000,0,0,0,ok,,
3313,,,,rustedpy__result.0b855e1e.28.7uo8of9j,5,rustedpy__result.0b855e1e.28.7uo8of9j,10293,True,185,279,0,0,0,0,0.0,,0,0,500000,500000,0,0,0,ok,,
3314,,,,rustedpy__result.0b855e1e.28.7uo8of9j,6,rustedpy__result.0b855e1e.28.7uo8of9j,10757,True,18,29,0,0,0,0,0.0,,0,0,600000,600000,0,0,0,ok,,
3315,,,,rustedpy__result.0b855e1e.28.7uo8of9j,7,rustedpy__result.0b855e1e.28.7uo8of9j,10804,True,161,206,0,0,0,0,0.0,,0,0,700000,700000,0,0,0,ok,,
3316,,,,rustedpy__result.0b855e1e.28.7uo8of9j,8,rustedpy__result.0b855e1e.28.7uo8of9j,11171,True,207,95,0,0,0,0,0.0,,0,0,800000,800000,0,0,0,ok,,
3317,,,,rustedpy__result.0b855e1e.28.7uo8of9j,9,rustedpy__result.0b855e1e.28.7uo8of9j,11473,True,159,441,0,0,0,0,0.0,,0,0,900000,900000,0,0,0,ok,,
3318,,,,rustedpy__result.0b855e1e.28.7uo8of9j,10,rustedpy__result.0b855e1e.28.7uo8of9j,12073,True,19,25,0,0,0,0,0.0,,0,0,1000000,1000000,0,0,0,ok,,
3319,,,,rustedpy__result.0b855e1e.28.7uo8of9j,11,rustedpy__result.0b855e1e.28.7uo8of9j,12117,True,203,223,0,0,0,0,0.0,,0,0,1100000,1100000,0,0,0,ok,,
3320,,,,pyupio__safety.7654596b.pr_645.jsb37rfi,0,swe_smith_system_prompt,924,True,526,93,0,0,0,0,0.0,,0,0,0,0,0,0,0,ok,,
3321,,,,pyupio__safety.7654596b.pr_645.jsb37rfi,1,pyupio__safety.7654596b.pr_645.jsb37rfi,1543,True,98,73,0,0,0,0,0.0,,0,0,100000,100000,0,0,0,ok,,
3322,,,,pyupio__safety.7654596b.pr_645.jsb37rfi,2,pyupio__safety.7654596b.pr_645.jsb37rfi,1714,True,7124,52,0,0,0,0,0.0,,0,0,200000,200000,0,0,0,ok,,
3323,,,,pyupio__safety.7654596b.pr_645.jsb37rfi,3,pyupio__safety.7654596b.pr_645.jsb37rfi,8890,True,635,235,0,0,0,0,0.0,,0,0,300000,300000,0,0,0,ok,,
3324,,,,pyupio__safety.7654596b.pr_645.jsb37rfi,4,pyupio__safety.7654596b.pr_645.jsb37rfi,9760,True,19,36,0,0,0,0,0.0,,0,0,400000,400000,0,0,0,ok,,
3325,,,,pyupio__safety.7654596b.pr_645.jsb37rfi,5,pyupio__safety.7654596b.pr_645.jsb37rfi,9815,True,10,335,0,0,0,0,0.0,,0,0,500000,500000,0,0,0,ok,,
3326,,,,pyupio__safety.7654596b.pr_645.jsb37rfi,6,pyupio__safety.7654596b.pr_645.jsb37rfi,10160,True,340,55,0,0,0,0,0.0,,0,0,600000,600000,0,0,0,ok,,
3327,,,,pyupio__safety.7654596b.pr_645.jsb37rfi,7,pyupio__safety.7654596b.pr_645.jsb37rfi,10555,True,10,652,0,0,0,0,0.0,,0,0,700000,700000,0,0,0,ok,,
3328,,,,pyupio__safety.7654596b.pr_645.jsb37rfi,8,pyupio__safety.7654596b.pr_645.jsb37rfi,11217,True,19,35,0,0,0,0,0.0,,0,0,800000,800000,0,0,0,ok,,
3329,,,,pyupio__safety.7654596b.pr_645.jsb37rfi,9,pyupio__safety.7654596b.pr_645.jsb37rfi,11271,True,117,294,0,0,0,0,0.0,,0,0,900000,900000,0,0,0,ok,,
3330,,,,pyupio__safety.7654596b.pr_645.jsb37rfi,10,pyupio__safety.7654596b.pr_645.jsb37rfi,11682,True,369,43,0,0,0,0,0.0,,0,0,1000000,1000000,0,0,0,ok,,
3331,,,,pyupio__safety.7654596b.pr_645.jsb37rfi,11,pyupio__safety.7654596b.pr_645.jsb37rfi,12094,True,102,127,0,0,0,0,0.0,,0,0,1100000,1100000,0,0,0,ok,,
3332,,,,pyupio__safety.7654596b.pr_645.jsb37rfi,12,pyupio__safety.7654596b.pr_645.jsb37rfi,12323,True,10,190,0,0,0,0,0.0,,0,0,1200000,1200000,0,0,0,ok,,
3333,,,,pyupio__safety.7654596b.pr_645.jsb37rfi,13,pyupio__safety.7654596b.pr_645.jsb37rfi,12523,True,1492,42,0,0,0,0,0.0,,0,0,1300000,1300000,0,0,0,ok,,
3334,,,,pyupio__safety.7654596b.pr_645.jsb37rfi,14,pyupio__safety.7654596b.pr_645.jsb37rfi,14057,True,11,14,0,0,0,0,0.0,,0,0,1400000,1400000,0,0,0,ok,,
3335,,,,Project-MONAI__MONAI.a09c1f08.pr_3619.7e6hosa8,0,swe_smith_system_prompt,924,True,1221,43,0,0,0,0,0.0,,0,0,0,0,0,0,0,ok,,
3336,,,,Project-MONAI__MONAI.a09c1f08.pr_3619.7e6hosa8,1,Project-MONAI__MONAI.a09c1f08.pr_3619.7e6hosa8,2188,True,24,29,0,0,0,0,0.0,,0,0,100000,100000,0,0,0,ok,,
3337,,,,Project-MONAI__MONAI.a09c1f08.pr_3619.7e6hosa8,2,Project-MONAI__MONAI.a09c1f08.pr_3619.7e6hosa8,2241,True,831,35,0,0,0,0,0.0,,0,0,200000,200000,0,0,0,ok,,
3338,,,,Project-MONAI__MONAI.a09c1f08.pr_3619.7e6hosa8,3,Project-MONAI__MONAI.a09c1f08.pr_3619.7e6hosa8,3107,True,363,38,0,0,0,0,0.0,,0,0,300000,300000,0,0,0,ok,,
3339,,,,Project-MONAI__MONAI.a09c1f08.pr_3619.7e6hosa8,4,Project-MONAI__MONAI.a09c1f08.pr_3619.7e6hosa8,3508,True,6003,55,0,0,0,0,0.0,,0,0,400000,400000,0,0,0,ok,,
3340,,,,Project-MONAI__MONAI.a09c1f08.pr_3619.7e6hosa8,5,Project-MONAI__MONAI.a09c1f08.pr_3619.7e6hosa8,9566,True,1295,342,0,0,0,0,0.0,,0,0,500000,500000,0,0,0,ok,,
3341,,,,Project-MONAI__MONAI.a09c1f08.pr_3619.7e6hosa8,6,Project-MONAI__MONAI.a09c1f08.pr_3619.7e6hosa8,11203,True,73,97,0,0,0,0,0.0,,0,0,600000,600000,0,0,0,ok,,
3342,,,,Project-MONAI__MONAI.a09c1f08.pr_3619.7e6hosa8,7,Project-MONAI__MONAI.a09c1f08.pr_3619.7e6hosa8,11373,True,119,158,0,0,0,0,0.0,,0,0,700000,700000,0,0,0,ok,,
3343,,,,Project-MONAI__MONAI.a09c1f08.pr_3619.7e6hosa8,8,Project-MONAI__MONAI.a09c1f08.pr_3619.7e6hosa8,11650,True,73,91,0,0,0,0,0.0,,0,0,800000,800000,0,0,0,ok,,
3344,,,,Project-MONAI__MONAI.a09c1f08.pr_3619.7e6hosa8,9,Project-MONAI__MONAI.a09c1f08.pr_3619.7e6hosa8,11814,True,101,160,0,0,0,0,0.0,,0,0,900000,900000,0,0,0,ok,,
3345,,,,Project-MONAI__MONAI.a09c1f08.pr_3619.7e6hosa8,10,Project-MONAI__MONAI.a09c1f08.pr_3619.7e6hosa8,12075,True,324,174,0,0,0,0,0.0,,0,0,1000000,1000000,0,0,0,ok,,
3346,,,,Project-MONAI__MONAI.a09c1f08.pr_3619.7e6hosa8,11,Project-MONAI__MONAI.a09c1f08.pr_3619.7e6hosa8,12573,True,19,25,0,0,0,0,0.0,,0,0,1100000,1100000,0,0,0,ok,,
3347,,,,Project-MONAI__MONAI.a09c1f08.pr_3619.7e6hosa8,12,Project-MONAI__MONAI.a09c1f08.pr_3619.7e6hosa8,12617,True,367,274,0,0,0,0,0.0,,0,0,1200000,1200000,0,0,0,ok,,
3348,,,,Project-MONAI__MONAI.a09c1f08.pr_3619.7e6hosa8,13,Project-MONAI__MONAI.a09c1f08.pr_3619.7e6hosa8,13258,True,330,25,0,0,0,0,0.0,,0,0,1300000,1300000,0,0,0,ok,,
3349,,,,Project-MONAI__MONAI.a09c1f08.pr_3619.7e6hosa8,14,Project-MONAI__MONAI.a09c1f08.pr_3619.7e6hosa8,13613,True,346,321,0,0,0,0,0.0,,0,0,1400000,1400000,0,0,0,ok,,
3350,,,,Project-MONAI__MONAI.a09c1f08.pr_3619.7e6hosa8,15,Project-MONAI__MONAI.a09c1f08.pr_3619.7e6hosa8,14280,True,345,25,0,0,0,0,0.0,,0,0,1500000,1500000,0,0,0,ok,,
3351,,,,Project-MONAI__MONAI.a09c1f08.pr_3619.7e6hosa8,16,Project-MONAI__MONAI.a09c1f08.pr_3619.7e6hosa8,14650,True,335,338,0,0,0,0,0.0,,0,0,1600000,1600000,0,0,0,ok,,
3352,,,,Project-MONAI__MONAI.a09c1f08.pr_3619.7e6hosa8,17,Project-MONAI__MONAI.a09c1f08.pr_3619.7e6hosa8,15323,True,369,25,0,0,0,0,0.0,,0,0,1700000,1700000,0,0,0,ok,,
3353,,,,Project-MONAI__MONAI.a09c1f08.pr_3619.7e6hosa8,18,Project-MONAI__MONAI.a09c1f08.pr_3619.7e6hosa8,15717,True,11,8,0,0,0,0,0.0,,0,0,1800000,1800000,0,0,0,ok,,
3354,,,,sunpy__sunpy.f8edfd5c.func_pm_ctrl_shuffle__tvmt6zah.6x34tk7f,0,swe_smith_system_prompt,924,True,565,100,0,0,0,0,0.0,,0,0,0,0,0,0,0,ok,,
3355,,,,sunpy__sunpy.f8edfd5c.func_pm_ctrl_shuffle__tvmt6zah.6x34tk7f,1,sunpy__sunpy.f8edfd5c.func_pm_ctrl_shuffle__tvmt6zah.6x34tk7f,1589,True,6565,62,0,0,0,0,0.0,,0,0,100000,100000,0,0,0,ok,,
3356,,,,sunpy__sunpy.f8edfd5c.func_pm_ctrl_shuffle__tvmt6zah.6x34tk7f,2,sunpy__sunpy.f8edfd5c.func_pm_ctrl_shuffle__tvmt6zah.6x34tk7f,8216,True,57,53,0,0,0,0,0.0,,0,0,200000,200000,0,0,0,ok,,
3357,,,,sunpy__sunpy.f8edfd5c.func_pm_ctrl_shuffle__tvmt6zah.6x34tk7f,3,sunpy__sunpy.f8edfd5c.func_pm_ctrl_shuffle__tvmt6zah.6x34tk7f,8326,True,2213,152,0,0,0,0,0.0,,0,0,300000,300000,0,0,0,ok,,
3358,,,,sunpy__sunpy.f8edfd5c.func_pm_ctrl_shuffle__tvmt6zah.6x34tk7f,4,sunpy__sunpy.f8edfd5c.func_pm_ctrl_shuffle__tvmt6zah.6x34tk7f,10691,True,643,341,0,0,0,0,0.0,,0,0,400000,400000,0,0,0,ok,,
3359,,,,sunpy__sunpy.f8edfd5c.func_pm_ctrl_shuffle__tvmt6zah.6x34tk7f,5,sunpy__sunpy.f8edfd5c.func_pm_ctrl_shuffle__tvmt6zah.6x34tk7f,11675,True,19,36,0,0,0,0,0.0,,0,0,500000,500000,0,0,0,ok,,
3360,,,,sunpy__sunpy.f8edfd5c.func_pm_ctrl_shuffle__tvmt6zah.6x34tk7f,6,sunpy__sunpy.f8edfd5c.func_pm_ctrl_shuffle__tvmt6zah.6x34tk7f,11730,True,29,358,0,0,0,0,0.0,,0,0,600000,600000,0,0,0,ok,,
3361,,,,sunpy__sunpy.f8edfd5c.func_pm_ctrl_shuffle__tvmt6zah.6x34tk7f,7,sunpy__sunpy.f8edfd5c.func_pm_ctrl_shuffle__tvmt6zah.6x34tk7f,12117,True,358,93,0,0,0,0,0.0,,0,0,700000,700000,0,0,0,ok,,
3362,,,,sunpy__sunpy.f8edfd5c.func_pm_ctrl_shuffle__tvmt6zah.6x34tk7f,8,sunpy__sunpy.f8edfd5c.func_pm_ctrl_shuffle__tvmt6zah.6x34tk7f,12568,True,47,907,0,0,0,0,0.0,,0,0,800000,800000,0,0,0,ok,,
3363,,,,sunpy__sunpy.f8edfd5c.func_pm_ctrl_shuffle__tvmt6zah.6x34tk7f,9,sunpy__sunpy.f8edfd5c.func_pm_ctrl_shuffle__tvmt6zah.6x34tk7f,13522,True,959,38,0,0,0,0,0.0,,0,0,900000,900000,0,0,0,ok,,
3364,,,,sunpy__sunpy.f8edfd5c.func_pm_ctrl_shuffle__tvmt6zah.6x34tk7f,10,sunpy__sunpy.f8edfd5c.func_pm_ctrl_shuffle__tvmt6zah.6x34tk7f,14519,True,249,468,0,0,0,0,0.0,,0,0,1000000,1000000,0,0,0,ok,,
3365,,,,sunpy__sunpy.f8edfd5c.func_pm_ctrl_shuffle__tvmt6zah.6x34tk7f,11,sunpy__sunpy.f8edfd5c.func_pm_ctrl_shuffle__tvmt6zah.6x34tk7f,15236,True,363,93,0,0,0,0,0.0,,0,0,1100000,1100000,0,0,0,ok,,
3366,,,,sunpy__sunpy.f8edfd5c.func_pm_ctrl_shuffle__tvmt6zah.6x34tk7f,12,sunpy__sunpy.f8edfd5c.func_pm_ctrl_shuffle__tvmt6zah.6x34tk7f,15692,True,247,253,0,0,0,0,0.0,,0,0,1200000,1200000,0,0,0,ok,,
3367,,,,sunpy__sunpy.f8edfd5c.func_pm_ctrl_shuffle__tvmt6zah.6x34tk7f,13,sunpy__sunpy.f8edfd5c.func_pm_ctrl_shuffle__tvmt6zah.6x34tk7f,16192,True,330,454,0,0,0,0,0.0,,0,0,1300000,1300000,0,0,0,ok,,
3368,,,,sunpy__sunpy.f8edfd5c.func_pm_ctrl_shuffle__tvmt6zah.6x34tk7f,14,sunpy__sunpy.f8edfd5c.func_pm_ctrl_shuffle__tvmt6zah.6x34tk7f,16976,True,19,40,0,0,0,0,0.0,,0,0,1400000,1400000,0,0,0,ok,,
3369,,,,sunpy__sunpy.f8edfd5c.func_pm_ctrl_shuffle__tvmt6zah.6x34tk7f,15,sunpy__sunpy.f8edfd5c.func_pm_ctrl_shuffle__tvmt6zah.6x34tk7f,17035,True,108,262,0,0,0,0,0.0,,0,0,1500000,1500000,0,0,0,ok,,
3370,,,,sunpy__sunpy.f8edfd5c.func_pm_ctrl_shuffle__tvmt6zah.6x34tk7f,16,sunpy__sunpy.f8edfd5c.func_pm_ctrl_shuffle__tvmt6zah.6x34tk7f,17405,True,1963,42,0,0,0,0,0.0,,0,0,1600000,1600000,0,0,0,ok,,
3371,,,,sunpy__sunpy.f8edfd5c.func_pm_ctrl_shuffle__tvmt6zah.6x34tk7f,17,sunpy__sunpy.f8edfd5c.func_pm_ctrl_shuffle__tvmt6zah.6x34tk7f,19410,True,11,14,0,0,0,0,0.0,,0,0,1700000,1700000,0,0,0,ok,,
3372,,,,getmoto__moto.694ce1f4.pr_5706.1yunigzy,0,swe_smith_system_prompt,924,True,1673,66,0,0,0,0,0.0,,0,0,0,0,0,0,0,ok,,
3373,,,,getmoto__moto.694ce1f4.pr_5706.1yunigzy,1,getmoto__moto.694ce1f4.pr_5706.1yunigzy,2663,True,532,83,0,0,0,0,0.0,,0,0,100000,100000,0,0,0,ok,,
3374,,,,getmoto__moto.694ce1f4.pr_5706.1yunigzy,2,getmoto__moto.694ce1f4.pr_5706.1yunigzy,3278,True,5187,67,0,0,0,0,0.0,,0,0,200000,200000,0,0,0,ok,,
3375,,,,getmoto__moto.694ce1f4.pr_5706.1yunigzy,3,getmoto__moto.694ce1f4.pr_5706.1yunigzy,8532,True,385,53,0,0,0,0,0.0,,0,0,300000,300000,0,0,0,ok,,
3376,,,,getmoto__moto.694ce1f4.pr_5706.1yunigzy,4,getmoto__moto.694ce1f4.pr_5706.1yunigzy,8970,True,97,45,0,0,0,0,0.0,,0,0,400000,400000,0,0,0,ok,,
3377,,,,getmoto__moto.694ce1f4.pr_5706.1yunigzy,5,getmoto__moto.694ce1f4.pr_5706.1yunigzy,9112,True,1121,404,0,0,0,0,0.0,,0,0,500000,500000,0,0,0,ok,,
3378,,,,getmoto__moto.694ce1f4.pr_5706.1yunigzy,6,getmoto__moto.694ce1f4.pr_5706.1yunigzy,10637,True,18,33,0,0,0,0,0.0,,0,0,600000,600000,0,0,0,ok,,
3379,,,,getmoto__moto.694ce1f4.pr_5706.1yunigzy,7,getmoto__moto.694ce1f4.pr_5706.1yunigzy,10688,True,83,81,0,0,0,0,0.0,,0,0,700000,700000,0,0,0,ok,,
3380,,,,getmoto__moto.694ce1f4.pr_5706.1yunigzy,8,getmoto__moto.694ce1f4.pr_5706.1yunigzy,10852,True,119,62,0,0,0,0,0.0,,0,0,800000,800000,0,0,0,ok,,
3381,,,,getmoto__moto.694ce1f4.pr_5706.1yunigzy,9,getmoto__moto.694ce1f4.pr_5706.1yunigzy,11033,True,148,24,0,0,0,0,0.0,,0,0,900000,900000,0,0,0,ok,,
3382,,,,getmoto__moto.694ce1f4.pr_5706.1yunigzy,10,getmoto__moto.694ce1f4.pr_5706.1yunigzy,11205,True,59,338,0,0,0,0,0.0,,0,0,1000000,1000000,0,0,0,ok,,
3383,,,,getmoto__moto.694ce1f4.pr_5706.1yunigzy,11,getmoto__moto.694ce1f4.pr_5706.1yunigzy,11602,True,354,262,0,0,0,0,0.0,,0,0,1100000,1100000,0,0,0,ok,,
3384,,,,jawah__charset_normalizer.1fdd6463.9.idtait2b,0,swe_smith_system_prompt,924,True,559,80,0,0,0,0,0.0,,0,0,0,0,0,0,0,ok,,
3385,,,,jawah__charset_normalizer.1fdd6463.9.idtait2b,1,jawah__charset_normalizer.1fdd6463.9.idtait2b,1563,True,5599,420,0,0,0,0,0.0,,0,0,100000,100000,0,0,0,ok,,
3386,,,,jawah__charset_normalizer.1fdd6463.9.idtait2b,2,jawah__charset_normalizer.1fdd6463.9.idtait2b,7582,True,19,32,0,0,0,0,0.0,,0,0,200000,200000,0,0,0,ok,,
3387,,,,jawah__charset_normalizer.1fdd6463.9.idtait2b,3,jawah__charset_normalizer.1fdd6463.9.idtait2b,7633,True,240,328,0,0,0,0,0.0,,0,0,300000,300000,0,0,0,ok,,
3388,,,,jawah__charset_normalizer.1fdd6463.9.idtait2b,4,jawah__charset_normalizer.1fdd6463.9.idtait2b,8201,True,341,129,0,0,0,0,0.0,,0,0,400000,400000,0,0,0,ok,,
3389,,,,jawah__charset_normalizer.1fdd6463.9.idtait2b,5,jawah__charset_normalizer.1fdd6463.9.idtait2b,8671,True,106,29,0,0,0,0,0.0,,0,0,500000,500000,0,0,0,ok,,
3390,,,,dask__dask.5f61e423.pr_10521.zgrzhlkb,0,swe_smith_system_prompt,924,True,598,80,0,0,0,0,0.0,,0,0,0,0,0,0,0,ok,,
3391,,,,dask__dask.5f61e423.pr_10521.zgrzhlkb,1,dask__dask.5f61e423.pr_10521.zgrzhlkb,1602,True,22,52,0,0,0,0,0.0,,0,0,100000,100000,0,0,0,ok,,
3392,,,,dask__dask.5f61e423.pr_10521.zgrzhlkb,2,dask__dask.5f61e423.pr_10521.zgrzhlkb,1676,True,3811,68,0,0,0,0,0.0,,0,0,200000,200000,0,0,0,ok,,
3393,,,,dask__dask.5f61e423.pr_10521.zgrzhlkb,3,dask__dask.5f61e423.pr_10521.zgrzhlkb,5555,True,116,50,0,0,0,0,0.0,,0,0,300000,300000,0,0,0,ok,,
3394,,,,dask__dask.5f61e423.pr_10521.zgrzhlkb,4,dask__dask.5f61e423.pr_10521.zgrzhlkb,5721,True,661,143,0,0,0,0,0.0,,0,0,400000,400000,0,0,0,ok,,
3395,,,,dask__dask.5f61e423.pr_10521.zgrzhlkb,5,dask__dask.5f61e423.pr_10521.zgrzhlkb,6525,True,18,34,0,0,0,0,0.0,,0,0,500000,500000,0,0,0,ok,,
3396,,,,dask__dask.5f61e423.pr_10521.zgrzhlkb,6,dask__dask.5f61e423.pr_10521.zgrzhlkb,6577,True,62,196,0,0,0,0,0.0,,0,0,600000,600000,0,0,0,ok,,
3397,,,,dask__dask.5f61e423.pr_10521.zgrzhlkb,7,dask__dask.5f61e423.pr_10521.zgrzhlkb,6835,True,187,38,0,0,0,0,0.0,,0,0,700000,700000,0,0,0,ok,,
3398,,,,dask__dask.5f61e423.pr_10521.zgrzhlkb,8,dask__dask.5f61e423.pr_10521.zgrzhlkb,7060,True,66,483,0,0,0,0,0.0,,0,0,800000,800000,0,0,0,ok,,
3399,,,,dask__dask.5f61e423.pr_10521.zgrzhlkb,9,dask__dask.5f61e423.pr_10521.zgrzhlkb,7609,True,19,26,0,0,0,0,0.0,,0,0,900000,900000,0,0,0,ok,,
3400,,,,dask__dask.5f61e423.pr_10521.zgrzhlkb,10,dask__dask.5f61e423.pr_10521.zgrzhlkb,7654,True,104,31,0,0,0,0,0.0,,0,0,1000000,1000000,0,0,0,ok,,
3401,,,,kurtmckee__feedparser.cad965a3.lm_rewrite__o7g3k0fq.w1ud10dn,0,swe_smith_system_prompt,924,True,618,101,0,0,0,0,0.0,,0,0,0,0,0,0,0,ok,,
3402,,,,kurtmckee__feedparser.cad965a3.lm_rewrite__o7g3k0fq.w1ud10dn,1,kurtmckee__feedparser.cad965a3.lm_rewrite__o7g3k0fq.w1ud10dn,1643,True,637,65,0,0,0,0,0.0,,0,0,100000,100000,0,0,0,ok,,
3403,,,,kurtmckee__feedparser.cad965a3.lm_rewrite__o7g3k0fq.w1ud10dn,2,kurtmckee__feedparser.cad965a3.lm_rewrite__o7g3k0fq.w1ud10dn,2345,True,1358,58,0,0,0,0,0.0,,0,0,200000,200000,0,0,0,ok,,
3404,,,,kurtmckee__feedparser.cad965a3.lm_rewrite__o7g3k0fq.w1ud10dn,3,kurtmckee__feedparser.cad965a3.lm_rewrite__o7g3k0fq.w1ud10dn,3761,True,5664,72,0,0,0,0,0.0,,0,0,300000,300000,0,0,0,ok,,
3405,,,,kurtmckee__feedparser.cad965a3.lm_rewrite__o7g3k0fq.w1ud10dn,4,kurtmckee__feedparser.cad965a3.lm_rewrite__o7g3k0fq.w1ud10dn,9497,True,287,66,0,0,0,0,0.0,,0,0,400000,400000,0,0,0,ok,,
3406,,,,kurtmckee__feedparser.cad965a3.lm_rewrite__o7g3k0fq.w1ud10dn,5,kurtmckee__feedparser.cad965a3.lm_rewrite__o7g3k0fq.w1ud10dn,9850,True,320,326,0,0,0,0,0.0,,0,0,500000,500000,0,0,0,ok,,
3407,,,,kurtmckee__feedparser.cad965a3.lm_rewrite__o7g3k0fq.w1ud10dn,6,kurtmckee__feedparser.cad965a3.lm_rewrite__o7g3k0fq.w1ud10dn,10496,True,22,38,0,0,0,0,0.0,,0,0,600000,600000,0,0,0,ok,,
3408,,,,kurtmckee__feedparser.cad965a3.lm_rewrite__o7g3k0fq.w1ud10dn,7,kurtmckee__feedparser.cad965a3.lm_rewrite__o7g3k0fq.w1ud10dn,10556,True,97,272,0,0,0,0,0.0,,0,0,700000,700000,0,0,0,ok,,
3409,,,,kurtmckee__feedparser.cad965a3.lm_rewrite__o7g3k0fq.w1ud10dn,8,kurtmckee__feedparser.cad965a3.lm_rewrite__o7g3k0fq.w1ud10dn,10925,True,296,85,0,0,0,0,0.0,,0,0,800000,800000,0,0,0,ok,,
3410,,,,kurtmckee__feedparser.cad965a3.lm_rewrite__o7g3k0fq.w1ud10dn,9,kurtmckee__feedparser.cad965a3.lm_rewrite__o7g3k0fq.w1ud10dn,11306,True,113,896,0,0,0,0,0.0,,0,0,900000,900000,0,0,0,ok,,
3411,,,,kurtmckee__feedparser.cad965a3.lm_rewrite__o7g3k0fq.w1ud10dn,10,kurtmckee__feedparser.cad965a3.lm_rewrite__o7g3k0fq.w1ud10dn,12315,True,21,37,0,0,0,0,0.0,,0,0,1000000,1000000,0,0,0,ok,,
3412,,,,kurtmckee__feedparser.cad965a3.lm_rewrite__o7g3k0fq.w1ud10dn,11,kurtmckee__feedparser.cad965a3.lm_rewrite__o7g3k0fq.w1ud10dn,12373,True,361,141,0,0,0,0,0.0,,0,0,1100000,1100000,0,0,0,ok,,
3413,,,,kurtmckee__feedparser.cad965a3.lm_rewrite__o7g3k0fq.w1ud10dn,12,kurtmckee__feedparser.cad965a3.lm_rewrite__o7g3k0fq.w1ud10dn,12875,True,1806,48,0,0,0,0,0.0,,0,0,1200000,1200000,0,0,0,ok,,
3414,,,,kurtmckee__feedparser.cad965a3.lm_rewrite__o7g3k0fq.w1ud10dn,13,kurtmckee__feedparser.cad965a3.lm_rewrite__o7g3k0fq.w1ud10dn,14729,True,11,8,0,0,0,0,0.0,,0,0,1300000,1300000,0,0,0,ok,,
3415,,,,tornadoweb__tornado.d5ac65c1.pr_3315.7l6jdt2a,0,swe_smith_system_prompt,924,True,1626,69,0,0,0,0,0.0,,0,0,0,0,0,0,0,ok,,
3416,,,,tornadoweb__tornado.d5ac65c1.pr_3315.7l6jdt2a,1,tornadoweb__tornado.d5ac65c1.pr_3315.7l6jdt2a,2619,True,1079,77,0,0,0,0,0.0,,0,0,100000,100000,0,0,0,ok,,
3417,,,,tornadoweb__tornado.d5ac65c1.pr_3315.7l6jdt2a,2,tornadoweb__tornado.d5ac65c1.pr_3315.7l6jdt2a,3775,True,4042,378,0,0,0,0,0.0,,0,0,200000,200000,0,0,0,ok,,
3418,,,,tornadoweb__tornado.d5ac65c1.pr_3315.7l6jdt2a,3,tornadoweb__tornado.d5ac65c1.pr_3315.7l6jdt2a,8195,True,19,35,0,0,0,0,0.0,,0,0,300000,300000,0,0,0,ok,,
3419,,,,tornadoweb__tornado.d5ac65c1.pr_3315.7l6jdt2a,4,tornadoweb__tornado.d5ac65c1.pr_3315.7l6jdt2a,8249,True,42,459,0,0,0,0,0.0,,0,0,400000,400000,0,0,0,ok,,
3420,,,,tornadoweb__tornado.d5ac65c1.pr_3315.7l6jdt2a,5,tornadoweb__tornado.d5ac65c1.pr_3315.7l6jdt2a,8750,True,285,895,0,0,0,0,0.0,,0,0,500000,500000,0,0,0,ok,,
3421,,,,tornadoweb__tornado.d5ac65c1.pr_3315.7l6jdt2a,6,tornadoweb__tornado.d5ac65c1.pr_3315.7l6jdt2a,9930,True,20,35,0,0,0,0,0.0,,0,0,600000,600000,0,0,0,ok,,
3422,,,,tornadoweb__tornado.d5ac65c1.pr_3315.7l6jdt2a,7,tornadoweb__tornado.d5ac65c1.pr_3315.7l6jdt2a,9985,True,480,42,0,0,0,0,0.0,,0,0,700000,700000,0,0,0,ok,,
3423,,,,pexpect__ptyprocess.1067dbda.func_pm_ctrl_shuffle__xib4ybaf.nnuejnkz,0,swe_smith_system_prompt,924,True,550,102,0,0,0,0,0.0,,0,0,0,0,0,0,0,ok,,
3424,,,,pexpect__ptyprocess.1067dbda.func_pm_ctrl_shuffle__xib4ybaf.nnuejnkz,1,pexpect__ptyprocess.1067dbda.func_pm_ctrl_shuffle__xib4ybaf.nnuejnkz,1576,True,110,54,0,0,0,0,0.0,,0,0,100000,100000,0,0,0,ok,,
3425,,,,pexpect__ptyprocess.1067dbda.func_pm_ctrl_shuffle__xib4ybaf.nnuejnkz,2,pexpect__ptyprocess.1067dbda.func_pm_ctrl_shuffle__xib4ybaf.nnuejnkz,1740,True,635,57,0,0,0,0,0.0,,0,0,200000,200000,0,0,0,ok,,
3426,,,,pexpect__ptyprocess.1067dbda.func_pm_ctrl_shuffle__xib4ybaf.nnuejnkz,3,pexpect__ptyprocess.1067dbda.func_pm_ctrl_shuffle__xib4ybaf.nnuejnkz,2432,True,3202,80,0,0,0,0,0.0,,0,0,300000,300000,0,0,0,ok,,
3427,,,,pexpect__ptyprocess.1067dbda.func_pm_ctrl_shuffle__xib4ybaf.nnuejnkz,4,pexpect__ptyprocess.1067dbda.func_pm_ctrl_shuffle__xib4ybaf.nnuejnkz,5714,True,433,53,0,0,0,0,0.0,,0,0,400000,400000,0,0,0,ok,,
3428,,,,pexpect__ptyprocess.1067dbda.func_pm_ctrl_shuffle__xib4ybaf.nnuejnkz,5,pexpect__ptyprocess.1067dbda.func_pm_ctrl_shuffle__xib4ybaf.nnuejnkz,6200,True,446,53,0,0,0,0,0.0,,0,0,500000,500000,0,0,0,ok,,
3429,,,,pexpect__ptyprocess.1067dbda.func_pm_ctrl_shuffle__xib4ybaf.nnuejnkz,6,pexpect__ptyprocess.1067dbda.func_pm_ctrl_shuffle__xib4ybaf.nnuejnkz,6699,True,643,65,0,0,0,0,0.0,,0,0,600000,600000,0,0,0,ok,,
3430,,,,pexpect__ptyprocess.1067dbda.func_pm_ctrl_shuffle__xib4ybaf.nnuejnkz,7,pexpect__ptyprocess.1067dbda.func_pm_ctrl_shuffle__xib4ybaf.nnuejnkz,7407,True,332,76,0,0,0,0,0.0,,0,0,700000,700000,0,0,0,ok,,
3431,,,,pexpect__ptyprocess.1067dbda.func_pm_ctrl_shuffle__xib4ybaf.nnuejnkz,8,pexpect__ptyprocess.1067dbda.func_pm_ctrl_shuffle__xib4ybaf.nnuejnkz,7815,True,381,75,0,0,0,0,0.0,,0,0,800000,800000,0,0,0,ok,,
3432,,,,pexpect__ptyprocess.1067dbda.func_pm_ctrl_shuffle__xib4ybaf.nnuejnkz,9,pexpect__ptyprocess.1067dbda.func_pm_ctrl_shuffle__xib4ybaf.nnuejnkz,8271,True,466,75,0,0,0,0,0.0,,0,0,900000,900000,0,0,0,ok,,
3433,,,,pexpect__ptyprocess.1067dbda.func_pm_ctrl_shuffle__xib4ybaf.nnuejnkz,10,pexpect__ptyprocess.1067dbda.func_pm_ctrl_shuffle__xib4ybaf.nnuejnkz,8812,True,877,65,0,0,0,0,0.0,,0,0,1000000,1000000,0,0,0,ok,,
3434,,,,pexpect__ptyprocess.1067dbda.func_pm_ctrl_shuffle__xib4ybaf.nnuejnkz,11,pexpect__ptyprocess.1067dbda.func_pm_ctrl_shuffle__xib4ybaf.nnuejnkz,9754,True,944,65,0,0,0,0,0.0,,0,0,1100000,1100000,0,0,0,ok,,
3435,,,,pexpect__ptyprocess.1067dbda.func_pm_ctrl_shuffle__xib4ybaf.nnuejnkz,12,pexpect__ptyprocess.1067dbda.func_pm_ctrl_shuffle__xib4ybaf.nnuejnkz,10763,True,830,48,0,0,0,0,0.0,,0,0,1200000,1200000,0,0,0,ok,,
3436,,,,pexpect__ptyprocess.1067dbda.func_pm_ctrl_shuffle__xib4ybaf.nnuejnkz,13,pexpect__ptyprocess.1067dbda.func_pm_ctrl_shuffle__xib4ybaf.nnuejnkz,11641,True,68,303,0,0,0,0,0.0,,0,0,1300000,1300000,0,0,0,ok,,
3437,,,,pexpect__ptyprocess.1067dbda.func_pm_ctrl_shuffle__xib4ybaf.nnuejnkz,14,pexpect__ptyprocess.1067dbda.func_pm_ctrl_shuffle__xib4ybaf.nnuejnkz,12012,True,20,37,0,0,0,0,0.0,,0,0,1400000,1400000,0,0,0,ok,,
3438,,,,pexpect__ptyprocess.1067dbda.func_pm_ctrl_shuffle__xib4ybaf.nnuejnkz,15,pexpect__ptyprocess.1067dbda.func_pm_ctrl_shuffle__xib4ybaf.nnuejnkz,12069,True,26,283,0,0,0,0,0.0,,0,0,1500000,1500000,0,0,0,ok,,
3439,,,,pexpect__ptyprocess.1067dbda.func_pm_ctrl_shuffle__xib4ybaf.nnuejnkz,16,pexpect__ptyprocess.1067dbda.func_pm_ctrl_shuffle__xib4ybaf.nnuejnkz,12378,True,273,33,0,0,0,0,0.0,,0,0,1600000,1600000,0,0,0,ok,,
3440,,,,pexpect__ptyprocess.1067dbda.func_pm_ctrl_shuffle__xib4ybaf.nnuejnkz,17,pexpect__ptyprocess.1067dbda.func_pm_ctrl_shuffle__xib4ybaf.nnuejnkz,12684,True,127,78,0,0,0,0,0.0,,0,0,1700000,1700000,0,0,0,ok,,
3441,,,,pexpect__ptyprocess.1067dbda.func_pm_ctrl_shuffle__xib4ybaf.nnuejnkz,18,pexpect__ptyprocess.1067dbda.func_pm_ctrl_shuffle__xib4ybaf.nnuejnkz,12889,True,446,478,0,0,0,0,0.0,,0,0,1800000,1800000,0,0,0,ok,,
3442,,,,pexpect__ptyprocess.1067dbda.func_pm_ctrl_shuffle__xib4ybaf.nnuejnkz,19,pexpect__ptyprocess.1067dbda.func_pm_ctrl_shuffle__xib4ybaf.nnuejnkz,13813,True,525,33,0,0,0,0,0.0,,0,0,1900000,1900000,0,0,0,ok,,
3443,,,,pexpect__ptyprocess.1067dbda.func_pm_ctrl_shuffle__xib4ybaf.nnuejnkz,20,pexpect__ptyprocess.1067dbda.func_pm_ctrl_shuffle__xib4ybaf.nnuejnkz,14371,True,175,648,0,0,0,0,0.0,,0,0,2000000,2000000,0,0,0,ok,,
3444,,,,pexpect__ptyprocess.1067dbda.func_pm_ctrl_shuffle__xib4ybaf.nnuejnkz,21,pexpect__ptyprocess.1067dbda.func_pm_ctrl_shuffle__xib4ybaf.nnuejnkz,15194,True,613,166,0,0,0,0,0.0,,0,0,2100000,2100000,0,0,0,ok,,
3445,,,,pexpect__ptyprocess.1067dbda.func_pm_ctrl_shuffle__xib4ybaf.nnuejnkz,22,pexpect__ptyprocess.1067dbda.func_pm_ctrl_shuffle__xib4ybaf.nnuejnkz,15973,True,26,917,0,0,0,0,0.0,,0,0,2200000,2200000,0,0,0,ok,,
3446,,,,pexpect__ptyprocess.1067dbda.func_pm_ctrl_shuffle__xib4ybaf.nnuejnkz,23,pexpect__ptyprocess.1067dbda.func_pm_ctrl_shuffle__xib4ybaf.nnuejnkz,16916,True,19,35,0,0,0,0,0.0,,0,0,2300000,2300000,0,0,0,ok,,
3447,,,,pexpect__ptyprocess.1067dbda.func_pm_ctrl_shuffle__xib4ybaf.nnuejnkz,24,pexpect__ptyprocess.1067dbda.func_pm_ctrl_shuffle__xib4ybaf.nnuejnkz,16970,True,296,320,0,0,0,0,0.0,,0,0,2400000,2400000,0,0,0,ok,,
3448,,,,pexpect__ptyprocess.1067dbda.func_pm_ctrl_shuffle__xib4ybaf.nnuejnkz,25,pexpect__ptyprocess.1067dbda.func_pm_ctrl_shuffle__xib4ybaf.nnuejnkz,17586,True,2162,43,0,0,0,0,0.0,,0,0,2500000,2500000,0,0,0,ok,,
3449,,,,pexpect__ptyprocess.1067dbda.func_pm_ctrl_shuffle__xib4ybaf.nnuejnkz,26,pexpect__ptyprocess.1067dbda.func_pm_ctrl_shuffle__xib4ybaf.nnuejnkz,19791,True,11,14,0,0,0,0,0.0,,0,0,2600000,2600000,0,0,0,ok,,
3450,,,,vi3k6i5__flashtext.b316c7e9.func_pm_ctrl_invert_if__u4vujemy.zvdehg4w,0,swe_smith_system_prompt,924,True,572,104,0,0,0,0,0.0,,0,0,0,0,0,0,0,ok,,
3451,,,,vi3k6i5__flashtext.b316c7e9.func_pm_ctrl_invert_if__u4vujemy.zvdehg4w,1,vi3k6i5__flashtext.b316c7e9.func_pm_ctrl_invert_if__u4vujemy.zvdehg4w,1600,True,201,53,0,0,0,0,0.0,,0,0,100000,100000,0,0,0,ok,,
3452,,,,vi3k6i5__flashtext.b316c7e9.func_pm_ctrl_invert_if__u4vujemy.zvdehg4w,2,vi3k6i5__flashtext.b316c7e9.func_pm_ctrl_invert_if__u4vujemy.zvdehg4w,1854,True,1794,70,0,0,0,0,0.0,,0,0,200000,200000,0,0,0,ok,,
3453,,,,vi3k6i5__flashtext.b316c7e9.func_pm_ctrl_invert_if__u4vujemy.zvdehg4w,3,vi3k6i5__flashtext.b316c7e9.func_pm_ctrl_invert_if__u4vujemy.zvdehg4w,3718,True,377,70,0,0,0,0,0.0,,0,0,300000,300000,0,0,0,ok,,
3454,,,,vi3k6i5__flashtext.b316c7e9.func_pm_ctrl_invert_if__u4vujemy.zvdehg4w,4,vi3k6i5__flashtext.b316c7e9.func_pm_ctrl_invert_if__u4vujemy.zvdehg4w,4165,True,264,64,0,0,0,0,0.0,,0,0,400000,400000,0,0,0,ok,,
3455,,,,vi3k6i5__flashtext.b316c7e9.func_pm_ctrl_invert_if__u4vujemy.zvdehg4w,5,vi3k6i5__flashtext.b316c7e9.func_pm_ctrl_invert_if__u4vujemy.zvdehg4w,4493,True,417,71,0,0,0,0,0.0,,0,0,500000,500000,0,0,0,ok,,
3456,,,,vi3k6i5__flashtext.b316c7e9.func_pm_ctrl_invert_if__u4vujemy.zvdehg4w,6,vi3k6i5__flashtext.b316c7e9.func_pm_ctrl_invert_if__u4vujemy.zvdehg4w,4981,True,385,64,0,0,0,0,0.0,,0,0,600000,600000,0,0,0,ok,,
3457,,,,vi3k6i5__flashtext.b316c7e9.func_pm_ctrl_invert_if__u4vujemy.zvdehg4w,7,vi3k6i5__flashtext.b316c7e9.func_pm_ctrl_invert_if__u4vujemy.zvdehg4w,5430,True,451,308,0,0,0,0,0.0,,0,0,700000,700000,0,0,0,ok,,
3458,,,,vi3k6i5__flashtext.b316c7e9.func_pm_ctrl_invert_if__u4vujemy.zvdehg4w,8,vi3k6i5__flashtext.b316c7e9.func_pm_ctrl_invert_if__u4vujemy.zvdehg4w,6189,True,20,37,0,0,0,0,0.0,,0,0,800000,800000,0,0,0,ok,,
3459,,,,vi3k6i5__flashtext.b316c7e9.func_pm_ctrl_invert_if__u4vujemy.zvdehg4w,9,vi3k6i5__flashtext.b316c7e9.func_pm_ctrl_invert_if__u4vujemy.zvdehg4w,6246,True,56,117,0,0,0,0,0.0,,0,0,900000,900000,0,0,0,ok,,
3460,,,,vi3k6i5__flashtext.b316c7e9.func_pm_ctrl_invert_if__u4vujemy.zvdehg4w,10,vi3k6i5__flashtext.b316c7e9.func_pm_ctrl_invert_if__u4vujemy.zvdehg4w,6419,True,417,622,0,0,0,0,0.0,,0,0,1000000,1000000,0,0,0,ok,,
3461,,,,vi3k6i5__flashtext.b316c7e9.func_pm_ctrl_invert_if__u4vujemy.zvdehg4w,11,vi3k6i5__flashtext.b316c7e9.func_pm_ctrl_invert_if__u4vujemy.zvdehg4w,7458,True,518,33,0,0,0,0,0.0,,0,0,1100000,1100000,0,0,0,ok,,
3462,,,,vi3k6i5__flashtext.b316c7e9.func_pm_ctrl_invert_if__u4vujemy.zvdehg4w,12,vi3k6i5__flashtext.b316c7e9.func_pm_ctrl_invert_if__u4vujemy.zvdehg4w,8009,True,80,116,0,0,0,0,0.0,,0,0,1200000,1200000,0,0,0,ok,,
3463,,,,vi3k6i5__flashtext.b316c7e9.func_pm_ctrl_invert_if__u4vujemy.zvdehg4w,13,vi3k6i5__flashtext.b316c7e9.func_pm_ctrl_invert_if__u4vujemy.zvdehg4w,8205,True,417,510,0,0,0,0,0.0,,0,0,1300000,1300000,0,0,0,ok,,
3464,,,,vi3k6i5__flashtext.b316c7e9.func_pm_ctrl_invert_if__u4vujemy.zvdehg4w,14,vi3k6i5__flashtext.b316c7e9.func_pm_ctrl_invert_if__u4vujemy.zvdehg4w,9132,True,569,42,0,0,0,0,0.0,,0,0,1400000,1400000,0,0,0,ok,,
3465,,,,vi3k6i5__flashtext.b316c7e9.func_pm_ctrl_invert_if__u4vujemy.zvdehg4w,15,vi3k6i5__flashtext.b316c7e9.func_pm_ctrl_invert_if__u4vujemy.zvdehg4w,9743,True,80,281,0,0,0,0,0.0,,0,0,1500000,1500000,0,0,0,ok,,
3466,,,,vi3k6i5__flashtext.b316c7e9.func_pm_ctrl_invert_if__u4vujemy.zvdehg4w,16,vi3k6i5__flashtext.b316c7e9.func_pm_ctrl_invert_if__u4vujemy.zvdehg4w,10104,True,18,25,0,0,0,0,0.0,,0,0,1600000,1600000,0,0,0,ok,,
3467,,,,vi3k6i5__flashtext.b316c7e9.func_pm_ctrl_invert_if__u4vujemy.zvdehg4w,17,vi3k6i5__flashtext.b316c7e9.func_pm_ctrl_invert_if__u4vujemy.zvdehg4w,10147,True,13,99,0,0,0,0,0.0,,0,0,1700000,1700000,0,0,0,ok,,
3468,,,,vi3k6i5__flashtext.b316c7e9.func_pm_ctrl_invert_if__u4vujemy.zvdehg4w,18,vi3k6i5__flashtext.b316c7e9.func_pm_ctrl_invert_if__u4vujemy.zvdehg4w,10259,True,884,89,0,0,0,0,0.0,,0,0,1800000,1800000,0,0,0,ok,,
3469,,,,vi3k6i5__flashtext.b316c7e9.func_pm_ctrl_invert_if__u4vujemy.zvdehg4w,19,vi3k6i5__flashtext.b316c7e9.func_pm_ctrl_invert_if__u4vujemy.zvdehg4w,11232,True,32,50,0,0,0,0,0.0,,0,0,1900000,1900000,0,0,0,ok,,
3470,,,,vi3k6i5__flashtext.b316c7e9.func_pm_ctrl_invert_if__u4vujemy.zvdehg4w,20,vi3k6i5__flashtext.b316c7e9.func_pm_ctrl_invert_if__u4vujemy.zvdehg4w,11314,True,46,630,0,0,0,0,0.0,,0,0,2000000,2000000,0,0,0,ok,,
3471,,,,vi3k6i5__flashtext.b316c7e9.func_pm_ctrl_invert_if__u4vujemy.zvdehg4w,21,vi3k6i5__flashtext.b316c7e9.func_pm_ctrl_invert_if__u4vujemy.zvdehg4w,11990,True,19,26,0,0,0,0,0.0,,0,0,2100000,2100000,0,0,0,ok,,
3472,,,,vi3k6i5__flashtext.b316c7e9.func_pm_ctrl_invert_if__u4vujemy.zvdehg4w,22,vi3k6i5__flashtext.b316c7e9.func_pm_ctrl_invert_if__u4vujemy.zvdehg4w,12035,True,238,244,0,0,0,0,0.0,,0,0,2200000,2200000,0,0,0,ok,,
3473,,,,vi3k6i5__flashtext.b316c7e9.func_pm_ctrl_invert_if__u4vujemy.zvdehg4w,23,vi3k6i5__flashtext.b316c7e9.func_pm_ctrl_invert_if__u4vujemy.zvdehg4w,12517,True,1875,53,0,0,0,0,0.0,,0,0,2300000,2300000,0,0,0,ok,,
3474,,,,vi3k6i5__flashtext.b316c7e9.func_pm_ctrl_invert_if__u4vujemy.zvdehg4w,24,vi3k6i5__flashtext.b316c7e9.func_pm_ctrl_invert_if__u4vujemy.zvdehg4w,14445,True,11,14,0,0,0,0,0.0,,0,0,2400000,2400000,0,0,0,ok,,
3475,,,,seperman__deepdiff.ed252022.pr_385.vwy0xgql,0,swe_smith_system_prompt,924,True,571,105,0,0,0,0,0.0,,0,0,0,0,0,0,0,ok,,
3476,,,,seperman__deepdiff.ed252022.pr_385.vwy0xgql,1,seperman__deepdiff.ed252022.pr_385.vwy0xgql,1600,True,382,68,0,0,0,0,0.0,,0,0,100000,100000,0,0,0,ok,,
3477,,,,seperman__deepdiff.ed252022.pr_385.vwy0xgql,2,seperman__deepdiff.ed252022.pr_385.vwy0xgql,2050,True,3143,77,0,0,0,0,0.0,,0,0,200000,200000,0,0,0,ok,,
3478,,,,seperman__deepdiff.ed252022.pr_385.vwy0xgql,3,seperman__deepdiff.ed252022.pr_385.vwy0xgql,5270,True,1560,75,0,0,0,0,0.0,,0,0,300000,300000,0,0,0,ok,,
3479,,,,seperman__deepdiff.ed252022.pr_385.vwy0xgql,4,seperman__deepdiff.ed252022.pr_385.vwy0xgql,6905,True,356,82,0,0,0,0,0.0,,0,0,400000,400000,0,0,0,ok,,
3480,,,,seperman__deepdiff.ed252022.pr_385.vwy0xgql,5,seperman__deepdiff.ed252022.pr_385.vwy0xgql,7343,True,1557,165,0,0,0,0,0.0,,0,0,500000,500000,0,0,0,ok,,
3481,,,,seperman__deepdiff.ed252022.pr_385.vwy0xgql,6,seperman__deepdiff.ed252022.pr_385.vwy0xgql,9065,True,20,37,0,0,0,0,0.0,,0,0,600000,600000,0,0,0,ok,,
3482,,,,seperman__deepdiff.ed252022.pr_385.vwy0xgql,7,seperman__deepdiff.ed252022.pr_385.vwy0xgql,9122,True,144,80,0,0,0,0,0.0,,0,0,700000,700000,0,0,0,ok,,
3483,,,,seperman__deepdiff.ed252022.pr_385.vwy0xgql,8,seperman__deepdiff.ed252022.pr_385.vwy0xgql,9346,True,328,171,0,0,0,0,0.0,,0,0,800000,800000,0,0,0,ok,,
3484,,,,seperman__deepdiff.ed252022.pr_385.vwy0xgql,9,seperman__deepdiff.ed252022.pr_385.vwy0xgql,9845,True,238,34,0,0,0,0,0.0,,0,0,900000,900000,0,0,0,ok,,
3485,,,,seperman__deepdiff.ed252022.pr_385.vwy0xgql,10,seperman__deepdiff.ed252022.pr_385.vwy0xgql,10117,True,106,771,0,0,0,0,0.0,,0,0,1000000,1000000,0,0,0,ok,,
3486,,,,seperman__deepdiff.ed252022.pr_385.vwy0xgql,11,seperman__deepdiff.ed252022.pr_385.vwy0xgql,10994,True,748,206,0,0,0,0,0.0,,0,0,1100000,1100000,0,0,0,ok,,
3487,,,,seperman__deepdiff.ed252022.pr_385.vwy0xgql,12,seperman__deepdiff.ed252022.pr_385.vwy0xgql,11948,True,104,700,0,0,0,0,0.0,,0,0,1200000,1200000,0,0,0,ok,,
3488,,,,seperman__deepdiff.ed252022.pr_385.vwy0xgql,13,seperman__deepdiff.ed252022.pr_385.vwy0xgql,12752,True,19,35,0,0,0,0,0.0,,0,0,1300000,1300000,0,0,0,ok,,
3489,,,,seperman__deepdiff.ed252022.pr_385.vwy0xgql,14,seperman__deepdiff.ed252022.pr_385.vwy0xgql,12806,True,62,948,0,0,0,0,0.0,,0,0,1400000,1400000,0,0,0,ok,,
3490,,,,seperman__deepdiff.ed252022.pr_385.vwy0xgql,15,seperman__deepdiff.ed252022.pr_385.vwy0xgql,13816,True,731,37,0,0,0,0,0.0,,0,0,1500000,1500000,0,0,0,ok,,
3491,,,,seperman__deepdiff.ed252022.pr_385.vwy0xgql,16,seperman__deepdiff.ed252022.pr_385.vwy0xgql,14584,True,360,1033,0,0,0,0,0.0,,0,0,1600000,1600000,0,0,0,ok,,
3492,,,,seperman__deepdiff.ed252022.pr_385.vwy0xgql,17,seperman__deepdiff.ed252022.pr_385.vwy0xgql,15977,True,952,36,0,0,0,0,0.0,,0,0,1700000,1700000,0,0,0,ok,,
3493,,,,seperman__deepdiff.ed252022.pr_385.vwy0xgql,18,seperman__deepdiff.ed252022.pr_385.vwy0xgql,16965,True,713,352,0,0,0,0,0.0,,0,0,1800000,1800000,0,0,0,ok,,
3494,,,,seperman__deepdiff.ed252022.pr_385.vwy0xgql,19,seperman__deepdiff.ed252022.pr_385.vwy0xgql,18030,True,1654,43,0,0,0,0,0.0,,0,0,1900000,1900000,0,0,0,ok,,
3495,,,,seperman__deepdiff.ed252022.pr_385.vwy0xgql,20,seperman__deepdiff.ed252022.pr_385.vwy0xgql,19727,True,11,14,0,0,0,0,0.0,,0,0,2000000,2000000,0,0,0,ok,,
3496,,,,rsalmei__alive-progress.35853799.lm_rewrite__el8rl392.hjddl64w,0,swe_smith_system_prompt,924,True,581,95,0,0,0,0,0.0,,0,0,0,0,0,0,0,ok,,
3497,,,,rsalmei__alive-progress.35853799.lm_rewrite__el8rl392.hjddl64w,1,rsalmei__alive-progress.35853799.lm_rewrite__el8rl392.hjddl64w,1600,True,46,69,0,0,0,0,0.0,,0,0,100000,100000,0,0,0,ok,,
3498,,,,rsalmei__alive-progress.35853799.lm_rewrite__el8rl392.hjddl64w,2,rsalmei__alive-progress.35853799.lm_rewrite__el8rl392.hjddl64w,1715,True,4337,54,0,0,0,0,0.0,,0,0,200000,200000,0,0,0,ok,,
3499,,,,rsalmei__alive-progress.35853799.lm_rewrite__el8rl392.hjddl64w,3,rsalmei__alive-progress.35853799.lm_rewrite__el8rl392.hjddl64w,6106,True,3348,52,0,0,0,0,0.0,,0,0,300000,300000,0,0,0,ok,,
3500,,,,rsalmei__alive-progress.35853799.lm_rewrite__el8rl392.hjddl64w,4,rsalmei__alive-progress.35853799.lm_rewrite__el8rl392.hjddl64w,9506,True,5958,52,0,0,0,0,0.0,,0,0,400000,400000,0,0,0,ok,,
3501,,,,rsalmei__alive-progress.35853799.lm_rewrite__el8rl392.hjddl64w,5,rsalmei__alive-progress.35853799.lm_rewrite__el8rl392.hjddl64w,15516,True,1934,482,0,0,0,0,0.0,,0,0,500000,500000,0,0,0,ok,,
3502,,,,rsalmei__alive-progress.35853799.lm_rewrite__el8rl392.hjddl64w,6,rsalmei__alive-progress.35853799.lm_rewrite__el8rl392.hjddl64w,17932,True,19,35,0,0,0,0,0.0,,0,0,600000,600000,0,0,0,ok,,
3503,,,,rsalmei__alive-progress.35853799.lm_rewrite__el8rl392.hjddl64w,7,rsalmei__alive-progress.35853799.lm_rewrite__el8rl392.hjddl64w,17986,True,678,1319,0,0,0,0,0.0,,0,0,700000,700000,0,0,0,ok,,
3504,,,,rsalmei__alive-progress.35853799.lm_rewrite__el8rl392.hjddl64w,8,rsalmei__alive-progress.35853799.lm_rewrite__el8rl392.hjddl64w,19983,True,1097,147,0,0,0,0,0.0,,0,0,800000,800000,0,0,0,ok,,
3505,,,,rsalmei__alive-progress.35853799.lm_rewrite__el8rl392.hjddl64w,9,rsalmei__alive-progress.35853799.lm_rewrite__el8rl392.hjddl64w,21227,True,681,1215,0,0,0,0,0.0,,0,0,900000,900000,0,0,0,ok,,
3506,,,,rsalmei__alive-progress.35853799.lm_rewrite__el8rl392.hjddl64w,10,rsalmei__alive-progress.35853799.lm_rewrite__el8rl392.hjddl64w,23123,True,1173,130,0,0,0,0,0.0,,0,0,1000000,1000000,0,0,0,ok,,
3507,,,,rsalmei__alive-progress.35853799.lm_rewrite__el8rl392.hjddl64w,11,rsalmei__alive-progress.35853799.lm_rewrite__el8rl392.hjddl64w,24426,True,398,1204,0,0,0,0,0.0,,0,0,1100000,1100000,0,0,0,ok,,
3508,,,,rsalmei__alive-progress.35853799.lm_rewrite__el8rl392.hjddl64w,12,rsalmei__alive-progress.35853799.lm_rewrite__el8rl392.hjddl64w,26028,True,1061,128,0,0,0,0,0.0,,0,0,1200000,1200000,0,0,0,ok,,
3509,,,,rsalmei__alive-progress.35853799.lm_rewrite__el8rl392.hjddl64w,13,rsalmei__alive-progress.35853799.lm_rewrite__el8rl392.hjddl64w,27217,True,398,1268,0,0,0,0,0.0,,0,0,1300000,1300000,0,0,0,ok,,
3510,,,,rsalmei__alive-progress.35853799.lm_rewrite__el8rl392.hjddl64w,14,rsalmei__alive-progress.35853799.lm_rewrite__el8rl392.hjddl64w,28883,True,1264,139,0,0,0,0,0.0,,0,0,1400000,1400000,0,0,0,ok,,
3511,,,,rsalmei__alive-progress.35853799.lm_rewrite__el8rl392.hjddl64w,15,rsalmei__alive-progress.35853799.lm_rewrite__el8rl392.hjddl64w,30286,True,224,488,0,0,0,0,0.0,,0,0,1500000,1500000,0,0,0,ok,,
3512,,,,rsalmei__alive-progress.35853799.lm_rewrite__el8rl392.hjddl64w,16,rsalmei__alive-progress.35853799.lm_rewrite__el8rl392.hjddl64w,30998,True,19,35,0,0,0,0,0.0,,0,0,1600000,1600000,0,0,0,ok,,
3513,,,,rsalmei__alive-progress.35853799.lm_rewrite__el8rl392.hjddl64w,17,rsalmei__alive-progress.35853799.lm_rewrite__el8rl392.hjddl64w,31052,True,211,1439,0,0,0,0,0.0,,0,0,1700000,1700000,0,0,0,ok,,
3514,,,,rsalmei__alive-progress.35853799.lm_rewrite__el8rl392.hjddl64w,18,rsalmei__alive-progress.35853799.lm_rewrite__el8rl392.hjddl64w,32702,True,1399,104,0,0,0,0,0.0,,0,0,1800000,1800000,0,0,0,ok,,
3515,,,,rsalmei__alive-progress.35853799.lm_rewrite__el8rl392.hjddl64w,19,rsalmei__alive-progress.35853799.lm_rewrite__el8rl392.hjddl64w,34205,True,739,1558,0,0,0,0,0.0,,0,0,1900000,1900000,0,0,0,ok,,
3516,,,,rsalmei__alive-progress.35853799.lm_rewrite__el8rl392.hjddl64w,20,rsalmei__alive-progress.35853799.lm_rewrite__el8rl392.hjddl64w,36502,True,1470,121,0,0,0,0,0.0,,0,0,2000000,2000000,0,0,0,ok,,
3517,,,,rsalmei__alive-progress.35853799.lm_rewrite__el8rl392.hjddl64w,21,rsalmei__alive-progress.35853799.lm_rewrite__el8rl392.hjddl64w,38093,True,474,51,0,0,0,0,0.0,,0,0,2100000,2100000,0,0,0,ok,,
3518,,,,rsalmei__alive-progress.35853799.lm_rewrite__el8rl392.hjddl64w,22,rsalmei__alive-progress.35853799.lm_rewrite__el8rl392.hjddl64w,38618,True,224,230,0,0,0,0,0.0,,0,0,2200000,2200000,0,0,0,ok,,
3519,,,,rsalmei__alive-progress.35853799.lm_rewrite__el8rl392.hjddl64w,23,rsalmei__alive-progress.35853799.lm_rewrite__el8rl392.hjddl64w,39072,True,2132,43,0,0,0,0,0.0,,0,0,2300000,2300000,0,0,0,ok,,
3520,,,,rsalmei__alive-progress.35853799.lm_rewrite__el8rl392.hjddl64w,24,rsalmei__alive-progress.35853799.lm_rewrite__el8rl392.hjddl64w,41247,True,11,8,0,0,0,0,0.0,,0,0,2400000,2400000,0,0,0,ok,,
3521,,,,oauthlib__oauthlib.1fd52536.lm_rewrite__qs5qapuw.9bmyw9fg,0,swe_smith_system_prompt,924,True,650,109,0,0,0,0,0.0,,0,0,0,0,0,0,0,ok,,
3522,,,,oauthlib__oauthlib.1fd52536.lm_rewrite__qs5qapuw.9bmyw9fg,1,oauthlib__oauthlib.1fd52536.lm_rewrite__qs5qapuw.9bmyw9fg,1683,True,991,76,0,0,0,0,0.0,,0,0,100000,100000,0,0,0,ok,,
3523,,,,oauthlib__oauthlib.1fd52536.lm_rewrite__qs5qapuw.9bmyw9fg,2,oauthlib__oauthlib.1fd52536.lm_rewrite__qs5qapuw.9bmyw9fg,2750,True,5436,54,0,0,0,0,0.0,,0,0,200000,200000,0,0,0,ok,,
3524,,,,oauthlib__oauthlib.1fd52536.lm_rewrite__qs5qapuw.9bmyw9fg,3,oauthlib__oauthlib.1fd52536.lm_rewrite__qs5qapuw.9bmyw9fg,8240,True,2025,63,0,0,0,0,0.0,,0,0,300000,300000,0,0,0,ok,,
3525,,,,oauthlib__oauthlib.1fd52536.lm_rewrite__qs5qapuw.9bmyw9fg,4,oauthlib__oauthlib.1fd52536.lm_rewrite__qs5qapuw.9bmyw9fg,10328,True,5552,71,0,0,0,0,0.0,,0,0,400000,400000,0,0,0,ok,,
3526,,,,oauthlib__oauthlib.1fd52536.lm_rewrite__qs5qapuw.9bmyw9fg,5,oauthlib__oauthlib.1fd52536.lm_rewrite__qs5qapuw.9bmyw9fg,15951,True,35,49,0,0,0,0,0.0,,0,0,500000,500000,0,0,0,ok,,
3527,,,,oauthlib__oauthlib.1fd52536.lm_rewrite__qs5qapuw.9bmyw9fg,6,oauthlib__oauthlib.1fd52536.lm_rewrite__qs5qapuw.9bmyw9fg,16035,True,208,60,0,0,0,0,0.0,,0,0,600000,600000,0,0,0,ok,,
3528,,,,oauthlib__oauthlib.1fd52536.lm_rewrite__qs5qapuw.9bmyw9fg,7,oauthlib__oauthlib.1fd52536.lm_rewrite__qs5qapuw.9bmyw9fg,16303,True,1499,65,0,0,0,0,0.0,,0,0,700000,700000,0,0,0,ok,,
3529,,,,oauthlib__oauthlib.1fd52536.lm_rewrite__qs5qapuw.9bmyw9fg,8,oauthlib__oauthlib.1fd52536.lm_rewrite__qs5qapuw.9bmyw9fg,17867,True,1707,61,0,0,0,0,0.0,,0,0,800000,800000,0,0,0,ok,,
3530,,,,oauthlib__oauthlib.1fd52536.lm_rewrite__qs5qapuw.9bmyw9fg,9,oauthlib__oauthlib.1fd52536.lm_rewrite__qs5qapuw.9bmyw9fg,19635,True,1439,61,0,0,0,0,0.0,,0,0,900000,900000,0,0,0,ok,,
3531,,,,oauthlib__oauthlib.1fd52536.lm_rewrite__qs5qapuw.9bmyw9fg,10,oauthlib__oauthlib.1fd52536.lm_rewrite__qs5qapuw.9bmyw9fg,21135,True,1456,64,0,0,0,0,0.0,,0,0,1000000,1000000,0,0,0,ok,,
3532,,,,oauthlib__oauthlib.1fd52536.lm_rewrite__qs5qapuw.9bmyw9fg,11,oauthlib__oauthlib.1fd52536.lm_rewrite__qs5qapuw.9bmyw9fg,22655,True,46,60,0,0,0,0,0.0,,0,0,1100000,1100000,0,0,0,ok,,
3533,,,,oauthlib__oauthlib.1fd52536.lm_rewrite__qs5qapuw.9bmyw9fg,12,oauthlib__oauthlib.1fd52536.lm_rewrite__qs5qapuw.9bmyw9fg,22761,True,556,177,0,0,0,0,0.0,,0,0,1200000,1200000,0,0,0,ok,,
3534,,,,oauthlib__oauthlib.1fd52536.lm_rewrite__qs5qapuw.9bmyw9fg,13,oauthlib__oauthlib.1fd52536.lm_rewrite__qs5qapuw.9bmyw9fg,23494,True,20,39,0,0,0,0,0.0,,0,0,1300000,1300000,0,0,0,ok,,
3535,,,,oauthlib__oauthlib.1fd52536.lm_rewrite__qs5qapuw.9bmyw9fg,14,oauthlib__oauthlib.1fd52536.lm_rewrite__qs5qapuw.9bmyw9fg,23553,True,11,547,0,0,0,0,0.0,,0,0,1400000,1400000,0,0,0,ok,,
3536,,,,oauthlib__oauthlib.1fd52536.lm_rewrite__qs5qapuw.9bmyw9fg,15,oauthlib__oauthlib.1fd52536.lm_rewrite__qs5qapuw.9bmyw9fg,24111,True,556,41,0,0,0,0,0.0,,0,0,1500000,1500000,0,0,0,ok,,
3537,,,,oauthlib__oauthlib.1fd52536.lm_rewrite__qs5qapuw.9bmyw9fg,16,oauthlib__oauthlib.1fd52536.lm_rewrite__qs5qapuw.9bmyw9fg,24708,True,377,460,0,0,0,0,0.0,,0,0,1600000,1600000,0,0,0,ok,,
3538,,,,oauthlib__oauthlib.1fd52536.lm_rewrite__qs5qapuw.9bmyw9fg,17,oauthlib__oauthlib.1fd52536.lm_rewrite__qs5qapuw.9bmyw9fg,25545,True,19,35,0,0,0,0,0.0,,0,0,1700000,1700000,0,0,0,ok,,
3539,,,,oauthlib__oauthlib.1fd52536.lm_rewrite__qs5qapuw.9bmyw9fg,18,oauthlib__oauthlib.1fd52536.lm_rewrite__qs5qapuw.9bmyw9fg,25599,True,177,258,0,0,0,0,0.0,,0,0,1800000,1800000,0,0,0,ok,,
3540,,,,oauthlib__oauthlib.1fd52536.lm_rewrite__qs5qapuw.9bmyw9fg,19,oauthlib__oauthlib.1fd52536.lm_rewrite__qs5qapuw.9bmyw9fg,26034,True,1308,44,0,0,0,0,0.0,,0,0,1900000,1900000,0,0,0,ok,,
3541,,,,oauthlib__oauthlib.1fd52536.lm_rewrite__qs5qapuw.9bmyw9fg,20,oauthlib__oauthlib.1fd52536.lm_rewrite__qs5qapuw.9bmyw9fg,27386,True,11,8,0,0,0,0,0.0,,0,0,2000000,2000000,0,0,0,ok,,
3542,,,,mozilla__bleach.73871d76.lm_rewrite__bd9ti9bc.1sn23pga,0,swe_smith_system_prompt,924,True,591,101,0,0,0,0,0.0,,0,0,0,0,0,0,0,ok,,
3543,,,,mozilla__bleach.73871d76.lm_rewrite__bd9ti9bc.1sn23pga,1,mozilla__bleach.73871d76.lm_rewrite__bd9ti9bc.1sn23pga,1616,True,835,89,0,0,0,0,0.0,,0,0,100000,100000,0,0,0,ok,,
3544,,,,mozilla__bleach.73871d76.lm_rewrite__bd9ti9bc.1sn23pga,2,mozilla__bleach.73871d76.lm_rewrite__bd9ti9bc.1sn23pga,2540,True,324,35,0,0,0,0,0.0,,0,0,200000,200000,0,0,0,ok,,
3545,,,,mozilla__bleach.73871d76.lm_rewrite__bd9ti9bc.1sn23pga,3,mozilla__bleach.73871d76.lm_rewrite__bd9ti9bc.1sn23pga,2899,True,1950,79,0,0,0,0,0.0,,0,0,300000,300000,0,0,0,ok,,
3546,,,,mozilla__bleach.73871d76.lm_rewrite__bd9ti9bc.1sn23pga,4,mozilla__bleach.73871d76.lm_rewrite__bd9ti9bc.1sn23pga,4928,True,161,62,0,0,0,0,0.0,,0,0,400000,400000,0,0,0,ok,,
3547,,,,mozilla__bleach.73871d76.lm_rewrite__bd9ti9bc.1sn23pga,5,mozilla__bleach.73871d76.lm_rewrite__bd9ti9bc.1sn23pga,5151,True,148,265,0,0,0,0,0.0,,0,0,500000,500000,0,0,0,ok,,
3548,,,,mozilla__bleach.73871d76.lm_rewrite__bd9ti9bc.1sn23pga,6,mozilla__bleach.73871d76.lm_rewrite__bd9ti9bc.1sn23pga,5564,True,20,37,0,0,0,0,0.0,,0,0,600000,600000,0,0,0,ok,,
3549,,,,mozilla__bleach.73871d76.lm_rewrite__bd9ti9bc.1sn23pga,7,mozilla__bleach.73871d76.lm_rewrite__bd9ti9bc.1sn23pga,5621,True,57,372,0,0,0,0,0.0,,0,0,700000,700000,0,0,0,ok,,
3550,,,,mozilla__bleach.73871d76.lm_rewrite__bd9ti9bc.1sn23pga,8,mozilla__bleach.73871d76.lm_rewrite__bd9ti9bc.1sn23pga,6050,True,321,57,0,0,0,0,0.0,,0,0,800000,800000,0,0,0,ok,,
3551,,,,mozilla__bleach.73871d76.lm_rewrite__bd9ti9bc.1sn23pga,9,mozilla__bleach.73871d76.lm_rewrite__bd9ti9bc.1sn23pga,6428,True,53,544,0,0,0,0,0.0,,0,0,900000,900000,0,0,0,ok,,
3552,,,,mozilla__bleach.73871d76.lm_rewrite__bd9ti9bc.1sn23pga,10,mozilla__bleach.73871d76.lm_rewrite__bd9ti9bc.1sn23pga,7025,True,19,36,0,0,0,0,0.0,,0,0,1000000,1000000,0,0,0,ok,,
3553,,,,mozilla__bleach.73871d76.lm_rewrite__bd9ti9bc.1sn23pga,11,mozilla__bleach.73871d76.lm_rewrite__bd9ti9bc.1sn23pga,7080,True,300,349,0,0,0,0,0.0,,0,0,1100000,1100000,0,0,0,ok,,
3554,,,,mozilla__bleach.73871d76.lm_rewrite__bd9ti9bc.1sn23pga,12,mozilla__bleach.73871d76.lm_rewrite__bd9ti9bc.1sn23pga,7729,True,329,209,0,0,0,0,0.0,,0,0,1200000,1200000,0,0,0,ok,,
3555,,,,mozilla__bleach.73871d76.lm_rewrite__bd9ti9bc.1sn23pga,13,mozilla__bleach.73871d76.lm_rewrite__bd9ti9bc.1sn23pga,8267,True,281,45,0,0,0,0,0.0,,0,0,1300000,1300000,0,0,0,ok,,
3556,,,,mozilla__bleach.73871d76.lm_rewrite__bd9ti9bc.1sn23pga,14,mozilla__bleach.73871d76.lm_rewrite__bd9ti9bc.1sn23pga,8593,True,292,272,0,0,0,0,0.0,,0,0,1400000,1400000,0,0,0,ok,,
3557,,,,mozilla__bleach.73871d76.lm_rewrite__bd9ti9bc.1sn23pga,15,mozilla__bleach.73871d76.lm_rewrite__bd9ti9bc.1sn23pga,9157,True,1453,45,0,0,0,0,0.0,,0,0,1500000,1500000,0,0,0,ok,,
3558,,,,mozilla__bleach.73871d76.lm_rewrite__bd9ti9bc.1sn23pga,16,mozilla__bleach.73871d76.lm_rewrite__bd9ti9bc.1sn23pga,10655,True,11,8,0,0,0,0,0.0,,0,0,1600000,1600000,0,0,0,ok,,
3559,,,,agronholm__typeguard.b6a7e438.pr_350.jtalnnvy,0,swe_smith_system_prompt,924,True,1155,73,0,0,0,0,0.0,,0,0,0,0,0,0,0,ok,,
3560,,,,agronholm__typeguard.b6a7e438.pr_350.jtalnnvy,1,agronholm__typeguard.b6a7e438.pr_350.jtalnnvy,2152,True,291,46,0,0,0,0,0.0,,0,0,100000,100000,0,0,0,ok,,
3561,,,,agronholm__typeguard.b6a7e438.pr_350.jtalnnvy,2,agronholm__typeguard.b6a7e438.pr_350.jtalnnvy,2489,True,192,60,0,0,0,0,0.0,,0,0,200000,200000,0,0,0,ok,,
3562,,,,agronholm__typeguard.b6a7e438.pr_350.jtalnnvy,3,agronholm__typeguard.b6a7e438.pr_350.jtalnnvy,2741,True,3481,54,0,0,0,0,0.0,,0,0,300000,300000,0,0,0,ok,,
3563,,,,agronholm__typeguard.b6a7e438.pr_350.jtalnnvy,4,agronholm__typeguard.b6a7e438.pr_350.jtalnnvy,6276,True,809,50,0,0,0,0,0.0,,0,0,400000,400000,0,0,0,ok,,
3564,,,,agronholm__typeguard.b6a7e438.pr_350.jtalnnvy,5,agronholm__typeguard.b6a7e438.pr_350.jtalnnvy,7135,True,1345,92,0,0,0,0,0.0,,0,0,500000,500000,0,0,0,ok,,
3565,,,,agronholm__typeguard.b6a7e438.pr_350.jtalnnvy,6,agronholm__typeguard.b6a7e438.pr_350.jtalnnvy,8572,True,16,37,0,0,0,0,0.0,,0,0,600000,600000,0,0,0,ok,,
3566,,,,agronholm__typeguard.b6a7e438.pr_350.jtalnnvy,7,agronholm__typeguard.b6a7e438.pr_350.jtalnnvy,8625,True,173,357,0,0,0,0,0.0,,0,0,700000,700000,0,0,0,ok,,
3567,,,,agronholm__typeguard.b6a7e438.pr_350.jtalnnvy,8,agronholm__typeguard.b6a7e438.pr_350.jtalnnvy,9155,True,250,358,0,0,0,0,0.0,,0,0,800000,800000,0,0,0,ok,,
3568,,,,agronholm__typeguard.b6a7e438.pr_350.jtalnnvy,9,agronholm__typeguard.b6a7e438.pr_350.jtalnnvy,9763,True,449,283,0,0,0,0,0.0,,0,0,900000,900000,0,0,0,ok,,
3569,,,,agronholm__typeguard.b6a7e438.pr_350.jtalnnvy,10,agronholm__typeguard.b6a7e438.pr_350.jtalnnvy,10495,True,413,46,0,0,0,0,0.0,,0,0,1000000,1000000,0,0,0,ok,,
3570,,,,agronholm__typeguard.b6a7e438.pr_350.jtalnnvy,11,agronholm__typeguard.b6a7e438.pr_350.jtalnnvy,10954,True,11,145,0,0,0,0,0.0,,0,0,1100000,1100000,0,0,0,ok,,
3571,,,,agronholm__typeguard.b6a7e438.pr_350.jtalnnvy,12,agronholm__typeguard.b6a7e438.pr_350.jtalnnvy,11110,True,17,28,0,0,0,0,0.0,,0,0,1200000,1200000,0,0,0,ok,,
3572,,,,agronholm__typeguard.b6a7e438.pr_350.jtalnnvy,13,agronholm__typeguard.b6a7e438.pr_350.jtalnnvy,11155,True,11,107,0,0,0,0,0.0,,0,0,1300000,1300000,0,0,0,ok,,
3573,,,,agronholm__typeguard.b6a7e438.pr_350.jtalnnvy,14,agronholm__typeguard.b6a7e438.pr_350.jtalnnvy,11273,True,17,28,0,0,0,0,0.0,,0,0,1400000,1400000,0,0,0,ok,,
3574,,,,agronholm__typeguard.b6a7e438.pr_350.jtalnnvy,15,agronholm__typeguard.b6a7e438.pr_350.jtalnnvy,11318,True,11,95,0,0,0,0,0.0,,0,0,1500000,1500000,0,0,0,ok,,
3575,,,,agronholm__typeguard.b6a7e438.pr_350.jtalnnvy,16,agronholm__typeguard.b6a7e438.pr_350.jtalnnvy,11424,True,17,28,0,0,0,0,0.0,,0,0,1600000,1600000,0,0,0,ok,,
3576,,,,agronholm__typeguard.b6a7e438.pr_350.jtalnnvy,17,agronholm__typeguard.b6a7e438.pr_350.jtalnnvy,11469,True,11,251,0,0,0,0,0.0,,0,0,1700000,1700000,0,0,0,ok,,
3577,,,,Project-MONAI__MONAI.a09c1f08.func_pm_remove_assign__4iqnp8k6.4id5qc8s,0,swe_smith_system_prompt,924,True,567,109,0,0,0,0,0.0,,0,0,0,0,0,0,0,ok,,
3578,,,,Project-MONAI__MONAI.a09c1f08.func_pm_remove_assign__4iqnp8k6.4id5qc8s,1,Project-MONAI__MONAI.a09c1f08.func_pm_remove_assign__4iqnp8k6.4id5qc8s,1600,True,156,66,0,0,0,0,0.0,,0,0,100000,100000,0,0,0,ok,,
3579,,,,Project-MONAI__MONAI.a09c1f08.func_pm_remove_assign__4iqnp8k6.4id5qc8s,2,Project-MONAI__MONAI.a09c1f08.func_pm_remove_assign__4iqnp8k6.4id5qc8s,1822,True,5765,66,0,0,0,0,0.0,,0,0,200000,200000,0,0,0,ok,,
3580,,,,Project-MONAI__MONAI.a09c1f08.func_pm_remove_assign__4iqnp8k6.4id5qc8s,3,Project-MONAI__MONAI.a09c1f08.func_pm_remove_assign__4iqnp8k6.4id5qc8s,7653,True,20,69,0,0,0,0,0.0,,0,0,300000,300000,0,0,0,ok,,
3581,,,,Project-MONAI__MONAI.a09c1f08.func_pm_remove_assign__4iqnp8k6.4id5qc8s,4,Project-MONAI__MONAI.a09c1f08.func_pm_remove_assign__4iqnp8k6.4id5qc8s,7742,True,1945,190,0,0,0,0,0.0,,0,0,400000,400000,0,0,0,ok,,
3582,,,,Project-MONAI__MONAI.a09c1f08.func_pm_remove_assign__4iqnp8k6.4id5qc8s,5,Project-MONAI__MONAI.a09c1f08.func_pm_remove_assign__4iqnp8k6.4id5qc8s,9877,True,11,275,0,0,0,0,0.0,,0,0,500000,500000,0,0,0,ok,,
3583,,,,Project-MONAI__MONAI.a09c1f08.func_pm_remove_assign__4iqnp8k6.4id5qc8s,6,Project-MONAI__MONAI.a09c1f08.func_pm_remove_assign__4iqnp8k6.4id5qc8s,10163,True,19,97,0,0,0,0,0.0,,0,0,600000,600000,0,0,0,ok,,
3584,,,,Project-MONAI__MONAI.a09c1f08.func_pm_remove_assign__4iqnp8k6.4id5qc8s,7,Project-MONAI__MONAI.a09c1f08.func_pm_remove_assign__4iqnp8k6.4id5qc8s,10279,True,363,531,0,0,0,0,0.0,,0,0,700000,700000,0,0,0,ok,,
3585,,,,Project-MONAI__MONAI.a09c1f08.func_pm_remove_assign__4iqnp8k6.4id5qc8s,8,Project-MONAI__MONAI.a09c1f08.func_pm_remove_assign__4iqnp8k6.4id5qc8s,11173,True,462,36,0,0,0,0,0.0,,0,0,800000,800000,0,0,0,ok,,
3586,,,,Project-MONAI__MONAI.a09c1f08.func_pm_remove_assign__4iqnp8k6.4id5qc8s,9,Project-MONAI__MONAI.a09c1f08.func_pm_remove_assign__4iqnp8k6.4id5qc8s,11671,True,46,685,0,0,0,0,0.0,,0,0,900000,900000,0,0,0,ok,,
3587,,,,Project-MONAI__MONAI.a09c1f08.func_pm_remove_assign__4iqnp8k6.4id5qc8s,10,Project-MONAI__MONAI.a09c1f08.func_pm_remove_assign__4iqnp8k6.4id5qc8s,12402,True,676,130,0,0,0,0,0.0,,0,0,1000000,1000000,0,0,0,ok,,
3588,,,,Project-MONAI__MONAI.a09c1f08.func_pm_remove_assign__4iqnp8k6.4id5qc8s,11,Project-MONAI__MONAI.a09c1f08.func_pm_remove_assign__4iqnp8k6.4id5qc8s,13208,True,66,1151,0,0,0,0,0.0,,0,0,1100000,1100000,0,0,0,ok,,
3589,,,,Project-MONAI__MONAI.a09c1f08.func_pm_remove_assign__4iqnp8k6.4id5qc8s,12,Project-MONAI__MONAI.a09c1f08.func_pm_remove_assign__4iqnp8k6.4id5qc8s,14425,True,19,44,0,0,0,0,0.0,,0,0,1200000,1200000,0,0,0,ok,,
3590,,,,Project-MONAI__MONAI.a09c1f08.func_pm_remove_assign__4iqnp8k6.4id5qc8s,13,Project-MONAI__MONAI.a09c1f08.func_pm_remove_assign__4iqnp8k6.4id5qc8s,14488,True,320,91,0,0,0,0,0.0,,0,0,1300000,1300000,0,0,0,ok,,
3591,,,,Project-MONAI__MONAI.a09c1f08.func_pm_remove_assign__4iqnp8k6.4id5qc8s,14,Project-MONAI__MONAI.a09c1f08.func_pm_remove_assign__4iqnp8k6.4id5qc8s,14899,True,330,547,0,0,0,0,0.0,,0,0,1400000,1400000,0,0,0,ok,,
3592,,,,Project-MONAI__MONAI.a09c1f08.func_pm_remove_assign__4iqnp8k6.4id5qc8s,15,Project-MONAI__MONAI.a09c1f08.func_pm_remove_assign__4iqnp8k6.4id5qc8s,15776,True,601,35,0,0,0,0,0.0,,0,0,1500000,1500000,0,0,0,ok,,
3593,,,,Project-MONAI__MONAI.a09c1f08.func_pm_remove_assign__4iqnp8k6.4id5qc8s,16,Project-MONAI__MONAI.a09c1f08.func_pm_remove_assign__4iqnp8k6.4id5qc8s,16412,True,364,872,0,0,0,0,0.0,,0,0,1600000,1600000,0,0,0,ok,,
3594,,,,Project-MONAI__MONAI.a09c1f08.func_pm_remove_assign__4iqnp8k6.4id5qc8s,17,Project-MONAI__MONAI.a09c1f08.func_pm_remove_assign__4iqnp8k6.4id5qc8s,17648,True,21,35,0,0,0,0,0.0,,0,0,1700000,1700000,0,0,0,ok,,
3595,,,,Project-MONAI__MONAI.a09c1f08.func_pm_remove_assign__4iqnp8k6.4id5qc8s,18,Project-MONAI__MONAI.a09c1f08.func_pm_remove_assign__4iqnp8k6.4id5qc8s,17704,True,337,343,0,0,0,0,0.0,,0,0,1800000,1800000,0,0,0,ok,,
3596,,,,Project-MONAI__MONAI.a09c1f08.func_pm_remove_assign__4iqnp8k6.4id5qc8s,19,Project-MONAI__MONAI.a09c1f08.func_pm_remove_assign__4iqnp8k6.4id5qc8s,18384,True,22,36,0,0,0,0,0.0,,0,0,1900000,1900000,0,0,0,ok,,
3597,,,,Project-MONAI__MONAI.a09c1f08.func_pm_remove_assign__4iqnp8k6.4id5qc8s,20,Project-MONAI__MONAI.a09c1f08.func_pm_remove_assign__4iqnp8k6.4id5qc8s,18442,True,65,69,0,0,0,0,0.0,,0,0,2000000,2000000,0,0,0,ok,,
3598,,,,Project-MONAI__MONAI.a09c1f08.func_pm_remove_assign__4iqnp8k6.4id5qc8s,21,Project-MONAI__MONAI.a09c1f08.func_pm_remove_assign__4iqnp8k6.4id5qc8s,18576,True,66,186,0,0,0,0,0.0,,0,0,2100000,2100000,0,0,0,ok,,
3599,,,,Project-MONAI__MONAI.a09c1f08.func_pm_remove_assign__4iqnp8k6.4id5qc8s,22,Project-MONAI__MONAI.a09c1f08.func_pm_remove_assign__4iqnp8k6.4id5qc8s,18828,True,4185,65,0,0,0,0,0.0,,0,0,2200000,2200000,0,0,0,ok,,
3600,,,,Project-MONAI__MONAI.a09c1f08.func_pm_remove_assign__4iqnp8k6.4id5qc8s,23,Project-MONAI__MONAI.a09c1f08.func_pm_remove_assign__4iqnp8k6.4id5qc8s,23078,True,11,8,0,0,0,0,0.0,,0,0,2300000,2300000,0,0,0,ok,,
3601,,,,sqlfluff__sqlfluff.50a1c4b6.func_pm_op_swap__15tl8pia.iabiwlnj,0,swe_smith_system_prompt,924,True,551,108,0,0,0,0,0.0,,0,0,0,0,0,0,0,ok,,
3602,,,,sqlfluff__sqlfluff.50a1c4b6.func_pm_op_swap__15tl8pia.iabiwlnj,1,sqlfluff__sqlfluff.50a1c4b6.func_pm_op_swap__15tl8pia.iabiwlnj,1583,True,5882,82,0,0,0,0,0.0,,0,0,100000,100000,0,0,0,ok,,
3603,,,,sqlfluff__sqlfluff.50a1c4b6.func_pm_op_swap__15tl8pia.iabiwlnj,2,sqlfluff__sqlfluff.50a1c4b6.func_pm_op_swap__15tl8pia.iabiwlnj,7547,True,171,59,0,0,0,0,0.0,,0,0,200000,200000,0,0,0,ok,,
3604,,,,sqlfluff__sqlfluff.50a1c4b6.func_pm_op_swap__15tl8pia.iabiwlnj,3,sqlfluff__sqlfluff.50a1c4b6.func_pm_op_swap__15tl8pia.iabiwlnj,7777,True,4686,60,0,0,0,0,0.0,,0,0,300000,300000,0,0,0,ok,,
3605,,,,sqlfluff__sqlfluff.50a1c4b6.func_pm_op_swap__15tl8pia.iabiwlnj,4,sqlfluff__sqlfluff.50a1c4b6.func_pm_op_swap__15tl8pia.iabiwlnj,12523,True,2838,61,0,0,0,0,0.0,,0,0,400000,400000,0,0,0,ok,,
3606,,,,sqlfluff__sqlfluff.50a1c4b6.func_pm_op_swap__15tl8pia.iabiwlnj,5,sqlfluff__sqlfluff.50a1c4b6.func_pm_op_swap__15tl8pia.iabiwlnj,15422,True,3455,123,0,0,0,0,0.0,,0,0,500000,500000,0,0,0,ok,,
3607,,,,sqlfluff__sqlfluff.50a1c4b6.func_pm_op_swap__15tl8pia.iabiwlnj,6,sqlfluff__sqlfluff.50a1c4b6.func_pm_op_swap__15tl8pia.iabiwlnj,19000,True,3016,72,0,0,0,0,0.0,,0,0,600000,600000,0,0,0,ok,,
3608,,,,sqlfluff__sqlfluff.50a1c4b6.func_pm_op_swap__15tl8pia.iabiwlnj,7,sqlfluff__sqlfluff.50a1c4b6.func_pm_op_swap__15tl8pia.iabiwlnj,22088,True,286,73,0,0,0,0,0.0,,0,0,700000,700000,0,0,0,ok,,
3609,,,,sqlfluff__sqlfluff.50a1c4b6.func_pm_op_swap__15tl8pia.iabiwlnj,8,sqlfluff__sqlfluff.50a1c4b6.func_pm_op_swap__15tl8pia.iabiwlnj,22447,True,635,82,0,0,0,0,0.0,,0,0,800000,800000,0,0,0,ok,,
3610,,,,sqlfluff__sqlfluff.50a1c4b6.func_pm_op_swap__15tl8pia.iabiwlnj,9,sqlfluff__sqlfluff.50a1c4b6.func_pm_op_swap__15tl8pia.iabiwlnj,23164,True,1017,72,0,0,0,0,0.0,,0,0,900000,900000,0,0,0,ok,,
3611,,,,sqlfluff__sqlfluff.50a1c4b6.func_pm_op_swap__15tl8pia.iabiwlnj,10,sqlfluff__sqlfluff.50a1c4b6.func_pm_op_swap__15tl8pia.iabiwlnj,24253,True,895,72,0,0,0,0,0.0,,0,0,1000000,1000000,0,0,0,ok,,
3612,,,,sqlfluff__sqlfluff.50a1c4b6.func_pm_op_swap__15tl8pia.iabiwlnj,11,sqlfluff__sqlfluff.50a1c4b6.func_pm_op_swap__15tl8pia.iabiwlnj,25220,True,903,83,0,0,0,0,0.0,,0,0,1100000,1100000,0,0,0,ok,,
3613,,,,sqlfluff__sqlfluff.50a1c4b6.func_pm_op_swap__15tl8pia.iabiwlnj,12,sqlfluff__sqlfluff.50a1c4b6.func_pm_op_swap__15tl8pia.iabiwlnj,26206,True,1408,72,0,0,0,0,0.0,,0,0,1200000,1200000,0,0,0,ok,,
3614,,,,sqlfluff__sqlfluff.50a1c4b6.func_pm_op_swap__15tl8pia.iabiwlnj,13,sqlfluff__sqlfluff.50a1c4b6.func_pm_op_swap__15tl8pia.iabiwlnj,27686,True,55,72,0,0,0,0,0.0,,0,0,1300000,1300000,0,0,0,ok,,
3615,,,,sqlfluff__sqlfluff.50a1c4b6.func_pm_op_swap__15tl8pia.iabiwlnj,14,sqlfluff__sqlfluff.50a1c4b6.func_pm_op_swap__15tl8pia.iabiwlnj,27813,True,1573,78,0,0,0,0,0.0,,0,0,1400000,1400000,0,0,0,ok,,
3616,,,,sqlfluff__sqlfluff.50a1c4b6.func_pm_op_swap__15tl8pia.iabiwlnj,15,sqlfluff__sqlfluff.50a1c4b6.func_pm_op_swap__15tl8pia.iabiwlnj,29464,True,1531,70,0,0,0,0,0.0,,0,0,1500000,1500000,0,0,0,ok,,
3617,,,,sqlfluff__sqlfluff.50a1c4b6.func_pm_op_swap__15tl8pia.iabiwlnj,16,sqlfluff__sqlfluff.50a1c4b6.func_pm_op_swap__15tl8pia.iabiwlnj,31065,True,989,406,0,0,0,0,0.0,,0,0,1600000,1600000,0,0,0,ok,,
3618,,,,sqlfluff__sqlfluff.50a1c4b6.func_pm_op_swap__15tl8pia.iabiwlnj,17,sqlfluff__sqlfluff.50a1c4b6.func_pm_op_swap__15tl8pia.iabiwlnj,32460,True,20,36,0,0,0,0,0.0,,0,0,1700000,1700000,0,0,0,ok,,
3619,,,,sqlfluff__sqlfluff.50a1c4b6.func_pm_op_swap__15tl8pia.iabiwlnj,18,sqlfluff__sqlfluff.50a1c4b6.func_pm_op_swap__15tl8pia.iabiwlnj,32516,True,78,48,0,0,0,0,0.0,,0,0,1800000,1800000,0,0,0,ok,,
3620,,,,sqlfluff__sqlfluff.50a1c4b6.func_pm_op_swap__15tl8pia.iabiwlnj,19,sqlfluff__sqlfluff.50a1c4b6.func_pm_op_swap__15tl8pia.iabiwlnj,32642,True,3079,684,0,0,0,0,0.0,,0,0,1900000,1900000,0,0,0,ok,,
3621,,,,sqlfluff__sqlfluff.50a1c4b6.func_pm_op_swap__15tl8pia.iabiwlnj,20,sqlfluff__sqlfluff.50a1c4b6.func_pm_op_swap__15tl8pia.iabiwlnj,36405,True,698,33,0,0,0,0,0.0,,0,0,2000000,2000000,0,0,0,ok,,
3622,,,,sqlfluff__sqlfluff.50a1c4b6.func_pm_op_swap__15tl8pia.iabiwlnj,21,sqlfluff__sqlfluff.50a1c4b6.func_pm_op_swap__15tl8pia.iabiwlnj,37136,True,1392,580,0,0,0,0,0.0,,0,0,2100000,2100000,0,0,0,ok,,
3623,,,,sqlfluff__sqlfluff.50a1c4b6.func_pm_op_swap__15tl8pia.iabiwlnj,22,sqlfluff__sqlfluff.50a1c4b6.func_pm_op_swap__15tl8pia.iabiwlnj,39108,True,404,41,0,0,0,0,0.0,,0,0,2200000,2200000,0,0,0,ok,,
3624,,,,sqlfluff__sqlfluff.50a1c4b6.func_pm_op_swap__15tl8pia.iabiwlnj,23,sqlfluff__sqlfluff.50a1c4b6.func_pm_op_swap__15tl8pia.iabiwlnj,39553,True,129,624,0,0,0,0,0.0,,0,0,2300000,2300000,0,0,0,ok,,
3625,,,,sqlfluff__sqlfluff.50a1c4b6.func_pm_op_swap__15tl8pia.iabiwlnj,24,sqlfluff__sqlfluff.50a1c4b6.func_pm_op_swap__15tl8pia.iabiwlnj,40306,True,18,31,0,0,0,0,0.0,,0,0,2400000,2400000,0,0,0,ok,,
3626,,,,sqlfluff__sqlfluff.50a1c4b6.func_pm_op_swap__15tl8pia.iabiwlnj,25,sqlfluff__sqlfluff.50a1c4b6.func_pm_op_swap__15tl8pia.iabiwlnj,40355,True,517,567,0,0,0,0,0.0,,0,0,2500000,2500000,0,0,0,ok,,
3627,,,,sqlfluff__sqlfluff.50a1c4b6.func_pm_op_swap__15tl8pia.iabiwlnj,26,sqlfluff__sqlfluff.50a1c4b6.func_pm_op_swap__15tl8pia.iabiwlnj,41439,True,20,34,0,0,0,0,0.0,,0,0,2600000,2600000,0,0,0,ok,,
3628,,,,sqlfluff__sqlfluff.50a1c4b6.func_pm_op_swap__15tl8pia.iabiwlnj,27,sqlfluff__sqlfluff.50a1c4b6.func_pm_op_swap__15tl8pia.iabiwlnj,41493,True,347,317,0,0,0,0,0.0,,0,0,2700000,2700000,0,0,0,ok,,
3629,,,,sqlfluff__sqlfluff.50a1c4b6.func_pm_op_swap__15tl8pia.iabiwlnj,28,sqlfluff__sqlfluff.50a1c4b6.func_pm_op_swap__15tl8pia.iabiwlnj,42157,True,2609,53,0,0,0,0,0.0,,0,0,2800000,2800000,0,0,0,ok,,
3630,,,,sqlfluff__sqlfluff.50a1c4b6.func_pm_op_swap__15tl8pia.iabiwlnj,29,sqlfluff__sqlfluff.50a1c4b6.func_pm_op_swap__15tl8pia.iabiwlnj,44819,True,11,8,0,0,0,0,0.0,,0,0,2900000,2900000,0,0,0,ok,,
3631,,,,pallets__click.fde47b4b.func_pm_ctrl_shuffle__kz1eskkl.whgzjogq,0,swe_smith_system_prompt,924,True,470,98,0,0,0,0,0.0,,0,0,0,0,0,0,0,ok,,
3632,,,,pallets__click.fde47b4b.func_pm_ctrl_shuffle__kz1eskkl.whgzjogq,1,pallets__click.fde47b4b.func_pm_ctrl_shuffle__kz1eskkl.whgzjogq,1492,True,656,46,0,0,0,0,0.0,,0,0,100000,100000,0,0,0,ok,,
3633,,,,pallets__click.fde47b4b.func_pm_ctrl_shuffle__kz1eskkl.whgzjogq,2,pallets__click.fde47b4b.func_pm_ctrl_shuffle__kz1eskkl.whgzjogq,2194,True,128,53,0,0,0,0,0.0,,0,0,200000,200000,0,0,0,ok,,
3634,,,,pallets__click.fde47b4b.func_pm_ctrl_shuffle__kz1eskkl.whgzjogq,3,pallets__click.fde47b4b.func_pm_ctrl_shuffle__kz1eskkl.whgzjogq,2375,True,3876,66,0,0,0,0,0.0,,0,0,300000,300000,0,0,0,ok,,
3635,,,,pallets__click.fde47b4b.func_pm_ctrl_shuffle__kz1eskkl.whgzjogq,4,pallets__click.fde47b4b.func_pm_ctrl_shuffle__kz1eskkl.whgzjogq,6317,True,992,52,0,0,0,0,0.0,,0,0,400000,400000,0,0,0,ok,,
3636,,,,pallets__click.fde47b4b.func_pm_ctrl_shuffle__kz1eskkl.whgzjogq,5,pallets__click.fde47b4b.func_pm_ctrl_shuffle__kz1eskkl.whgzjogq,7361,True,3895,70,0,0,0,0,0.0,,0,0,500000,500000,0,0,0,ok,,
3637,,,,pallets__click.fde47b4b.func_pm_ctrl_shuffle__kz1eskkl.whgzjogq,6,pallets__click.fde47b4b.func_pm_ctrl_shuffle__kz1eskkl.whgzjogq,11326,True,738,66,0,0,0,0,0.0,,0,0,600000,600000,0,0,0,ok,,
3638,,,,pallets__click.fde47b4b.func_pm_ctrl_shuffle__kz1eskkl.whgzjogq,7,pallets__click.fde47b4b.func_pm_ctrl_shuffle__kz1eskkl.whgzjogq,12130,True,387,74,0,0,0,0,0.0,,0,0,700000,700000,0,0,0,ok,,
3639,,,,pallets__click.fde47b4b.func_pm_ctrl_shuffle__kz1eskkl.whgzjogq,8,pallets__click.fde47b4b.func_pm_ctrl_shuffle__kz1eskkl.whgzjogq,12591,True,388,116,0,0,0,0,0.0,,0,0,800000,800000,0,0,0,ok,,
3640,,,,pallets__click.fde47b4b.func_pm_ctrl_shuffle__kz1eskkl.whgzjogq,9,pallets__click.fde47b4b.func_pm_ctrl_shuffle__kz1eskkl.whgzjogq,13095,True,19,36,0,0,0,0,0.0,,0,0,900000,900000,0,0,0,ok,,
3641,,,,pallets__click.fde47b4b.func_pm_ctrl_shuffle__kz1eskkl.whgzjogq,10,pallets__click.fde47b4b.func_pm_ctrl_shuffle__kz1eskkl.whgzjogq,13150,True,177,251,0,0,0,0,0.0,,0,0,1000000,1000000,0,0,0,ok,,
3642,,,,pallets__click.fde47b4b.func_pm_ctrl_shuffle__kz1eskkl.whgzjogq,11,pallets__click.fde47b4b.func_pm_ctrl_shuffle__kz1eskkl.whgzjogq,13578,True,248,54,0,0,0,0,0.0,,0,0,1100000,1100000,0,0,0,ok,,
3643,,,,pallets__click.fde47b4b.func_pm_ctrl_shuffle__kz1eskkl.whgzjogq,12,pallets__click.fde47b4b.func_pm_ctrl_shuffle__kz1eskkl.whgzjogq,13880,True,12,517,0,0,0,0,0.0,,0,0,1200000,1200000,0,0,0,ok,,
3644,,,,pallets__click.fde47b4b.func_pm_ctrl_shuffle__kz1eskkl.whgzjogq,13,pallets__click.fde47b4b.func_pm_ctrl_shuffle__kz1eskkl.whgzjogq,14409,True,19,33,0,0,0,0,0.0,,0,0,1300000,1300000,0,0,0,ok,,
3645,,,,pallets__click.fde47b4b.func_pm_ctrl_shuffle__kz1eskkl.whgzjogq,14,pallets__click.fde47b4b.func_pm_ctrl_shuffle__kz1eskkl.whgzjogq,14461,True,46,194,0,0,0,0,0.0,,0,0,1400000,1400000,0,0,0,ok,,
3646,,,,pallets__click.fde47b4b.func_pm_ctrl_shuffle__kz1eskkl.whgzjogq,15,pallets__click.fde47b4b.func_pm_ctrl_shuffle__kz1eskkl.whgzjogq,14701,True,289,32,0,0,0,0,0.0,,0,0,1500000,1500000,0,0,0,ok,,
3647,,,,pallets__click.fde47b4b.func_pm_ctrl_shuffle__kz1eskkl.whgzjogq,16,pallets__click.fde47b4b.func_pm_ctrl_shuffle__kz1eskkl.whgzjogq,15022,True,64,244,0,0,0,0,0.0,,0,0,1600000,1600000,0,0,0,ok,,
3648,,,,pallets__click.fde47b4b.func_pm_ctrl_shuffle__kz1eskkl.whgzjogq,17,pallets__click.fde47b4b.func_pm_ctrl_shuffle__kz1eskkl.whgzjogq,15330,True,322,32,0,0,0,0,0.0,,0,0,1700000,1700000,0,0,0,ok,,
3649,,,,pallets__click.fde47b4b.func_pm_ctrl_shuffle__kz1eskkl.whgzjogq,18,pallets__click.fde47b4b.func_pm_ctrl_shuffle__kz1eskkl.whgzjogq,15684,True,73,283,0,0,0,0,0.0,,0,0,1800000,1800000,0,0,0,ok,,
3650,,,,pallets__click.fde47b4b.func_pm_ctrl_shuffle__kz1eskkl.whgzjogq,19,pallets__click.fde47b4b.func_pm_ctrl_shuffle__kz1eskkl.whgzjogq,16040,True,1157,42,0,0,0,0,0.0,,0,0,1900000,1900000,0,0,0,ok,,
3651,,,,pallets__click.fde47b4b.func_pm_ctrl_shuffle__kz1eskkl.whgzjogq,20,pallets__click.fde47b4b.func_pm_ctrl_shuffle__kz1eskkl.whgzjogq,17239,True,11,14,0,0,0,0,0.0,,0,0,2000000,2000000,0,0,0,ok,,
3652,,,,pydicom__pydicom.7d361b3d.lm_rewrite__rw65bq4v.o4mbklh9,0,swe_smith_system_prompt,924,True,585,104,0,0,0,0,0.0,,0,0,0,0,0,0,0,ok,,
3653,,,,pydicom__pydicom.7d361b3d.lm_rewrite__rw65bq4v.o4mbklh9,1,pydicom__pydicom.7d361b3d.lm_rewrite__rw65bq4v.o4mbklh9,1613,True,376,65,0,0,0,0,0.0,,0,0,100000,100000,0,0,0,ok,,
3654,,,,pydicom__pydicom.7d361b3d.lm_rewrite__rw65bq4v.o4mbklh9,2,pydicom__pydicom.7d361b3d.lm_rewrite__rw65bq4v.o4mbklh9,2054,True,1893,71,0,0,0,0,0.0,,0,0,200000,200000,0,0,0,ok,,
3655,,,,pydicom__pydicom.7d361b3d.lm_rewrite__rw65bq4v.o4mbklh9,3,pydicom__pydicom.7d361b3d.lm_rewrite__rw65bq4v.o4mbklh9,4018,True,884,67,0,0,0,0,0.0,,0,0,300000,300000,0,0,0,ok,,
3656,,,,pydicom__pydicom.7d361b3d.lm_rewrite__rw65bq4v.o4mbklh9,4,pydicom__pydicom.7d361b3d.lm_rewrite__rw65bq4v.o4mbklh9,4969,True,291,342,0,0,0,0,0.0,,0,0,400000,400000,0,0,0,ok,,
3657,,,,pydicom__pydicom.7d361b3d.lm_rewrite__rw65bq4v.o4mbklh9,5,pydicom__pydicom.7d361b3d.lm_rewrite__rw65bq4v.o4mbklh9,5602,True,20,41,0,0,0,0,0.0,,0,0,500000,500000,0,0,0,ok,,
3658,,,,pydicom__pydicom.7d361b3d.lm_rewrite__rw65bq4v.o4mbklh9,6,pydicom__pydicom.7d361b3d.lm_rewrite__rw65bq4v.o4mbklh9,5663,True,1513,367,0,0,0,0,0.0,,0,0,600000,600000,0,0,0,ok,,
3659,,,,pydicom__pydicom.7d361b3d.lm_rewrite__rw65bq4v.o4mbklh9,7,pydicom__pydicom.7d361b3d.lm_rewrite__rw65bq4v.o4mbklh9,7543,True,22,28,0,0,0,0,0.0,,0,0,700000,700000,0,0,0,ok,,
3660,,,,pydicom__pydicom.7d361b3d.lm_rewrite__rw65bq4v.o4mbklh9,8,pydicom__pydicom.7d361b3d.lm_rewrite__rw65bq4v.o4mbklh9,7593,True,1849,1019,0,0,0,0,0.0,,0,0,800000,800000,0,0,0,ok,,
3661,,,,pydicom__pydicom.7d361b3d.lm_rewrite__rw65bq4v.o4mbklh9,9,pydicom__pydicom.7d361b3d.lm_rewrite__rw65bq4v.o4mbklh9,10461,True,866,594,0,0,0,0,0.0,,0,0,900000,900000,0,0,0,ok,,
3662,,,,pydicom__pydicom.7d361b3d.lm_rewrite__rw65bq4v.o4mbklh9,10,pydicom__pydicom.7d361b3d.lm_rewrite__rw65bq4v.o4mbklh9,11921,True,579,58,0,0,0,0,0.0,,0,0,1000000,1000000,0,0,0,ok,,
3663,,,,pydicom__pydicom.7d361b3d.lm_rewrite__rw65bq4v.o4mbklh9,11,pydicom__pydicom.7d361b3d.lm_rewrite__rw65bq4v.o4mbklh9,12558,True,2589,61,0,0,0,0,0.0,,0,0,1100000,1100000,0,0,0,ok,,
3664,,,,pydicom__pydicom.7d361b3d.lm_rewrite__rw65bq4v.o4mbklh9,12,pydicom__pydicom.7d361b3d.lm_rewrite__rw65bq4v.o4mbklh9,15208,True,1513,226,0,0,0,0,0.0,,0,0,1200000,1200000,0,0,0,ok,,
3665,,,,pydicom__pydicom.7d361b3d.lm_rewrite__rw65bq4v.o4mbklh9,13,pydicom__pydicom.7d361b3d.lm_rewrite__rw65bq4v.o4mbklh9,16947,True,20,28,0,0,0,0,0.0,,0,0,1300000,1300000,0,0,0,ok,,
3666,,,,pydicom__pydicom.7d361b3d.lm_rewrite__rw65bq4v.o4mbklh9,14,pydicom__pydicom.7d361b3d.lm_rewrite__rw65bq4v.o4mbklh9,16995,True,429,163,0,0,0,0,0.0,,0,0,1400000,1400000,0,0,0,ok,,
3667,,,,pydicom__pydicom.7d361b3d.lm_rewrite__rw65bq4v.o4mbklh9,15,pydicom__pydicom.7d361b3d.lm_rewrite__rw65bq4v.o4mbklh9,17587,True,20,28,0,0,0,0,0.0,,0,0,1500000,1500000,0,0,0,ok,,
3668,,,,pydicom__pydicom.7d361b3d.lm_rewrite__rw65bq4v.o4mbklh9,16,pydicom__pydicom.7d361b3d.lm_rewrite__rw65bq4v.o4mbklh9,17635,True,62,278,0,0,0,0,0.0,,0,0,1600000,1600000,0,0,0,ok,,
3669,,,,pydicom__pydicom.7d361b3d.lm_rewrite__rw65bq4v.o4mbklh9,17,pydicom__pydicom.7d361b3d.lm_rewrite__rw65bq4v.o4mbklh9,17975,True,20,28,0,0,0,0,0.0,,0,0,1700000,1700000,0,0,0,ok,,
3670,,,,pydicom__pydicom.7d361b3d.lm_rewrite__rw65bq4v.o4mbklh9,18,pydicom__pydicom.7d361b3d.lm_rewrite__rw65bq4v.o4mbklh9,18023,True,59,278,0,0,0,0,0.0,,0,0,1800000,1800000,0,0,0,ok,,
3671,,,,pydicom__pydicom.7d361b3d.lm_rewrite__rw65bq4v.o4mbklh9,19,pydicom__pydicom.7d361b3d.lm_rewrite__rw65bq4v.o4mbklh9,18360,True,19,27,0,0,0,0,0.0,,0,0,1900000,1900000,0,0,0,ok,,
3672,,,,pydicom__pydicom.7d361b3d.lm_rewrite__rw65bq4v.o4mbklh9,20,pydicom__pydicom.7d361b3d.lm_rewrite__rw65bq4v.o4mbklh9,18406,True,261,304,0,0,0,0,0.0,,0,0,2000000,2000000,0,0,0,ok,,
3673,,,,pydicom__pydicom.7d361b3d.lm_rewrite__rw65bq4v.o4mbklh9,21,pydicom__pydicom.7d361b3d.lm_rewrite__rw65bq4v.o4mbklh9,18971,True,2995,81,0,0,0,0,0.0,,0,0,2100000,2100000,0,0,0,ok,,
3674,,,,pydicom__pydicom.7d361b3d.lm_rewrite__rw65bq4v.o4mbklh9,22,pydicom__pydicom.7d361b3d.lm_rewrite__rw65bq4v.o4mbklh9,22047,True,11,14,0,0,0,0,0.0,,0,0,2200000,2200000,0,0,0,ok,,
3675,,,,kurtmckee__feedparser.cad965a3.lm_rewrite__ah1phjn6.awcurfrb,0,swe_smith_system_prompt,924,True,539,105,0,0,0,0,0.0,,0,0,0,0,0,0,0,ok,,
3676,,,,kurtmckee__feedparser.cad965a3.lm_rewrite__ah1phjn6.awcurfrb,1,kurtmckee__feedparser.cad965a3.lm_rewrite__ah1phjn6.awcurfrb,1568,True,637,55,0,0,0,0,0.0,,0,0,100000,100000,0,0,0,ok,,
3677,,,,kurtmckee__feedparser.cad965a3.lm_rewrite__ah1phjn6.awcurfrb,2,kurtmckee__feedparser.cad965a3.lm_rewrite__ah1phjn6.awcurfrb,2260,True,2425,56,0,0,0,0,0.0,,0,0,200000,200000,0,0,0,ok,,
3678,,,,kurtmckee__feedparser.cad965a3.lm_rewrite__ah1phjn6.awcurfrb,3,kurtmckee__feedparser.cad965a3.lm_rewrite__ah1phjn6.awcurfrb,4741,True,37,54,0,0,0,0,0.0,,0,0,300000,300000,0,0,0,ok,,
3679,,,,kurtmckee__feedparser.cad965a3.lm_rewrite__ah1phjn6.awcurfrb,4,kurtmckee__feedparser.cad965a3.lm_rewrite__ah1phjn6.awcurfrb,4832,True,1499,51,0,0,0,0,0.0,,0,0,400000,400000,0,0,0,ok,,
3680,,,,kurtmckee__feedparser.cad965a3.lm_rewrite__ah1phjn6.awcurfrb,5,kurtmckee__feedparser.cad965a3.lm_rewrite__ah1phjn6.awcurfrb,6382,True,1293,55,0,0,0,0,0.0,,0,0,500000,500000,0,0,0,ok,,
3681,,,,kurtmckee__feedparser.cad965a3.lm_rewrite__ah1phjn6.awcurfrb,6,kurtmckee__feedparser.cad965a3.lm_rewrite__ah1phjn6.awcurfrb,7730,True,1003,53,0,0,0,0,0.0,,0,0,600000,600000,0,0,0,ok,,
3682,,,,kurtmckee__feedparser.cad965a3.lm_rewrite__ah1phjn6.awcurfrb,7,kurtmckee__feedparser.cad965a3.lm_rewrite__ah1phjn6.awcurfrb,8786,True,5458,73,0,0,0,0,0.0,,0,0,700000,700000,0,0,0,ok,,
3683,,,,kurtmckee__feedparser.cad965a3.lm_rewrite__ah1phjn6.awcurfrb,8,kurtmckee__feedparser.cad965a3.lm_rewrite__ah1phjn6.awcurfrb,14317,True,894,66,0,0,0,0,0.0,,0,0,800000,800000,0,0,0,ok,,
3684,,,,kurtmckee__feedparser.cad965a3.lm_rewrite__ah1phjn6.awcurfrb,9,kurtmckee__feedparser.cad965a3.lm_rewrite__ah1phjn6.awcurfrb,15277,True,494,67,0,0,0,0,0.0,,0,0,900000,900000,0,0,0,ok,,
3685,,,,kurtmckee__feedparser.cad965a3.lm_rewrite__ah1phjn6.awcurfrb,10,kurtmckee__feedparser.cad965a3.lm_rewrite__ah1phjn6.awcurfrb,15838,True,367,266,0,0,0,0,0.0,,0,0,1000000,1000000,0,0,0,ok,,
3686,,,,kurtmckee__feedparser.cad965a3.lm_rewrite__ah1phjn6.awcurfrb,11,kurtmckee__feedparser.cad965a3.lm_rewrite__ah1phjn6.awcurfrb,16471,True,19,35,0,0,0,0,0.0,,0,0,1100000,1100000,0,0,0,ok,,
3687,,,,kurtmckee__feedparser.cad965a3.lm_rewrite__ah1phjn6.awcurfrb,12,kurtmckee__feedparser.cad965a3.lm_rewrite__ah1phjn6.awcurfrb,16525,True,120,352,0,0,0,0,0.0,,0,0,1200000,1200000,0,0,0,ok,,
3688,,,,kurtmckee__feedparser.cad965a3.lm_rewrite__ah1phjn6.awcurfrb,13,kurtmckee__feedparser.cad965a3.lm_rewrite__ah1phjn6.awcurfrb,16997,True,424,56,0,0,0,0,0.0,,0,0,1300000,1300000,0,0,0,ok,,
3689,,,,kurtmckee__feedparser.cad965a3.lm_rewrite__ah1phjn6.awcurfrb,14,kurtmckee__feedparser.cad965a3.lm_rewrite__ah1phjn6.awcurfrb,17477,True,121,195,0,0,0,0,0.0,,0,0,1400000,1400000,0,0,0,ok,,
3690,,,,kurtmckee__feedparser.cad965a3.lm_rewrite__ah1phjn6.awcurfrb,15,kurtmckee__feedparser.cad965a3.lm_rewrite__ah1phjn6.awcurfrb,17793,True,292,32,0,0,0,0,0.0,,0,0,1500000,1500000,0,0,0,ok,,
3691,,,,kurtmckee__feedparser.cad965a3.lm_rewrite__ah1phjn6.awcurfrb,16,kurtmckee__feedparser.cad965a3.lm_rewrite__ah1phjn6.awcurfrb,18117,True,18,695,0,0,0,0,0.0,,0,0,1600000,1600000,0,0,0,ok,,
3692,,,,kurtmckee__feedparser.cad965a3.lm_rewrite__ah1phjn6.awcurfrb,17,kurtmckee__feedparser.cad965a3.lm_rewrite__ah1phjn6.awcurfrb,18830,True,19,33,0,0,0,0,0.0,,0,0,1700000,1700000,0,0,0,ok,,
3693,,,,kurtmckee__feedparser.cad965a3.lm_rewrite__ah1phjn6.awcurfrb,18,kurtmckee__feedparser.cad965a3.lm_rewrite__ah1phjn6.awcurfrb,18882,True,54,239,0,0,0,0,0.0,,0,0,1800000,1800000,0,0,0,ok,,
3694,,,,kurtmckee__feedparser.cad965a3.lm_rewrite__ah1phjn6.awcurfrb,19,kurtmckee__feedparser.cad965a3.lm_rewrite__ah1phjn6.awcurfrb,19175,True,352,34,0,0,0,0,0.0,,0,0,1900000,1900000,0,0,0,ok,,
3695,,,,kurtmckee__feedparser.cad965a3.lm_rewrite__ah1phjn6.awcurfrb,20,kurtmckee__feedparser.cad965a3.lm_rewrite__ah1phjn6.awcurfrb,19561,True,43,160,0,0,0,0,0.0,,0,0,2000000,2000000,0,0,0,ok,,
3696,,,,kurtmckee__feedparser.cad965a3.lm_rewrite__ah1phjn6.awcurfrb,21,kurtmckee__feedparser.cad965a3.lm_rewrite__ah1phjn6.awcurfrb,19764,True,1773,42,0,0,0,0,0.0,,0,0,2100000,2100000,0,0,0,ok,,
3697,,,,kurtmckee__feedparser.cad965a3.lm_rewrite__ah1phjn6.awcurfrb,22,kurtmckee__feedparser.cad965a3.lm_rewrite__ah1phjn6.awcurfrb,21579,True,11,8,0,0,0,0,0.0,,0,0,2200000,2200000,0,0,0,ok,,
3698,,,,Cog-Creators__Red-DiscordBot.33e0eac7.func_pm_remove_assign__eb0dnb6d.0ddnh5wo,0,swe_smith_system_prompt,924,True,602,104,0,0,0,0,0.0,,0,0,0,0,0,0,0,ok,,
3699,,,,Cog-Creators__Red-DiscordBot.33e0eac7.func_pm_remove_assign__eb0dnb6d.0ddnh5wo,1,Cog-Creators__Red-DiscordBot.33e0eac7.func_pm_remove_assign__eb0dnb6d.0ddnh5wo,1630,True,3075,55,0,0,0,0,0.0,,0,0,100000,100000,0,0,0,ok,,
3700,,,,Cog-Creators__Red-DiscordBot.33e0eac7.func_pm_remove_assign__eb0dnb6d.0ddnh5wo,2,Cog-Creators__Red-DiscordBot.33e0eac7.func_pm_remove_assign__eb0dnb6d.0ddnh5wo,4760,True,20,59,0,0,0,0,0.0,,0,0,200000,200000,0,0,0,ok,,
3701,,,,Cog-Creators__Red-DiscordBot.33e0eac7.func_pm_remove_assign__eb0dnb6d.0ddnh5wo,3,Cog-Creators__Red-DiscordBot.33e0eac7.func_pm_remove_assign__eb0dnb6d.0ddnh5wo,4839,True,5992,331,0,0,0,0,0.0,,0,0,300000,300000,0,0,0,ok,,
3702,,,,Cog-Creators__Red-DiscordBot.33e0eac7.func_pm_remove_assign__eb0dnb6d.0ddnh5wo,4,Cog-Creators__Red-DiscordBot.33e0eac7.func_pm_remove_assign__eb0dnb6d.0ddnh5wo,11162,True,20,37,0,0,0,0,0.0,,0,0,400000,400000,0,0,0,ok,,
3703,,,,Cog-Creators__Red-DiscordBot.33e0eac7.func_pm_remove_assign__eb0dnb6d.0ddnh5wo,5,Cog-Creators__Red-DiscordBot.33e0eac7.func_pm_remove_assign__eb0dnb6d.0ddnh5wo,11219,True,10,335,0,0,0,0,0.0,,0,0,500000,500000,0,0,0,ok,,
3704,,,,Cog-Creators__Red-DiscordBot.33e0eac7.func_pm_remove_assign__eb0dnb6d.0ddnh5wo,6,Cog-Creators__Red-DiscordBot.33e0eac7.func_pm_remove_assign__eb0dnb6d.0ddnh5wo,11564,True,250,33,0,0,0,0,0.0,,0,0,600000,600000,0,0,0,ok,,
3705,,,,Cog-Creators__Red-DiscordBot.33e0eac7.func_pm_remove_assign__eb0dnb6d.0ddnh5wo,7,Cog-Creators__Red-DiscordBot.33e0eac7.func_pm_remove_assign__eb0dnb6d.0ddnh5wo,11847,True,10,686,0,0,0,0,0.0,,0,0,700000,700000,0,0,0,ok,,
3706,,,,Cog-Creators__Red-DiscordBot.33e0eac7.func_pm_remove_assign__eb0dnb6d.0ddnh5wo,8,Cog-Creators__Red-DiscordBot.33e0eac7.func_pm_remove_assign__eb0dnb6d.0ddnh5wo,12543,True,825,37,0,0,0,0,0.0,,0,0,800000,800000,0,0,0,ok,,
3707,,,,Cog-Creators__Red-DiscordBot.33e0eac7.func_pm_remove_assign__eb0dnb6d.0ddnh5wo,9,Cog-Creators__Red-DiscordBot.33e0eac7.func_pm_remove_assign__eb0dnb6d.0ddnh5wo,13405,True,121,686,0,0,0,0,0.0,,0,0,900000,900000,0,0,0,ok,,
3708,,,,Cog-Creators__Red-DiscordBot.33e0eac7.func_pm_remove_assign__eb0dnb6d.0ddnh5wo,10,Cog-Creators__Red-DiscordBot.33e0eac7.func_pm_remove_assign__eb0dnb6d.0ddnh5wo,14212,True,656,102,0,0,0,0,0.0,,0,0,1000000,1000000,0,0,0,ok,,
3709,,,,Cog-Creators__Red-DiscordBot.33e0eac7.func_pm_remove_assign__eb0dnb6d.0ddnh5wo,11,Cog-Creators__Red-DiscordBot.33e0eac7.func_pm_remove_assign__eb0dnb6d.0ddnh5wo,14970,True,113,1135,0,0,0,0,0.0,,0,0,1100000,1100000,0,0,0,ok,,
3710,,,,Cog-Creators__Red-DiscordBot.33e0eac7.func_pm_remove_assign__eb0dnb6d.0ddnh5wo,12,Cog-Creators__Red-DiscordBot.33e0eac7.func_pm_remove_assign__eb0dnb6d.0ddnh5wo,16218,True,18,32,0,0,0,0,0.0,,0,0,1200000,1200000,0,0,0,ok,,
3711,,,,Cog-Creators__Red-DiscordBot.33e0eac7.func_pm_remove_assign__eb0dnb6d.0ddnh5wo,13,Cog-Creators__Red-DiscordBot.33e0eac7.func_pm_remove_assign__eb0dnb6d.0ddnh5wo,16268,True,806,310,0,0,0,0,0.0,,0,0,1300000,1300000,0,0,0,ok,,
3712,,,,Cog-Creators__Red-DiscordBot.33e0eac7.func_pm_remove_assign__eb0dnb6d.0ddnh5wo,14,Cog-Creators__Red-DiscordBot.33e0eac7.func_pm_remove_assign__eb0dnb6d.0ddnh5wo,17384,True,2468,42,0,0,0,0,0.0,,0,0,1400000,1400000,0,0,0,ok,,
3713,,,,Cog-Creators__Red-DiscordBot.33e0eac7.func_pm_remove_assign__eb0dnb6d.0ddnh5wo,15,Cog-Creators__Red-DiscordBot.33e0eac7.func_pm_remove_assign__eb0dnb6d.0ddnh5wo,19894,True,11,14,0,0,0,0,0.0,,0,0,1500000,1500000,0,0,0,ok,,
3714,,,,chardet__chardet.9630f238.92.ewo7n8h1,0,swe_smith_system_prompt,924,True,461,73,0,0,0,0,0.0,,0,0,0,0,0,0,0,ok,,
3715,,,,chardet__chardet.9630f238.92.ewo7n8h1,1,chardet__chardet.9630f238.92.ewo7n8h1,1458,True,16,48,0,0,0,0,0.0,,0,0,100000,100000,0,0,0,ok,,
3716,,,,chardet__chardet.9630f238.92.ewo7n8h1,2,chardet__chardet.9630f238.92.ewo7n8h1,1522,True,15327,51,0,0,0,0,0.0,,0,0,200000,200000,0,0,0,ok,,
3717,,,,chardet__chardet.9630f238.92.ewo7n8h1,3,chardet__chardet.9630f238.92.ewo7n8h1,16900,True,20,64,0,0,0,0,0.0,,0,0,300000,300000,0,0,0,ok,,
3718,,,,chardet__chardet.9630f238.92.ewo7n8h1,4,chardet__chardet.9630f238.92.ewo7n8h1,16984,True,361,201,0,0,0,0,0.0,,0,0,400000,400000,0,0,0,ok,,
3719,,,,chardet__chardet.9630f238.92.ewo7n8h1,5,chardet__chardet.9630f238.92.ewo7n8h1,17546,True,18,31,0,0,0,0,0.0,,0,0,500000,500000,0,0,0,ok,,
3720,,,,chardet__chardet.9630f238.92.ewo7n8h1,6,chardet__chardet.9630f238.92.ewo7n8h1,17595,True,29,156,0,0,0,0,0.0,,0,0,600000,600000,0,0,0,ok,,
3721,,,,chardet__chardet.9630f238.92.ewo7n8h1,7,chardet__chardet.9630f238.92.ewo7n8h1,17780,True,228,42,0,0,0,0,0.0,,0,0,700000,700000,0,0,0,ok,,
3722,,,,chardet__chardet.9630f238.92.ewo7n8h1,8,chardet__chardet.9630f238.92.ewo7n8h1,18050,True,30,271,0,0,0,0,0.0,,0,0,800000,800000,0,0,0,ok,,
3723,,,,dask__dask.5f61e423.pr_7894.9tvwjuat,0,swe_smith_system_prompt,924,True,676,88,0,0,0,0,0.0,,0,0,0,0,0,0,0,ok,,
3724,,,,dask__dask.5f61e423.pr_7894.9tvwjuat,1,dask__dask.5f61e423.pr_7894.9tvwjuat,1688,True,1994,78,0,0,0,0,0.0,,0,0,100000,100000,0,0,0,ok,,
3725,,,,dask__dask.5f61e423.pr_7894.9tvwjuat,2,dask__dask.5f61e423.pr_7894.9tvwjuat,3760,True,1925,73,0,0,0,0,0.0,,0,0,200000,200000,0,0,0,ok,,
3726,,,,dask__dask.5f61e423.pr_7894.9tvwjuat,3,dask__dask.5f61e423.pr_7894.9tvwjuat,5758,True,817,65,0,0,0,0,0.0,,0,0,300000,300000,0,0,0,ok,,
3727,,,,dask__dask.5f61e423.pr_7894.9tvwjuat,4,dask__dask.5f61e423.pr_7894.9tvwjuat,6640,True,1080,54,0,0,0,0,0.0,,0,0,400000,400000,0,0,0,ok,,
3728,,,,dask__dask.5f61e423.pr_7894.9tvwjuat,5,dask__dask.5f61e423.pr_7894.9tvwjuat,7774,True,1071,54,0,0,0,0,0.0,,0,0,500000,500000,0,0,0,ok,,
3729,,,,dask__dask.5f61e423.pr_7894.9tvwjuat,6,dask__dask.5f61e423.pr_7894.9tvwjuat,8899,True,1067,54,0,0,0,0,0.0,,0,0,600000,600000,0,0,0,ok,,
3730,,,,dask__dask.5f61e423.pr_7894.9tvwjuat,7,dask__dask.5f61e423.pr_7894.9tvwjuat,10020,True,927,74,0,0,0,0,0.0,,0,0,700000,700000,0,0,0,ok,,
3731,,,,dask__dask.5f61e423.pr_7894.9tvwjuat,8,dask__dask.5f61e423.pr_7894.9tvwjuat,11021,True,655,275,0,0,0,0,0.0,,0,0,800000,800000,0,0,0,ok,,
3732,,,,dask__dask.5f61e423.pr_7894.9tvwjuat,9,dask__dask.5f61e423.pr_7894.9tvwjuat,11951,True,18,33,0,0,0,0,0.0,,0,0,900000,900000,0,0,0,ok,,
3733,,,,dask__dask.5f61e423.pr_7894.9tvwjuat,10,dask__dask.5f61e423.pr_7894.9tvwjuat,12002,True,57,553,0,0,0,0,0.0,,0,0,1000000,1000000,0,0,0,ok,,
3734,,,,dask__dask.5f61e423.pr_7894.9tvwjuat,11,dask__dask.5f61e423.pr_7894.9tvwjuat,12612,True,574,31,0,0,0,0,0.0,,0,0,1100000,1100000,0,0,0,ok,,
3735,,,,dask__dask.5f61e423.pr_7894.9tvwjuat,12,dask__dask.5f61e423.pr_7894.9tvwjuat,13217,True,202,594,0,0,0,0,0.0,,0,0,1200000,1200000,0,0,0,ok,,
3736,,,,dask__dask.5f61e423.pr_7894.9tvwjuat,13,dask__dask.5f61e423.pr_7894.9tvwjuat,14013,True,761,203,0,0,0,0,0.0,,0,0,1300000,1300000,0,0,0,ok,,
3737,,,,dask__dask.5f61e423.pr_7894.9tvwjuat,14,dask__dask.5f61e423.pr_7894.9tvwjuat,14977,True,196,599,0,0,0,0,0.0,,0,0,1400000,1400000,0,0,0,ok,,
3738,,,,dask__dask.5f61e423.pr_7894.9tvwjuat,15,dask__dask.5f61e423.pr_7894.9tvwjuat,15772,True,19,32,0,0,0,0,0.0,,0,0,1500000,1500000,0,0,0,ok,,
3739,,,,dask__dask.5f61e423.pr_7894.9tvwjuat,16,dask__dask.5f61e423.pr_7894.9tvwjuat,15823,True,301,69,0,0,0,0,0.0,,0,0,1600000,1600000,0,0,0,ok,,
3740,,,,pandas-dev__pandas.95280573.pr_53078.98l2tgxj,0,swe_smith_system_prompt,924,True,1832,80,0,0,0,0,0.0,,0,0,0,0,0,0,0,ok,,
3741,,,,pandas-dev__pandas.95280573.pr_53078.98l2tgxj,1,pandas-dev__pandas.95280573.pr_53078.98l2tgxj,2836,True,981,64,0,0,0,0,0.0,,0,0,100000,100000,0,0,0,ok,,
3742,,,,pandas-dev__pandas.95280573.pr_53078.98l2tgxj,2,pandas-dev__pandas.95280573.pr_53078.98l2tgxj,3881,True,1681,77,0,0,0,0,0.0,,0,0,200000,200000,0,0,0,ok,,
3743,,,,pandas-dev__pandas.95280573.pr_53078.98l2tgxj,3,pandas-dev__pandas.95280573.pr_53078.98l2tgxj,5639,True,728,115,0,0,0,0,0.0,,0,0,300000,300000,0,0,0,ok,,
3744,,,,pandas-dev__pandas.95280573.pr_53078.98l2tgxj,4,pandas-dev__pandas.95280573.pr_53078.98l2tgxj,6482,True,18,33,0,0,0,0,0.0,,0,0,400000,400000,0,0,0,ok,,
3745,,,,pandas-dev__pandas.95280573.pr_53078.98l2tgxj,5,pandas-dev__pandas.95280573.pr_53078.98l2tgxj,6533,True,427,43,0,0,0,0,0.0,,0,0,500000,500000,0,0,0,ok,,
3746,,,,pandas-dev__pandas.95280573.pr_53078.98l2tgxj,6,pandas-dev__pandas.95280573.pr_53078.98l2tgxj,7003,True,43,434,0,0,0,0,0.0,,0,0,600000,600000,0,0,0,ok,,
3747,,,,pandas-dev__pandas.95280573.pr_53078.98l2tgxj,7,pandas-dev__pandas.95280573.pr_53078.98l2tgxj,7480,True,379,38,0,0,0,0,0.0,,0,0,700000,700000,0,0,0,ok,,
3748,,,,spulec__freezegun.5f171db0.lm_rewrite__b0ixukh7.o5t3kofx,0,swe_smith_system_prompt,924,True,658,103,0,0,0,0,0.0,,0,0,0,0,0,0,0,ok,,
3749,,,,spulec__freezegun.5f171db0.lm_rewrite__b0ixukh7.o5t3kofx,1,spulec__freezegun.5f171db0.lm_rewrite__b0ixukh7.o5t3kofx,1685,True,211,64,0,0,0,0,0.0,,0,0,100000,100000,0,0,0,ok,,
3750,,,,spulec__freezegun.5f171db0.lm_rewrite__b0ixukh7.o5t3kofx,2,spulec__freezegun.5f171db0.lm_rewrite__b0ixukh7.o5t3kofx,1960,True,6609,46,0,0,0,0,0.0,,0,0,200000,200000,0,0,0,ok,,
3751,,,,spulec__freezegun.5f171db0.lm_rewrite__b0ixukh7.o5t3kofx,3,spulec__freezegun.5f171db0.lm_rewrite__b0ixukh7.o5t3kofx,8615,True,18,66,0,0,0,0,0.0,,0,0,300000,300000,0,0,0,ok,,
3752,,,,spulec__freezegun.5f171db0.lm_rewrite__b0ixukh7.o5t3kofx,4,spulec__freezegun.5f171db0.lm_rewrite__b0ixukh7.o5t3kofx,8699,True,795,66,0,0,0,0,0.0,,0,0,400000,400000,0,0,0,ok,,
3753,,,,spulec__freezegun.5f171db0.lm_rewrite__b0ixukh7.o5t3kofx,5,spulec__freezegun.5f171db0.lm_rewrite__b0ixukh7.o5t3kofx,9560,True,939,50,0,0,0,0,0.0,,0,0,500000,500000,0,0,0,ok,,
3754,,,,spulec__freezegun.5f171db0.lm_rewrite__b0ixukh7.o5t3kofx,6,spulec__freezegun.5f171db0.lm_rewrite__b0ixukh7.o5t3kofx,10549,True,37,52,0,0,0,0,0.0,,0,0,600000,600000,0,0,0,ok,,
3755,,,,spulec__freezegun.5f171db0.lm_rewrite__b0ixukh7.o5t3kofx,7,spulec__freezegun.5f171db0.lm_rewrite__b0ixukh7.o5t3kofx,10638,True,728,65,0,0,0,0,0.0,,0,0,700000,700000,0,0,0,ok,,
3756,,,,spulec__freezegun.5f171db0.lm_rewrite__b0ixukh7.o5t3kofx,8,spulec__freezegun.5f171db0.lm_rewrite__b0ixukh7.o5t3kofx,11431,True,976,52,0,0,0,0,0.0,,0,0,800000,800000,0,0,0,ok,,
3757,,,,spulec__freezegun.5f171db0.lm_rewrite__b0ixukh7.o5t3kofx,9,spulec__freezegun.5f171db0.lm_rewrite__b0ixukh7.o5t3kofx,12459,True,884,271,0,0,0,0,0.0,,0,0,900000,900000,0,0,0,ok,,
3758,,,,spulec__freezegun.5f171db0.lm_rewrite__b0ixukh7.o5t3kofx,10,spulec__freezegun.5f171db0.lm_rewrite__b0ixukh7.o5t3kofx,13614,True,20,36,0,0,0,0,0.0,,0,0,1000000,1000000,0,0,0,ok,,
3759,,,,spulec__freezegun.5f171db0.lm_rewrite__b0ixukh7.o5t3kofx,11,spulec__freezegun.5f171db0.lm_rewrite__b0ixukh7.o5t3kofx,13670,True,11,561,0,0,0,0,0.0,,0,0,1100000,1100000,0,0,0,ok,,
3760,,,,spulec__freezegun.5f171db0.lm_rewrite__b0ixukh7.o5t3kofx,12,spulec__freezegun.5f171db0.lm_rewrite__b0ixukh7.o5t3kofx,14242,True,706,33,0,0,0,0,0.0,,0,0,1200000,1200000,0,0,0,ok,,
3761,,,,spulec__freezegun.5f171db0.lm_rewrite__b0ixukh7.o5t3kofx,13,spulec__freezegun.5f171db0.lm_rewrite__b0ixukh7.o5t3kofx,14981,True,126,64,0,0,0,0,0.0,,0,0,1300000,1300000,0,0,0,ok,,
3762,,,,spulec__freezegun.5f171db0.lm_rewrite__b0ixukh7.o5t3kofx,14,spulec__freezegun.5f171db0.lm_rewrite__b0ixukh7.o5t3kofx,15171,True,596,51,0,0,0,0,0.0,,0,0,1400000,1400000,0,0,0,ok,,
3763,,,,spulec__freezegun.5f171db0.lm_rewrite__b0ixukh7.o5t3kofx,15,spulec__freezegun.5f171db0.lm_rewrite__b0ixukh7.o5t3kofx,15818,True,1334,736,0,0,0,0,0.0,,0,0,1500000,1500000,0,0,0,ok,,
3764,,,,spulec__freezegun.5f171db0.lm_rewrite__b0ixukh7.o5t3kofx,16,spulec__freezegun.5f171db0.lm_rewrite__b0ixukh7.o5t3kofx,17888,True,22,34,0,0,0,0,0.0,,0,0,1600000,1600000,0,0,0,ok,,
3765,,,,spulec__freezegun.5f171db0.lm_rewrite__b0ixukh7.o5t3kofx,17,spulec__freezegun.5f171db0.lm_rewrite__b0ixukh7.o5t3kofx,17944,True,215,790,0,0,0,0,0.0,,0,0,1700000,1700000,0,0,0,ok,,
3766,,,,spulec__freezegun.5f171db0.lm_rewrite__b0ixukh7.o5t3kofx,18,spulec__freezegun.5f171db0.lm_rewrite__b0ixukh7.o5t3kofx,18949,True,837,962,0,0,0,0,0.0,,0,0,1800000,1800000,0,0,0,ok,,
3767,,,,spulec__freezegun.5f171db0.lm_rewrite__b0ixukh7.o5t3kofx,19,spulec__freezegun.5f171db0.lm_rewrite__b0ixukh7.o5t3kofx,20748,True,1053,63,0,0,0,0,0.0,,0,0,1900000,1900000,0,0,0,ok,,
3768,,,,spulec__freezegun.5f171db0.lm_rewrite__b0ixukh7.o5t3kofx,20,spulec__freezegun.5f171db0.lm_rewrite__b0ixukh7.o5t3kofx,21864,True,154,1558,0,0,0,0,0.0,,0,0,2000000,2000000,0,0,0,ok,,
3769,,,,spulec__freezegun.5f171db0.lm_rewrite__b0ixukh7.o5t3kofx,21,spulec__freezegun.5f171db0.lm_rewrite__b0ixukh7.o5t3kofx,23576,True,19,35,0,0,0,0,0.0,,0,0,2100000,2100000,0,0,0,ok,,
3770,,,,spulec__freezegun.5f171db0.lm_rewrite__b0ixukh7.o5t3kofx,22,spulec__freezegun.5f171db0.lm_rewrite__b0ixukh7.o5t3kofx,23630,True,482,254,0,0,0,0,0.0,,0,0,2200000,2200000,0,0,0,ok,,
3771,,,,spulec__freezegun.5f171db0.lm_rewrite__b0ixukh7.o5t3kofx,23,spulec__freezegun.5f171db0.lm_rewrite__b0ixukh7.o5t3kofx,24366,True,4933,54,0,0,0,0,0.0,,0,0,2300000,2300000,0,0,0,ok,,
3772,,,,spulec__freezegun.5f171db0.lm_rewrite__b0ixukh7.o5t3kofx,24,spulec__freezegun.5f171db0.lm_rewrite__b0ixukh7.o5t3kofx,29353,True,11,15,0,0,0,0,0.0,,0,0,2400000,2400000,0,0,0,ok,,
3773,,,,Project-MONAI__MONAI.a09c1f08.pr_8041.vrouvp7g,0,swe_smith_system_prompt,924,True,728,91,0,0,0,0,0.0,,0,0,0,0,0,0,0,ok,,
3774,,,,Project-MONAI__MONAI.a09c1f08.pr_8041.vrouvp7g,1,Project-MONAI__MONAI.a09c1f08.pr_8041.vrouvp7g,1743,True,803,52,0,0,0,0,0.0,,0,0,100000,100000,0,0,0,ok,,
3775,,,,Project-MONAI__MONAI.a09c1f08.pr_8041.vrouvp7g,2,Project-MONAI__MONAI.a09c1f08.pr_8041.vrouvp7g,2598,True,930,81,0,0,0,0,0.0,,0,0,200000,200000,0,0,0,ok,,
3776,,,,Project-MONAI__MONAI.a09c1f08.pr_8041.vrouvp7g,3,Project-MONAI__MONAI.a09c1f08.pr_8041.vrouvp7g,3609,True,3301,72,0,0,0,0,0.0,,0,0,300000,300000,0,0,0,ok,,
3777,,,,Project-MONAI__MONAI.a09c1f08.pr_8041.vrouvp7g,4,Project-MONAI__MONAI.a09c1f08.pr_8041.vrouvp7g,6982,True,345,110,0,0,0,0,0.0,,0,0,400000,400000,0,0,0,ok,,
3778,,,,Project-MONAI__MONAI.a09c1f08.pr_8041.vrouvp7g,5,Project-MONAI__MONAI.a09c1f08.pr_8041.vrouvp7g,7437,True,18,29,0,0,0,0,0.0,,0,0,500000,500000,0,0,0,ok,,
3779,,,,Project-MONAI__MONAI.a09c1f08.pr_8041.vrouvp7g,6,Project-MONAI__MONAI.a09c1f08.pr_8041.vrouvp7g,7484,True,76,573,0,0,0,0,0.0,,0,0,600000,600000,0,0,0,ok,,
3780,,,,Project-MONAI__MONAI.a09c1f08.pr_8041.vrouvp7g,7,Project-MONAI__MONAI.a09c1f08.pr_8041.vrouvp7g,8133,True,681,38,0,0,0,0,0.0,,0,0,700000,700000,0,0,0,ok,,
3781,,,,Project-MONAI__MONAI.a09c1f08.pr_8041.vrouvp7g,8,Project-MONAI__MONAI.a09c1f08.pr_8041.vrouvp7g,8852,True,23,414,0,0,0,0,0.0,,0,0,800000,800000,0,0,0,ok,,
3782,,,,Project-MONAI__MONAI.a09c1f08.pr_8041.vrouvp7g,9,Project-MONAI__MONAI.a09c1f08.pr_8041.vrouvp7g,9289,True,19,33,0,0,0,0,0.0,,0,0,900000,900000,0,0,0,ok,,
3783,,,,Project-MONAI__MONAI.a09c1f08.pr_8041.vrouvp7g,10,Project-MONAI__MONAI.a09c1f08.pr_8041.vrouvp7g,9341,True,169,722,0,0,0,0,0.0,,0,0,1000000,1000000,0,0,0,ok,,
3784,,,,Project-MONAI__MONAI.a09c1f08.pr_8041.vrouvp7g,11,Project-MONAI__MONAI.a09c1f08.pr_8041.vrouvp7g,10232,True,889,34,0,0,0,0,0.0,,0,0,1100000,1100000,0,0,0,ok,,
3785,,,,Project-MONAI__MONAI.a09c1f08.pr_8041.vrouvp7g,12,Project-MONAI__MONAI.a09c1f08.pr_8041.vrouvp7g,11155,True,160,31,0,0,0,0,0.0,,0,0,1200000,1200000,0,0,0,ok,,
3786,,,,agronholm__exceptiongroup.0b4f4937.pr_101.ix0zls7y,0,swe_smith_system_prompt,924,True,365,75,0,0,0,0,0.0,,0,0,0,0,0,0,0,ok,,
3787,,,,agronholm__exceptiongroup.0b4f4937.pr_101.ix0zls7y,1,agronholm__exceptiongroup.0b4f4937.pr_101.ix0zls7y,1364,True,185,45,0,0,0,0,0.0,,0,0,100000,100000,0,0,0,ok,,
3788,,,,agronholm__exceptiongroup.0b4f4937.pr_101.ix0zls7y,2,agronholm__exceptiongroup.0b4f4937.pr_101.ix0zls7y,1594,True,110,133,0,0,0,0,0.0,,0,0,200000,200000,0,0,0,ok,,
3789,,,,agronholm__exceptiongroup.0b4f4937.pr_101.ix0zls7y,3,agronholm__exceptiongroup.0b4f4937.pr_101.ix0zls7y,1837,True,16,47,0,0,0,0,0.0,,0,0,300000,300000,0,0,0,ok,,
3790,,,,agronholm__exceptiongroup.0b4f4937.pr_101.ix0zls7y,4,agronholm__exceptiongroup.0b4f4937.pr_101.ix0zls7y,1900,True,4673,200,0,0,0,0,0.0,,0,0,400000,400000,0,0,0,ok,,
3791,,,,agronholm__exceptiongroup.0b4f4937.pr_101.ix0zls7y,5,agronholm__exceptiongroup.0b4f4937.pr_101.ix0zls7y,6773,True,18,34,0,0,0,0,0.0,,0,0,500000,500000,0,0,0,ok,,
3792,,,,agronholm__exceptiongroup.0b4f4937.pr_101.ix0zls7y,6,agronholm__exceptiongroup.0b4f4937.pr_101.ix0zls7y,6825,True,106,57,0,0,0,0,0.0,,0,0,600000,600000,0,0,0,ok,,
3793,,,,agronholm__exceptiongroup.0b4f4937.pr_101.ix0zls7y,7,agronholm__exceptiongroup.0b4f4937.pr_101.ix0zls7y,6988,True,1573,35,0,0,0,0,0.0,,0,0,700000,700000,0,0,0,ok,,
3794,,,,agronholm__exceptiongroup.0b4f4937.pr_101.ix0zls7y,8,agronholm__exceptiongroup.0b4f4937.pr_101.ix0zls7y,8596,True,517,34,0,0,0,0,0.0,,0,0,800000,800000,0,0,0,ok,,
3795,,,,agronholm__exceptiongroup.0b4f4937.pr_101.ix0zls7y,9,agronholm__exceptiongroup.0b4f4937.pr_101.ix0zls7y,9147,True,28,53,0,0,0,0,0.0,,0,0,900000,900000,0,0,0,ok,,
3796,,,,agronholm__exceptiongroup.0b4f4937.pr_101.ix0zls7y,10,agronholm__exceptiongroup.0b4f4937.pr_101.ix0zls7y,9228,True,3468,157,0,0,0,0,0.0,,0,0,1000000,1000000,0,0,0,ok,,
3797,,,,agronholm__exceptiongroup.0b4f4937.pr_101.ix0zls7y,11,agronholm__exceptiongroup.0b4f4937.pr_101.ix0zls7y,12853,True,271,46,0,0,0,0,0.0,,0,0,1100000,1100000,0,0,0,ok,,
3798,,,,agronholm__exceptiongroup.0b4f4937.pr_101.ix0zls7y,12,agronholm__exceptiongroup.0b4f4937.pr_101.ix0zls7y,13170,True,3813,94,0,0,0,0,0.0,,0,0,1200000,1200000,0,0,0,ok,,
3799,,,,agronholm__exceptiongroup.0b4f4937.pr_101.ix0zls7y,13,agronholm__exceptiongroup.0b4f4937.pr_101.ix0zls7y,17077,True,28,229,0,0,0,0,0.0,,0,0,1300000,1300000,0,0,0,ok,,
3800,,,,tox-dev__pipdeptree.c31b6418.44.r8vod173,0,swe_smith_system_prompt,924,True,606,76,0,0,0,0,0.0,,0,0,0,0,0,0,0,ok,,
3801,,,,tox-dev__pipdeptree.c31b6418.44.r8vod173,1,tox-dev__pipdeptree.c31b6418.44.r8vod173,1606,True,18,50,0,0,0,0,0.0,,0,0,100000,100000,0,0,0,ok,,
3802,,,,tox-dev__pipdeptree.c31b6418.44.r8vod173,2,tox-dev__pipdeptree.c31b6418.44.r8vod173,1674,True,1267,144,0,0,0,0,0.0,,0,0,200000,200000,0,0,0,ok,,
3803,,,,tox-dev__pipdeptree.c31b6418.44.r8vod173,3,tox-dev__pipdeptree.c31b6418.44.r8vod173,3085,True,18,39,0,0,0,0,0.0,,0,0,300000,300000,0,0,0,ok,,
3804,,,,tox-dev__pipdeptree.c31b6418.44.r8vod173,4,tox-dev__pipdeptree.c31b6418.44.r8vod173,3142,True,15,180,0,0,0,0,0.0,,0,0,400000,400000,0,0,0,ok,,
3805,,,,tox-dev__pipdeptree.c31b6418.44.r8vod173,5,tox-dev__pipdeptree.c31b6418.44.r8vod173,3337,True,204,46,0,0,0,0,0.0,,0,0,500000,500000,0,0,0,ok,,
3806,,,,tox-dev__pipdeptree.c31b6418.44.r8vod173,6,tox-dev__pipdeptree.c31b6418.44.r8vod173,3587,True,14,414,0,0,0,0,0.0,,0,0,600000,600000,0,0,0,ok,,
3807,,,,tox-dev__pipdeptree.c31b6418.44.r8vod173,7,tox-dev__pipdeptree.c31b6418.44.r8vod173,4015,True,345,40,0,0,0,0,0.0,,0,0,700000,700000,0,0,0,ok,,
3808,,,,tox-dev__pipdeptree.c31b6418.44.r8vod173,8,tox-dev__pipdeptree.c31b6418.44.r8vod173,4400,True,147,37,0,0,0,0,0.0,,0,0,800000,800000,0,0,0,ok,,
3809,,,,pydantic__pydantic.acb0f10f.pr_9134.jskwb3v6,0,swe_smith_system_prompt,924,True,1139,67,0,0,0,0,0.0,,0,0,0,0,0,0,0,ok,,
3810,,,,pydantic__pydantic.acb0f10f.pr_9134.jskwb3v6,1,pydantic__pydantic.acb0f10f.pr_9134.jskwb3v6,2130,True,1493,107,0,0,0,0,0.0,,0,0,100000,100000,0,0,0,ok,,
3811,,,,pydantic__pydantic.acb0f10f.pr_9134.jskwb3v6,2,pydantic__pydantic.acb0f10f.pr_9134.jskwb3v6,3730,True,5843,40,0,0,0,0,0.0,,0,0,200000,200000,0,0,0,ok,,
3812,,,,pydantic__pydantic.acb0f10f.pr_9134.jskwb3v6,3,pydantic__pydantic.acb0f10f.pr_9134.jskwb3v6,9613,True,1289,32,0,0,0,0,0.0,,0,0,300000,300000,0,0,0,ok,,
3813,,,,pydantic__pydantic.acb0f10f.pr_9134.jskwb3v6,4,pydantic__pydantic.acb0f10f.pr_9134.jskwb3v6,10934,True,67,54,0,0,0,0,0.0,,0,0,400000,400000,0,0,0,ok,,
3814,,,,pydantic__pydantic.acb0f10f.pr_9134.jskwb3v6,5,pydantic__pydantic.acb0f10f.pr_9134.jskwb3v6,11055,True,4156,65,0,0,0,0,0.0,,0,0,500000,500000,0,0,0,ok,,
3815,,,,pydantic__pydantic.acb0f10f.pr_9134.jskwb3v6,6,pydantic__pydantic.acb0f10f.pr_9134.jskwb3v6,15276,True,306,67,0,0,0,0,0.0,,0,0,600000,600000,0,0,0,ok,,
3816,,,,pydantic__pydantic.acb0f10f.pr_9134.jskwb3v6,7,pydantic__pydantic.acb0f10f.pr_9134.jskwb3v6,15649,True,227,270,0,0,0,0,0.0,,0,0,700000,700000,0,0,0,ok,,
3817,,,,pydantic__pydantic.acb0f10f.pr_9134.jskwb3v6,8,pydantic__pydantic.acb0f10f.pr_9134.jskwb3v6,16146,True,18,33,0,0,0,0,0.0,,0,0,800000,800000,0,0,0,ok,,
3818,,,,pydantic__pydantic.acb0f10f.pr_9134.jskwb3v6,9,pydantic__pydantic.acb0f10f.pr_9134.jskwb3v6,16197,True,167,38,0,0,0,0,0.0,,0,0,900000,900000,0,0,0,ok,,
3819,,,,pydantic__pydantic.acb0f10f.pr_9134.jskwb3v6,10,pydantic__pydantic.acb0f10f.pr_9134.jskwb3v6,16402,True,546,33,0,0,0,0,0.0,,0,0,1000000,1000000,0,0,0,ok,,
3820,,,,pydantic__pydantic.acb0f10f.pr_9134.jskwb3v6,11,pydantic__pydantic.acb0f10f.pr_9134.jskwb3v6,16981,True,169,27,0,0,0,0,0.0,,0,0,1100000,1100000,0,0,0,ok,,
3821,,,,pydantic__pydantic.acb0f10f.pr_9134.jskwb3v6,12,pydantic__pydantic.acb0f10f.pr_9134.jskwb3v6,17177,True,162,29,0,0,0,0,0.0,,0,0,1200000,1200000,0,0,0,ok,,
3822,,,,pydantic__pydantic.acb0f10f.pr_9134.jskwb3v6,13,pydantic__pydantic.acb0f10f.pr_9134.jskwb3v6,17368,True,195,190,0,0,0,0,0.0,,0,0,1300000,1300000,0,0,0,ok,,
3823,,,,pydantic__pydantic.acb0f10f.pr_9134.jskwb3v6,14,pydantic__pydantic.acb0f10f.pr_9134.jskwb3v6,17753,True,388,49,0,0,0,0,0.0,,0,0,1400000,1400000,0,0,0,ok,,
3824,,,,pydantic__pydantic.acb0f10f.pr_9134.jskwb3v6,15,pydantic__pydantic.acb0f10f.pr_9134.jskwb3v6,18190,True,360,130,0,0,0,0,0.0,,0,0,1500000,1500000,0,0,0,ok,,
3825,,,,pydantic__pydantic.acb0f10f.pr_9134.jskwb3v6,16,pydantic__pydantic.acb0f10f.pr_9134.jskwb3v6,18680,True,157,98,0,0,0,0,0.0,,0,0,1600000,1600000,0,0,0,ok,,
3826,,,,pydantic__pydantic.acb0f10f.pr_9134.jskwb3v6,17,pydantic__pydantic.acb0f10f.pr_9134.jskwb3v6,18935,True,122,616,0,0,0,0,0.0,,0,0,1700000,1700000,0,0,0,ok,,
3827,,,,pydantic__pydantic.acb0f10f.pr_9134.jskwb3v6,18,pydantic__pydantic.acb0f10f.pr_9134.jskwb3v6,19673,True,650,34,0,0,0,0,0.0,,0,0,1800000,1800000,0,0,0,ok,,
3828,,,,pydantic__pydantic.acb0f10f.pr_9134.jskwb3v6,19,pydantic__pydantic.acb0f10f.pr_9134.jskwb3v6,20357,True,195,79,0,0,0,0,0.0,,0,0,1900000,1900000,0,0,0,ok,,
3829,,,,pydantic__pydantic.acb0f10f.pr_9134.jskwb3v6,20,pydantic__pydantic.acb0f10f.pr_9134.jskwb3v6,20631,True,298,273,0,0,0,0,0.0,,0,0,2000000,2000000,0,0,0,ok,,
3830,,,,pydantic__pydantic.acb0f10f.pr_9134.jskwb3v6,21,pydantic__pydantic.acb0f10f.pr_9134.jskwb3v6,21202,True,364,285,0,0,0,0,0.0,,0,0,2100000,2100000,0,0,0,ok,,
3831,,,,pydantic__pydantic.acb0f10f.pr_9134.jskwb3v6,22,pydantic__pydantic.acb0f10f.pr_9134.jskwb3v6,21851,True,370,34,0,0,0,0,0.0,,0,0,2200000,2200000,0,0,0,ok,,
3832,,,,pydantic__pydantic.acb0f10f.pr_9134.jskwb3v6,23,pydantic__pydantic.acb0f10f.pr_9134.jskwb3v6,22255,True,195,65,0,0,0,0,0.0,,0,0,2300000,2300000,0,0,0,ok,,
3833,,,,pydantic__pydantic.acb0f10f.pr_9134.jskwb3v6,24,pydantic__pydantic.acb0f10f.pr_9134.jskwb3v6,22515,True,245,51,0,0,0,0,0.0,,0,0,2400000,2400000,0,0,0,ok,,
3834,,,,pydantic__pydantic.acb0f10f.pr_9134.jskwb3v6,25,pydantic__pydantic.acb0f10f.pr_9134.jskwb3v6,22811,True,242,276,0,0,0,0,0.0,,0,0,2500000,2500000,0,0,0,ok,,
3835,,,,pydantic__pydantic.acb0f10f.pr_9134.jskwb3v6,26,pydantic__pydantic.acb0f10f.pr_9134.jskwb3v6,23329,True,374,34,0,0,0,0,0.0,,0,0,2600000,2600000,0,0,0,ok,,
3836,,,,pydantic__pydantic.acb0f10f.pr_9134.jskwb3v6,27,pydantic__pydantic.acb0f10f.pr_9134.jskwb3v6,23737,True,13,189,0,0,0,0,0.0,,0,0,2700000,2700000,0,0,0,ok,,
