request_id,client_id,tenant_id,slo_class,session_id,round_index,prefix_group,prefix_length,streaming,input_tokens,output_tokens,text_tokens,image_tokens,audio_tokens,video_tokens,reason_ratio,model,deadline_us,server_input_tokens,arrival_time_us,send_time_us,first_chunk_time_us,last_chunk_time_us,num_chunks,status,error_message,finish_reason
0,,,,alecthomas__voluptuous.a7a55f83.func_pm_op_swap__ik9k7pih.zlr2c8bz,0,swe_smith_system_prompt,978,true,811,101,0,0,0,0,0,,0,0,0,0,0,0,0,ok,,
1,,,,alecthomas__voluptuous.a7a55f83.func_pm_op_swap__ik9k7pih.zlr2c8bz,1,alecthomas__voluptuous.a7a55f83.func_pm_op_swap__ik9k7pih.zlr2c8bz,1890,true,101,54,0,0,0,0,0,,0,0,30000000,30000000,0,0,0,ok,,
2,,,,alecthomas__voluptuous.a7a55f83.func_pm_op_swap__ik9k7pih.zlr2c8bz,2,alecthomas__voluptuous.a7a55f83.func_pm_op_swap__ik9k7pih.zlr2c8bz,2045,true,1008,66,0,0,0,0,0,,0,0,60000000,60000000,0,0,0,ok,,
3,,,,alecthomas__voluptuous.a7a55f83.func_pm_op_swap__ik9k7pih.zlr2c8bz,3,alecthomas__voluptuous.a7a55f83.func_pm_op_swap__ik9k7pih.zlr2c8bz,3119,true,5694,42,0,0,0,0,0,,0,0,90000000,90000000,0,0,0,ok,,
4,,,,alecthomas__voluptuous.a7a55f83.func_pm_op_swap__ik9k7pih.zlr2c8bz,4,alecthomas__voluptuous.a7a55f83.func_pm_op_swap__ik9k7pih.zlr2c8bz,8855,true,13,60,0,0,0,0,0,,0,0,120000000,120000000,0,0,0,ok,,
5,,,,alecthomas__voluptuous.a7a55f83.func_pm_op_swap__ik9k7pih.zlr2c8bz,5,alecthomas__voluptuous.a7a55f83.func_pm_op_swap__ik9k7pih.zlr2c8bz,8928,true,768,57,0,0,0,0,0,,0,0,150000000,150000000,0,0,0,ok,,
6,,,,alecthomas__voluptuous.a7a55f83.func_pm_op_swap__ik9k7pih.zlr2c8bz,6,alecthomas__voluptuous.a7a55f83.func_pm_op_swap__ik9k7pih.zlr2c8bz,9753,true,813,323,0,0,0,0,0,,0,0,180000000,180000000,0,0,0,ok,,
7,,,,alecthomas__voluptuous.a7a55f83.func_pm_op_swap__ik9k7pih.zlr2c8bz,7,alecthomas__voluptuous.a7a55f83.func_pm_op_swap__ik9k7pih.zlr2c8bz,10889,true,23,35,0,0,0,0,0,,0,0,210000000,210000000,0,0,0,ok,,
8,,,,alecthomas__voluptuous.a7a55f83.func_pm_op_swap__ik9k7pih.zlr2c8bz,8,alecthomas__voluptuous.a7a55f83.func_pm_op_swap__ik9k7pih.zlr2c8bz,10947,true,51,443,0,0,0,0,0,,0,0,240000000,240000000,0,0,0,ok,,
9,,,,alecthomas__voluptuous.a7a55f83.func_pm_op_swap__ik9k7pih.zlr2c8bz,9,alecthomas__voluptuous.a7a55f83.func_pm_op_swap__ik9k7pih.zlr2c8bz,11441,true,471,40,0,0,0,0,0,,0,0,270000000,270000000,0,0,0,ok,,
10,,,,alecthomas__voluptuous.a7a55f83.func_pm_op_swap__ik9k7pih.zlr2c8bz,10,alecthomas__voluptuous.a7a55f83.func_pm_op_swap__ik9k7pih.zlr2c8bz,11952,true,73,312,0,0,0,0,0,,0,0,300000000,300000000,0,0,0,ok,,
11,,,,alecthomas__voluptuous.a7a55f83.func_pm_op_swap__ik9k7pih.zlr2c8bz,11,alecthomas__voluptuous.a7a55f83.func_pm_op_swap__ik9k7pih.zlr2c8bz,12337,true,293,612,0,0,0,0,0,,0,0,330000000,330000000,0,0,0,ok,,
12,,,,alecthomas__voluptuous.a7a55f83.func_pm_op_swap__ik9k7pih.zlr2c8bz,12,alecthomas__voluptuous.a7a55f83.func_pm_op_swap__ik9k7pih.zlr2c8bz,13242,true,23,32,0,0,0,0,0,,0,0,360000000,360000000,0,0,0,ok,,
13,,,,alecthomas__voluptuous.a7a55f83.func_pm_op_swap__ik9k7pih.zlr2c8bz,13,alecthomas__voluptuous.a7a55f83.func_pm_op_swap__ik9k7pih.zlr2c8bz,13297,true,384,125,0,0,0,0,0,,0,0,390000000,390000000,0,0,0,ok,,
14,,,,alecthomas__voluptuous.a7a55f83.func_pm_op_swap__ik9k7pih.zlr2c8bz,14,alecthomas__voluptuous.a7a55f83.func_pm_op_swap__ik9k7pih.zlr2c8bz,13806,true,282,219,0,0,0,0,0,,0,0,420000000,420000000,0,0,0,ok,,
15,,,,alecthomas__voluptuous.a7a55f83.func_pm_op_swap__ik9k7pih.zlr2c8bz,15,alecthomas__voluptuous.a7a55f83.func_pm_op_swap__ik9k7pih.zlr2c8bz,14307,true,246,31,0,0,0,0,0,,0,0,450000000,450000000,0,0,0,ok,,
16,,,,alecthomas__voluptuous.a7a55f83.func_pm_op_swap__ik9k7pih.zlr2c8bz,16,alecthomas__voluptuous.a7a55f83.func_pm_op_swap__ik9k7pih.zlr2c8bz,14584,true,414,56,0,0,0,0,0,,0,0,480000000,480000000,0,0,0,ok,,
17,,,,alecthomas__voluptuous.a7a55f83.func_pm_op_swap__ik9k7pih.zlr2c8bz,17,alecthomas__voluptuous.a7a55f83.func_pm_op_swap__ik9k7pih.zlr2c8bz,15054,true,73,226,0,0,0,0,0,,0,0,510000000,510000000,0,0,0,ok,,
18,,,,alecthomas__voluptuous.a7a55f83.func_pm_op_swap__ik9k7pih.zlr2c8bz,18,alecthomas__voluptuous.a7a55f83.func_pm_op_swap__ik9k7pih.zlr2c8bz,15353,true,1796,39,0,0,0,0,0,,0,0,540000000,540000000,0,0,0,ok,,
19,,,,alecthomas__voluptuous.a7a55f83.func_pm_op_swap__ik9k7pih.zlr2c8bz,19,alecthomas__voluptuous.a7a55f83.func_pm_op_swap__ik9k7pih.zlr2c8bz,17188,true,20,13,0,0,0,0,0,,0,0,570000000,570000000,0,0,0,ok,,
20,,,,marshmallow-code__apispec.8b421526.lm_rewrite__lbt9ngyl.j8q4nrht,0,swe_smith_system_prompt,978,true,921,112,0,0,0,0,0,,0,0,0,0,0,0,0,ok,,
21,,,,marshmallow-code__apispec.8b421526.lm_rewrite__lbt9ngyl.j8q4nrht,1,marshmallow-code__apispec.8b421526.lm_rewrite__lbt9ngyl.j8q4nrht,2011,true,305,104,0,0,0,0,0,,0,0,30000000,30000000,0,0,0,ok,,
22,,,,marshmallow-code__apispec.8b421526.lm_rewrite__lbt9ngyl.j8q4nrht,2,marshmallow-code__apispec.8b421526.lm_rewrite__lbt9ngyl.j8q4nrht,2420,true,2302,80,0,0,0,0,0,,0,0,60000000,60000000,0,0,0,ok,,
23,,,,marshmallow-code__apispec.8b421526.lm_rewrite__lbt9ngyl.j8q4nrht,3,marshmallow-code__apispec.8b421526.lm_rewrite__lbt9ngyl.j8q4nrht,4802,true,196,69,0,0,0,0,0,,0,0,90000000,90000000,0,0,0,ok,,
24,,,,marshmallow-code__apispec.8b421526.lm_rewrite__lbt9ngyl.j8q4nrht,4,marshmallow-code__apispec.8b421526.lm_rewrite__lbt9ngyl.j8q4nrht,5067,true,200,63,0,0,0,0,0,,0,0,120000000,120000000,0,0,0,ok,,
25,,,,marshmallow-code__apispec.8b421526.lm_rewrite__lbt9ngyl.j8q4nrht,5,marshmallow-code__apispec.8b421526.lm_rewrite__lbt9ngyl.j8q4nrht,5330,true,597,60,0,0,0,0,0,,0,0,150000000,150000000,0,0,0,ok,,
26,,,,marshmallow-code__apispec.8b421526.lm_rewrite__lbt9ngyl.j8q4nrht,6,marshmallow-code__apispec.8b421526.lm_rewrite__lbt9ngyl.j8q4nrht,5987,true,3689,60,0,0,0,0,0,,0,0,180000000,180000000,0,0,0,ok,,
27,,,,marshmallow-code__apispec.8b421526.lm_rewrite__lbt9ngyl.j8q4nrht,7,marshmallow-code__apispec.8b421526.lm_rewrite__lbt9ngyl.j8q4nrht,9736,true,688,65,0,0,0,0,0,,0,0,210000000,210000000,0,0,0,ok,,
28,,,,marshmallow-code__apispec.8b421526.lm_rewrite__lbt9ngyl.j8q4nrht,8,marshmallow-code__apispec.8b421526.lm_rewrite__lbt9ngyl.j8q4nrht,10489,true,859,187,0,0,0,0,0,,0,0,240000000,240000000,0,0,0,ok,,
29,,,,marshmallow-code__apispec.8b421526.lm_rewrite__lbt9ngyl.j8q4nrht,9,marshmallow-code__apispec.8b421526.lm_rewrite__lbt9ngyl.j8q4nrht,11535,true,23,35,0,0,0,0,0,,0,0,270000000,270000000,0,0,0,ok,,
30,,,,marshmallow-code__apispec.8b421526.lm_rewrite__lbt9ngyl.j8q4nrht,10,marshmallow-code__apispec.8b421526.lm_rewrite__lbt9ngyl.j8q4nrht,11593,true,84,376,0,0,0,0,0,,0,0,300000000,300000000,0,0,0,ok,,
31,,,,marshmallow-code__apispec.8b421526.lm_rewrite__lbt9ngyl.j8q4nrht,11,marshmallow-code__apispec.8b421526.lm_rewrite__lbt9ngyl.j8q4nrht,12053,true,384,70,0,0,0,0,0,,0,0,330000000,330000000,0,0,0,ok,,
32,,,,marshmallow-code__apispec.8b421526.lm_rewrite__lbt9ngyl.j8q4nrht,12,marshmallow-code__apispec.8b421526.lm_rewrite__lbt9ngyl.j8q4nrht,12507,true,78,189,0,0,0,0,0,,0,0,360000000,360000000,0,0,0,ok,,
33,,,,marshmallow-code__apispec.8b421526.lm_rewrite__lbt9ngyl.j8q4nrht,13,marshmallow-code__apispec.8b421526.lm_rewrite__lbt9ngyl.j8q4nrht,12774,true,23,24,0,0,0,0,0,,0,0,390000000,390000000,0,0,0,ok,,
34,,,,marshmallow-code__apispec.8b421526.lm_rewrite__lbt9ngyl.j8q4nrht,14,marshmallow-code__apispec.8b421526.lm_rewrite__lbt9ngyl.j8q4nrht,12821,true,89,250,0,0,0,0,0,,0,0,420000000,420000000,0,0,0,ok,,
35,,,,marshmallow-code__apispec.8b421526.lm_rewrite__lbt9ngyl.j8q4nrht,15,marshmallow-code__apispec.8b421526.lm_rewrite__lbt9ngyl.j8q4nrht,13160,true,23,25,0,0,0,0,0,,0,0,450000000,450000000,0,0,0,ok,,
36,,,,marshmallow-code__apispec.8b421526.lm_rewrite__lbt9ngyl.j8q4nrht,16,marshmallow-code__apispec.8b421526.lm_rewrite__lbt9ngyl.j8q4nrht,13208,true,89,333,0,0,0,0,0,,0,0,480000000,480000000,0,0,0,ok,,
37,,,,marshmallow-code__apispec.8b421526.lm_rewrite__lbt9ngyl.j8q4nrht,17,marshmallow-code__apispec.8b421526.lm_rewrite__lbt9ngyl.j8q4nrht,13630,true,26,27,0,0,0,0,0,,0,0,510000000,510000000,0,0,0,ok,,
38,,,,marshmallow-code__apispec.8b421526.lm_rewrite__lbt9ngyl.j8q4nrht,18,marshmallow-code__apispec.8b421526.lm_rewrite__lbt9ngyl.j8q4nrht,13683,true,136,135,0,0,0,0,0,,0,0,540000000,540000000,0,0,0,ok,,
39,,,,marshmallow-code__apispec.8b421526.lm_rewrite__lbt9ngyl.j8q4nrht,19,marshmallow-code__apispec.8b421526.lm_rewrite__lbt9ngyl.j8q4nrht,13954,true,584,813,0,0,0,0,0,,0,0,570000000,570000000,0,0,0,ok,,
40,,,,marshmallow-code__apispec.8b421526.lm_rewrite__lbt9ngyl.j8q4nrht,20,marshmallow-code__apispec.8b421526.lm_rewrite__lbt9ngyl.j8q4nrht,15351,true,814,45,0,0,0,0,0,,0,0,600000000,600000000,0,0,0,ok,,
41,,,,marshmallow-code__apispec.8b421526.lm_rewrite__lbt9ngyl.j8q4nrht,21,marshmallow-code__apispec.8b421526.lm_rewrite__lbt9ngyl.j8q4nrht,16210,true,123,85,0,0,0,0,0,,0,0,630000000,630000000,0,0,0,ok,,
42,,,,marshmallow-code__apispec.8b421526.lm_rewrite__lbt9ngyl.j8q4nrht,22,marshmallow-code__apispec.8b421526.lm_rewrite__lbt9ngyl.j8q4nrht,16418,true,78,145,0,0,0,0,0,,0,0,660000000,660000000,0,0,0,ok,,
43,,,,marshmallow-code__apispec.8b421526.lm_rewrite__lbt9ngyl.j8q4nrht,23,marshmallow-code__apispec.8b421526.lm_rewrite__lbt9ngyl.j8q4nrht,16641,true,1728,56,0,0,0,0,0,,0,0,690000000,690000000,0,0,0,ok,,
44,,,,marshmallow-code__apispec.8b421526.lm_rewrite__lbt9ngyl.j8q4nrht,24,marshmallow-code__apispec.8b421526.lm_rewrite__lbt9ngyl.j8q4nrht,18425,true,20,16,0,0,0,0,0,,0,0,720000000,720000000,0,0,0,ok,,
45,,,,weaveworks__grafanalib.5c3b17ed.72.9fd7ja1z,0,swe_smith_system_prompt,978,true,715,78,0,0,0,0,0,,0,0,0,0,0,0,0,ok,,
46,,,,weaveworks__grafanalib.5c3b17ed.72.9fd7ja1z,1,weaveworks__grafanalib.5c3b17ed.72.9fd7ja1z,1771,true,6822,48,0,0,0,0,0,,0,0,30000000,30000000,0,0,0,ok,,
47,,,,weaveworks__grafanalib.5c3b17ed.72.9fd7ja1z,2,weaveworks__grafanalib.5c3b17ed.72.9fd7ja1z,8641,true,15,56,0,0,0,0,0,,0,0,60000000,60000000,0,0,0,ok,,
48,,,,weaveworks__grafanalib.5c3b17ed.72.9fd7ja1z,3,weaveworks__grafanalib.5c3b17ed.72.9fd7ja1z,8712,true,258,377,0,0,0,0,0,,0,0,90000000,90000000,0,0,0,ok,,
49,,,,weaveworks__grafanalib.5c3b17ed.72.9fd7ja1z,4,weaveworks__grafanalib.5c3b17ed.72.9fd7ja1z,9347,true,21,30,0,0,0,0,0,,0,0,120000000,120000000,0,0,0,ok,,
50,,,,weaveworks__grafanalib.5c3b17ed.72.9fd7ja1z,5,weaveworks__grafanalib.5c3b17ed.72.9fd7ja1z,9398,true,20,158,0,0,0,0,0,,0,0,150000000,150000000,0,0,0,ok,,
51,,,,weaveworks__grafanalib.5c3b17ed.72.9fd7ja1z,6,weaveworks__grafanalib.5c3b17ed.72.9fd7ja1z,9576,true,167,108,0,0,0,0,0,,0,0,180000000,180000000,0,0,0,ok,,
52,,,,weaveworks__grafanalib.5c3b17ed.72.9fd7ja1z,7,weaveworks__grafanalib.5c3b17ed.72.9fd7ja1z,9851,true,157,40,0,0,0,0,0,,0,0,210000000,210000000,0,0,0,ok,,
53,,,,weaveworks__grafanalib.5c3b17ed.72.9fd7ja1z,8,weaveworks__grafanalib.5c3b17ed.72.9fd7ja1z,10048,true,20,133,0,0,0,0,0,,0,0,240000000,240000000,0,0,0,ok,,
54,,,,weaveworks__grafanalib.5c3b17ed.72.9fd7ja1z,9,weaveworks__grafanalib.5c3b17ed.72.9fd7ja1z,10201,true,70,52,0,0,0,0,0,,0,0,270000000,270000000,0,0,0,ok,,
55,,,,weaveworks__grafanalib.5c3b17ed.72.9fd7ja1z,10,weaveworks__grafanalib.5c3b17ed.72.9fd7ja1z,10323,true,6935,44,0,0,0,0,0,,0,0,300000000,300000000,0,0,0,ok,,
56,,,,weaveworks__grafanalib.5c3b17ed.72.9fd7ja1z,11,weaveworks__grafanalib.5c3b17ed.72.9fd7ja1z,17302,true,13,47,0,0,0,0,0,,0,0,330000000,330000000,0,0,0,ok,,
57,,,,weaveworks__grafanalib.5c3b17ed.72.9fd7ja1z,12,weaveworks__grafanalib.5c3b17ed.72.9fd7ja1z,17362,true,102,210,0,0,0,0,0,,0,0,360000000,360000000,0,0,0,ok,,
58,,,,weaveworks__grafanalib.5c3b17ed.72.9fd7ja1z,13,weaveworks__grafanalib.5c3b17ed.72.9fd7ja1z,17674,true,248,40,0,0,0,0,0,,0,0,390000000,390000000,0,0,0,ok,,
59,,,,weaveworks__grafanalib.5c3b17ed.72.9fd7ja1z,14,weaveworks__grafanalib.5c3b17ed.72.9fd7ja1z,17962,true,20,15,0,0,0,0,0,,0,0,420000000,420000000,0,0,0,ok,,
60,,,,tox-dev__pipdeptree.c31b6418.4.zxns78oz,0,swe_smith_system_prompt,978,true,897,81,0,0,0,0,0,,0,0,0,0,0,0,0,ok,,
61,,,,tox-dev__pipdeptree.c31b6418.4.zxns78oz,1,tox-dev__pipdeptree.c31b6418.4.zxns78oz,1956,true,261,75,0,0,0,0,0,,0,0,30000000,30000000,0,0,0,ok,,
62,,,,tox-dev__pipdeptree.c31b6418.4.zxns78oz,2,tox-dev__pipdeptree.c31b6418.4.zxns78oz,2292,true,3510,57,0,0,0,0,0,,0,0,60000000,60000000,0,0,0,ok,,
63,,,,tox-dev__pipdeptree.c31b6418.4.zxns78oz,3,tox-dev__pipdeptree.c31b6418.4.zxns78oz,5859,true,1227,222,0,0,0,0,0,,0,0,90000000,90000000,0,0,0,ok,,
64,,,,tox-dev__pipdeptree.c31b6418.4.zxns78oz,4,tox-dev__pipdeptree.c31b6418.4.zxns78oz,7308,true,21,32,0,0,0,0,0,,0,0,120000000,120000000,0,0,0,ok,,
65,,,,tox-dev__pipdeptree.c31b6418.4.zxns78oz,5,tox-dev__pipdeptree.c31b6418.4.zxns78oz,7361,true,445,234,0,0,0,0,0,,0,0,150000000,150000000,0,0,0,ok,,
66,,,,tox-dev__pipdeptree.c31b6418.4.zxns78oz,6,tox-dev__pipdeptree.c31b6418.4.zxns78oz,8040,true,237,34,0,0,0,0,0,,0,0,180000000,180000000,0,0,0,ok,,
67,,,,tox-dev__pipdeptree.c31b6418.4.zxns78oz,7,tox-dev__pipdeptree.c31b6418.4.zxns78oz,8311,true,11,196,0,0,0,0,0,,0,0,210000000,210000000,0,0,0,ok,,
68,,,,tox-dev__pipdeptree.c31b6418.4.zxns78oz,8,tox-dev__pipdeptree.c31b6418.4.zxns78oz,8518,true,238,39,0,0,0,0,0,,0,0,240000000,240000000,0,0,0,ok,,
69,,,,tox-dev__pipdeptree.c31b6418.4.zxns78oz,9,tox-dev__pipdeptree.c31b6418.4.zxns78oz,8795,true,11,329,0,0,0,0,0,,0,0,270000000,270000000,0,0,0,ok,,
70,,,,un33k__python-slugify.872b3750.33.7zctgmw9,0,swe_smith_system_prompt,978,true,830,59,0,0,0,0,0,,0,0,0,0,0,0,0,ok,,
71,,,,un33k__python-slugify.872b3750.33.7zctgmw9,1,un33k__python-slugify.872b3750.33.7zctgmw9,1867,true,235,49,0,0,0,0,0,,0,0,30000000,30000000,0,0,0,ok,,
72,,,,un33k__python-slugify.872b3750.33.7zctgmw9,2,un33k__python-slugify.872b3750.33.7zctgmw9,2151,true,166,45,0,0,0,0,0,,0,0,60000000,60000000,0,0,0,ok,,
73,,,,un33k__python-slugify.872b3750.33.7zctgmw9,3,un33k__python-slugify.872b3750.33.7zctgmw9,2362,true,5705,41,0,0,0,0,0,,0,0,90000000,90000000,0,0,0,ok,,
74,,,,un33k__python-slugify.872b3750.33.7zctgmw9,4,un33k__python-slugify.872b3750.33.7zctgmw9,8108,true,31,53,0,0,0,0,0,,0,0,120000000,120000000,0,0,0,ok,,
75,,,,un33k__python-slugify.872b3750.33.7zctgmw9,5,un33k__python-slugify.872b3750.33.7zctgmw9,8192,true,105,41,0,0,0,0,0,,0,0,150000000,150000000,0,0,0,ok,,
76,,,,un33k__python-slugify.872b3750.33.7zctgmw9,6,un33k__python-slugify.872b3750.33.7zctgmw9,8338,true,113,48,0,0,0,0,0,,0,0,180000000,180000000,0,0,0,ok,,
77,,,,un33k__python-slugify.872b3750.33.7zctgmw9,7,un33k__python-slugify.872b3750.33.7zctgmw9,8499,true,2056,107,0,0,0,0,0,,0,0,210000000,210000000,0,0,0,ok,,
78,,,,un33k__python-slugify.872b3750.33.7zctgmw9,8,un33k__python-slugify.872b3750.33.7zctgmw9,10662,true,21,27,0,0,0,0,0,,0,0,240000000,240000000,0,0,0,ok,,
79,,,,un33k__python-slugify.872b3750.33.7zctgmw9,9,un33k__python-slugify.872b3750.33.7zctgmw9,10710,true,24,214,0,0,0,0,0,,0,0,270000000,270000000,0,0,0,ok,,
80,,,,un33k__python-slugify.872b3750.33.7zctgmw9,10,un33k__python-slugify.872b3750.33.7zctgmw9,10948,true,204,28,0,0,0,0,0,,0,0,300000000,300000000,0,0,0,ok,,
81,,,,un33k__python-slugify.872b3750.33.7zctgmw9,11,un33k__python-slugify.872b3750.33.7zctgmw9,11180,true,62,281,0,0,0,0,0,,0,0,330000000,330000000,0,0,0,ok,,
82,,,,un33k__python-slugify.872b3750.33.7zctgmw9,12,un33k__python-slugify.872b3750.33.7zctgmw9,11523,true,21,31,0,0,0,0,0,,0,0,360000000,360000000,0,0,0,ok,,
83,,,,un33k__python-slugify.872b3750.33.7zctgmw9,13,un33k__python-slugify.872b3750.33.7zctgmw9,11575,true,20,13,0,0,0,0,0,,0,0,390000000,390000000,0,0,0,ok,,
84,,,,un33k__python-slugify.872b3750.33.7zctgmw9,14,un33k__python-slugify.872b3750.33.7zctgmw9,11608,true,583,82,0,0,0,0,0,,0,0,420000000,420000000,0,0,0,ok,,
85,,,,jd__tenacity.0d40e76f.pr_484.akdur6uf,0,swe_smith_system_prompt,978,true,549,71,0,0,0,0,0,,0,0,0,0,0,0,0,ok,,
86,,,,jd__tenacity.0d40e76f.pr_484.akdur6uf,1,jd__tenacity.0d40e76f.pr_484.akdur6uf,1598,true,314,75,0,0,0,0,0,,0,0,30000000,30000000,0,0,0,ok,,
87,,,,jd__tenacity.0d40e76f.pr_484.akdur6uf,2,jd__tenacity.0d40e76f.pr_484.akdur6uf,1987,true,3777,33,0,0,0,0,0,,0,0,60000000,60000000,0,0,0,ok,,
88,,,,jd__tenacity.0d40e76f.pr_484.akdur6uf,3,jd__tenacity.0d40e76f.pr_484.akdur6uf,5797,true,5676,145,0,0,0,0,0,,0,0,90000000,90000000,0,0,0,ok,,
89,,,,jd__tenacity.0d40e76f.pr_484.akdur6uf,4,jd__tenacity.0d40e76f.pr_484.akdur6uf,11618,true,3336,232,0,0,0,0,0,,0,0,120000000,120000000,0,0,0,ok,,
90,,,,jd__tenacity.0d40e76f.pr_484.akdur6uf,5,jd__tenacity.0d40e76f.pr_484.akdur6uf,15186,true,21,30,0,0,0,0,0,,0,0,150000000,150000000,0,0,0,ok,,
91,,,,jd__tenacity.0d40e76f.pr_484.akdur6uf,6,jd__tenacity.0d40e76f.pr_484.akdur6uf,15237,true,41,128,0,0,0,0,0,,0,0,180000000,180000000,0,0,0,ok,,
92,,,,jd__tenacity.0d40e76f.pr_484.akdur6uf,7,jd__tenacity.0d40e76f.pr_484.akdur6uf,15406,true,136,340,0,0,0,0,0,,0,0,210000000,210000000,0,0,0,ok,,
93,,,,jd__tenacity.0d40e76f.pr_484.akdur6uf,8,jd__tenacity.0d40e76f.pr_484.akdur6uf,15882,true,413,601,0,0,0,0,0,,0,0,240000000,240000000,0,0,0,ok,,
94,,,,jd__tenacity.0d40e76f.pr_484.akdur6uf,9,jd__tenacity.0d40e76f.pr_484.akdur6uf,16896,true,585,884,0,0,0,0,0,,0,0,270000000,270000000,0,0,0,ok,,
95,,,,jd__tenacity.0d40e76f.pr_484.akdur6uf,10,jd__tenacity.0d40e76f.pr_484.akdur6uf,18365,true,847,242,0,0,0,0,0,,0,0,300000000,300000000,0,0,0,ok,,
96,,,,jd__tenacity.0d40e76f.pr_484.akdur6uf,11,jd__tenacity.0d40e76f.pr_484.akdur6uf,19454,true,21,26,0,0,0,0,0,,0,0,330000000,330000000,0,0,0,ok,,
97,,,,jd__tenacity.0d40e76f.pr_484.akdur6uf,12,jd__tenacity.0d40e76f.pr_484.akdur6uf,19501,true,59,37,0,0,0,0,0,,0,0,360000000,360000000,0,0,0,ok,,
98,,,,facebookresearch__hydra.0f03eb60.func_pm_remove_cond__u5bb7kvg.wmrhm9fb,0,swe_smith_system_prompt,978,true,776,99,0,0,0,0,0,,0,0,0,0,0,0,0,ok,,
99,,,,facebookresearch__hydra.0f03eb60.func_pm_remove_cond__u5bb7kvg.wmrhm9fb,1,facebookresearch__hydra.0f03eb60.func_pm_remove_cond__u5bb7kvg.wmrhm9fb,1853,true,9235,106,0,0,0,0,0,,0,0,30000000,30000000,0,0,0,ok,,
100,,,,facebookresearch__hydra.0f03eb60.func_pm_remove_cond__u5bb7kvg.wmrhm9fb,2,facebookresearch__hydra.0f03eb60.func_pm_remove_cond__u5bb7kvg.wmrhm9fb,11194,true,163,54,0,0,0,0,0,,0,0,60000000,60000000,0,0,0,ok,,
101,,,,facebookresearch__hydra.0f03eb60.func_pm_remove_cond__u5bb7kvg.wmrhm9fb,3,facebookresearch__hydra.0f03eb60.func_pm_remove_cond__u5bb7kvg.wmrhm9fb,11411,true,13,42,0,0,0,0,0,,0,0,90000000,90000000,0,0,0,ok,,
102,,,,facebookresearch__hydra.0f03eb60.func_pm_remove_cond__u5bb7kvg.wmrhm9fb,4,facebookresearch__hydra.0f03eb60.func_pm_remove_cond__u5bb7kvg.wmrhm9fb,11466,true,4284,224,0,0,0,0,0,,0,0,120000000,120000000,0,0,0,ok,,
103,,,,facebookresearch__hydra.0f03eb60.func_pm_remove_cond__u5bb7kvg.wmrhm9fb,5,facebookresearch__hydra.0f03eb60.func_pm_remove_cond__u5bb7kvg.wmrhm9fb,15974,true,23,68,0,0,0,0,0,,0,0,150000000,150000000,0,0,0,ok,,
104,,,,facebookresearch__hydra.0f03eb60.func_pm_remove_cond__u5bb7kvg.wmrhm9fb,6,facebookresearch__hydra.0f03eb60.func_pm_remove_cond__u5bb7kvg.wmrhm9fb,16065,true,21,52,0,0,0,0,0,,0,0,180000000,180000000,0,0,0,ok,,
105,,,,facebookresearch__hydra.0f03eb60.func_pm_remove_cond__u5bb7kvg.wmrhm9fb,7,facebookresearch__hydra.0f03eb60.func_pm_remove_cond__u5bb7kvg.wmrhm9fb,16138,true,202,684,0,0,0,0,0,,0,0,210000000,210000000,0,0,0,ok,,
106,,,,facebookresearch__hydra.0f03eb60.func_pm_remove_cond__u5bb7kvg.wmrhm9fb,8,facebookresearch__hydra.0f03eb60.func_pm_remove_cond__u5bb7kvg.wmrhm9fb,17024,true,659,107,0,0,0,0,0,,0,0,240000000,240000000,0,0,0,ok,,
107,,,,facebookresearch__hydra.0f03eb60.func_pm_remove_cond__u5bb7kvg.wmrhm9fb,9,facebookresearch__hydra.0f03eb60.func_pm_remove_cond__u5bb7kvg.wmrhm9fb,17790,true,47,70,0,0,0,0,0,,0,0,270000000,270000000,0,0,0,ok,,
108,,,,facebookresearch__hydra.0f03eb60.func_pm_remove_cond__u5bb7kvg.wmrhm9fb,10,facebookresearch__hydra.0f03eb60.func_pm_remove_cond__u5bb7kvg.wmrhm9fb,17907,true,47,80,0,0,0,0,0,,0,0,300000000,300000000,0,0,0,ok,,
109,,,,facebookresearch__hydra.0f03eb60.func_pm_remove_cond__u5bb7kvg.wmrhm9fb,11,facebookresearch__hydra.0f03eb60.func_pm_remove_cond__u5bb7kvg.wmrhm9fb,18034,true,25,76,0,0,0,0,0,,0,0,330000000,330000000,0,0,0,ok,,
110,,,,facebookresearch__hydra.0f03eb60.func_pm_remove_cond__u5bb7kvg.wmrhm9fb,12,facebookresearch__hydra.0f03eb60.func_pm_remove_cond__u5bb7kvg.wmrhm9fb,18135,true,1426,74,0,0,0,0,0,,0,0,360000000,360000000,0,0,0,ok,,
111,,,,facebookresearch__hydra.0f03eb60.func_pm_remove_cond__u5bb7kvg.wmrhm9fb,13,facebookresearch__hydra.0f03eb60.func_pm_remove_cond__u5bb7kvg.wmrhm9fb,19635,true,25,81,0,0,0,0,0,,0,0,390000000,390000000,0,0,0,ok,,
112,,,,facebookresearch__hydra.0f03eb60.func_pm_remove_cond__u5bb7kvg.wmrhm9fb,14,facebookresearch__hydra.0f03eb60.func_pm_remove_cond__u5bb7kvg.wmrhm9fb,19741,true,1426,370,0,0,0,0,0,,0,0,420000000,420000000,0,0,0,ok,,
113,,,,facebookresearch__hydra.0f03eb60.func_pm_remove_cond__u5bb7kvg.wmrhm9fb,15,facebookresearch__hydra.0f03eb60.func_pm_remove_cond__u5bb7kvg.wmrhm9fb,21537,true,728,42,0,0,0,0,0,,0,0,450000000,450000000,0,0,0,ok,,
114,,,,facebookresearch__hydra.0f03eb60.func_pm_remove_cond__u5bb7kvg.wmrhm9fb,16,facebookresearch__hydra.0f03eb60.func_pm_remove_cond__u5bb7kvg.wmrhm9fb,22307,true,20,7,0,0,0,0,0,,0,0,480000000,480000000,0,0,0,ok,,
115,,,,paramiko__paramiko.23f92003.func_pm_ctrl_shuffle__4vo13hd4.6x6y4jjz,0,swe_smith_system_prompt,978,true,828,113,0,0,0,0,0,,0,0,0,0,0,0,0,ok,,
116,,,,paramiko__paramiko.23f92003.func_pm_ctrl_shuffle__4vo13hd4.6x6y4jjz,1,paramiko__paramiko.23f92003.func_pm_ctrl_shuffle__4vo13hd4.6x6y4jjz,1919,true,881,78,0,0,0,0,0,,0,0,30000000,30000000,0,0,0,ok,,
117,,,,paramiko__paramiko.23f92003.func_pm_ctrl_shuffle__4vo13hd4.6x6y4jjz,2,paramiko__paramiko.23f92003.func_pm_ctrl_shuffle__4vo13hd4.6x6y4jjz,2878,true,4235,228,0,0,0,0,0,,0,0,60000000,60000000,0,0,0,ok,,
118,,,,paramiko__paramiko.23f92003.func_pm_ctrl_shuffle__4vo13hd4.6x6y4jjz,3,paramiko__paramiko.23f92003.func_pm_ctrl_shuffle__4vo13hd4.6x6y4jjz,7341,true,23,37,0,0,0,0,0,,0,0,90000000,90000000,0,0,0,ok,,
119,,,,paramiko__paramiko.23f92003.func_pm_ctrl_shuffle__4vo13hd4.6x6y4jjz,4,paramiko__paramiko.23f92003.func_pm_ctrl_shuffle__4vo13hd4.6x6y4jjz,7401,true,117,538,0,0,0,0,0,,0,0,120000000,120000000,0,0,0,ok,,
120,,,,paramiko__paramiko.23f92003.func_pm_ctrl_shuffle__4vo13hd4.6x6y4jjz,5,paramiko__paramiko.23f92003.func_pm_ctrl_shuffle__4vo13hd4.6x6y4jjz,8056,true,565,38,0,0,0,0,0,,0,0,150000000,150000000,0,0,0,ok,,
121,,,,paramiko__paramiko.23f92003.func_pm_ctrl_shuffle__4vo13hd4.6x6y4jjz,6,paramiko__paramiko.23f92003.func_pm_ctrl_shuffle__4vo13hd4.6x6y4jjz,8659,true,125,423,0,0,0,0,0,,0,0,180000000,180000000,0,0,0,ok,,
122,,,,paramiko__paramiko.23f92003.func_pm_ctrl_shuffle__4vo13hd4.6x6y4jjz,7,paramiko__paramiko.23f92003.func_pm_ctrl_shuffle__4vo13hd4.6x6y4jjz,9207,true,425,160,0,0,0,0,0,,0,0,210000000,210000000,0,0,0,ok,,
123,,,,paramiko__paramiko.23f92003.func_pm_ctrl_shuffle__4vo13hd4.6x6y4jjz,8,paramiko__paramiko.23f92003.func_pm_ctrl_shuffle__4vo13hd4.6x6y4jjz,9792,true,20,676,0,0,0,0,0,,0,0,240000000,240000000,0,0,0,ok,,
124,,,,paramiko__paramiko.23f92003.func_pm_ctrl_shuffle__4vo13hd4.6x6y4jjz,9,paramiko__paramiko.23f92003.func_pm_ctrl_shuffle__4vo13hd4.6x6y4jjz,10488,true,24,34,0,0,0,0,0,,0,0,270000000,270000000,0,0,0,ok,,
125,,,,paramiko__paramiko.23f92003.func_pm_ctrl_shuffle__4vo13hd4.6x6y4jjz,10,paramiko__paramiko.23f92003.func_pm_ctrl_shuffle__4vo13hd4.6x6y4jjz,10546,true,63,276,0,0,0,0,0,,0,0,300000000,300000000,0,0,0,ok,,
126,,,,paramiko__paramiko.23f92003.func_pm_ctrl_shuffle__4vo13hd4.6x6y4jjz,11,paramiko__paramiko.23f92003.func_pm_ctrl_shuffle__4vo13hd4.6x6y4jjz,10885,true,1756,42,0,0,0,0,0,,0,0,330000000,330000000,0,0,0,ok,,
127,,,,paramiko__paramiko.23f92003.func_pm_ctrl_shuffle__4vo13hd4.6x6y4jjz,12,paramiko__paramiko.23f92003.func_pm_ctrl_shuffle__4vo13hd4.6x6y4jjz,12683,true,20,7,0,0,0,0,0,,0,0,360000000,360000000,0,0,0,ok,,
128,,,,HIPS__autograd.ac044f0d.lm_rewrite__zmt92fhi.uatmi41d,0,swe_smith_system_prompt,978,true,836,100,0,0,0,0,0,,0,0,0,0,0,0,0,ok,,
129,,,,HIPS__autograd.ac044f0d.lm_rewrite__zmt92fhi.uatmi41d,1,HIPS__autograd.ac044f0d.lm_rewrite__zmt92fhi.uatmi41d,1914,true,1224,52,0,0,0,0,0,,0,0,30000000,30000000,0,0,0,ok,,
130,,,,HIPS__autograd.ac044f0d.lm_rewrite__zmt92fhi.uatmi41d,2,HIPS__autograd.ac044f0d.lm_rewrite__zmt92fhi.uatmi41d,3190,true,112,66,0,0,0,0,0,,0,0,60000000,60000000,0,0,0,ok,,
131,,,,HIPS__autograd.ac044f0d.lm_rewrite__zmt92fhi.uatmi41d,3,HIPS__autograd.ac044f0d.lm_rewrite__zmt92fhi.uatmi41d,3368,true,4780,134,0,0,0,0,0,,0,0,90000000,90000000,0,0,0,ok,,
132,,,,HIPS__autograd.ac044f0d.lm_rewrite__zmt92fhi.uatmi41d,4,HIPS__autograd.ac044f0d.lm_rewrite__zmt92fhi.uatmi41d,8282,true,178,213,0,0,0,0,0,,0,0,120000000,120000000,0,0,0,ok,,
133,,,,HIPS__autograd.ac044f0d.lm_rewrite__zmt92fhi.uatmi41d,5,HIPS__autograd.ac044f0d.lm_rewrite__zmt92fhi.uatmi41d,8673,true,23,35,0,0,0,0,0,,0,0,150000000,150000000,0,0,0,ok,,
134,,,,HIPS__autograd.ac044f0d.lm_rewrite__zmt92fhi.uatmi41d,6,HIPS__autograd.ac044f0d.lm_rewrite__zmt92fhi.uatmi41d,8731,true,76,110,0,0,0,0,0,,0,0,180000000,180000000,0,0,0,ok,,
135,,,,HIPS__autograd.ac044f0d.lm_rewrite__zmt92fhi.uatmi41d,7,HIPS__autograd.ac044f0d.lm_rewrite__zmt92fhi.uatmi41d,8917,true,126,32,0,0,0,0,0,,0,0,210000000,210000000,0,0,0,ok,,
136,,,,HIPS__autograd.ac044f0d.lm_rewrite__zmt92fhi.uatmi41d,8,HIPS__autograd.ac044f0d.lm_rewrite__zmt92fhi.uatmi41d,9075,true,23,501,0,0,0,0,0,,0,0,240000000,240000000,0,0,0,ok,,
137,,,,HIPS__autograd.ac044f0d.lm_rewrite__zmt92fhi.uatmi41d,9,HIPS__autograd.ac044f0d.lm_rewrite__zmt92fhi.uatmi41d,9599,true,337,256,0,0,0,0,0,,0,0,270000000,270000000,0,0,0,ok,,
138,,,,HIPS__autograd.ac044f0d.lm_rewrite__zmt92fhi.uatmi41d,10,HIPS__autograd.ac044f0d.lm_rewrite__zmt92fhi.uatmi41d,10192,true,268,53,0,0,0,0,0,,0,0,300000000,300000000,0,0,0,ok,,
139,,,,HIPS__autograd.ac044f0d.lm_rewrite__zmt92fhi.uatmi41d,11,HIPS__autograd.ac044f0d.lm_rewrite__zmt92fhi.uatmi41d,10513,true,17,640,0,0,0,0,0,,0,0,330000000,330000000,0,0,0,ok,,
140,,,,HIPS__autograd.ac044f0d.lm_rewrite__zmt92fhi.uatmi41d,12,HIPS__autograd.ac044f0d.lm_rewrite__zmt92fhi.uatmi41d,11170,true,23,32,0,0,0,0,0,,0,0,360000000,360000000,0,0,0,ok,,
141,,,,HIPS__autograd.ac044f0d.lm_rewrite__zmt92fhi.uatmi41d,13,HIPS__autograd.ac044f0d.lm_rewrite__zmt92fhi.uatmi41d,11225,true,442,128,0,0,0,0,0,,0,0,390000000,390000000,0,0,0,ok,,
142,,,,HIPS__autograd.ac044f0d.lm_rewrite__zmt92fhi.uatmi41d,14,HIPS__autograd.ac044f0d.lm_rewrite__zmt92fhi.uatmi41d,11795,true,152,34,0,0,0,0,0,,0,0,420000000,420000000,0,0,0,ok,,
143,,,,HIPS__autograd.ac044f0d.lm_rewrite__zmt92fhi.uatmi41d,15,HIPS__autograd.ac044f0d.lm_rewrite__zmt92fhi.uatmi41d,11981,true,131,362,0,0,0,0,0,,0,0,450000000,450000000,0,0,0,ok,,
144,,,,HIPS__autograd.ac044f0d.lm_rewrite__zmt92fhi.uatmi41d,16,HIPS__autograd.ac044f0d.lm_rewrite__zmt92fhi.uatmi41d,12474,true,1460,40,0,0,0,0,0,,0,0,480000000,480000000,0,0,0,ok,,
145,,,,HIPS__autograd.ac044f0d.lm_rewrite__zmt92fhi.uatmi41d,17,HIPS__autograd.ac044f0d.lm_rewrite__zmt92fhi.uatmi41d,13974,true,20,13,0,0,0,0,0,,0,0,510000000,510000000,0,0,0,ok,,
146,,,,pyupio__safety.7654596b.lm_rewrite__pp28o0j3.qu8jby3f,0,swe_smith_system_prompt,978,true,814,137,0,0,0,0,0,,0,0,0,0,0,0,0,ok,,
147,,,,pyupio__safety.7654596b.lm_rewrite__pp28o0j3.qu8jby3f,1,pyupio__safety.7654596b.lm_rewrite__pp28o0j3.qu8jby3f,1929,true,85,72,0,0,0,0,0,,0,0,30000000,30000000,0,0,0,ok,,
148,,,,pyupio__safety.7654596b.lm_rewrite__pp28o0j3.qu8jby3f,2,pyupio__safety.7654596b.lm_rewrite__pp28o0j3.qu8jby3f,2086,true,4762,54,0,0,0,0,0,,0,0,60000000,60000000,0,0,0,ok,,
149,,,,pyupio__safety.7654596b.lm_rewrite__pp28o0j3.qu8jby3f,3,pyupio__safety.7654596b.lm_rewrite__pp28o0j3.qu8jby3f,6902,true,5290,46,0,0,0,0,0,,0,0,90000000,90000000,0,0,0,ok,,
150,,,,pyupio__safety.7654596b.lm_rewrite__pp28o0j3.qu8jby3f,4,pyupio__safety.7654596b.lm_rewrite__pp28o0j3.qu8jby3f,12238,true,2906,57,0,0,0,0,0,,0,0,120000000,120000000,0,0,0,ok,,
151,,,,pyupio__safety.7654596b.lm_rewrite__pp28o0j3.qu8jby3f,5,pyupio__safety.7654596b.lm_rewrite__pp28o0j3.qu8jby3f,15201,true,399,63,0,0,0,0,0,,0,0,150000000,150000000,0,0,0,ok,,
152,,,,pyupio__safety.7654596b.lm_rewrite__pp28o0j3.qu8jby3f,6,pyupio__safety.7654596b.lm_rewrite__pp28o0j3.qu8jby3f,15663,true,632,47,0,0,0,0,0,,0,0,180000000,180000000,0,0,0,ok,,
153,,,,pyupio__safety.7654596b.lm_rewrite__pp28o0j3.qu8jby3f,7,pyupio__safety.7654596b.lm_rewrite__pp28o0j3.qu8jby3f,16342,true,21,43,0,0,0,0,0,,0,0,210000000,210000000,0,0,0,ok,,
154,,,,pyupio__safety.7654596b.lm_rewrite__pp28o0j3.qu8jby3f,8,pyupio__safety.7654596b.lm_rewrite__pp28o0j3.qu8jby3f,16406,true,523,63,0,0,0,0,0,,0,0,240000000,240000000,0,0,0,ok,,
155,,,,pyupio__safety.7654596b.lm_rewrite__pp28o0j3.qu8jby3f,9,pyupio__safety.7654596b.lm_rewrite__pp28o0j3.qu8jby3f,16992,true,876,98,0,0,0,0,0,,0,0,270000000,270000000,0,0,0,ok,,
156,,,,pyupio__safety.7654596b.lm_rewrite__pp28o0j3.qu8jby3f,10,pyupio__safety.7654596b.lm_rewrite__pp28o0j3.qu8jby3f,17966,true,23,50,0,0,0,0,0,,0,0,300000000,300000000,0,0,0,ok,,
157,,,,pyupio__safety.7654596b.lm_rewrite__pp28o0j3.qu8jby3f,11,pyupio__safety.7654596b.lm_rewrite__pp28o0j3.qu8jby3f,18039,true,71,129,0,0,0,0,0,,0,0,330000000,330000000,0,0,0,ok,,
158,,,,pyupio__safety.7654596b.lm_rewrite__pp28o0j3.qu8jby3f,12,pyupio__safety.7654596b.lm_rewrite__pp28o0j3.qu8jby3f,18239,true,23,23,0,0,0,0,0,,0,0,360000000,360000000,0,0,0,ok,,
159,,,,pyupio__safety.7654596b.lm_rewrite__pp28o0j3.qu8jby3f,13,pyupio__safety.7654596b.lm_rewrite__pp28o0j3.qu8jby3f,18285,true,58,150,0,0,0,0,0,,0,0,390000000,390000000,0,0,0,ok,,
160,,,,pyupio__safety.7654596b.lm_rewrite__pp28o0j3.qu8jby3f,14,pyupio__safety.7654596b.lm_rewrite__pp28o0j3.qu8jby3f,18493,true,630,67,0,0,0,0,0,,0,0,420000000,420000000,0,0,0,ok,,
161,,,,pyupio__safety.7654596b.lm_rewrite__pp28o0j3.qu8jby3f,15,pyupio__safety.7654596b.lm_rewrite__pp28o0j3.qu8jby3f,19190,true,523,125,0,0,0,0,0,,0,0,450000000,450000000,0,0,0,ok,,
162,,,,pyupio__safety.7654596b.lm_rewrite__pp28o0j3.qu8jby3f,16,pyupio__safety.7654596b.lm_rewrite__pp28o0j3.qu8jby3f,19838,true,21,44,0,0,0,0,0,,0,0,480000000,480000000,0,0,0,ok,,
163,,,,pyupio__safety.7654596b.lm_rewrite__pp28o0j3.qu8jby3f,17,pyupio__safety.7654596b.lm_rewrite__pp28o0j3.qu8jby3f,19903,true,307,1057,0,0,0,0,0,,0,0,510000000,510000000,0,0,0,ok,,
164,,,,pyupio__safety.7654596b.lm_rewrite__pp28o0j3.qu8jby3f,18,pyupio__safety.7654596b.lm_rewrite__pp28o0j3.qu8jby3f,21267,true,981,180,0,0,0,0,0,,0,0,540000000,540000000,0,0,0,ok,,
165,,,,pyupio__safety.7654596b.lm_rewrite__pp28o0j3.qu8jby3f,19,pyupio__safety.7654596b.lm_rewrite__pp28o0j3.qu8jby3f,22428,true,291,155,0,0,0,0,0,,0,0,570000000,570000000,0,0,0,ok,,
166,,,,pyupio__safety.7654596b.lm_rewrite__pp28o0j3.qu8jby3f,20,pyupio__safety.7654596b.lm_rewrite__pp28o0j3.qu8jby3f,22874,true,21,21,0,0,0,0,0,,0,0,600000000,600000000,0,0,0,ok,,
167,,,,pyupio__safety.7654596b.lm_rewrite__pp28o0j3.qu8jby3f,21,pyupio__safety.7654596b.lm_rewrite__pp28o0j3.qu8jby3f,22916,true,5377,279,0,0,0,0,0,,0,0,630000000,630000000,0,0,0,ok,,
168,,,,pyupio__safety.7654596b.lm_rewrite__pp28o0j3.qu8jby3f,22,pyupio__safety.7654596b.lm_rewrite__pp28o0j3.qu8jby3f,28572,true,23,23,0,0,0,0,0,,0,0,660000000,660000000,0,0,0,ok,,
169,,,,pyupio__safety.7654596b.lm_rewrite__pp28o0j3.qu8jby3f,23,pyupio__safety.7654596b.lm_rewrite__pp28o0j3.qu8jby3f,28618,true,58,245,0,0,0,0,0,,0,0,690000000,690000000,0,0,0,ok,,
170,,,,pyupio__safety.7654596b.lm_rewrite__pp28o0j3.qu8jby3f,24,pyupio__safety.7654596b.lm_rewrite__pp28o0j3.qu8jby3f,28921,true,1874,61,0,0,0,0,0,,0,0,720000000,720000000,0,0,0,ok,,
171,,,,pyupio__safety.7654596b.lm_rewrite__pp28o0j3.qu8jby3f,25,pyupio__safety.7654596b.lm_rewrite__pp28o0j3.qu8jby3f,30856,true,20,7,0,0,0,0,0,,0,0,750000000,750000000,0,0,0,ok,,
172,,,,cookiecutter__cookiecutter.b4451231.lm_rewrite__l5ekmd58.xm1pu0y3,0,swe_smith_system_prompt,978,true,1004,102,0,0,0,0,0,,0,0,0,0,0,0,0,ok,,
173,,,,cookiecutter__cookiecutter.b4451231.lm_rewrite__l5ekmd58.xm1pu0y3,1,cookiecutter__cookiecutter.b4451231.lm_rewrite__l5ekmd58.xm1pu0y3,2084,true,1398,70,0,0,0,0,0,,0,0,30000000,30000000,0,0,0,ok,,
174,,,,cookiecutter__cookiecutter.b4451231.lm_rewrite__l5ekmd58.xm1pu0y3,2,cookiecutter__cookiecutter.b4451231.lm_rewrite__l5ekmd58.xm1pu0y3,3552,true,3264,61,0,0,0,0,0,,0,0,60000000,60000000,0,0,0,ok,,
175,,,,cookiecutter__cookiecutter.b4451231.lm_rewrite__l5ekmd58.xm1pu0y3,3,cookiecutter__cookiecutter.b4451231.lm_rewrite__l5ekmd58.xm1pu0y3,6877,true,1080,58,0,0,0,0,0,,0,0,90000000,90000000,0,0,0,ok,,
176,,,,cookiecutter__cookiecutter.b4451231.lm_rewrite__l5ekmd58.xm1pu0y3,4,cookiecutter__cookiecutter.b4451231.lm_rewrite__l5ekmd58.xm1pu0y3,8015,true,1047,281,0,0,0,0,0,,0,0,120000000,120000000,0,0,0,ok,,
177,,,,cookiecutter__cookiecutter.b4451231.lm_rewrite__l5ekmd58.xm1pu0y3,5,cookiecutter__cookiecutter.b4451231.lm_rewrite__l5ekmd58.xm1pu0y3,9343,true,23,34,0,0,0,0,0,,0,0,150000000,150000000,0,0,0,ok,,
178,,,,cookiecutter__cookiecutter.b4451231.lm_rewrite__l5ekmd58.xm1pu0y3,6,cookiecutter__cookiecutter.b4451231.lm_rewrite__l5ekmd58.xm1pu0y3,9400,true,183,332,0,0,0,0,0,,0,0,180000000,180000000,0,0,0,ok,,
179,,,,cookiecutter__cookiecutter.b4451231.lm_rewrite__l5ekmd58.xm1pu0y3,7,cookiecutter__cookiecutter.b4451231.lm_rewrite__l5ekmd58.xm1pu0y3,9915,true,280,32,0,0,0,0,0,,0,0,210000000,210000000,0,0,0,ok,,
180,,,,cookiecutter__cookiecutter.b4451231.lm_rewrite__l5ekmd58.xm1pu0y3,8,cookiecutter__cookiecutter.b4451231.lm_rewrite__l5ekmd58.xm1pu0y3,10227,true,44,406,0,0,0,0,0,,0,0,240000000,240000000,0,0,0,ok,,
181,,,,cookiecutter__cookiecutter.b4451231.lm_rewrite__l5ekmd58.xm1pu0y3,9,cookiecutter__cookiecutter.b4451231.lm_rewrite__l5ekmd58.xm1pu0y3,10677,true,334,32,0,0,0,0,0,,0,0,270000000,270000000,0,0,0,ok,,
182,,,,cookiecutter__cookiecutter.b4451231.lm_rewrite__l5ekmd58.xm1pu0y3,10,cookiecutter__cookiecutter.b4451231.lm_rewrite__l5ekmd58.xm1pu0y3,11043,true,61,1327,0,0,0,0,0,,0,0,300000000,300000000,0,0,0,ok,,
183,,,,cookiecutter__cookiecutter.b4451231.lm_rewrite__l5ekmd58.xm1pu0y3,11,cookiecutter__cookiecutter.b4451231.lm_rewrite__l5ekmd58.xm1pu0y3,12431,true,1358,52,0,0,0,0,0,,0,0,330000000,330000000,0,0,0,ok,,
184,,,,cookiecutter__cookiecutter.b4451231.lm_rewrite__l5ekmd58.xm1pu0y3,12,cookiecutter__cookiecutter.b4451231.lm_rewrite__l5ekmd58.xm1pu0y3,13841,true,61,90,0,0,0,0,0,,0,0,360000000,360000000,0,0,0,ok,,
185,,,,cookiecutter__cookiecutter.b4451231.lm_rewrite__l5ekmd58.xm1pu0y3,13,cookiecutter__cookiecutter.b4451231.lm_rewrite__l5ekmd58.xm1pu0y3,13992,true,89,69,0,0,0,0,0,,0,0,390000000,390000000,0,0,0,ok,,
186,,,,cookiecutter__cookiecutter.b4451231.lm_rewrite__l5ekmd58.xm1pu0y3,14,cookiecutter__cookiecutter.b4451231.lm_rewrite__l5ekmd58.xm1pu0y3,14150,true,521,447,0,0,0,0,0,,0,0,420000000,420000000,0,0,0,ok,,
187,,,,cookiecutter__cookiecutter.b4451231.lm_rewrite__l5ekmd58.xm1pu0y3,15,cookiecutter__cookiecutter.b4451231.lm_rewrite__l5ekmd58.xm1pu0y3,15118,true,434,32,0,0,0,0,0,,0,0,450000000,450000000,0,0,0,ok,,
188,,,,cookiecutter__cookiecutter.b4451231.lm_rewrite__l5ekmd58.xm1pu0y3,16,cookiecutter__cookiecutter.b4451231.lm_rewrite__l5ekmd58.xm1pu0y3,15584,true,73,1540,0,0,0,0,0,,0,0,480000000,480000000,0,0,0,ok,,
189,,,,cookiecutter__cookiecutter.b4451231.lm_rewrite__l5ekmd58.xm1pu0y3,17,cookiecutter__cookiecutter.b4451231.lm_rewrite__l5ekmd58.xm1pu0y3,17197,true,1384,108,0,0,0,0,0,,0,0,510000000,510000000,0,0,0,ok,,
190,,,,cookiecutter__cookiecutter.b4451231.lm_rewrite__l5ekmd58.xm1pu0y3,18,cookiecutter__cookiecutter.b4451231.lm_rewrite__l5ekmd58.xm1pu0y3,18689,true,78,556,0,0,0,0,0,,0,0,540000000,540000000,0,0,0,ok,,
191,,,,cookiecutter__cookiecutter.b4451231.lm_rewrite__l5ekmd58.xm1pu0y3,19,cookiecutter__cookiecutter.b4451231.lm_rewrite__l5ekmd58.xm1pu0y3,19323,true,23,32,0,0,0,0,0,,0,0,570000000,570000000,0,0,0,ok,,
192,,,,cookiecutter__cookiecutter.b4451231.lm_rewrite__l5ekmd58.xm1pu0y3,20,cookiecutter__cookiecutter.b4451231.lm_rewrite__l5ekmd58.xm1pu0y3,19378,true,282,372,0,0,0,0,0,,0,0,600000000,600000000,0,0,0,ok,,
193,,,,cookiecutter__cookiecutter.b4451231.lm_rewrite__l5ekmd58.xm1pu0y3,21,cookiecutter__cookiecutter.b4451231.lm_rewrite__l5ekmd58.xm1pu0y3,20032,true,2531,40,0,0,0,0,0,,0,0,630000000,630000000,0,0,0,ok,,
194,,,,cookiecutter__cookiecutter.b4451231.lm_rewrite__l5ekmd58.xm1pu0y3,22,cookiecutter__cookiecutter.b4451231.lm_rewrite__l5ekmd58.xm1pu0y3,22603,true,20,13,0,0,0,0,0,,0,0,660000000,660000000,0,0,0,ok,,
195,,,,encode__starlette.db5063c2.func_pm_class_rm_base__jwyals4x.juj3zbhw,0,swe_smith_system_prompt,978,true,825,116,0,0,0,0,0,,0,0,0,0,0,0,0,ok,,
196,,,,encode__starlette.db5063c2.func_pm_class_rm_base__jwyals4x.juj3zbhw,1,encode__starlette.db5063c2.func_pm_class_rm_base__jwyals4x.juj3zbhw,1919,true,828,84,0,0,0,0,0,,0,0,30000000,30000000,0,0,0,ok,,
197,,,,encode__starlette.db5063c2.func_pm_class_rm_base__jwyals4x.juj3zbhw,2,encode__starlette.db5063c2.func_pm_class_rm_base__jwyals4x.juj3zbhw,2831,true,4823,86,0,0,0,0,0,,0,0,60000000,60000000,0,0,0,ok,,
198,,,,encode__starlette.db5063c2.func_pm_class_rm_base__jwyals4x.juj3zbhw,3,encode__starlette.db5063c2.func_pm_class_rm_base__jwyals4x.juj3zbhw,7740,true,187,45,0,0,0,0,0,,0,0,90000000,90000000,0,0,0,ok,,
199,,,,encode__starlette.db5063c2.func_pm_class_rm_base__jwyals4x.juj3zbhw,4,encode__starlette.db5063c2.func_pm_class_rm_base__jwyals4x.juj3zbhw,7972,true,358,45,0,0,0,0,0,,0,0,120000000,120000000,0,0,0,ok,,
200,,,,encode__starlette.db5063c2.func_pm_class_rm_base__jwyals4x.juj3zbhw,5,encode__starlette.db5063c2.func_pm_class_rm_base__jwyals4x.juj3zbhw,8375,true,252,45,0,0,0,0,0,,0,0,150000000,150000000,0,0,0,ok,,
201,,,,encode__starlette.db5063c2.func_pm_class_rm_base__jwyals4x.juj3zbhw,6,encode__starlette.db5063c2.func_pm_class_rm_base__jwyals4x.juj3zbhw,8672,true,288,45,0,0,0,0,0,,0,0,180000000,180000000,0,0,0,ok,,
202,,,,encode__starlette.db5063c2.func_pm_class_rm_base__jwyals4x.juj3zbhw,7,encode__starlette.db5063c2.func_pm_class_rm_base__jwyals4x.juj3zbhw,9005,true,665,119,0,0,0,0,0,,0,0,210000000,210000000,0,0,0,ok,,
203,,,,encode__starlette.db5063c2.func_pm_class_rm_base__jwyals4x.juj3zbhw,8,encode__starlette.db5063c2.func_pm_class_rm_base__jwyals4x.juj3zbhw,9789,true,282,75,0,0,0,0,0,,0,0,240000000,240000000,0,0,0,ok,,
204,,,,encode__starlette.db5063c2.func_pm_class_rm_base__jwyals4x.juj3zbhw,9,encode__starlette.db5063c2.func_pm_class_rm_base__jwyals4x.juj3zbhw,10146,true,150,202,0,0,0,0,0,,0,0,270000000,270000000,0,0,0,ok,,
205,,,,encode__starlette.db5063c2.func_pm_class_rm_base__jwyals4x.juj3zbhw,10,encode__starlette.db5063c2.func_pm_class_rm_base__jwyals4x.juj3zbhw,10498,true,23,34,0,0,0,0,0,,0,0,300000000,300000000,0,0,0,ok,,
206,,,,encode__starlette.db5063c2.func_pm_class_rm_base__jwyals4x.juj3zbhw,11,encode__starlette.db5063c2.func_pm_class_rm_base__jwyals4x.juj3zbhw,10555,true,47,593,0,0,0,0,0,,0,0,330000000,330000000,0,0,0,ok,,
207,,,,encode__starlette.db5063c2.func_pm_class_rm_base__jwyals4x.juj3zbhw,12,encode__starlette.db5063c2.func_pm_class_rm_base__jwyals4x.juj3zbhw,11195,true,694,32,0,0,0,0,0,,0,0,360000000,360000000,0,0,0,ok,,
208,,,,encode__starlette.db5063c2.func_pm_class_rm_base__jwyals4x.juj3zbhw,13,encode__starlette.db5063c2.func_pm_class_rm_base__jwyals4x.juj3zbhw,11921,true,104,471,0,0,0,0,0,,0,0,390000000,390000000,0,0,0,ok,,
209,,,,encode__starlette.db5063c2.func_pm_class_rm_base__jwyals4x.juj3zbhw,14,encode__starlette.db5063c2.func_pm_class_rm_base__jwyals4x.juj3zbhw,12496,true,26,36,0,0,0,0,0,,0,0,420000000,420000000,0,0,0,ok,,
210,,,,encode__starlette.db5063c2.func_pm_class_rm_base__jwyals4x.juj3zbhw,15,encode__starlette.db5063c2.func_pm_class_rm_base__jwyals4x.juj3zbhw,12558,true,36,269,0,0,0,0,0,,0,0,450000000,450000000,0,0,0,ok,,
211,,,,encode__starlette.db5063c2.func_pm_class_rm_base__jwyals4x.juj3zbhw,16,encode__starlette.db5063c2.func_pm_class_rm_base__jwyals4x.juj3zbhw,12863,true,312,59,0,0,0,0,0,,0,0,480000000,480000000,0,0,0,ok,,
212,,,,encode__starlette.db5063c2.func_pm_class_rm_base__jwyals4x.juj3zbhw,17,encode__starlette.db5063c2.func_pm_class_rm_base__jwyals4x.juj3zbhw,13234,true,87,62,0,0,0,0,0,,0,0,510000000,510000000,0,0,0,ok,,
213,,,,encode__starlette.db5063c2.func_pm_class_rm_base__jwyals4x.juj3zbhw,18,encode__starlette.db5063c2.func_pm_class_rm_base__jwyals4x.juj3zbhw,13383,true,101,218,0,0,0,0,0,,0,0,540000000,540000000,0,0,0,ok,,
214,,,,encode__starlette.db5063c2.func_pm_class_rm_base__jwyals4x.juj3zbhw,19,encode__starlette.db5063c2.func_pm_class_rm_base__jwyals4x.juj3zbhw,13702,true,187,45,0,0,0,0,0,,0,0,570000000,570000000,0,0,0,ok,,
215,,,,encode__starlette.db5063c2.func_pm_class_rm_base__jwyals4x.juj3zbhw,20,encode__starlette.db5063c2.func_pm_class_rm_base__jwyals4x.juj3zbhw,13934,true,556,350,0,0,0,0,0,,0,0,600000000,600000000,0,0,0,ok,,
216,,,,encode__starlette.db5063c2.func_pm_class_rm_base__jwyals4x.juj3zbhw,21,encode__starlette.db5063c2.func_pm_class_rm_base__jwyals4x.juj3zbhw,14840,true,23,25,0,0,0,0,0,,0,0,630000000,630000000,0,0,0,ok,,
217,,,,encode__starlette.db5063c2.func_pm_class_rm_base__jwyals4x.juj3zbhw,22,encode__starlette.db5063c2.func_pm_class_rm_base__jwyals4x.juj3zbhw,14888,true,23,221,0,0,0,0,0,,0,0,660000000,660000000,0,0,0,ok,,
218,,,,encode__starlette.db5063c2.func_pm_class_rm_base__jwyals4x.juj3zbhw,23,encode__starlette.db5063c2.func_pm_class_rm_base__jwyals4x.juj3zbhw,15132,true,1843,49,0,0,0,0,0,,0,0,690000000,690000000,0,0,0,ok,,
219,,,,encode__starlette.db5063c2.func_pm_class_rm_base__jwyals4x.juj3zbhw,24,encode__starlette.db5063c2.func_pm_class_rm_base__jwyals4x.juj3zbhw,17024,true,20,7,0,0,0,0,0,,0,0,720000000,720000000,0,0,0,ok,,
220,,,,dbader__schedule.82a43db1.53.8husccdm,0,swe_smith_system_prompt,978,true,833,63,0,0,0,0,0,,0,0,0,0,0,0,0,ok,,
221,,,,dbader__schedule.82a43db1.53.8husccdm,1,dbader__schedule.82a43db1.53.8husccdm,1874,true,955,41,0,0,0,0,0,,0,0,30000000,30000000,0,0,0,ok,,
222,,,,dbader__schedule.82a43db1.53.8husccdm,2,dbader__schedule.82a43db1.53.8husccdm,2870,true,4285,56,0,0,0,0,0,,0,0,60000000,60000000,0,0,0,ok,,
223,,,,dbader__schedule.82a43db1.53.8husccdm,3,dbader__schedule.82a43db1.53.8husccdm,7211,true,508,96,0,0,0,0,0,,0,0,90000000,90000000,0,0,0,ok,,
224,,,,dbader__schedule.82a43db1.53.8husccdm,4,dbader__schedule.82a43db1.53.8husccdm,7815,true,21,27,0,0,0,0,0,,0,0,120000000,120000000,0,0,0,ok,,
225,,,,dbader__schedule.82a43db1.53.8husccdm,5,dbader__schedule.82a43db1.53.8husccdm,7863,true,132,350,0,0,0,0,0,,0,0,150000000,150000000,0,0,0,ok,,
226,,,,dbader__schedule.82a43db1.53.8husccdm,6,dbader__schedule.82a43db1.53.8husccdm,8345,true,21,30,0,0,0,0,0,,0,0,180000000,180000000,0,0,0,ok,,
227,,,,dbader__schedule.82a43db1.53.8husccdm,7,dbader__schedule.82a43db1.53.8husccdm,8396,true,20,17,0,0,0,0,0,,0,0,210000000,210000000,0,0,0,ok,,
228,,,,dbader__schedule.82a43db1.53.8husccdm,8,dbader__schedule.82a43db1.53.8husccdm,8433,true,675,92,0,0,0,0,0,,0,0,240000000,240000000,0,0,0,ok,,
229,,,,jd__tenacity.0d40e76f.37.wcd3qrni,0,swe_smith_system_prompt,978,true,1014,97,0,0,0,0,0,,0,0,0,0,0,0,0,ok,,
230,,,,jd__tenacity.0d40e76f.37.wcd3qrni,1,jd__tenacity.0d40e76f.37.wcd3qrni,2089,true,314,51,0,0,0,0,0,,0,0,30000000,30000000,0,0,0,ok,,
231,,,,jd__tenacity.0d40e76f.37.wcd3qrni,2,jd__tenacity.0d40e76f.37.wcd3qrni,2454,true,73,57,0,0,0,0,0,,0,0,60000000,60000000,0,0,0,ok,,
232,,,,jd__tenacity.0d40e76f.37.wcd3qrni,3,jd__tenacity.0d40e76f.37.wcd3qrni,2584,true,1780,65,0,0,0,0,0,,0,0,90000000,90000000,0,0,0,ok,,
233,,,,jd__tenacity.0d40e76f.37.wcd3qrni,4,jd__tenacity.0d40e76f.37.wcd3qrni,4429,true,3174,133,0,0,0,0,0,,0,0,120000000,120000000,0,0,0,ok,,
234,,,,jd__tenacity.0d40e76f.37.wcd3qrni,5,jd__tenacity.0d40e76f.37.wcd3qrni,7736,true,6655,45,0,0,0,0,0,,0,0,150000000,150000000,0,0,0,ok,,
235,,,,jd__tenacity.0d40e76f.37.wcd3qrni,6,jd__tenacity.0d40e76f.37.wcd3qrni,14436,true,305,61,0,0,0,0,0,,0,0,180000000,180000000,0,0,0,ok,,
236,,,,jd__tenacity.0d40e76f.37.wcd3qrni,7,jd__tenacity.0d40e76f.37.wcd3qrni,14802,true,73,577,0,0,0,0,0,,0,0,210000000,210000000,0,0,0,ok,,
237,,,,jd__tenacity.0d40e76f.37.wcd3qrni,8,jd__tenacity.0d40e76f.37.wcd3qrni,15452,true,24,34,0,0,0,0,0,,0,0,240000000,240000000,0,0,0,ok,,
238,,,,jd__tenacity.0d40e76f.37.wcd3qrni,9,jd__tenacity.0d40e76f.37.wcd3qrni,15510,true,208,934,0,0,0,0,0,,0,0,270000000,270000000,0,0,0,ok,,
239,,,,jd__tenacity.0d40e76f.37.wcd3qrni,10,jd__tenacity.0d40e76f.37.wcd3qrni,16652,true,873,32,0,0,0,0,0,,0,0,300000000,300000000,0,0,0,ok,,
240,,,,jd__tenacity.0d40e76f.37.wcd3qrni,11,jd__tenacity.0d40e76f.37.wcd3qrni,17557,true,277,1126,0,0,0,0,0,,0,0,330000000,330000000,0,0,0,ok,,
241,,,,jd__tenacity.0d40e76f.37.wcd3qrni,12,jd__tenacity.0d40e76f.37.wcd3qrni,18960,true,944,32,0,0,0,0,0,,0,0,360000000,360000000,0,0,0,ok,,
242,,,,jd__tenacity.0d40e76f.37.wcd3qrni,13,jd__tenacity.0d40e76f.37.wcd3qrni,19936,true,192,149,0,0,0,0,0,,0,0,390000000,390000000,0,0,0,ok,,
243,,,,jd__tenacity.0d40e76f.37.wcd3qrni,14,jd__tenacity.0d40e76f.37.wcd3qrni,20277,true,244,31,0,0,0,0,0,,0,0,420000000,420000000,0,0,0,ok,,
244,,,,jd__tenacity.0d40e76f.37.wcd3qrni,15,jd__tenacity.0d40e76f.37.wcd3qrni,20552,true,59,1061,0,0,0,0,0,,0,0,450000000,450000000,0,0,0,ok,,
245,,,,jd__tenacity.0d40e76f.37.wcd3qrni,16,jd__tenacity.0d40e76f.37.wcd3qrni,21672,true,829,32,0,0,0,0,0,,0,0,480000000,480000000,0,0,0,ok,,
246,,,,jd__tenacity.0d40e76f.37.wcd3qrni,17,jd__tenacity.0d40e76f.37.wcd3qrni,22533,true,133,52,0,0,0,0,0,,0,0,510000000,510000000,0,0,0,ok,,
247,,,,getmoto__moto.694ce1f4.pr_8172.rwia0gr1,0,swe_smith_system_prompt,978,true,938,99,0,0,0,0,0,,0,0,0,0,0,0,0,ok,,
248,,,,getmoto__moto.694ce1f4.pr_8172.rwia0gr1,1,getmoto__moto.694ce1f4.pr_8172.rwia0gr1,2015,true,33422,45,0,0,0,0,0,,0,0,30000000,30000000,0,0,0,ok,,
249,,,,getmoto__moto.694ce1f4.pr_8172.rwia0gr1,2,getmoto__moto.694ce1f4.pr_8172.rwia0gr1,35482,true,146,57,0,0,0,0,0,,0,0,60000000,60000000,0,0,0,ok,,
250,,,,getmoto__moto.694ce1f4.pr_8172.rwia0gr1,3,getmoto__moto.694ce1f4.pr_8172.rwia0gr1,35685,true,4129,57,0,0,0,0,0,,0,0,90000000,90000000,0,0,0,ok,,
251,,,,getmoto__moto.694ce1f4.pr_8172.rwia0gr1,4,getmoto__moto.694ce1f4.pr_8172.rwia0gr1,39871,true,2273,60,0,0,0,0,0,,0,0,120000000,120000000,0,0,0,ok,,
252,,,,getmoto__moto.694ce1f4.pr_8172.rwia0gr1,5,getmoto__moto.694ce1f4.pr_8172.rwia0gr1,42204,true,332,62,0,0,0,0,0,,0,0,150000000,150000000,0,0,0,ok,,
253,,,,getmoto__moto.694ce1f4.pr_8172.rwia0gr1,6,getmoto__moto.694ce1f4.pr_8172.rwia0gr1,42598,true,3977,47,0,0,0,0,0,,0,0,180000000,180000000,0,0,0,ok,,
254,,,,getmoto__moto.694ce1f4.pr_8172.rwia0gr1,7,getmoto__moto.694ce1f4.pr_8172.rwia0gr1,46622,true,457,479,0,0,0,0,0,,0,0,210000000,210000000,0,0,0,ok,,
255,,,,getmoto__moto.694ce1f4.pr_8172.rwia0gr1,8,getmoto__moto.694ce1f4.pr_8172.rwia0gr1,47558,true,23,35,0,0,0,0,0,,0,0,240000000,240000000,0,0,0,ok,,
256,,,,getmoto__moto.694ce1f4.pr_8172.rwia0gr1,9,getmoto__moto.694ce1f4.pr_8172.rwia0gr1,47616,true,39,211,0,0,0,0,0,,0,0,270000000,270000000,0,0,0,ok,,
257,,,,getmoto__moto.694ce1f4.pr_8172.rwia0gr1,10,getmoto__moto.694ce1f4.pr_8172.rwia0gr1,47866,true,257,174,0,0,0,0,0,,0,0,300000000,300000000,0,0,0,ok,,
258,,,,getmoto__moto.694ce1f4.pr_8172.rwia0gr1,11,getmoto__moto.694ce1f4.pr_8172.rwia0gr1,48297,true,300,33,0,0,0,0,0,,0,0,330000000,330000000,0,0,0,ok,,
259,,,,getmoto__moto.694ce1f4.pr_8172.rwia0gr1,12,getmoto__moto.694ce1f4.pr_8172.rwia0gr1,48630,true,111,445,0,0,0,0,0,,0,0,360000000,360000000,0,0,0,ok,,
260,,,,getmoto__moto.694ce1f4.pr_8172.rwia0gr1,13,getmoto__moto.694ce1f4.pr_8172.rwia0gr1,49186,true,325,1045,0,0,0,0,0,,0,0,390000000,390000000,0,0,0,ok,,
261,,,,getmoto__moto.694ce1f4.pr_8172.rwia0gr1,14,getmoto__moto.694ce1f4.pr_8172.rwia0gr1,50556,true,1209,577,0,0,0,0,0,,0,0,420000000,420000000,0,0,0,ok,,
262,,,,getmoto__moto.694ce1f4.pr_8172.rwia0gr1,15,getmoto__moto.694ce1f4.pr_8172.rwia0gr1,52342,true,638,54,0,0,0,0,0,,0,0,450000000,450000000,0,0,0,ok,,
263,,,,getmoto__moto.694ce1f4.pr_8172.rwia0gr1,16,getmoto__moto.694ce1f4.pr_8172.rwia0gr1,53034,true,115,1022,0,0,0,0,0,,0,0,480000000,480000000,0,0,0,ok,,
264,,,,getmoto__moto.694ce1f4.pr_8172.rwia0gr1,17,getmoto__moto.694ce1f4.pr_8172.rwia0gr1,54171,true,23,32,0,0,0,0,0,,0,0,510000000,510000000,0,0,0,ok,,
265,,,,getmoto__moto.694ce1f4.pr_8172.rwia0gr1,18,getmoto__moto.694ce1f4.pr_8172.rwia0gr1,54226,true,293,802,0,0,0,0,0,,0,0,540000000,540000000,0,0,0,ok,,
266,,,,getmoto__moto.694ce1f4.pr_8172.rwia0gr1,19,getmoto__moto.694ce1f4.pr_8172.rwia0gr1,55321,true,758,235,0,0,0,0,0,,0,0,570000000,570000000,0,0,0,ok,,
267,,,,getmoto__moto.694ce1f4.pr_8172.rwia0gr1,20,getmoto__moto.694ce1f4.pr_8172.rwia0gr1,56314,true,340,41,0,0,0,0,0,,0,0,600000000,600000000,0,0,0,ok,,
268,,,,getmoto__moto.694ce1f4.pr_8172.rwia0gr1,21,getmoto__moto.694ce1f4.pr_8172.rwia0gr1,56695,true,293,250,0,0,0,0,0,,0,0,630000000,630000000,0,0,0,ok,,
269,,,,getmoto__moto.694ce1f4.pr_8172.rwia0gr1,22,getmoto__moto.694ce1f4.pr_8172.rwia0gr1,57238,true,261,110,0,0,0,0,0,,0,0,660000000,660000000,0,0,0,ok,,
270,,,,getmoto__moto.694ce1f4.pr_8172.rwia0gr1,23,getmoto__moto.694ce1f4.pr_8172.rwia0gr1,57609,true,342,34,0,0,0,0,0,,0,0,690000000,690000000,0,0,0,ok,,
271,,,,getmoto__moto.694ce1f4.pr_8172.rwia0gr1,24,getmoto__moto.694ce1f4.pr_8172.rwia0gr1,57985,true,300,60,0,0,0,0,0,,0,0,720000000,720000000,0,0,0,ok,,
272,,,,getmoto__moto.694ce1f4.pr_8172.rwia0gr1,25,getmoto__moto.694ce1f4.pr_8172.rwia0gr1,58345,true,115,35,0,0,0,0,0,,0,0,750000000,750000000,0,0,0,ok,,
273,,,,getmoto__moto.694ce1f4.pr_8172.rwia0gr1,26,getmoto__moto.694ce1f4.pr_8172.rwia0gr1,58495,true,3355,37,0,0,0,0,0,,0,0,780000000,780000000,0,0,0,ok,,
274,,,,getmoto__moto.694ce1f4.pr_8172.rwia0gr1,27,getmoto__moto.694ce1f4.pr_8172.rwia0gr1,61887,true,20,13,0,0,0,0,0,,0,0,810000000,810000000,0,0,0,ok,,
275,,,,jd__tenacity.0d40e76f.lm_rewrite__z0ij0hwj.nf257wgy,0,swe_smith_system_prompt,978,true,1021,74,0,0,0,0,0,,0,0,0,0,0,0,0,ok,,
276,,,,jd__tenacity.0d40e76f.lm_rewrite__z0ij0hwj.nf257wgy,1,jd__tenacity.0d40e76f.lm_rewrite__z0ij0hwj.nf257wgy,2073,true,215,81,0,0,0,0,0,,0,0,30000000,30000000,0,0,0,ok,,
277,,,,jd__tenacity.0d40e76f.lm_rewrite__z0ij0hwj.nf257wgy,2,jd__tenacity.0d40e76f.lm_rewrite__z0ij0hwj.nf257wgy,2369,true,727,56,0,0,0,0,0,,0,0,60000000,60000000,0,0,0,ok,,
278,,,,jd__tenacity.0d40e76f.lm_rewrite__z0ij0hwj.nf257wgy,3,jd__tenacity.0d40e76f.lm_rewrite__z0ij0hwj.nf257wgy,3152,true,3777,47,0,0,0,0,0,,0,0,90000000,90000000,0,0,0,ok,,
279,,,,jd__tenacity.0d40e76f.lm_rewrite__z0ij0hwj.nf257wgy,4,jd__tenacity.0d40e76f.lm_rewrite__z0ij0hwj.nf257wgy,6976,true,21,48,0,0,0,0,0,,0,0,120000000,120000000,0,0,0,ok,,
280,,,,jd__tenacity.0d40e76f.lm_rewrite__z0ij0hwj.nf257wgy,5,jd__tenacity.0d40e76f.lm_rewrite__z0ij0hwj.nf257wgy,7045,true,5676,45,0,0,0,0,0,,0,0,150000000,150000000,0,0,0,ok,,
281,,,,jd__tenacity.0d40e76f.lm_rewrite__z0ij0hwj.nf257wgy,6,jd__tenacity.0d40e76f.lm_rewrite__z0ij0hwj.nf257wgy,12766,true,570,151,0,0,0,0,0,,0,0,180000000,180000000,0,0,0,ok,,
282,,,,jd__tenacity.0d40e76f.lm_rewrite__z0ij0hwj.nf257wgy,7,jd__tenacity.0d40e76f.lm_rewrite__z0ij0hwj.nf257wgy,13487,true,23,36,0,0,0,0,0,,0,0,210000000,210000000,0,0,0,ok,,
283,,,,jd__tenacity.0d40e76f.lm_rewrite__z0ij0hwj.nf257wgy,8,jd__tenacity.0d40e76f.lm_rewrite__z0ij0hwj.nf257wgy,13546,true,117,570,0,0,0,0,0,,0,0,240000000,240000000,0,0,0,ok,,
284,,,,jd__tenacity.0d40e76f.lm_rewrite__z0ij0hwj.nf257wgy,9,jd__tenacity.0d40e76f.lm_rewrite__z0ij0hwj.nf257wgy,14233,true,451,40,0,0,0,0,0,,0,0,270000000,270000000,0,0,0,ok,,
285,,,,jd__tenacity.0d40e76f.lm_rewrite__z0ij0hwj.nf257wgy,10,jd__tenacity.0d40e76f.lm_rewrite__z0ij0hwj.nf257wgy,14724,true,114,182,0,0,0,0,0,,0,0,300000000,300000000,0,0,0,ok,,
286,,,,jd__tenacity.0d40e76f.lm_rewrite__z0ij0hwj.nf257wgy,11,jd__tenacity.0d40e76f.lm_rewrite__z0ij0hwj.nf257wgy,15020,true,23,24,0,0,0,0,0,,0,0,330000000,330000000,0,0,0,ok,,
287,,,,jd__tenacity.0d40e76f.lm_rewrite__z0ij0hwj.nf257wgy,12,jd__tenacity.0d40e76f.lm_rewrite__z0ij0hwj.nf257wgy,15067,true,186,623,0,0,0,0,0,,0,0,360000000,360000000,0,0,0,ok,,
288,,,,jd__tenacity.0d40e76f.lm_rewrite__z0ij0hwj.nf257wgy,13,jd__tenacity.0d40e76f.lm_rewrite__z0ij0hwj.nf257wgy,15876,true,636,209,0,0,0,0,0,,0,0,390000000,390000000,0,0,0,ok,,
289,,,,jd__tenacity.0d40e76f.lm_rewrite__z0ij0hwj.nf257wgy,14,jd__tenacity.0d40e76f.lm_rewrite__z0ij0hwj.nf257wgy,16721,true,22,24,0,0,0,0,0,,0,0,420000000,420000000,0,0,0,ok,,
290,,,,jd__tenacity.0d40e76f.lm_rewrite__z0ij0hwj.nf257wgy,15,jd__tenacity.0d40e76f.lm_rewrite__z0ij0hwj.nf257wgy,16767,true,911,224,0,0,0,0,0,,0,0,450000000,450000000,0,0,0,ok,,
291,,,,jd__tenacity.0d40e76f.lm_rewrite__z0ij0hwj.nf257wgy,16,jd__tenacity.0d40e76f.lm_rewrite__z0ij0hwj.nf257wgy,17902,true,22,24,0,0,0,0,0,,0,0,480000000,480000000,0,0,0,ok,,
292,,,,jd__tenacity.0d40e76f.lm_rewrite__z0ij0hwj.nf257wgy,17,jd__tenacity.0d40e76f.lm_rewrite__z0ij0hwj.nf257wgy,17948,true,13,81,0,0,0,0,0,,0,0,510000000,510000000,0,0,0,ok,,
293,,,,jd__tenacity.0d40e76f.lm_rewrite__z0ij0hwj.nf257wgy,18,jd__tenacity.0d40e76f.lm_rewrite__z0ij0hwj.nf257wgy,18042,true,527,39,0,0,0,0,0,,0,0,540000000,540000000,0,0,0,ok,,
294,,,,jd__tenacity.0d40e76f.lm_rewrite__z0ij0hwj.nf257wgy,19,jd__tenacity.0d40e76f.lm_rewrite__z0ij0hwj.nf257wgy,18608,true,20,27,0,0,0,0,0,,0,0,570000000,570000000,0,0,0,ok,,
295,,,,jd__tenacity.0d40e76f.lm_rewrite__z0ij0hwj.nf257wgy,20,jd__tenacity.0d40e76f.lm_rewrite__z0ij0hwj.nf257wgy,18655,true,76,63,0,0,0,0,0,,0,0,600000000,600000000,0,0,0,ok,,
296,,,,jd__tenacity.0d40e76f.lm_rewrite__z0ij0hwj.nf257wgy,21,jd__tenacity.0d40e76f.lm_rewrite__z0ij0hwj.nf257wgy,18794,true,510,321,0,0,0,0,0,,0,0,630000000,630000000,0,0,0,ok,,
297,,,,jd__tenacity.0d40e76f.lm_rewrite__z0ij0hwj.nf257wgy,22,jd__tenacity.0d40e76f.lm_rewrite__z0ij0hwj.nf257wgy,19625,true,296,24,0,0,0,0,0,,0,0,660000000,660000000,0,0,0,ok,,
298,,,,jd__tenacity.0d40e76f.lm_rewrite__z0ij0hwj.nf257wgy,23,jd__tenacity.0d40e76f.lm_rewrite__z0ij0hwj.nf257wgy,19945,true,50,749,0,0,0,0,0,,0,0,690000000,690000000,0,0,0,ok,,
299,,,,jd__tenacity.0d40e76f.lm_rewrite__z0ij0hwj.nf257wgy,24,jd__tenacity.0d40e76f.lm_rewrite__z0ij0hwj.nf257wgy,20744,true,910,265,0,0,0,0,0,,0,0,720000000,720000000,0,0,0,ok,,
300,,,,jd__tenacity.0d40e76f.lm_rewrite__z0ij0hwj.nf257wgy,25,jd__tenacity.0d40e76f.lm_rewrite__z0ij0hwj.nf257wgy,21919,true,25,26,0,0,0,0,0,,0,0,750000000,750000000,0,0,0,ok,,
301,,,,jd__tenacity.0d40e76f.lm_rewrite__z0ij0hwj.nf257wgy,26,jd__tenacity.0d40e76f.lm_rewrite__z0ij0hwj.nf257wgy,21970,true,54,231,0,0,0,0,0,,0,0,780000000,780000000,0,0,0,ok,,
302,,,,jd__tenacity.0d40e76f.lm_rewrite__z0ij0hwj.nf257wgy,27,jd__tenacity.0d40e76f.lm_rewrite__z0ij0hwj.nf257wgy,22255,true,2207,61,0,0,0,0,0,,0,0,810000000,810000000,0,0,0,ok,,
303,,,,jd__tenacity.0d40e76f.lm_rewrite__z0ij0hwj.nf257wgy,28,jd__tenacity.0d40e76f.lm_rewrite__z0ij0hwj.nf257wgy,24523,true,20,13,0,0,0,0,0,,0,0,840000000,840000000,0,0,0,ok,,
304,,,,oauthlib__oauthlib.1fd52536.lm_rewrite__pf6xh62j.i9gumkl7,0,swe_smith_system_prompt,978,true,854,93,0,0,0,0,0,,0,0,0,0,0,0,0,ok,,
305,,,,oauthlib__oauthlib.1fd52536.lm_rewrite__pf6xh62j.i9gumkl7,1,oauthlib__oauthlib.1fd52536.lm_rewrite__pf6xh62j.i9gumkl7,1925,true,2775,81,0,0,0,0,0,,0,0,30000000,30000000,0,0,0,ok,,
306,,,,oauthlib__oauthlib.1fd52536.lm_rewrite__pf6xh62j.i9gumkl7,2,oauthlib__oauthlib.1fd52536.lm_rewrite__pf6xh62j.i9gumkl7,4781,true,2247,72,0,0,0,0,0,,0,0,60000000,60000000,0,0,0,ok,,
307,,,,oauthlib__oauthlib.1fd52536.lm_rewrite__pf6xh62j.i9gumkl7,3,oauthlib__oauthlib.1fd52536.lm_rewrite__pf6xh62j.i9gumkl7,7100,true,616,72,0,0,0,0,0,,0,0,90000000,90000000,0,0,0,ok,,
308,,,,oauthlib__oauthlib.1fd52536.lm_rewrite__pf6xh62j.i9gumkl7,4,oauthlib__oauthlib.1fd52536.lm_rewrite__pf6xh62j.i9gumkl7,7788,true,902,65,0,0,0,0,0,,0,0,120000000,120000000,0,0,0,ok,,
309,,,,oauthlib__oauthlib.1fd52536.lm_rewrite__pf6xh62j.i9gumkl7,5,oauthlib__oauthlib.1fd52536.lm_rewrite__pf6xh62j.i9gumkl7,8755,true,1824,80,0,0,0,0,0,,0,0,150000000,150000000,0,0,0,ok,,
310,,,,oauthlib__oauthlib.1fd52536.lm_rewrite__pf6xh62j.i9gumkl7,6,oauthlib__oauthlib.1fd52536.lm_rewrite__pf6xh62j.i9gumkl7,10659,true,4660,304,0,0,0,0,0,,0,0,180000000,180000000,0,0,0,ok,,
311,,,,oauthlib__oauthlib.1fd52536.lm_rewrite__pf6xh62j.i9gumkl7,7,oauthlib__oauthlib.1fd52536.lm_rewrite__pf6xh62j.i9gumkl7,15623,true,23,36,0,0,0,0,0,,0,0,210000000,210000000,0,0,0,ok,,
312,,,,oauthlib__oauthlib.1fd52536.lm_rewrite__pf6xh62j.i9gumkl7,8,oauthlib__oauthlib.1fd52536.lm_rewrite__pf6xh62j.i9gumkl7,15682,true,70,76,0,0,0,0,0,,0,0,240000000,240000000,0,0,0,ok,,
313,,,,oauthlib__oauthlib.1fd52536.lm_rewrite__pf6xh62j.i9gumkl7,9,oauthlib__oauthlib.1fd52536.lm_rewrite__pf6xh62j.i9gumkl7,15828,true,616,45,0,0,0,0,0,,0,0,270000000,270000000,0,0,0,ok,,
314,,,,oauthlib__oauthlib.1fd52536.lm_rewrite__pf6xh62j.i9gumkl7,10,oauthlib__oauthlib.1fd52536.lm_rewrite__pf6xh62j.i9gumkl7,16489,true,71,511,0,0,0,0,0,,0,0,300000000,300000000,0,0,0,ok,,
315,,,,oauthlib__oauthlib.1fd52536.lm_rewrite__pf6xh62j.i9gumkl7,11,oauthlib__oauthlib.1fd52536.lm_rewrite__pf6xh62j.i9gumkl7,17071,true,467,32,0,0,0,0,0,,0,0,330000000,330000000,0,0,0,ok,,
316,,,,oauthlib__oauthlib.1fd52536.lm_rewrite__pf6xh62j.i9gumkl7,12,oauthlib__oauthlib.1fd52536.lm_rewrite__pf6xh62j.i9gumkl7,17570,true,142,157,0,0,0,0,0,,0,0,360000000,360000000,0,0,0,ok,,
317,,,,oauthlib__oauthlib.1fd52536.lm_rewrite__pf6xh62j.i9gumkl7,13,oauthlib__oauthlib.1fd52536.lm_rewrite__pf6xh62j.i9gumkl7,17869,true,525,139,0,0,0,0,0,,0,0,390000000,390000000,0,0,0,ok,,
318,,,,oauthlib__oauthlib.1fd52536.lm_rewrite__pf6xh62j.i9gumkl7,14,oauthlib__oauthlib.1fd52536.lm_rewrite__pf6xh62j.i9gumkl7,18533,true,616,147,0,0,0,0,0,,0,0,420000000,420000000,0,0,0,ok,,
319,,,,oauthlib__oauthlib.1fd52536.lm_rewrite__pf6xh62j.i9gumkl7,15,oauthlib__oauthlib.1fd52536.lm_rewrite__pf6xh62j.i9gumkl7,19296,true,20,55,0,0,0,0,0,,0,0,450000000,450000000,0,0,0,ok,,
320,,,,oauthlib__oauthlib.1fd52536.lm_rewrite__pf6xh62j.i9gumkl7,16,oauthlib__oauthlib.1fd52536.lm_rewrite__pf6xh62j.i9gumkl7,19371,true,20,215,0,0,0,0,0,,0,0,480000000,480000000,0,0,0,ok,,
321,,,,oauthlib__oauthlib.1fd52536.lm_rewrite__pf6xh62j.i9gumkl7,17,oauthlib__oauthlib.1fd52536.lm_rewrite__pf6xh62j.i9gumkl7,19606,true,50,49,0,0,0,0,0,,0,0,510000000,510000000,0,0,0,ok,,
322,,,,oauthlib__oauthlib.1fd52536.lm_rewrite__pf6xh62j.i9gumkl7,18,oauthlib__oauthlib.1fd52536.lm_rewrite__pf6xh62j.i9gumkl7,19705,true,103,827,0,0,0,0,0,,0,0,540000000,540000000,0,0,0,ok,,
323,,,,oauthlib__oauthlib.1fd52536.lm_rewrite__pf6xh62j.i9gumkl7,19,oauthlib__oauthlib.1fd52536.lm_rewrite__pf6xh62j.i9gumkl7,20635,true,798,32,0,0,0,0,0,,0,0,570000000,570000000,0,0,0,ok,,
324,,,,oauthlib__oauthlib.1fd52536.lm_rewrite__pf6xh62j.i9gumkl7,20,oauthlib__oauthlib.1fd52536.lm_rewrite__pf6xh62j.i9gumkl7,21465,true,235,919,0,0,0,0,0,,0,0,600000000,600000000,0,0,0,ok,,
325,,,,oauthlib__oauthlib.1fd52536.lm_rewrite__pf6xh62j.i9gumkl7,21,oauthlib__oauthlib.1fd52536.lm_rewrite__pf6xh62j.i9gumkl7,22619,true,882,44,0,0,0,0,0,,0,0,630000000,630000000,0,0,0,ok,,
326,,,,oauthlib__oauthlib.1fd52536.lm_rewrite__pf6xh62j.i9gumkl7,22,oauthlib__oauthlib.1fd52536.lm_rewrite__pf6xh62j.i9gumkl7,23545,true,239,241,0,0,0,0,0,,0,0,660000000,660000000,0,0,0,ok,,
327,,,,oauthlib__oauthlib.1fd52536.lm_rewrite__pf6xh62j.i9gumkl7,23,oauthlib__oauthlib.1fd52536.lm_rewrite__pf6xh62j.i9gumkl7,24025,true,21,23,0,0,0,0,0,,0,0,690000000,690000000,0,0,0,ok,,
328,,,,oauthlib__oauthlib.1fd52536.lm_rewrite__pf6xh62j.i9gumkl7,24,oauthlib__oauthlib.1fd52536.lm_rewrite__pf6xh62j.i9gumkl7,24069,true,45,313,0,0,0,0,0,,0,0,720000000,720000000,0,0,0,ok,,
329,,,,oauthlib__oauthlib.1fd52536.lm_rewrite__pf6xh62j.i9gumkl7,25,oauthlib__oauthlib.1fd52536.lm_rewrite__pf6xh62j.i9gumkl7,24427,true,21,23,0,0,0,0,0,,0,0,750000000,750000000,0,0,0,ok,,
330,,,,oauthlib__oauthlib.1fd52536.lm_rewrite__pf6xh62j.i9gumkl7,26,oauthlib__oauthlib.1fd52536.lm_rewrite__pf6xh62j.i9gumkl7,24471,true,132,244,0,0,0,0,0,,0,0,780000000,780000000,0,0,0,ok,,
331,,,,oauthlib__oauthlib.1fd52536.lm_rewrite__pf6xh62j.i9gumkl7,27,oauthlib__oauthlib.1fd52536.lm_rewrite__pf6xh62j.i9gumkl7,24847,true,1934,41,0,0,0,0,0,,0,0,810000000,810000000,0,0,0,ok,,
332,,,,oauthlib__oauthlib.1fd52536.lm_rewrite__pf6xh62j.i9gumkl7,28,oauthlib__oauthlib.1fd52536.lm_rewrite__pf6xh62j.i9gumkl7,26822,true,20,13,0,0,0,0,0,,0,0,840000000,840000000,0,0,0,ok,,
333,,,,andialbrecht__sqlparse.e57923b3.lm_rewrite__scnjth44.q1xsbql3,0,swe_smith_system_prompt,978,true,798,107,0,0,0,0,0,,0,0,0,0,0,0,0,ok,,
334,,,,andialbrecht__sqlparse.e57923b3.lm_rewrite__scnjth44.q1xsbql3,1,andialbrecht__sqlparse.e57923b3.lm_rewrite__scnjth44.q1xsbql3,1883,true,401,72,0,0,0,0,0,,0,0,30000000,30000000,0,0,0,ok,,
335,,,,andialbrecht__sqlparse.e57923b3.lm_rewrite__scnjth44.q1xsbql3,2,andialbrecht__sqlparse.e57923b3.lm_rewrite__scnjth44.q1xsbql3,2356,true,6077,52,0,0,0,0,0,,0,0,60000000,60000000,0,0,0,ok,,
336,,,,andialbrecht__sqlparse.e57923b3.lm_rewrite__scnjth44.q1xsbql3,3,andialbrecht__sqlparse.e57923b3.lm_rewrite__scnjth44.q1xsbql3,8485,true,4219,52,0,0,0,0,0,,0,0,90000000,90000000,0,0,0,ok,,
337,,,,andialbrecht__sqlparse.e57923b3.lm_rewrite__scnjth44.q1xsbql3,4,andialbrecht__sqlparse.e57923b3.lm_rewrite__scnjth44.q1xsbql3,12756,true,812,244,0,0,0,0,0,,0,0,120000000,120000000,0,0,0,ok,,
338,,,,andialbrecht__sqlparse.e57923b3.lm_rewrite__scnjth44.q1xsbql3,5,andialbrecht__sqlparse.e57923b3.lm_rewrite__scnjth44.q1xsbql3,13812,true,23,35,0,0,0,0,0,,0,0,150000000,150000000,0,0,0,ok,,
339,,,,andialbrecht__sqlparse.e57923b3.lm_rewrite__scnjth44.q1xsbql3,6,andialbrecht__sqlparse.e57923b3.lm_rewrite__scnjth44.q1xsbql3,13870,true,313,743,0,0,0,0,0,,0,0,180000000,180000000,0,0,0,ok,,
340,,,,andialbrecht__sqlparse.e57923b3.lm_rewrite__scnjth44.q1xsbql3,7,andialbrecht__sqlparse.e57923b3.lm_rewrite__scnjth44.q1xsbql3,14926,true,855,32,0,0,0,0,0,,0,0,210000000,210000000,0,0,0,ok,,
341,,,,andialbrecht__sqlparse.e57923b3.lm_rewrite__scnjth44.q1xsbql3,8,andialbrecht__sqlparse.e57923b3.lm_rewrite__scnjth44.q1xsbql3,15813,true,638,194,0,0,0,0,0,,0,0,240000000,240000000,0,0,0,ok,,
342,,,,andialbrecht__sqlparse.e57923b3.lm_rewrite__scnjth44.q1xsbql3,9,andialbrecht__sqlparse.e57923b3.lm_rewrite__scnjth44.q1xsbql3,16645,true,326,64,0,0,0,0,0,,0,0,270000000,270000000,0,0,0,ok,,
343,,,,andialbrecht__sqlparse.e57923b3.lm_rewrite__scnjth44.q1xsbql3,10,andialbrecht__sqlparse.e57923b3.lm_rewrite__scnjth44.q1xsbql3,17035,true,491,53,0,0,0,0,0,,0,0,300000000,300000000,0,0,0,ok,,
344,,,,andialbrecht__sqlparse.e57923b3.lm_rewrite__scnjth44.q1xsbql3,11,andialbrecht__sqlparse.e57923b3.lm_rewrite__scnjth44.q1xsbql3,17579,true,1518,511,0,0,0,0,0,,0,0,330000000,330000000,0,0,0,ok,,
345,,,,andialbrecht__sqlparse.e57923b3.lm_rewrite__scnjth44.q1xsbql3,12,andialbrecht__sqlparse.e57923b3.lm_rewrite__scnjth44.q1xsbql3,19608,true,468,97,0,0,0,0,0,,0,0,360000000,360000000,0,0,0,ok,,
346,,,,andialbrecht__sqlparse.e57923b3.lm_rewrite__scnjth44.q1xsbql3,13,andialbrecht__sqlparse.e57923b3.lm_rewrite__scnjth44.q1xsbql3,20173,true,638,541,0,0,0,0,0,,0,0,390000000,390000000,0,0,0,ok,,
347,,,,andialbrecht__sqlparse.e57923b3.lm_rewrite__scnjth44.q1xsbql3,14,andialbrecht__sqlparse.e57923b3.lm_rewrite__scnjth44.q1xsbql3,21352,true,23,32,0,0,0,0,0,,0,0,420000000,420000000,0,0,0,ok,,
348,,,,andialbrecht__sqlparse.e57923b3.lm_rewrite__scnjth44.q1xsbql3,15,andialbrecht__sqlparse.e57923b3.lm_rewrite__scnjth44.q1xsbql3,21407,true,3233,781,0,0,0,0,0,,0,0,450000000,450000000,0,0,0,ok,,
349,,,,andialbrecht__sqlparse.e57923b3.lm_rewrite__scnjth44.q1xsbql3,16,andialbrecht__sqlparse.e57923b3.lm_rewrite__scnjth44.q1xsbql3,25421,true,23,33,0,0,0,0,0,,0,0,480000000,480000000,0,0,0,ok,,
350,,,,andialbrecht__sqlparse.e57923b3.lm_rewrite__scnjth44.q1xsbql3,17,andialbrecht__sqlparse.e57923b3.lm_rewrite__scnjth44.q1xsbql3,25477,true,4396,80,0,0,0,0,0,,0,0,510000000,510000000,0,0,0,ok,,
351,,,,andialbrecht__sqlparse.e57923b3.lm_rewrite__scnjth44.q1xsbql3,18,andialbrecht__sqlparse.e57923b3.lm_rewrite__scnjth44.q1xsbql3,29953,true,638,440,0,0,0,0,0,,0,0,540000000,540000000,0,0,0,ok,,
352,,,,andialbrecht__sqlparse.e57923b3.lm_rewrite__scnjth44.q1xsbql3,19,andialbrecht__sqlparse.e57923b3.lm_rewrite__scnjth44.q1xsbql3,31031,true,2929,48,0,0,0,0,0,,0,0,570000000,570000000,0,0,0,ok,,
353,,,,andialbrecht__sqlparse.e57923b3.lm_rewrite__scnjth44.q1xsbql3,20,andialbrecht__sqlparse.e57923b3.lm_rewrite__scnjth44.q1xsbql3,34008,true,20,7,0,0,0,0,0,,0,0,600000000,600000000,0,0,0,ok,,
354,,,,lincolnloop__python-qrcode.456b01d4.129.ahs2t6ty,0,swe_smith_system_prompt,978,true,832,64,0,0,0,0,0,,0,0,0,0,0,0,0,ok,,
355,,,,lincolnloop__python-qrcode.456b01d4.129.ahs2t6ty,1,lincolnloop__python-qrcode.456b01d4.129.ahs2t6ty,1874,true,649,45,0,0,0,0,0,,0,0,30000000,30000000,0,0,0,ok,,
356,,,,lincolnloop__python-qrcode.456b01d4.129.ahs2t6ty,2,lincolnloop__python-qrcode.456b01d4.129.ahs2t6ty,2568,true,610,44,0,0,0,0,0,,0,0,60000000,60000000,0,0,0,ok,,
357,,,,lincolnloop__python-qrcode.456b01d4.129.ahs2t6ty,3,lincolnloop__python-qrcode.456b01d4.129.ahs2t6ty,3222,true,74,98,0,0,0,0,0,,0,0,90000000,90000000,0,0,0,ok,,
358,,,,lincolnloop__python-qrcode.456b01d4.129.ahs2t6ty,4,lincolnloop__python-qrcode.456b01d4.129.ahs2t6ty,3394,true,21,38,0,0,0,0,0,,0,0,120000000,120000000,0,0,0,ok,,
359,,,,lincolnloop__python-qrcode.456b01d4.129.ahs2t6ty,5,lincolnloop__python-qrcode.456b01d4.129.ahs2t6ty,3453,true,216,347,0,0,0,0,0,,0,0,150000000,150000000,0,0,0,ok,,
360,,,,lincolnloop__python-qrcode.456b01d4.129.ahs2t6ty,6,lincolnloop__python-qrcode.456b01d4.129.ahs2t6ty,4016,true,21,30,0,0,0,0,0,,0,0,180000000,180000000,0,0,0,ok,,
361,,,,lincolnloop__python-qrcode.456b01d4.129.ahs2t6ty,7,lincolnloop__python-qrcode.456b01d4.129.ahs2t6ty,4067,true,20,17,0,0,0,0,0,,0,0,210000000,210000000,0,0,0,ok,,
362,,,,lincolnloop__python-qrcode.456b01d4.129.ahs2t6ty,8,lincolnloop__python-qrcode.456b01d4.129.ahs2t6ty,4104,true,671,34,0,0,0,0,0,,0,0,240000000,240000000,0,0,0,ok,,
363,,,,lincolnloop__python-qrcode.456b01d4.combine_file__svo6amwn.fe05o0l2,0,swe_smith_system_prompt,978,true,696,102,0,0,0,0,0,,0,0,0,0,0,0,0,ok,,
364,,,,lincolnloop__python-qrcode.456b01d4.combine_file__svo6amwn.fe05o0l2,1,lincolnloop__python-qrcode.456b01d4.combine_file__svo6amwn.fe05o0l2,1776,true,413,70,0,0,0,0,0,,0,0,30000000,30000000,0,0,0,ok,,
365,,,,lincolnloop__python-qrcode.456b01d4.combine_file__svo6amwn.fe05o0l2,2,lincolnloop__python-qrcode.456b01d4.combine_file__svo6amwn.fe05o0l2,2259,true,325,43,0,0,0,0,0,,0,0,60000000,60000000,0,0,0,ok,,
366,,,,lincolnloop__python-qrcode.456b01d4.combine_file__svo6amwn.fe05o0l2,3,lincolnloop__python-qrcode.456b01d4.combine_file__svo6amwn.fe05o0l2,2627,true,1968,55,0,0,0,0,0,,0,0,90000000,90000000,0,0,0,ok,,
367,,,,lincolnloop__python-qrcode.456b01d4.combine_file__svo6amwn.fe05o0l2,4,lincolnloop__python-qrcode.456b01d4.combine_file__svo6amwn.fe05o0l2,4650,true,2605,63,0,0,0,0,0,,0,0,120000000,120000000,0,0,0,ok,,
368,,,,lincolnloop__python-qrcode.456b01d4.combine_file__svo6amwn.fe05o0l2,5,lincolnloop__python-qrcode.456b01d4.combine_file__svo6amwn.fe05o0l2,7318,true,1822,62,0,0,0,0,0,,0,0,150000000,150000000,0,0,0,ok,,
369,,,,lincolnloop__python-qrcode.456b01d4.combine_file__svo6amwn.fe05o0l2,6,lincolnloop__python-qrcode.456b01d4.combine_file__svo6amwn.fe05o0l2,9202,true,3281,310,0,0,0,0,0,,0,0,180000000,180000000,0,0,0,ok,,
370,,,,lincolnloop__python-qrcode.456b01d4.combine_file__svo6amwn.fe05o0l2,7,lincolnloop__python-qrcode.456b01d4.combine_file__svo6amwn.fe05o0l2,12793,true,23,35,0,0,0,0,0,,0,0,210000000,210000000,0,0,0,ok,,
371,,,,lincolnloop__python-qrcode.456b01d4.combine_file__svo6amwn.fe05o0l2,8,lincolnloop__python-qrcode.456b01d4.combine_file__svo6amwn.fe05o0l2,12851,true,263,254,0,0,0,0,0,,0,0,240000000,240000000,0,0,0,ok,,
372,,,,lincolnloop__python-qrcode.456b01d4.combine_file__svo6amwn.fe05o0l2,9,lincolnloop__python-qrcode.456b01d4.combine_file__svo6amwn.fe05o0l2,13368,true,165,99,0,0,0,0,0,,0,0,270000000,270000000,0,0,0,ok,,
373,,,,lincolnloop__python-qrcode.456b01d4.combine_file__svo6amwn.fe05o0l2,10,lincolnloop__python-qrcode.456b01d4.combine_file__svo6amwn.fe05o0l2,13632,true,178,92,0,0,0,0,0,,0,0,300000000,300000000,0,0,0,ok,,
374,,,,lincolnloop__python-qrcode.456b01d4.combine_file__svo6amwn.fe05o0l2,11,lincolnloop__python-qrcode.456b01d4.combine_file__svo6amwn.fe05o0l2,13902,true,151,40,0,0,0,0,0,,0,0,330000000,330000000,0,0,0,ok,,
375,,,,lincolnloop__python-qrcode.456b01d4.combine_file__svo6amwn.fe05o0l2,12,lincolnloop__python-qrcode.456b01d4.combine_file__svo6amwn.fe05o0l2,14093,true,31,276,0,0,0,0,0,,0,0,360000000,360000000,0,0,0,ok,,
376,,,,lincolnloop__python-qrcode.456b01d4.combine_file__svo6amwn.fe05o0l2,13,lincolnloop__python-qrcode.456b01d4.combine_file__svo6amwn.fe05o0l2,14400,true,22,23,0,0,0,0,0,,0,0,390000000,390000000,0,0,0,ok,,
377,,,,lincolnloop__python-qrcode.456b01d4.combine_file__svo6amwn.fe05o0l2,14,lincolnloop__python-qrcode.456b01d4.combine_file__svo6amwn.fe05o0l2,14445,true,41,130,0,0,0,0,0,,0,0,420000000,420000000,0,0,0,ok,,
378,,,,lincolnloop__python-qrcode.456b01d4.combine_file__svo6amwn.fe05o0l2,15,lincolnloop__python-qrcode.456b01d4.combine_file__svo6amwn.fe05o0l2,14616,true,138,43,0,0,0,0,0,,0,0,450000000,450000000,0,0,0,ok,,
379,,,,lincolnloop__python-qrcode.456b01d4.combine_file__svo6amwn.fe05o0l2,16,lincolnloop__python-qrcode.456b01d4.combine_file__svo6amwn.fe05o0l2,14797,true,205,255,0,0,0,0,0,,0,0,480000000,480000000,0,0,0,ok,,
380,,,,lincolnloop__python-qrcode.456b01d4.combine_file__svo6amwn.fe05o0l2,17,lincolnloop__python-qrcode.456b01d4.combine_file__svo6amwn.fe05o0l2,15257,true,284,340,0,0,0,0,0,,0,0,510000000,510000000,0,0,0,ok,,
381,,,,lincolnloop__python-qrcode.456b01d4.combine_file__svo6amwn.fe05o0l2,18,lincolnloop__python-qrcode.456b01d4.combine_file__svo6amwn.fe05o0l2,15881,true,473,40,0,0,0,0,0,,0,0,540000000,540000000,0,0,0,ok,,
382,,,,lincolnloop__python-qrcode.456b01d4.combine_file__svo6amwn.fe05o0l2,19,lincolnloop__python-qrcode.456b01d4.combine_file__svo6amwn.fe05o0l2,16394,true,31,326,0,0,0,0,0,,0,0,570000000,570000000,0,0,0,ok,,
383,,,,lincolnloop__python-qrcode.456b01d4.combine_file__svo6amwn.fe05o0l2,20,lincolnloop__python-qrcode.456b01d4.combine_file__svo6amwn.fe05o0l2,16751,true,23,25,0,0,0,0,0,,0,0,600000000,600000000,0,0,0,ok,,
384,,,,lincolnloop__python-qrcode.456b01d4.combine_file__svo6amwn.fe05o0l2,21,lincolnloop__python-qrcode.456b01d4.combine_file__svo6amwn.fe05o0l2,16799,true,380,330,0,0,0,0,0,,0,0,630000000,630000000,0,0,0,ok,,
385,,,,lincolnloop__python-qrcode.456b01d4.combine_file__svo6amwn.fe05o0l2,22,lincolnloop__python-qrcode.456b01d4.combine_file__svo6amwn.fe05o0l2,17509,true,23,24,0,0,0,0,0,,0,0,660000000,660000000,0,0,0,ok,,
386,,,,lincolnloop__python-qrcode.456b01d4.combine_file__svo6amwn.fe05o0l2,23,lincolnloop__python-qrcode.456b01d4.combine_file__svo6amwn.fe05o0l2,17556,true,161,573,0,0,0,0,0,,0,0,690000000,690000000,0,0,0,ok,,
387,,,,lincolnloop__python-qrcode.456b01d4.combine_file__svo6amwn.fe05o0l2,24,lincolnloop__python-qrcode.456b01d4.combine_file__svo6amwn.fe05o0l2,18290,true,2288,53,0,0,0,0,0,,0,0,720000000,720000000,0,0,0,ok,,
388,,,,lincolnloop__python-qrcode.456b01d4.combine_file__svo6amwn.fe05o0l2,25,lincolnloop__python-qrcode.456b01d4.combine_file__svo6amwn.fe05o0l2,20631,true,20,13,0,0,0,0,0,,0,0,750000000,750000000,0,0,0,ok,,
389,,,,weaveworks__grafanalib.5c3b17ed.52.ta4ovw42,0,swe_smith_system_prompt,978,true,799,75,0,0,0,0,0,,0,0,0,0,0,0,0,ok,,
390,,,,weaveworks__grafanalib.5c3b17ed.52.ta4ovw42,1,weaveworks__grafanalib.5c3b17ed.52.ta4ovw42,1852,true,386,67,0,0,0,0,0,,0,0,30000000,30000000,0,0,0,ok,,
391,,,,weaveworks__grafanalib.5c3b17ed.52.ta4ovw42,2,weaveworks__grafanalib.5c3b17ed.52.ta4ovw42,2305,true,2904,231,0,0,0,0,0,,0,0,60000000,60000000,0,0,0,ok,,
392,,,,weaveworks__grafanalib.5c3b17ed.52.ta4ovw42,3,weaveworks__grafanalib.5c3b17ed.52.ta4ovw42,5440,true,26,68,0,0,0,0,0,,0,0,90000000,90000000,0,0,0,ok,,
393,,,,weaveworks__grafanalib.5c3b17ed.52.ta4ovw42,4,weaveworks__grafanalib.5c3b17ed.52.ta4ovw42,5534,true,145,440,0,0,0,0,0,,0,0,120000000,120000000,0,0,0,ok,,
394,,,,weaveworks__grafanalib.5c3b17ed.52.ta4ovw42,5,weaveworks__grafanalib.5c3b17ed.52.ta4ovw42,6119,true,445,172,0,0,0,0,0,,0,0,150000000,150000000,0,0,0,ok,,
395,,,,weaveworks__grafanalib.5c3b17ed.52.ta4ovw42,6,weaveworks__grafanalib.5c3b17ed.52.ta4ovw42,6736,true,375,61,0,0,0,0,0,,0,0,180000000,180000000,0,0,0,ok,,
396,,,,weaveworks__grafanalib.5c3b17ed.52.ta4ovw42,7,weaveworks__grafanalib.5c3b17ed.52.ta4ovw42,7172,true,20,39,0,0,0,0,0,,0,0,210000000,210000000,0,0,0,ok,,
397,,,,weaveworks__grafanalib.5c3b17ed.52.ta4ovw42,8,weaveworks__grafanalib.5c3b17ed.52.ta4ovw42,7231,true,375,75,0,0,0,0,0,,0,0,240000000,240000000,0,0,0,ok,,
398,,,,weaveworks__grafanalib.5c3b17ed.52.ta4ovw42,9,weaveworks__grafanalib.5c3b17ed.52.ta4ovw42,7681,true,202,66,0,0,0,0,0,,0,0,270000000,270000000,0,0,0,ok,,
399,,,,weaveworks__grafanalib.5c3b17ed.52.ta4ovw42,10,weaveworks__grafanalib.5c3b17ed.52.ta4ovw42,7949,true,98,81,0,0,0,0,0,,0,0,300000000,300000000,0,0,0,ok,,
400,,,,weaveworks__grafanalib.5c3b17ed.52.ta4ovw42,11,weaveworks__grafanalib.5c3b17ed.52.ta4ovw42,8128,true,20,33,0,0,0,0,0,,0,0,330000000,330000000,0,0,0,ok,,
401,,,,mozillazg__python-pinyin.e42dede5.lm_rewrite__0xvqderw.qxzks13s,0,swe_smith_system_prompt,978,true,716,119,0,0,0,0,0,,0,0,0,0,0,0,0,ok,,
402,,,,mozillazg__python-pinyin.e42dede5.lm_rewrite__0xvqderw.qxzks13s,1,mozillazg__python-pinyin.e42dede5.lm_rewrite__0xvqderw.qxzks13s,1813,true,766,53,0,0,0,0,0,,0,0,30000000,30000000,0,0,0,ok,,
403,,,,mozillazg__python-pinyin.e42dede5.lm_rewrite__0xvqderw.qxzks13s,2,mozillazg__python-pinyin.e42dede5.lm_rewrite__0xvqderw.qxzks13s,2632,true,731,60,0,0,0,0,0,,0,0,60000000,60000000,0,0,0,ok,,
404,,,,mozillazg__python-pinyin.e42dede5.lm_rewrite__0xvqderw.qxzks13s,3,mozillazg__python-pinyin.e42dede5.lm_rewrite__0xvqderw.qxzks13s,3423,true,6347,65,0,0,0,0,0,,0,0,90000000,90000000,0,0,0,ok,,
405,,,,mozillazg__python-pinyin.e42dede5.lm_rewrite__0xvqderw.qxzks13s,4,mozillazg__python-pinyin.e42dede5.lm_rewrite__0xvqderw.qxzks13s,9835,true,6149,232,0,0,0,0,0,,0,0,120000000,120000000,0,0,0,ok,,
406,,,,mozillazg__python-pinyin.e42dede5.lm_rewrite__0xvqderw.qxzks13s,5,mozillazg__python-pinyin.e42dede5.lm_rewrite__0xvqderw.qxzks13s,16216,true,23,34,0,0,0,0,0,,0,0,150000000,150000000,0,0,0,ok,,
407,,,,mozillazg__python-pinyin.e42dede5.lm_rewrite__0xvqderw.qxzks13s,6,mozillazg__python-pinyin.e42dede5.lm_rewrite__0xvqderw.qxzks13s,16273,true,29,471,0,0,0,0,0,,0,0,180000000,180000000,0,0,0,ok,,
408,,,,mozillazg__python-pinyin.e42dede5.lm_rewrite__0xvqderw.qxzks13s,7,mozillazg__python-pinyin.e42dede5.lm_rewrite__0xvqderw.qxzks13s,16773,true,479,38,0,0,0,0,0,,0,0,210000000,210000000,0,0,0,ok,,
409,,,,mozillazg__python-pinyin.e42dede5.lm_rewrite__0xvqderw.qxzks13s,8,mozillazg__python-pinyin.e42dede5.lm_rewrite__0xvqderw.qxzks13s,17290,true,32,343,0,0,0,0,0,,0,0,240000000,240000000,0,0,0,ok,,
410,,,,mozillazg__python-pinyin.e42dede5.lm_rewrite__0xvqderw.qxzks13s,9,mozillazg__python-pinyin.e42dede5.lm_rewrite__0xvqderw.qxzks13s,17665,true,23,31,0,0,0,0,0,,0,0,270000000,270000000,0,0,0,ok,,
411,,,,mozillazg__python-pinyin.e42dede5.lm_rewrite__0xvqderw.qxzks13s,10,mozillazg__python-pinyin.e42dede5.lm_rewrite__0xvqderw.qxzks13s,17719,true,459,88,0,0,0,0,0,,0,0,300000000,300000000,0,0,0,ok,,
412,,,,mozillazg__python-pinyin.e42dede5.lm_rewrite__0xvqderw.qxzks13s,11,mozillazg__python-pinyin.e42dede5.lm_rewrite__0xvqderw.qxzks13s,18266,true,186,69,0,0,0,0,0,,0,0,330000000,330000000,0,0,0,ok,,
413,,,,mozillazg__python-pinyin.e42dede5.lm_rewrite__0xvqderw.qxzks13s,12,mozillazg__python-pinyin.e42dede5.lm_rewrite__0xvqderw.qxzks13s,18521,true,1168,41,0,0,0,0,0,,0,0,360000000,360000000,0,0,0,ok,,
414,,,,mozillazg__python-pinyin.e42dede5.lm_rewrite__0xvqderw.qxzks13s,13,mozillazg__python-pinyin.e42dede5.lm_rewrite__0xvqderw.qxzks13s,19730,true,20,7,0,0,0,0,0,,0,0,390000000,390000000,0,0,0,ok,,
415,,,,pndurette__gTTS.dbcda4f3.pr_440.iu5qrfmd,0,swe_smith_system_prompt,978,true,620,74,0,0,0,0,0,,0,0,0,0,0,0,0,ok,,
416,,,,pndurette__gTTS.dbcda4f3.pr_440.iu5qrfmd,1,pndurette__gTTS.dbcda4f3.pr_440.iu5qrfmd,1672,true,277,63,0,0,0,0,0,,0,0,30000000,30000000,0,0,0,ok,,
417,,,,pndurette__gTTS.dbcda4f3.pr_440.iu5qrfmd,2,pndurette__gTTS.dbcda4f3.pr_440.iu5qrfmd,2012,true,88,50,0,0,0,0,0,,0,0,60000000,60000000,0,0,0,ok,,
418,,,,pndurette__gTTS.dbcda4f3.pr_440.iu5qrfmd,3,pndurette__gTTS.dbcda4f3.pr_440.iu5qrfmd,2150,true,39,57,0,0,0,0,0,,0,0,90000000,90000000,0,0,0,ok,,
419,,,,pndurette__gTTS.dbcda4f3.pr_440.iu5qrfmd,4,pndurette__gTTS.dbcda4f3.pr_440.iu5qrfmd,2246,true,5279,42,0,0,0,0,0,,0,0,120000000,120000000,0,0,0,ok,,
420,,,,pndurette__gTTS.dbcda4f3.pr_440.iu5qrfmd,5,pndurette__gTTS.dbcda4f3.pr_440.iu5qrfmd,7567,true,282,64,0,0,0,0,0,,0,0,150000000,150000000,0,0,0,ok,,
421,,,,pndurette__gTTS.dbcda4f3.pr_440.iu5qrfmd,6,pndurette__gTTS.dbcda4f3.pr_440.iu5qrfmd,7913,true,663,45,0,0,0,0,0,,0,0,180000000,180000000,0,0,0,ok,,
422,,,,pndurette__gTTS.dbcda4f3.pr_440.iu5qrfmd,7,pndurette__gTTS.dbcda4f3.pr_440.iu5qrfmd,8621,true,574,45,0,0,0,0,0,,0,0,210000000,210000000,0,0,0,ok,,
423,,,,pndurette__gTTS.dbcda4f3.pr_440.iu5qrfmd,8,pndurette__gTTS.dbcda4f3.pr_440.iu5qrfmd,9240,true,642,45,0,0,0,0,0,,0,0,240000000,240000000,0,0,0,ok,,
424,,,,pndurette__gTTS.dbcda4f3.pr_440.iu5qrfmd,9,pndurette__gTTS.dbcda4f3.pr_440.iu5qrfmd,9927,true,44,45,0,0,0,0,0,,0,0,270000000,270000000,0,0,0,ok,,
425,,,,pndurette__gTTS.dbcda4f3.pr_440.iu5qrfmd,10,pndurette__gTTS.dbcda4f3.pr_440.iu5qrfmd,10016,true,188,232,0,0,0,0,0,,0,0,300000000,300000000,0,0,0,ok,,
426,,,,pndurette__gTTS.dbcda4f3.pr_440.iu5qrfmd,11,pndurette__gTTS.dbcda4f3.pr_440.iu5qrfmd,10436,true,23,34,0,0,0,0,0,,0,0,330000000,330000000,0,0,0,ok,,
427,,,,pndurette__gTTS.dbcda4f3.pr_440.iu5qrfmd,12,pndurette__gTTS.dbcda4f3.pr_440.iu5qrfmd,10493,true,57,71,0,0,0,0,0,,0,0,360000000,360000000,0,0,0,ok,,
428,,,,pndurette__gTTS.dbcda4f3.pr_440.iu5qrfmd,13,pndurette__gTTS.dbcda4f3.pr_440.iu5qrfmd,10621,true,88,410,0,0,0,0,0,,0,0,390000000,390000000,0,0,0,ok,,
429,,,,pndurette__gTTS.dbcda4f3.pr_440.iu5qrfmd,14,pndurette__gTTS.dbcda4f3.pr_440.iu5qrfmd,11119,true,357,31,0,0,0,0,0,,0,0,420000000,420000000,0,0,0,ok,,
430,,,,pndurette__gTTS.dbcda4f3.pr_440.iu5qrfmd,15,pndurette__gTTS.dbcda4f3.pr_440.iu5qrfmd,11507,true,96,202,0,0,0,0,0,,0,0,450000000,450000000,0,0,0,ok,,
431,,,,pndurette__gTTS.dbcda4f3.pr_440.iu5qrfmd,16,pndurette__gTTS.dbcda4f3.pr_440.iu5qrfmd,11805,true,142,926,0,0,0,0,0,,0,0,480000000,480000000,0,0,0,ok,,
432,,,,pndurette__gTTS.dbcda4f3.pr_440.iu5qrfmd,17,pndurette__gTTS.dbcda4f3.pr_440.iu5qrfmd,12873,true,926,172,0,0,0,0,0,,0,0,510000000,510000000,0,0,0,ok,,
433,,,,pndurette__gTTS.dbcda4f3.pr_440.iu5qrfmd,18,pndurette__gTTS.dbcda4f3.pr_440.iu5qrfmd,13971,true,283,42,0,0,0,0,0,,0,0,540000000,540000000,0,0,0,ok,,
434,,,,pndurette__gTTS.dbcda4f3.pr_440.iu5qrfmd,19,pndurette__gTTS.dbcda4f3.pr_440.iu5qrfmd,14296,true,90,1373,0,0,0,0,0,,0,0,570000000,570000000,0,0,0,ok,,
435,,,,pndurette__gTTS.dbcda4f3.pr_440.iu5qrfmd,20,pndurette__gTTS.dbcda4f3.pr_440.iu5qrfmd,15759,true,1159,583,0,0,0,0,0,,0,0,600000000,600000000,0,0,0,ok,,
436,,,,pndurette__gTTS.dbcda4f3.pr_440.iu5qrfmd,21,pndurette__gTTS.dbcda4f3.pr_440.iu5qrfmd,17501,true,22,31,0,0,0,0,0,,0,0,630000000,630000000,0,0,0,ok,,
437,,,,pndurette__gTTS.dbcda4f3.pr_440.iu5qrfmd,22,pndurette__gTTS.dbcda4f3.pr_440.iu5qrfmd,17554,true,219,402,0,0,0,0,0,,0,0,660000000,660000000,0,0,0,ok,,
438,,,,pndurette__gTTS.dbcda4f3.pr_440.iu5qrfmd,23,pndurette__gTTS.dbcda4f3.pr_440.iu5qrfmd,18175,true,414,33,0,0,0,0,0,,0,0,690000000,690000000,0,0,0,ok,,
439,,,,pndurette__gTTS.dbcda4f3.pr_440.iu5qrfmd,24,pndurette__gTTS.dbcda4f3.pr_440.iu5qrfmd,18622,true,215,152,0,0,0,0,0,,0,0,720000000,720000000,0,0,0,ok,,
440,,,,pndurette__gTTS.dbcda4f3.pr_440.iu5qrfmd,25,pndurette__gTTS.dbcda4f3.pr_440.iu5qrfmd,18989,true,1965,41,0,0,0,0,0,,0,0,750000000,750000000,0,0,0,ok,,
441,,,,pndurette__gTTS.dbcda4f3.pr_440.iu5qrfmd,26,pndurette__gTTS.dbcda4f3.pr_440.iu5qrfmd,20995,true,20,7,0,0,0,0,0,,0,0,780000000,780000000,0,0,0,ok,,
442,,,,conan-io__conan.86f29e13.pr_17520.e2u62xkm,0,swe_smith_system_prompt,978,true,889,74,0,0,0,0,0,,0,0,0,0,0,0,0,ok,,
443,,,,conan-io__conan.86f29e13.pr_17520.e2u62xkm,1,conan-io__conan.86f29e13.pr_17520.e2u62xkm,1941,true,18522,56,0,0,0,0,0,,0,0,30000000,30000000,0,0,0,ok,,
444,,,,conan-io__conan.86f29e13.pr_17520.e2u62xkm,2,conan-io__conan.86f29e13.pr_17520.e2u62xkm,20519,true,84,54,0,0,0,0,0,,0,0,60000000,60000000,0,0,0,ok,,
445,,,,conan-io__conan.86f29e13.pr_17520.e2u62xkm,3,conan-io__conan.86f29e13.pr_17520.e2u62xkm,20657,true,2635,36,0,0,0,0,0,,0,0,90000000,90000000,0,0,0,ok,,
446,,,,conan-io__conan.86f29e13.pr_17520.e2u62xkm,4,conan-io__conan.86f29e13.pr_17520.e2u62xkm,23328,true,1126,61,0,0,0,0,0,,0,0,120000000,120000000,0,0,0,ok,,
447,,,,conan-io__conan.86f29e13.pr_17520.e2u62xkm,5,conan-io__conan.86f29e13.pr_17520.e2u62xkm,24515,true,3858,836,0,0,0,0,0,,0,0,150000000,150000000,0,0,0,ok,,
448,,,,conan-io__conan.86f29e13.pr_17520.e2u62xkm,6,conan-io__conan.86f29e13.pr_17520.e2u62xkm,29209,true,23,36,0,0,0,0,0,,0,0,180000000,180000000,0,0,0,ok,,
449,,,,conan-io__conan.86f29e13.pr_17520.e2u62xkm,7,conan-io__conan.86f29e13.pr_17520.e2u62xkm,29268,true,82,753,0,0,0,0,0,,0,0,210000000,210000000,0,0,0,ok,,
450,,,,conan-io__conan.86f29e13.pr_17520.e2u62xkm,8,conan-io__conan.86f29e13.pr_17520.e2u62xkm,30103,true,708,949,0,0,0,0,0,,0,0,240000000,240000000,0,0,0,ok,,
451,,,,conan-io__conan.86f29e13.pr_17520.e2u62xkm,9,conan-io__conan.86f29e13.pr_17520.e2u62xkm,31760,true,879,38,0,0,0,0,0,,0,0,270000000,270000000,0,0,0,ok,,
452,,,,conan-io__conan.86f29e13.pr_17520.e2u62xkm,10,conan-io__conan.86f29e13.pr_17520.e2u62xkm,32677,true,123,329,0,0,0,0,0,,0,0,300000000,300000000,0,0,0,ok,,
453,,,,conan-io__conan.86f29e13.pr_17520.e2u62xkm,11,conan-io__conan.86f29e13.pr_17520.e2u62xkm,33129,true,337,86,0,0,0,0,0,,0,0,330000000,330000000,0,0,0,ok,,
454,,,,conan-io__conan.86f29e13.pr_17520.e2u62xkm,12,conan-io__conan.86f29e13.pr_17520.e2u62xkm,33552,true,643,426,0,0,0,0,0,,0,0,360000000,360000000,0,0,0,ok,,
455,,,,conan-io__conan.86f29e13.pr_17520.e2u62xkm,13,conan-io__conan.86f29e13.pr_17520.e2u62xkm,34621,true,424,73,0,0,0,0,0,,0,0,390000000,390000000,0,0,0,ok,,
456,,,,conan-io__conan.86f29e13.pr_17520.e2u62xkm,14,conan-io__conan.86f29e13.pr_17520.e2u62xkm,35118,true,535,76,0,0,0,0,0,,0,0,420000000,420000000,0,0,0,ok,,
457,,,,conan-io__conan.86f29e13.pr_17520.e2u62xkm,15,conan-io__conan.86f29e13.pr_17520.e2u62xkm,35729,true,127,157,0,0,0,0,0,,0,0,450000000,450000000,0,0,0,ok,,
458,,,,conan-io__conan.86f29e13.pr_17520.e2u62xkm,16,conan-io__conan.86f29e13.pr_17520.e2u62xkm,36013,true,352,70,0,0,0,0,0,,0,0,480000000,480000000,0,0,0,ok,,
459,,,,conan-io__conan.86f29e13.pr_17520.e2u62xkm,17,conan-io__conan.86f29e13.pr_17520.e2u62xkm,36435,true,913,408,0,0,0,0,0,,0,0,510000000,510000000,0,0,0,ok,,
460,,,,conan-io__conan.86f29e13.pr_17520.e2u62xkm,18,conan-io__conan.86f29e13.pr_17520.e2u62xkm,37756,true,366,1641,0,0,0,0,0,,0,0,540000000,540000000,0,0,0,ok,,
461,,,,conan-io__conan.86f29e13.pr_17520.e2u62xkm,19,conan-io__conan.86f29e13.pr_17520.e2u62xkm,39763,true,21,32,0,0,0,0,0,,0,0,570000000,570000000,0,0,0,ok,,
462,,,,conan-io__conan.86f29e13.pr_17520.e2u62xkm,20,conan-io__conan.86f29e13.pr_17520.e2u62xkm,39816,true,366,148,0,0,0,0,0,,0,0,600000000,600000000,0,0,0,ok,,
463,,,,conan-io__conan.86f29e13.pr_17520.e2u62xkm,21,conan-io__conan.86f29e13.pr_17520.e2u62xkm,40330,true,64,60,0,0,0,0,0,,0,0,630000000,630000000,0,0,0,ok,,
464,,,,conan-io__conan.86f29e13.pr_17520.e2u62xkm,22,conan-io__conan.86f29e13.pr_17520.e2u62xkm,40454,true,2399,74,0,0,0,0,0,,0,0,660000000,660000000,0,0,0,ok,,
465,,,,conan-io__conan.86f29e13.pr_17520.e2u62xkm,23,conan-io__conan.86f29e13.pr_17520.e2u62xkm,42927,true,20,535,0,0,0,0,0,,0,0,690000000,690000000,0,0,0,ok,,
466,,,,conan-io__conan.86f29e13.pr_17520.e2u62xkm,24,conan-io__conan.86f29e13.pr_17520.e2u62xkm,43482,true,24,34,0,0,0,0,0,,0,0,720000000,720000000,0,0,0,ok,,
467,,,,conan-io__conan.86f29e13.pr_17520.e2u62xkm,25,conan-io__conan.86f29e13.pr_17520.e2u62xkm,43540,true,774,14,0,0,0,0,0,,0,0,750000000,750000000,0,0,0,ok,,
468,,,,conan-io__conan.86f29e13.pr_17520.e2u62xkm,26,conan-io__conan.86f29e13.pr_17520.e2u62xkm,44328,true,7352,54,0,0,0,0,0,,0,0,780000000,780000000,0,0,0,ok,,
469,,,,conan-io__conan.86f29e13.pr_17520.e2u62xkm,27,conan-io__conan.86f29e13.pr_17520.e2u62xkm,51734,true,20,7,0,0,0,0,0,,0,0,810000000,810000000,0,0,0,ok,,
470,,,,paramiko__paramiko.23f92003.lm_rewrite__cfaazphq.pks30azo,0,swe_smith_system_prompt,978,true,834,96,0,0,0,0,0,,0,0,0,0,0,0,0,ok,,
471,,,,paramiko__paramiko.23f92003.lm_rewrite__cfaazphq.pks30azo,1,paramiko__paramiko.23f92003.lm_rewrite__cfaazphq.pks30azo,1908,true,118,57,0,0,0,0,0,,0,0,30000000,30000000,0,0,0,ok,,
472,,,,paramiko__paramiko.23f92003.lm_rewrite__cfaazphq.pks30azo,2,paramiko__paramiko.23f92003.lm_rewrite__cfaazphq.pks30azo,2083,true,2104,69,0,0,0,0,0,,0,0,60000000,60000000,0,0,0,ok,,
473,,,,paramiko__paramiko.23f92003.lm_rewrite__cfaazphq.pks30azo,3,paramiko__paramiko.23f92003.lm_rewrite__cfaazphq.pks30azo,4256,true,352,51,0,0,0,0,0,,0,0,90000000,90000000,0,0,0,ok,,
474,,,,paramiko__paramiko.23f92003.lm_rewrite__cfaazphq.pks30azo,4,paramiko__paramiko.23f92003.lm_rewrite__cfaazphq.pks30azo,4659,true,1680,59,0,0,0,0,0,,0,0,120000000,120000000,0,0,0,ok,,
475,,,,paramiko__paramiko.23f92003.lm_rewrite__cfaazphq.pks30azo,5,paramiko__paramiko.23f92003.lm_rewrite__cfaazphq.pks30azo,6398,true,627,66,0,0,0,0,0,,0,0,150000000,150000000,0,0,0,ok,,
476,,,,paramiko__paramiko.23f92003.lm_rewrite__cfaazphq.pks30azo,6,paramiko__paramiko.23f92003.lm_rewrite__cfaazphq.pks30azo,7091,true,722,55,0,0,0,0,0,,0,0,180000000,180000000,0,0,0,ok,,
477,,,,paramiko__paramiko.23f92003.lm_rewrite__cfaazphq.pks30azo,7,paramiko__paramiko.23f92003.lm_rewrite__cfaazphq.pks30azo,7868,true,250,398,0,0,0,0,0,,0,0,210000000,210000000,0,0,0,ok,,
478,,,,paramiko__paramiko.23f92003.lm_rewrite__cfaazphq.pks30azo,8,paramiko__paramiko.23f92003.lm_rewrite__cfaazphq.pks30azo,8516,true,22,35,0,0,0,0,0,,0,0,240000000,240000000,0,0,0,ok,,
479,,,,paramiko__paramiko.23f92003.lm_rewrite__cfaazphq.pks30azo,9,paramiko__paramiko.23f92003.lm_rewrite__cfaazphq.pks30azo,8573,true,111,112,0,0,0,0,0,,0,0,270000000,270000000,0,0,0,ok,,
480,,,,paramiko__paramiko.23f92003.lm_rewrite__cfaazphq.pks30azo,10,paramiko__paramiko.23f92003.lm_rewrite__cfaazphq.pks30azo,8796,true,190,31,0,0,0,0,0,,0,0,300000000,300000000,0,0,0,ok,,
481,,,,paramiko__paramiko.23f92003.lm_rewrite__cfaazphq.pks30azo,11,paramiko__paramiko.23f92003.lm_rewrite__cfaazphq.pks30azo,9017,true,110,118,0,0,0,0,0,,0,0,330000000,330000000,0,0,0,ok,,
482,,,,paramiko__paramiko.23f92003.lm_rewrite__cfaazphq.pks30azo,12,paramiko__paramiko.23f92003.lm_rewrite__cfaazphq.pks30azo,9245,true,205,31,0,0,0,0,0,,0,0,360000000,360000000,0,0,0,ok,,
483,,,,paramiko__paramiko.23f92003.lm_rewrite__cfaazphq.pks30azo,13,paramiko__paramiko.23f92003.lm_rewrite__cfaazphq.pks30azo,9481,true,115,969,0,0,0,0,0,,0,0,390000000,390000000,0,0,0,ok,,
484,,,,paramiko__paramiko.23f92003.lm_rewrite__cfaazphq.pks30azo,14,paramiko__paramiko.23f92003.lm_rewrite__cfaazphq.pks30azo,10565,true,1007,32,0,0,0,0,0,,0,0,420000000,420000000,0,0,0,ok,,
485,,,,paramiko__paramiko.23f92003.lm_rewrite__cfaazphq.pks30azo,15,paramiko__paramiko.23f92003.lm_rewrite__cfaazphq.pks30azo,11604,true,45,101,0,0,0,0,0,,0,0,450000000,450000000,0,0,0,ok,,
486,,,,paramiko__paramiko.23f92003.lm_rewrite__cfaazphq.pks30azo,16,paramiko__paramiko.23f92003.lm_rewrite__cfaazphq.pks30azo,11750,true,352,279,0,0,0,0,0,,0,0,480000000,480000000,0,0,0,ok,,
487,,,,paramiko__paramiko.23f92003.lm_rewrite__cfaazphq.pks30azo,17,paramiko__paramiko.23f92003.lm_rewrite__cfaazphq.pks30azo,12381,true,316,32,0,0,0,0,0,,0,0,510000000,510000000,0,0,0,ok,,
488,,,,paramiko__paramiko.23f92003.lm_rewrite__cfaazphq.pks30azo,18,paramiko__paramiko.23f92003.lm_rewrite__cfaazphq.pks30azo,12729,true,44,142,0,0,0,0,0,,0,0,540000000,540000000,0,0,0,ok,,
489,,,,paramiko__paramiko.23f92003.lm_rewrite__cfaazphq.pks30azo,19,paramiko__paramiko.23f92003.lm_rewrite__cfaazphq.pks30azo,12915,true,250,528,0,0,0,0,0,,0,0,570000000,570000000,0,0,0,ok,,
490,,,,paramiko__paramiko.23f92003.lm_rewrite__cfaazphq.pks30azo,20,paramiko__paramiko.23f92003.lm_rewrite__cfaazphq.pks30azo,13693,true,643,39,0,0,0,0,0,,0,0,600000000,600000000,0,0,0,ok,,
491,,,,paramiko__paramiko.23f92003.lm_rewrite__cfaazphq.pks30azo,21,paramiko__paramiko.23f92003.lm_rewrite__cfaazphq.pks30azo,14375,true,45,1190,0,0,0,0,0,,0,0,630000000,630000000,0,0,0,ok,,
492,,,,paramiko__paramiko.23f92003.lm_rewrite__cfaazphq.pks30azo,22,paramiko__paramiko.23f92003.lm_rewrite__cfaazphq.pks30azo,15610,true,23,32,0,0,0,0,0,,0,0,660000000,660000000,0,0,0,ok,,
493,,,,paramiko__paramiko.23f92003.lm_rewrite__cfaazphq.pks30azo,23,paramiko__paramiko.23f92003.lm_rewrite__cfaazphq.pks30azo,15665,true,392,293,0,0,0,0,0,,0,0,690000000,690000000,0,0,0,ok,,
494,,,,paramiko__paramiko.23f92003.lm_rewrite__cfaazphq.pks30azo,24,paramiko__paramiko.23f92003.lm_rewrite__cfaazphq.pks30azo,16350,true,350,31,0,0,0,0,0,,0,0,720000000,720000000,0,0,0,ok,,
495,,,,paramiko__paramiko.23f92003.lm_rewrite__cfaazphq.pks30azo,25,paramiko__paramiko.23f92003.lm_rewrite__cfaazphq.pks30azo,16731,true,392,291,0,0,0,0,0,,0,0,750000000,750000000,0,0,0,ok,,
496,,,,paramiko__paramiko.23f92003.lm_rewrite__cfaazphq.pks30azo,26,paramiko__paramiko.23f92003.lm_rewrite__cfaazphq.pks30azo,17414,true,3169,41,0,0,0,0,0,,0,0,780000000,780000000,0,0,0,ok,,
497,,,,paramiko__paramiko.23f92003.lm_rewrite__cfaazphq.pks30azo,27,paramiko__paramiko.23f92003.lm_rewrite__cfaazphq.pks30azo,20624,true,20,7,0,0,0,0,0,,0,0,810000000,810000000,0,0,0,ok,,
498,,,,un33k__python-slugify.872b3750.50.70b7ak1t,0,swe_smith_system_prompt,978,true,885,71,0,0,0,0,0,,0,0,0,0,0,0,0,ok,,
499,,,,un33k__python-slugify.872b3750.50.70b7ak1t,1,un33k__python-slugify.872b3750.50.70b7ak1t,1934,true,166,48,0,0,0,0,0,,0,0,30000000,30000000,0,0,0,ok,,
500,,,,un33k__python-slugify.872b3750.50.70b7ak1t,2,un33k__python-slugify.872b3750.50.70b7ak1t,2148,true,6701,51,0,0,0,0,0,,0,0,60000000,60000000,0,0,0,ok,,
501,,,,un33k__python-slugify.872b3750.50.70b7ak1t,3,un33k__python-slugify.872b3750.50.70b7ak1t,8900,true,59,52,0,0,0,0,0,,0,0,90000000,90000000,0,0,0,ok,,
502,,,,un33k__python-slugify.872b3750.50.70b7ak1t,4,un33k__python-slugify.872b3750.50.70b7ak1t,9011,true,207,49,0,0,0,0,0,,0,0,120000000,120000000,0,0,0,ok,,
503,,,,un33k__python-slugify.872b3750.50.70b7ak1t,5,un33k__python-slugify.872b3750.50.70b7ak1t,9267,true,2615,218,0,0,0,0,0,,0,0,150000000,150000000,0,0,0,ok,,
504,,,,un33k__python-slugify.872b3750.50.70b7ak1t,6,un33k__python-slugify.872b3750.50.70b7ak1t,12100,true,21,21,0,0,0,0,0,,0,0,180000000,180000000,0,0,0,ok,,
505,,,,un33k__python-slugify.872b3750.50.70b7ak1t,7,un33k__python-slugify.872b3750.50.70b7ak1t,12142,true,27,1548,0,0,0,0,0,,0,0,210000000,210000000,0,0,0,ok,,
506,,,,un33k__python-slugify.872b3750.50.70b7ak1t,8,un33k__python-slugify.872b3750.50.70b7ak1t,13717,true,1235,158,0,0,0,0,0,,0,0,240000000,240000000,0,0,0,ok,,
507,,,,un33k__python-slugify.872b3750.50.70b7ak1t,9,un33k__python-slugify.872b3750.50.70b7ak1t,15110,true,25,258,0,0,0,0,0,,0,0,270000000,270000000,0,0,0,ok,,
508,,,,un33k__python-slugify.872b3750.50.70b7ak1t,10,un33k__python-slugify.872b3750.50.70b7ak1t,15393,true,319,33,0,0,0,0,0,,0,0,300000000,300000000,0,0,0,ok,,
509,,,,un33k__python-slugify.872b3750.50.70b7ak1t,11,un33k__python-slugify.872b3750.50.70b7ak1t,15745,true,26,379,0,0,0,0,0,,0,0,330000000,330000000,0,0,0,ok,,
510,,,,un33k__python-slugify.872b3750.50.70b7ak1t,12,un33k__python-slugify.872b3750.50.70b7ak1t,16150,true,21,22,0,0,0,0,0,,0,0,360000000,360000000,0,0,0,ok,,
511,,,,un33k__python-slugify.872b3750.50.70b7ak1t,13,un33k__python-slugify.872b3750.50.70b7ak1t,16193,true,169,444,0,0,0,0,0,,0,0,390000000,390000000,0,0,0,ok,,
512,,,,un33k__python-slugify.872b3750.50.70b7ak1t,14,un33k__python-slugify.872b3750.50.70b7ak1t,16806,true,480,36,0,0,0,0,0,,0,0,420000000,420000000,0,0,0,ok,,
513,,,,un33k__python-slugify.872b3750.50.70b7ak1t,15,un33k__python-slugify.872b3750.50.70b7ak1t,17322,true,168,285,0,0,0,0,0,,0,0,450000000,450000000,0,0,0,ok,,
514,,,,pydicom__pydicom.7d361b3d.lm_rewrite__fgjtocjm.pjqa2yv9,0,swe_smith_system_prompt,978,true,982,105,0,0,0,0,0,,0,0,0,0,0,0,0,ok,,
515,,,,pydicom__pydicom.7d361b3d.lm_rewrite__fgjtocjm.pjqa2yv9,1,pydicom__pydicom.7d361b3d.lm_rewrite__fgjtocjm.pjqa2yv9,2065,true,28,67,0,0,0,0,0,,0,0,30000000,30000000,0,0,0,ok,,
516,,,,pydicom__pydicom.7d361b3d.lm_rewrite__fgjtocjm.pjqa2yv9,2,pydicom__pydicom.7d361b3d.lm_rewrite__fgjtocjm.pjqa2yv9,2160,true,1518,60,0,0,0,0,0,,0,0,60000000,60000000,0,0,0,ok,,
517,,,,pydicom__pydicom.7d361b3d.lm_rewrite__fgjtocjm.pjqa2yv9,3,pydicom__pydicom.7d361b3d.lm_rewrite__fgjtocjm.pjqa2yv9,3738,true,1265,68,0,0,0,0,0,,0,0,90000000,90000000,0,0,0,ok,,
518,,,,pydicom__pydicom.7d361b3d.lm_rewrite__fgjtocjm.pjqa2yv9,4,pydicom__pydicom.7d361b3d.lm_rewrite__fgjtocjm.pjqa2yv9,5071,true,87,274,0,0,0,0,0,,0,0,120000000,120000000,0,0,0,ok,,
519,,,,pydicom__pydicom.7d361b3d.lm_rewrite__fgjtocjm.pjqa2yv9,5,pydicom__pydicom.7d361b3d.lm_rewrite__fgjtocjm.pjqa2yv9,5432,true,23,35,0,0,0,0,0,,0,0,150000000,150000000,0,0,0,ok,,
520,,,,pydicom__pydicom.7d361b3d.lm_rewrite__fgjtocjm.pjqa2yv9,6,pydicom__pydicom.7d361b3d.lm_rewrite__fgjtocjm.pjqa2yv9,5490,true,58,110,0,0,0,0,0,,0,0,180000000,180000000,0,0,0,ok,,
521,,,,pydicom__pydicom.7d361b3d.lm_rewrite__fgjtocjm.pjqa2yv9,7,pydicom__pydicom.7d361b3d.lm_rewrite__fgjtocjm.pjqa2yv9,5658,true,48,55,0,0,0,0,0,,0,0,210000000,210000000,0,0,0,ok,,
522,,,,pydicom__pydicom.7d361b3d.lm_rewrite__fgjtocjm.pjqa2yv9,8,pydicom__pydicom.7d361b3d.lm_rewrite__fgjtocjm.pjqa2yv9,5761,true,11,356,0,0,0,0,0,,0,0,240000000,240000000,0,0,0,ok,,
523,,,,pydicom__pydicom.7d361b3d.lm_rewrite__fgjtocjm.pjqa2yv9,9,pydicom__pydicom.7d361b3d.lm_rewrite__fgjtocjm.pjqa2yv9,6128,true,279,32,0,0,0,0,0,,0,0,270000000,270000000,0,0,0,ok,,
524,,,,pydicom__pydicom.7d361b3d.lm_rewrite__fgjtocjm.pjqa2yv9,10,pydicom__pydicom.7d361b3d.lm_rewrite__fgjtocjm.pjqa2yv9,6439,true,56,386,0,0,0,0,0,,0,0,300000000,300000000,0,0,0,ok,,
525,,,,pydicom__pydicom.7d361b3d.lm_rewrite__fgjtocjm.pjqa2yv9,11,pydicom__pydicom.7d361b3d.lm_rewrite__fgjtocjm.pjqa2yv9,6881,true,431,57,0,0,0,0,0,,0,0,330000000,330000000,0,0,0,ok,,
526,,,,pydicom__pydicom.7d361b3d.lm_rewrite__fgjtocjm.pjqa2yv9,12,pydicom__pydicom.7d361b3d.lm_rewrite__fgjtocjm.pjqa2yv9,7369,true,59,411,0,0,0,0,0,,0,0,360000000,360000000,0,0,0,ok,,
527,,,,pydicom__pydicom.7d361b3d.lm_rewrite__fgjtocjm.pjqa2yv9,13,pydicom__pydicom.7d361b3d.lm_rewrite__fgjtocjm.pjqa2yv9,7839,true,23,32,0,0,0,0,0,,0,0,390000000,390000000,0,0,0,ok,,
528,,,,pydicom__pydicom.7d361b3d.lm_rewrite__fgjtocjm.pjqa2yv9,14,pydicom__pydicom.7d361b3d.lm_rewrite__fgjtocjm.pjqa2yv9,7894,true,155,229,0,0,0,0,0,,0,0,420000000,420000000,0,0,0,ok,,
529,,,,pydicom__pydicom.7d361b3d.lm_rewrite__fgjtocjm.pjqa2yv9,15,pydicom__pydicom.7d361b3d.lm_rewrite__fgjtocjm.pjqa2yv9,8278,true,1221,40,0,0,0,0,0,,0,0,450000000,450000000,0,0,0,ok,,
530,,,,pydicom__pydicom.7d361b3d.lm_rewrite__fgjtocjm.pjqa2yv9,16,pydicom__pydicom.7d361b3d.lm_rewrite__fgjtocjm.pjqa2yv9,9539,true,20,13,0,0,0,0,0,,0,0,480000000,480000000,0,0,0,ok,,
531,,,,Project-MONAI__MONAI.a09c1f08.pr_6560.fxjkd36g,0,swe_smith_system_prompt,978,true,681,35,0,0,0,0,0,,0,0,0,0,0,0,0,ok,,
532,,,,Project-MONAI__MONAI.a09c1f08.pr_6560.fxjkd36g,1,Project-MONAI__MONAI.a09c1f08.pr_6560.fxjkd36g,1694,true,5630,31,0,0,0,0,0,,0,0,30000000,30000000,0,0,0,ok,,
533,,,,Project-MONAI__MONAI.a09c1f08.pr_6560.fxjkd36g,2,Project-MONAI__MONAI.a09c1f08.pr_6560.fxjkd36g,7355,true,41,46,0,0,0,0,0,,0,0,60000000,60000000,0,0,0,ok,,
534,,,,Project-MONAI__MONAI.a09c1f08.pr_6560.fxjkd36g,3,Project-MONAI__MONAI.a09c1f08.pr_6560.fxjkd36g,7442,true,553,371,0,0,0,0,0,,0,0,90000000,90000000,0,0,0,ok,,
535,,,,Project-MONAI__MONAI.a09c1f08.pr_6560.fxjkd36g,4,Project-MONAI__MONAI.a09c1f08.pr_6560.fxjkd36g,8366,true,248,273,0,0,0,0,0,,0,0,120000000,120000000,0,0,0,ok,,
536,,,,Project-MONAI__MONAI.a09c1f08.pr_6560.fxjkd36g,5,Project-MONAI__MONAI.a09c1f08.pr_6560.fxjkd36g,8887,true,23,23,0,0,0,0,0,,0,0,150000000,150000000,0,0,0,ok,,
537,,,,Project-MONAI__MONAI.a09c1f08.pr_6560.fxjkd36g,6,Project-MONAI__MONAI.a09c1f08.pr_6560.fxjkd36g,8933,true,48,7,0,0,0,0,0,,0,0,180000000,180000000,0,0,0,ok,,
538,,,,conan-io__conan.86f29e13.pr_11654.qb6g2s7e,0,swe_smith_system_prompt,978,true,998,101,0,0,0,0,0,,0,0,0,0,0,0,0,ok,,
539,,,,conan-io__conan.86f29e13.pr_11654.qb6g2s7e,1,conan-io__conan.86f29e13.pr_11654.qb6g2s7e,2077,true,62,58,0,0,0,0,0,,0,0,30000000,30000000,0,0,0,ok,,
540,,,,conan-io__conan.86f29e13.pr_11654.qb6g2s7e,2,conan-io__conan.86f29e13.pr_11654.qb6g2s7e,2197,true,2581,70,0,0,0,0,0,,0,0,60000000,60000000,0,0,0,ok,,
541,,,,conan-io__conan.86f29e13.pr_11654.qb6g2s7e,3,conan-io__conan.86f29e13.pr_11654.qb6g2s7e,4848,true,703,370,0,0,0,0,0,,0,0,90000000,90000000,0,0,0,ok,,
542,,,,conan-io__conan.86f29e13.pr_11654.qb6g2s7e,4,conan-io__conan.86f29e13.pr_11654.qb6g2s7e,5921,true,23,53,0,0,0,0,0,,0,0,120000000,120000000,0,0,0,ok,,
543,,,,conan-io__conan.86f29e13.pr_11654.qb6g2s7e,5,conan-io__conan.86f29e13.pr_11654.qb6g2s7e,5997,true,1231,35,0,0,0,0,0,,0,0,150000000,150000000,0,0,0,ok,,
544,,,,conan-io__conan.86f29e13.pr_11654.qb6g2s7e,6,conan-io__conan.86f29e13.pr_11654.qb6g2s7e,7263,true,1463,41,0,0,0,0,0,,0,0,180000000,180000000,0,0,0,ok,,
545,,,,conan-io__conan.86f29e13.pr_11654.qb6g2s7e,7,conan-io__conan.86f29e13.pr_11654.qb6g2s7e,8767,true,75,149,0,0,0,0,0,,0,0,210000000,210000000,0,0,0,ok,,
546,,,,conan-io__conan.86f29e13.pr_11654.qb6g2s7e,8,conan-io__conan.86f29e13.pr_11654.qb6g2s7e,8991,true,217,37,0,0,0,0,0,,0,0,240000000,240000000,0,0,0,ok,,
547,,,,conan-io__conan.86f29e13.pr_11654.qb6g2s7e,9,conan-io__conan.86f29e13.pr_11654.qb6g2s7e,9245,true,205,736,0,0,0,0,0,,0,0,270000000,270000000,0,0,0,ok,,
548,,,,conan-io__conan.86f29e13.pr_11654.qb6g2s7e,10,conan-io__conan.86f29e13.pr_11654.qb6g2s7e,10186,true,796,32,0,0,0,0,0,,0,0,300000000,300000000,0,0,0,ok,,
549,,,,conan-io__conan.86f29e13.pr_11654.qb6g2s7e,11,conan-io__conan.86f29e13.pr_11654.qb6g2s7e,11014,true,65,889,0,0,0,0,0,,0,0,330000000,330000000,0,0,0,ok,,
550,,,,conan-io__conan.86f29e13.pr_11654.qb6g2s7e,12,conan-io__conan.86f29e13.pr_11654.qb6g2s7e,11968,true,694,32,0,0,0,0,0,,0,0,360000000,360000000,0,0,0,ok,,
551,,,,conan-io__conan.86f29e13.pr_11654.qb6g2s7e,13,conan-io__conan.86f29e13.pr_11654.qb6g2s7e,12694,true,428,653,0,0,0,0,0,,0,0,390000000,390000000,0,0,0,ok,,
552,,,,conan-io__conan.86f29e13.pr_11654.qb6g2s7e,14,conan-io__conan.86f29e13.pr_11654.qb6g2s7e,13775,true,653,117,0,0,0,0,0,,0,0,420000000,420000000,0,0,0,ok,,
553,,,,conan-io__conan.86f29e13.pr_11654.qb6g2s7e,15,conan-io__conan.86f29e13.pr_11654.qb6g2s7e,14545,true,208,650,0,0,0,0,0,,0,0,450000000,450000000,0,0,0,ok,,
554,,,,conan-io__conan.86f29e13.pr_11654.qb6g2s7e,16,conan-io__conan.86f29e13.pr_11654.qb6g2s7e,15403,true,25,35,0,0,0,0,0,,0,0,480000000,480000000,0,0,0,ok,,
555,,,,conan-io__conan.86f29e13.pr_11654.qb6g2s7e,17,conan-io__conan.86f29e13.pr_11654.qb6g2s7e,15463,true,353,662,0,0,0,0,0,,0,0,510000000,510000000,0,0,0,ok,,
556,,,,conan-io__conan.86f29e13.pr_11654.qb6g2s7e,18,conan-io__conan.86f29e13.pr_11654.qb6g2s7e,16478,true,700,368,0,0,0,0,0,,0,0,540000000,540000000,0,0,0,ok,,
557,,,,conan-io__conan.86f29e13.pr_11654.qb6g2s7e,19,conan-io__conan.86f29e13.pr_11654.qb6g2s7e,17546,true,472,46,0,0,0,0,0,,0,0,570000000,570000000,0,0,0,ok,,
558,,,,conan-io__conan.86f29e13.pr_11654.qb6g2s7e,20,conan-io__conan.86f29e13.pr_11654.qb6g2s7e,18064,true,208,55,0,0,0,0,0,,0,0,600000000,600000000,0,0,0,ok,,
559,,,,conan-io__conan.86f29e13.pr_11654.qb6g2s7e,21,conan-io__conan.86f29e13.pr_11654.qb6g2s7e,18327,true,208,464,0,0,0,0,0,,0,0,630000000,630000000,0,0,0,ok,,
560,,,,conan-io__conan.86f29e13.pr_11654.qb6g2s7e,22,conan-io__conan.86f29e13.pr_11654.qb6g2s7e,18999,true,24,25,0,0,0,0,0,,0,0,660000000,660000000,0,0,0,ok,,
561,,,,conan-io__conan.86f29e13.pr_11654.qb6g2s7e,23,conan-io__conan.86f29e13.pr_11654.qb6g2s7e,19048,true,119,238,0,0,0,0,0,,0,0,690000000,690000000,0,0,0,ok,,
562,,,,conan-io__conan.86f29e13.pr_11654.qb6g2s7e,24,conan-io__conan.86f29e13.pr_11654.qb6g2s7e,19405,true,2864,46,0,0,0,0,0,,0,0,720000000,720000000,0,0,0,ok,,
563,,,,conan-io__conan.86f29e13.pr_11654.qb6g2s7e,25,conan-io__conan.86f29e13.pr_11654.qb6g2s7e,22315,true,20,13,0,0,0,0,0,,0,0,750000000,750000000,0,0,0,ok,,
564,,,,pydantic__pydantic.acb0f10f.func_pm_remove_assign__077gtphd.dcw69p46,0,swe_smith_system_prompt,978,true,837,102,0,0,0,0,0,,0,0,0,0,0,0,0,ok,,
565,,,,pydantic__pydantic.acb0f10f.func_pm_remove_assign__077gtphd.dcw69p46,1,pydantic__pydantic.acb0f10f.func_pm_remove_assign__077gtphd.dcw69p46,1917,true,33422,51,0,0,0,0,0,,0,0,30000000,30000000,0,0,0,ok,,
566,,,,pydantic__pydantic.acb0f10f.func_pm_remove_assign__077gtphd.dcw69p46,2,pydantic__pydantic.acb0f10f.func_pm_remove_assign__077gtphd.dcw69p46,35390,true,3913,54,0,0,0,0,0,,0,0,60000000,60000000,0,0,0,ok,,
567,,,,pydantic__pydantic.acb0f10f.func_pm_remove_assign__077gtphd.dcw69p46,3,pydantic__pydantic.acb0f10f.func_pm_remove_assign__077gtphd.dcw69p46,39357,true,1608,51,0,0,0,0,0,,0,0,90000000,90000000,0,0,0,ok,,
568,,,,pydantic__pydantic.acb0f10f.func_pm_remove_assign__077gtphd.dcw69p46,4,pydantic__pydantic.acb0f10f.func_pm_remove_assign__077gtphd.dcw69p46,41016,true,5730,67,0,0,0,0,0,,0,0,120000000,120000000,0,0,0,ok,,
569,,,,pydantic__pydantic.acb0f10f.func_pm_remove_assign__077gtphd.dcw69p46,5,pydantic__pydantic.acb0f10f.func_pm_remove_assign__077gtphd.dcw69p46,46813,true,562,57,0,0,0,0,0,,0,0,150000000,150000000,0,0,0,ok,,
570,,,,pydantic__pydantic.acb0f10f.func_pm_remove_assign__077gtphd.dcw69p46,6,pydantic__pydantic.acb0f10f.func_pm_remove_assign__077gtphd.dcw69p46,47432,true,5659,67,0,0,0,0,0,,0,0,180000000,180000000,0,0,0,ok,,
571,,,,pydantic__pydantic.acb0f10f.func_pm_remove_assign__077gtphd.dcw69p46,7,pydantic__pydantic.acb0f10f.func_pm_remove_assign__077gtphd.dcw69p46,53158,true,620,49,0,0,0,0,0,,0,0,210000000,210000000,0,0,0,ok,,
572,,,,pydantic__pydantic.acb0f10f.func_pm_remove_assign__077gtphd.dcw69p46,8,pydantic__pydantic.acb0f10f.func_pm_remove_assign__077gtphd.dcw69p46,53827,true,44,60,0,0,0,0,0,,0,0,240000000,240000000,0,0,0,ok,,
573,,,,pydantic__pydantic.acb0f10f.func_pm_remove_assign__077gtphd.dcw69p46,9,pydantic__pydantic.acb0f10f.func_pm_remove_assign__077gtphd.dcw69p46,53931,true,307,60,0,0,0,0,0,,0,0,270000000,270000000,0,0,0,ok,,
574,,,,pydantic__pydantic.acb0f10f.func_pm_remove_assign__077gtphd.dcw69p46,10,pydantic__pydantic.acb0f10f.func_pm_remove_assign__077gtphd.dcw69p46,54298,true,695,301,0,0,0,0,0,,0,0,300000000,300000000,0,0,0,ok,,
575,,,,pydantic__pydantic.acb0f10f.func_pm_remove_assign__077gtphd.dcw69p46,11,pydantic__pydantic.acb0f10f.func_pm_remove_assign__077gtphd.dcw69p46,55294,true,21,32,0,0,0,0,0,,0,0,330000000,330000000,0,0,0,ok,,
576,,,,pydantic__pydantic.acb0f10f.func_pm_remove_assign__077gtphd.dcw69p46,12,pydantic__pydantic.acb0f10f.func_pm_remove_assign__077gtphd.dcw69p46,55347,true,181,33,0,0,0,0,0,,0,0,360000000,360000000,0,0,0,ok,,
577,,,,pydantic__pydantic.acb0f10f.func_pm_remove_assign__077gtphd.dcw69p46,13,pydantic__pydantic.acb0f10f.func_pm_remove_assign__077gtphd.dcw69p46,55561,true,761,30,0,0,0,0,0,,0,0,390000000,390000000,0,0,0,ok,,
578,,,,pydantic__pydantic.acb0f10f.func_pm_remove_assign__077gtphd.dcw69p46,14,pydantic__pydantic.acb0f10f.func_pm_remove_assign__077gtphd.dcw69p46,56352,true,816,414,0,0,0,0,0,,0,0,420000000,420000000,0,0,0,ok,,
579,,,,pydantic__pydantic.acb0f10f.func_pm_remove_assign__077gtphd.dcw69p46,15,pydantic__pydantic.acb0f10f.func_pm_remove_assign__077gtphd.dcw69p46,57582,true,370,29,0,0,0,0,0,,0,0,450000000,450000000,0,0,0,ok,,
580,,,,pydantic__pydantic.acb0f10f.func_pm_remove_assign__077gtphd.dcw69p46,16,pydantic__pydantic.acb0f10f.func_pm_remove_assign__077gtphd.dcw69p46,57981,true,816,74,0,0,0,0,0,,0,0,480000000,480000000,0,0,0,ok,,
581,,,,pydantic__pydantic.acb0f10f.func_pm_remove_assign__077gtphd.dcw69p46,17,pydantic__pydantic.acb0f10f.func_pm_remove_assign__077gtphd.dcw69p46,58871,true,620,932,0,0,0,0,0,,0,0,510000000,510000000,0,0,0,ok,,
582,,,,pydantic__pydantic.acb0f10f.func_pm_remove_assign__077gtphd.dcw69p46,18,pydantic__pydantic.acb0f10f.func_pm_remove_assign__077gtphd.dcw69p46,60423,true,925,38,0,0,0,0,0,,0,0,540000000,540000000,0,0,0,ok,,
583,,,,pydantic__pydantic.acb0f10f.func_pm_remove_assign__077gtphd.dcw69p46,19,pydantic__pydantic.acb0f10f.func_pm_remove_assign__077gtphd.dcw69p46,61386,true,292,481,0,0,0,0,0,,0,0,570000000,570000000,0,0,0,ok,,
584,,,,pydantic__pydantic.acb0f10f.func_pm_remove_assign__077gtphd.dcw69p46,20,pydantic__pydantic.acb0f10f.func_pm_remove_assign__077gtphd.dcw69p46,62159,true,421,29,0,0,0,0,0,,0,0,600000000,600000000,0,0,0,ok,,
585,,,,pydantic__pydantic.acb0f10f.func_pm_remove_assign__077gtphd.dcw69p46,21,pydantic__pydantic.acb0f10f.func_pm_remove_assign__077gtphd.dcw69p46,62609,true,301,699,0,0,0,0,0,,0,0,630000000,630000000,0,0,0,ok,,
586,,,,pydantic__pydantic.acb0f10f.func_pm_remove_assign__077gtphd.dcw69p46,22,pydantic__pydantic.acb0f10f.func_pm_remove_assign__077gtphd.dcw69p46,63609,true,684,29,0,0,0,0,0,,0,0,660000000,660000000,0,0,0,ok,,
587,,,,pydantic__pydantic.acb0f10f.func_pm_remove_assign__077gtphd.dcw69p46,23,pydantic__pydantic.acb0f10f.func_pm_remove_assign__077gtphd.dcw69p46,64322,true,605,978,0,0,0,0,0,,0,0,690000000,690000000,0,0,0,ok,,
588,,,,pydantic__pydantic.acb0f10f.func_pm_remove_assign__077gtphd.dcw69p46,24,pydantic__pydantic.acb0f10f.func_pm_remove_assign__077gtphd.dcw69p46,65905,true,927,29,0,0,0,0,0,,0,0,720000000,720000000,0,0,0,ok,,
589,,,,pydantic__pydantic.acb0f10f.func_pm_remove_assign__077gtphd.dcw69p46,25,pydantic__pydantic.acb0f10f.func_pm_remove_assign__077gtphd.dcw69p46,66861,true,658,420,0,0,0,0,0,,0,0,750000000,750000000,0,0,0,ok,,
590,,,,pydantic__pydantic.acb0f10f.func_pm_remove_assign__077gtphd.dcw69p46,26,pydantic__pydantic.acb0f10f.func_pm_remove_assign__077gtphd.dcw69p46,67939,true,1497,35,0,0,0,0,0,,0,0,780000000,780000000,0,0,0,ok,,
591,,,,pydantic__pydantic.acb0f10f.func_pm_remove_assign__077gtphd.dcw69p46,27,pydantic__pydantic.acb0f10f.func_pm_remove_assign__077gtphd.dcw69p46,69471,true,20,7,0,0,0,0,0,,0,0,810000000,810000000,0,0,0,ok,,
592,,,,luozhouyang__python-string-similarity.115acaac.func_pm_remove_cond__gch4emzr.zdndyajb,0,swe_smith_system_prompt,978,true,863,99,0,0,0,0,0,,0,0,0,0,0,0,0,ok,,
593,,,,luozhouyang__python-string-similarity.115acaac.func_pm_remove_cond__gch4emzr.zdndyajb,1,luozhouyang__python-string-similarity.115acaac.func_pm_remove_cond__gch4emzr.zdndyajb,1940,true,441,57,0,0,0,0,0,,0,0,30000000,30000000,0,0,0,ok,,
594,,,,luozhouyang__python-string-similarity.115acaac.func_pm_remove_cond__gch4emzr.zdndyajb,2,luozhouyang__python-string-similarity.115acaac.func_pm_remove_cond__gch4emzr.zdndyajb,2438,true,2963,54,0,0,0,0,0,,0,0,60000000,60000000,0,0,0,ok,,
595,,,,luozhouyang__python-string-similarity.115acaac.func_pm_remove_cond__gch4emzr.zdndyajb,3,luozhouyang__python-string-similarity.115acaac.func_pm_remove_cond__gch4emzr.zdndyajb,5455,true,273,249,0,0,0,0,0,,0,0,90000000,90000000,0,0,0,ok,,
596,,,,luozhouyang__python-string-similarity.115acaac.func_pm_remove_cond__gch4emzr.zdndyajb,4,luozhouyang__python-string-similarity.115acaac.func_pm_remove_cond__gch4emzr.zdndyajb,5977,true,25,38,0,0,0,0,0,,0,0,120000000,120000000,0,0,0,ok,,
597,,,,luozhouyang__python-string-similarity.115acaac.func_pm_remove_cond__gch4emzr.zdndyajb,5,luozhouyang__python-string-similarity.115acaac.func_pm_remove_cond__gch4emzr.zdndyajb,6040,true,110,489,0,0,0,0,0,,0,0,150000000,150000000,0,0,0,ok,,
598,,,,luozhouyang__python-string-similarity.115acaac.func_pm_remove_cond__gch4emzr.zdndyajb,6,luozhouyang__python-string-similarity.115acaac.func_pm_remove_cond__gch4emzr.zdndyajb,6639,true,493,156,0,0,0,0,0,,0,0,180000000,180000000,0,0,0,ok,,
599,,,,luozhouyang__python-string-similarity.115acaac.func_pm_remove_cond__gch4emzr.zdndyajb,7,luozhouyang__python-string-similarity.115acaac.func_pm_remove_cond__gch4emzr.zdndyajb,7288,true,217,55,0,0,0,0,0,,0,0,210000000,210000000,0,0,0,ok,,
600,,,,luozhouyang__python-string-similarity.115acaac.func_pm_remove_cond__gch4emzr.zdndyajb,8,luozhouyang__python-string-similarity.115acaac.func_pm_remove_cond__gch4emzr.zdndyajb,7560,true,110,1372,0,0,0,0,0,,0,0,240000000,240000000,0,0,0,ok,,
601,,,,luozhouyang__python-string-similarity.115acaac.func_pm_remove_cond__gch4emzr.zdndyajb,9,luozhouyang__python-string-similarity.115acaac.func_pm_remove_cond__gch4emzr.zdndyajb,9042,true,1164,40,0,0,0,0,0,,0,0,270000000,270000000,0,0,0,ok,,
602,,,,luozhouyang__python-string-similarity.115acaac.func_pm_remove_cond__gch4emzr.zdndyajb,10,luozhouyang__python-string-similarity.115acaac.func_pm_remove_cond__gch4emzr.zdndyajb,10246,true,110,1784,0,0,0,0,0,,0,0,300000000,300000000,0,0,0,ok,,
603,,,,luozhouyang__python-string-similarity.115acaac.func_pm_remove_cond__gch4emzr.zdndyajb,11,luozhouyang__python-string-similarity.115acaac.func_pm_remove_cond__gch4emzr.zdndyajb,12140,true,1786,53,0,0,0,0,0,,0,0,330000000,330000000,0,0,0,ok,,
604,,,,luozhouyang__python-string-similarity.115acaac.func_pm_remove_cond__gch4emzr.zdndyajb,12,luozhouyang__python-string-similarity.115acaac.func_pm_remove_cond__gch4emzr.zdndyajb,13979,true,112,43,0,0,0,0,0,,0,0,360000000,360000000,0,0,0,ok,,
605,,,,luozhouyang__python-string-similarity.115acaac.func_pm_remove_cond__gch4emzr.zdndyajb,13,luozhouyang__python-string-similarity.115acaac.func_pm_remove_cond__gch4emzr.zdndyajb,14134,true,38,2374,0,0,0,0,0,,0,0,390000000,390000000,0,0,0,ok,,
606,,,,luozhouyang__python-string-similarity.115acaac.func_pm_remove_cond__gch4emzr.zdndyajb,14,luozhouyang__python-string-similarity.115acaac.func_pm_remove_cond__gch4emzr.zdndyajb,16546,true,2100,38,0,0,0,0,0,,0,0,420000000,420000000,0,0,0,ok,,
607,,,,luozhouyang__python-string-similarity.115acaac.func_pm_remove_cond__gch4emzr.zdndyajb,15,luozhouyang__python-string-similarity.115acaac.func_pm_remove_cond__gch4emzr.zdndyajb,18684,true,112,40,0,0,0,0,0,,0,0,450000000,450000000,0,0,0,ok,,
608,,,,luozhouyang__python-string-similarity.115acaac.func_pm_remove_cond__gch4emzr.zdndyajb,16,luozhouyang__python-string-similarity.115acaac.func_pm_remove_cond__gch4emzr.zdndyajb,18836,true,38,526,0,0,0,0,0,,0,0,480000000,480000000,0,0,0,ok,,
609,,,,luozhouyang__python-string-similarity.115acaac.func_pm_remove_cond__gch4emzr.zdndyajb,17,luozhouyang__python-string-similarity.115acaac.func_pm_remove_cond__gch4emzr.zdndyajb,19400,true,25,38,0,0,0,0,0,,0,0,510000000,510000000,0,0,0,ok,,
610,,,,luozhouyang__python-string-similarity.115acaac.func_pm_remove_cond__gch4emzr.zdndyajb,18,luozhouyang__python-string-similarity.115acaac.func_pm_remove_cond__gch4emzr.zdndyajb,19463,true,269,2652,0,0,0,0,0,,0,0,540000000,540000000,0,0,0,ok,,
611,,,,luozhouyang__python-string-similarity.115acaac.func_pm_remove_cond__gch4emzr.zdndyajb,19,luozhouyang__python-string-similarity.115acaac.func_pm_remove_cond__gch4emzr.zdndyajb,22384,true,2151,35,0,0,0,0,0,,0,0,570000000,570000000,0,0,0,ok,,
612,,,,luozhouyang__python-string-similarity.115acaac.func_pm_remove_cond__gch4emzr.zdndyajb,20,luozhouyang__python-string-similarity.115acaac.func_pm_remove_cond__gch4emzr.zdndyajb,24570,true,269,44,0,0,0,0,0,,0,0,600000000,600000000,0,0,0,ok,,
613,,,,luozhouyang__python-string-similarity.115acaac.func_pm_remove_cond__gch4emzr.zdndyajb,21,luozhouyang__python-string-similarity.115acaac.func_pm_remove_cond__gch4emzr.zdndyajb,24883,true,38,304,0,0,0,0,0,,0,0,630000000,630000000,0,0,0,ok,,
614,,,,luozhouyang__python-string-similarity.115acaac.func_pm_remove_cond__gch4emzr.zdndyajb,22,luozhouyang__python-string-similarity.115acaac.func_pm_remove_cond__gch4emzr.zdndyajb,25225,true,3253,43,0,0,0,0,0,,0,0,660000000,660000000,0,0,0,ok,,
615,,,,luozhouyang__python-string-similarity.115acaac.func_pm_remove_cond__gch4emzr.zdndyajb,23,luozhouyang__python-string-similarity.115acaac.func_pm_remove_cond__gch4emzr.zdndyajb,28521,true,20,13,0,0,0,0,0,,0,0,690000000,690000000,0,0,0,ok,,
616,,,,conan-io__conan.86f29e13.pr_12752.jhdjfm3r,0,swe_smith_system_prompt,978,true,785,99,0,0,0,0,0,,0,0,0,0,0,0,0,ok,,
617,,,,conan-io__conan.86f29e13.pr_12752.jhdjfm3r,1,conan-io__conan.86f29e13.pr_12752.jhdjfm3r,1862,true,18522,85,0,0,0,0,0,,0,0,30000000,30000000,0,0,0,ok,,
618,,,,conan-io__conan.86f29e13.pr_12752.jhdjfm3r,2,conan-io__conan.86f29e13.pr_12752.jhdjfm3r,20469,true,4378,48,0,0,0,0,0,,0,0,60000000,60000000,0,0,0,ok,,
619,,,,conan-io__conan.86f29e13.pr_12752.jhdjfm3r,3,conan-io__conan.86f29e13.pr_12752.jhdjfm3r,24895,true,1721,80,0,0,0,0,0,,0,0,90000000,90000000,0,0,0,ok,,
620,,,,conan-io__conan.86f29e13.pr_12752.jhdjfm3r,4,conan-io__conan.86f29e13.pr_12752.jhdjfm3r,26696,true,324,64,0,0,0,0,0,,0,0,120000000,120000000,0,0,0,ok,,
621,,,,conan-io__conan.86f29e13.pr_12752.jhdjfm3r,5,conan-io__conan.86f29e13.pr_12752.jhdjfm3r,27084,true,145,356,0,0,0,0,0,,0,0,150000000,150000000,0,0,0,ok,,
622,,,,conan-io__conan.86f29e13.pr_12752.jhdjfm3r,6,conan-io__conan.86f29e13.pr_12752.jhdjfm3r,27585,true,23,35,0,0,0,0,0,,0,0,180000000,180000000,0,0,0,ok,,
623,,,,conan-io__conan.86f29e13.pr_12752.jhdjfm3r,7,conan-io__conan.86f29e13.pr_12752.jhdjfm3r,27643,true,70,70,0,0,0,0,0,,0,0,210000000,210000000,0,0,0,ok,,
624,,,,conan-io__conan.86f29e13.pr_12752.jhdjfm3r,8,conan-io__conan.86f29e13.pr_12752.jhdjfm3r,27783,true,196,39,0,0,0,0,0,,0,0,240000000,240000000,0,0,0,ok,,
625,,,,conan-io__conan.86f29e13.pr_12752.jhdjfm3r,9,conan-io__conan.86f29e13.pr_12752.jhdjfm3r,28018,true,19,39,0,0,0,0,0,,0,0,270000000,270000000,0,0,0,ok,,
626,,,,conan-io__conan.86f29e13.pr_12752.jhdjfm3r,10,conan-io__conan.86f29e13.pr_12752.jhdjfm3r,28076,true,25,116,0,0,0,0,0,,0,0,300000000,300000000,0,0,0,ok,,
627,,,,conan-io__conan.86f29e13.pr_12752.jhdjfm3r,11,conan-io__conan.86f29e13.pr_12752.jhdjfm3r,28217,true,140,32,0,0,0,0,0,,0,0,330000000,330000000,0,0,0,ok,,
628,,,,conan-io__conan.86f29e13.pr_12752.jhdjfm3r,12,conan-io__conan.86f29e13.pr_12752.jhdjfm3r,28389,true,74,542,0,0,0,0,0,,0,0,360000000,360000000,0,0,0,ok,,
629,,,,conan-io__conan.86f29e13.pr_12752.jhdjfm3r,13,conan-io__conan.86f29e13.pr_12752.jhdjfm3r,29005,true,449,55,0,0,0,0,0,,0,0,390000000,390000000,0,0,0,ok,,
630,,,,conan-io__conan.86f29e13.pr_12752.jhdjfm3r,14,conan-io__conan.86f29e13.pr_12752.jhdjfm3r,29509,true,56,1077,0,0,0,0,0,,0,0,420000000,420000000,0,0,0,ok,,
631,,,,conan-io__conan.86f29e13.pr_12752.jhdjfm3r,15,conan-io__conan.86f29e13.pr_12752.jhdjfm3r,30642,true,23,32,0,0,0,0,0,,0,0,450000000,450000000,0,0,0,ok,,
632,,,,conan-io__conan.86f29e13.pr_12752.jhdjfm3r,16,conan-io__conan.86f29e13.pr_12752.jhdjfm3r,30697,true,104,35,0,0,0,0,0,,0,0,480000000,480000000,0,0,0,ok,,
633,,,,conan-io__conan.86f29e13.pr_12752.jhdjfm3r,17,conan-io__conan.86f29e13.pr_12752.jhdjfm3r,30836,true,2295,41,0,0,0,0,0,,0,0,510000000,510000000,0,0,0,ok,,
634,,,,conan-io__conan.86f29e13.pr_12752.jhdjfm3r,18,conan-io__conan.86f29e13.pr_12752.jhdjfm3r,33172,true,20,7,0,0,0,0,0,,0,0,540000000,540000000,0,0,0,ok,,
635,,,,marshmallow-code__apispec.8b421526.func_pm_ctrl_shuffle__smncs4i8.myobw605,0,swe_smith_system_prompt,978,true,812,115,0,0,0,0,0,,0,0,0,0,0,0,0,ok,,
636,,,,marshmallow-code__apispec.8b421526.func_pm_ctrl_shuffle__smncs4i8.myobw605,1,marshmallow-code__apispec.8b421526.func_pm_ctrl_shuffle__smncs4i8.myobw605,1905,true,305,60,0,0,0,0,0,,0,0,30000000,30000000,0,0,0,ok,,
637,,,,marshmallow-code__apispec.8b421526.func_pm_ctrl_shuffle__smncs4i8.myobw605,2,marshmallow-code__apispec.8b421526.func_pm_ctrl_shuffle__smncs4i8.myobw605,2270,true,62,61,0,0,0,0,0,,0,0,60000000,60000000,0,0,0,ok,,
638,,,,marshmallow-code__apispec.8b421526.func_pm_ctrl_shuffle__smncs4i8.myobw605,3,marshmallow-code__apispec.8b421526.func_pm_ctrl_shuffle__smncs4i8.myobw605,2393,true,2307,66,0,0,0,0,0,,0,0,90000000,90000000,0,0,0,ok,,
639,,,,marshmallow-code__apispec.8b421526.func_pm_ctrl_shuffle__smncs4i8.myobw605,4,marshmallow-code__apispec.8b421526.func_pm_ctrl_shuffle__smncs4i8.myobw605,4766,true,213,124,0,0,0,0,0,,0,0,120000000,120000000,0,0,0,ok,,
640,,,,marshmallow-code__apispec.8b421526.func_pm_ctrl_shuffle__smncs4i8.myobw605,5,marshmallow-code__apispec.8b421526.func_pm_ctrl_shuffle__smncs4i8.myobw605,5103,true,200,264,0,0,0,0,0,,0,0,150000000,150000000,0,0,0,ok,,
641,,,,marshmallow-code__apispec.8b421526.func_pm_ctrl_shuffle__smncs4i8.myobw605,6,marshmallow-code__apispec.8b421526.func_pm_ctrl_shuffle__smncs4i8.myobw605,5567,true,21,35,0,0,0,0,0,,0,0,180000000,180000000,0,0,0,ok,,
642,,,,marshmallow-code__apispec.8b421526.func_pm_ctrl_shuffle__smncs4i8.myobw605,7,marshmallow-code__apispec.8b421526.func_pm_ctrl_shuffle__smncs4i8.myobw605,5623,true,34,361,0,0,0,0,0,,0,0,210000000,210000000,0,0,0,ok,,
643,,,,marshmallow-code__apispec.8b421526.func_pm_ctrl_shuffle__smncs4i8.myobw605,8,marshmallow-code__apispec.8b421526.func_pm_ctrl_shuffle__smncs4i8.myobw605,6018,true,389,52,0,0,0,0,0,,0,0,240000000,240000000,0,0,0,ok,,
644,,,,marshmallow-code__apispec.8b421526.func_pm_ctrl_shuffle__smncs4i8.myobw605,9,marshmallow-code__apispec.8b421526.func_pm_ctrl_shuffle__smncs4i8.myobw605,6459,true,41,442,0,0,0,0,0,,0,0,270000000,270000000,0,0,0,ok,,
645,,,,marshmallow-code__apispec.8b421526.func_pm_ctrl_shuffle__smncs4i8.myobw605,10,marshmallow-code__apispec.8b421526.func_pm_ctrl_shuffle__smncs4i8.myobw605,6942,true,22,31,0,0,0,0,0,,0,0,300000000,300000000,0,0,0,ok,,
646,,,,marshmallow-code__apispec.8b421526.func_pm_ctrl_shuffle__smncs4i8.myobw605,11,marshmallow-code__apispec.8b421526.func_pm_ctrl_shuffle__smncs4i8.myobw605,6995,true,98,328,0,0,0,0,0,,0,0,330000000,330000000,0,0,0,ok,,
647,,,,marshmallow-code__apispec.8b421526.func_pm_ctrl_shuffle__smncs4i8.myobw605,12,marshmallow-code__apispec.8b421526.func_pm_ctrl_shuffle__smncs4i8.myobw605,7421,true,23,30,0,0,0,0,0,,0,0,360000000,360000000,0,0,0,ok,,
648,,,,marshmallow-code__apispec.8b421526.func_pm_ctrl_shuffle__smncs4i8.myobw605,13,marshmallow-code__apispec.8b421526.func_pm_ctrl_shuffle__smncs4i8.myobw605,7474,true,77,35,0,0,0,0,0,,0,0,390000000,390000000,0,0,0,ok,,
649,,,,marshmallow-code__apispec.8b421526.func_pm_ctrl_shuffle__smncs4i8.myobw605,14,marshmallow-code__apispec.8b421526.func_pm_ctrl_shuffle__smncs4i8.myobw605,7586,true,1701,45,0,0,0,0,0,,0,0,420000000,420000000,0,0,0,ok,,
650,,,,marshmallow-code__apispec.8b421526.func_pm_ctrl_shuffle__smncs4i8.myobw605,15,marshmallow-code__apispec.8b421526.func_pm_ctrl_shuffle__smncs4i8.myobw605,9332,true,20,13,0,0,0,0,0,,0,0,450000000,450000000,0,0,0,ok,,
651,,,,scrapy__scrapy.35212ec5.lm_rewrite__0x23rybz.x90to3jr,0,swe_smith_system_prompt,978,true,814,110,0,0,0,0,0,,0,0,0,0,0,0,0,ok,,
652,,,,scrapy__scrapy.35212ec5.lm_rewrite__0x23rybz.x90to3jr,1,scrapy__scrapy.35212ec5.lm_rewrite__0x23rybz.x90to3jr,1902,true,27,54,0,0,0,0,0,,0,0,30000000,30000000,0,0,0,ok,,
653,,,,scrapy__scrapy.35212ec5.lm_rewrite__0x23rybz.x90to3jr,2,scrapy__scrapy.35212ec5.lm_rewrite__0x23rybz.x90to3jr,1983,true,3059,61,0,0,0,0,0,,0,0,60000000,60000000,0,0,0,ok,,
654,,,,scrapy__scrapy.35212ec5.lm_rewrite__0x23rybz.x90to3jr,3,scrapy__scrapy.35212ec5.lm_rewrite__0x23rybz.x90to3jr,5103,true,13,42,0,0,0,0,0,,0,0,90000000,90000000,0,0,0,ok,,
655,,,,scrapy__scrapy.35212ec5.lm_rewrite__0x23rybz.x90to3jr,4,scrapy__scrapy.35212ec5.lm_rewrite__0x23rybz.x90to3jr,5158,true,3140,201,0,0,0,0,0,,0,0,120000000,120000000,0,0,0,ok,,
656,,,,scrapy__scrapy.35212ec5.lm_rewrite__0x23rybz.x90to3jr,5,scrapy__scrapy.35212ec5.lm_rewrite__0x23rybz.x90to3jr,8499,true,23,37,0,0,0,0,0,,0,0,150000000,150000000,0,0,0,ok,,
657,,,,scrapy__scrapy.35212ec5.lm_rewrite__0x23rybz.x90to3jr,6,scrapy__scrapy.35212ec5.lm_rewrite__0x23rybz.x90to3jr,8559,true,110,678,0,0,0,0,0,,0,0,180000000,180000000,0,0,0,ok,,
658,,,,scrapy__scrapy.35212ec5.lm_rewrite__0x23rybz.x90to3jr,7,scrapy__scrapy.35212ec5.lm_rewrite__0x23rybz.x90to3jr,9347,true,641,44,0,0,0,0,0,,0,0,210000000,210000000,0,0,0,ok,,
659,,,,scrapy__scrapy.35212ec5.lm_rewrite__0x23rybz.x90to3jr,8,scrapy__scrapy.35212ec5.lm_rewrite__0x23rybz.x90to3jr,10032,true,110,623,0,0,0,0,0,,0,0,240000000,240000000,0,0,0,ok,,
660,,,,scrapy__scrapy.35212ec5.lm_rewrite__0x23rybz.x90to3jr,9,scrapy__scrapy.35212ec5.lm_rewrite__0x23rybz.x90to3jr,10765,true,679,33,0,0,0,0,0,,0,0,270000000,270000000,0,0,0,ok,,
661,,,,scrapy__scrapy.35212ec5.lm_rewrite__0x23rybz.x90to3jr,10,scrapy__scrapy.35212ec5.lm_rewrite__0x23rybz.x90to3jr,11477,true,401,929,0,0,0,0,0,,0,0,300000000,300000000,0,0,0,ok,,
662,,,,scrapy__scrapy.35212ec5.lm_rewrite__0x23rybz.x90to3jr,11,scrapy__scrapy.35212ec5.lm_rewrite__0x23rybz.x90to3jr,12807,true,956,45,0,0,0,0,0,,0,0,330000000,330000000,0,0,0,ok,,
663,,,,scrapy__scrapy.35212ec5.lm_rewrite__0x23rybz.x90to3jr,12,scrapy__scrapy.35212ec5.lm_rewrite__0x23rybz.x90to3jr,13808,true,418,314,0,0,0,0,0,,0,0,360000000,360000000,0,0,0,ok,,
664,,,,scrapy__scrapy.35212ec5.lm_rewrite__0x23rybz.x90to3jr,13,scrapy__scrapy.35212ec5.lm_rewrite__0x23rybz.x90to3jr,14540,true,120,44,0,0,0,0,0,,0,0,390000000,390000000,0,0,0,ok,,
665,,,,scrapy__scrapy.35212ec5.lm_rewrite__0x23rybz.x90to3jr,14,scrapy__scrapy.35212ec5.lm_rewrite__0x23rybz.x90to3jr,14704,true,626,278,0,0,0,0,0,,0,0,420000000,420000000,0,0,0,ok,,
666,,,,scrapy__scrapy.35212ec5.lm_rewrite__0x23rybz.x90to3jr,15,scrapy__scrapy.35212ec5.lm_rewrite__0x23rybz.x90to3jr,15608,true,117,846,0,0,0,0,0,,0,0,450000000,450000000,0,0,0,ok,,
667,,,,scrapy__scrapy.35212ec5.lm_rewrite__0x23rybz.x90to3jr,16,scrapy__scrapy.35212ec5.lm_rewrite__0x23rybz.x90to3jr,16571,true,504,214,0,0,0,0,0,,0,0,480000000,480000000,0,0,0,ok,,
668,,,,scrapy__scrapy.35212ec5.lm_rewrite__0x23rybz.x90to3jr,17,scrapy__scrapy.35212ec5.lm_rewrite__0x23rybz.x90to3jr,17289,true,24,31,0,0,0,0,0,,0,0,510000000,510000000,0,0,0,ok,,
669,,,,scrapy__scrapy.35212ec5.lm_rewrite__0x23rybz.x90to3jr,18,scrapy__scrapy.35212ec5.lm_rewrite__0x23rybz.x90to3jr,17344,true,147,1091,0,0,0,0,0,,0,0,540000000,540000000,0,0,0,ok,,
670,,,,scrapy__scrapy.35212ec5.lm_rewrite__0x23rybz.x90to3jr,19,scrapy__scrapy.35212ec5.lm_rewrite__0x23rybz.x90to3jr,18582,true,956,49,0,0,0,0,0,,0,0,570000000,570000000,0,0,0,ok,,
671,,,,scrapy__scrapy.35212ec5.lm_rewrite__0x23rybz.x90to3jr,20,scrapy__scrapy.35212ec5.lm_rewrite__0x23rybz.x90to3jr,19587,true,561,438,0,0,0,0,0,,0,0,600000000,600000000,0,0,0,ok,,
672,,,,scrapy__scrapy.35212ec5.lm_rewrite__0x23rybz.x90to3jr,21,scrapy__scrapy.35212ec5.lm_rewrite__0x23rybz.x90to3jr,20586,true,24,31,0,0,0,0,0,,0,0,630000000,630000000,0,0,0,ok,,
673,,,,scrapy__scrapy.35212ec5.lm_rewrite__0x23rybz.x90to3jr,22,scrapy__scrapy.35212ec5.lm_rewrite__0x23rybz.x90to3jr,20641,true,423,266,0,0,0,0,0,,0,0,660000000,660000000,0,0,0,ok,,
674,,,,scrapy__scrapy.35212ec5.lm_rewrite__0x23rybz.x90to3jr,23,scrapy__scrapy.35212ec5.lm_rewrite__0x23rybz.x90to3jr,21330,true,33422,45,0,0,0,0,0,,0,0,690000000,690000000,0,0,0,ok,,
675,,,,scrapy__scrapy.35212ec5.lm_rewrite__0x23rybz.x90to3jr,24,scrapy__scrapy.35212ec5.lm_rewrite__0x23rybz.x90to3jr,54797,true,20,15,0,0,0,0,0,,0,0,720000000,720000000,0,0,0,ok,,
676,,,,dask__dask.5f61e423.lm_rewrite__wf7wp5ae.z8nktsty,0,swe_smith_system_prompt,978,true,1144,73,0,0,0,0,0,,0,0,0,0,0,0,0,ok,,
677,,,,dask__dask.5f61e423.lm_rewrite__wf7wp5ae.z8nktsty,1,dask__dask.5f61e423.lm_rewrite__wf7wp5ae.z8nktsty,2195,true,15,60,0,0,0,0,0,,0,0,30000000,30000000,0,0,0,ok,,
678,,,,dask__dask.5f61e423.lm_rewrite__wf7wp5ae.z8nktsty,2,dask__dask.5f61e423.lm_rewrite__wf7wp5ae.z8nktsty,2270,true,4909,318,0,0,0,0,0,,0,0,60000000,60000000,0,0,0,ok,,
679,,,,dask__dask.5f61e423.lm_rewrite__wf7wp5ae.z8nktsty,3,dask__dask.5f61e423.lm_rewrite__wf7wp5ae.z8nktsty,7497,true,23,37,0,0,0,0,0,,0,0,90000000,90000000,0,0,0,ok,,
680,,,,dask__dask.5f61e423.lm_rewrite__wf7wp5ae.z8nktsty,4,dask__dask.5f61e423.lm_rewrite__wf7wp5ae.z8nktsty,7557,true,115,1032,0,0,0,0,0,,0,0,120000000,120000000,0,0,0,ok,,
681,,,,dask__dask.5f61e423.lm_rewrite__wf7wp5ae.z8nktsty,5,dask__dask.5f61e423.lm_rewrite__wf7wp5ae.z8nktsty,8704,true,1115,308,0,0,0,0,0,,0,0,150000000,150000000,0,0,0,ok,,
682,,,,dask__dask.5f61e423.lm_rewrite__wf7wp5ae.z8nktsty,6,dask__dask.5f61e423.lm_rewrite__wf7wp5ae.z8nktsty,10127,true,455,42,0,0,0,0,0,,0,0,180000000,180000000,0,0,0,ok,,
683,,,,dask__dask.5f61e423.lm_rewrite__wf7wp5ae.z8nktsty,7,dask__dask.5f61e423.lm_rewrite__wf7wp5ae.z8nktsty,10624,true,119,1033,0,0,0,0,0,,0,0,210000000,210000000,0,0,0,ok,,
684,,,,dask__dask.5f61e423.lm_rewrite__wf7wp5ae.z8nktsty,8,dask__dask.5f61e423.lm_rewrite__wf7wp5ae.z8nktsty,11776,true,24,34,0,0,0,0,0,,0,0,240000000,240000000,0,0,0,ok,,
685,,,,dask__dask.5f61e423.lm_rewrite__wf7wp5ae.z8nktsty,9,dask__dask.5f61e423.lm_rewrite__wf7wp5ae.z8nktsty,11834,true,507,666,0,0,0,0,0,,0,0,270000000,270000000,0,0,0,ok,,
686,,,,dask__dask.5f61e423.lm_rewrite__wf7wp5ae.z8nktsty,10,dask__dask.5f61e423.lm_rewrite__wf7wp5ae.z8nktsty,13007,true,703,319,0,0,0,0,0,,0,0,300000000,300000000,0,0,0,ok,,
687,,,,dask__dask.5f61e423.lm_rewrite__wf7wp5ae.z8nktsty,11,dask__dask.5f61e423.lm_rewrite__wf7wp5ae.z8nktsty,14029,true,389,37,0,0,0,0,0,,0,0,330000000,330000000,0,0,0,ok,,
688,,,,dask__dask.5f61e423.lm_rewrite__wf7wp5ae.z8nktsty,12,dask__dask.5f61e423.lm_rewrite__wf7wp5ae.z8nktsty,14455,true,508,598,0,0,0,0,0,,0,0,360000000,360000000,0,0,0,ok,,
689,,,,dask__dask.5f61e423.lm_rewrite__wf7wp5ae.z8nktsty,13,dask__dask.5f61e423.lm_rewrite__wf7wp5ae.z8nktsty,15561,true,20,30,0,0,0,0,0,,0,0,390000000,390000000,0,0,0,ok,,
690,,,,dask__dask.5f61e423.lm_rewrite__wf7wp5ae.z8nktsty,14,dask__dask.5f61e423.lm_rewrite__wf7wp5ae.z8nktsty,15611,true,240,132,0,0,0,0,0,,0,0,420000000,420000000,0,0,0,ok,,
691,,,,dask__dask.5f61e423.lm_rewrite__wf7wp5ae.z8nktsty,15,dask__dask.5f61e423.lm_rewrite__wf7wp5ae.z8nktsty,15983,true,4051,46,0,0,0,0,0,,0,0,450000000,450000000,0,0,0,ok,,
692,,,,dask__dask.5f61e423.lm_rewrite__wf7wp5ae.z8nktsty,16,dask__dask.5f61e423.lm_rewrite__wf7wp5ae.z8nktsty,20080,true,20,13,0,0,0,0,0,,0,0,480000000,480000000,0,0,0,ok,,
693,,,,chardet__chardet.9630f238.158.l9fqji36,0,swe_smith_system_prompt,978,true,901,73,0,0,0,0,0,,0,0,0,0,0,0,0,ok,,
694,,,,chardet__chardet.9630f238.158.l9fqji36,1,chardet__chardet.9630f238.158.l9fqji36,1952,true,26,46,0,0,0,0,0,,0,0,30000000,30000000,0,0,0,ok,,
695,,,,chardet__chardet.9630f238.158.l9fqji36,2,chardet__chardet.9630f238.158.l9fqji36,2024,true,3467,348,0,0,0,0,0,,0,0,60000000,60000000,0,0,0,ok,,
696,,,,chardet__chardet.9630f238.158.l9fqji36,3,chardet__chardet.9630f238.158.l9fqji36,5839,true,25,35,0,0,0,0,0,,0,0,90000000,90000000,0,0,0,ok,,
697,,,,chardet__chardet.9630f238.158.l9fqji36,4,chardet__chardet.9630f238.158.l9fqji36,5899,true,136,197,0,0,0,0,0,,0,0,120000000,120000000,0,0,0,ok,,
698,,,,chardet__chardet.9630f238.158.l9fqji36,5,chardet__chardet.9630f238.158.l9fqji36,6232,true,206,47,0,0,0,0,0,,0,0,150000000,150000000,0,0,0,ok,,
699,,,,chardet__chardet.9630f238.158.l9fqji36,6,chardet__chardet.9630f238.158.l9fqji36,6485,true,136,362,0,0,0,0,0,,0,0,180000000,180000000,0,0,0,ok,,
700,,,,msiemens__tinydb.10644a0e.func_pm_ctrl_shuffle__twt15ie9.jg2novk6,0,swe_smith_system_prompt,978,true,787,98,0,0,0,0,0,,0,0,0,0,0,0,0,ok,,
701,,,,msiemens__tinydb.10644a0e.func_pm_ctrl_shuffle__twt15ie9.jg2novk6,1,msiemens__tinydb.10644a0e.func_pm_ctrl_shuffle__twt15ie9.jg2novk6,1863,true,218,98,0,0,0,0,0,,0,0,30000000,30000000,0,0,0,ok,,
702,,,,msiemens__tinydb.10644a0e.func_pm_ctrl_shuffle__twt15ie9.jg2novk6,2,msiemens__tinydb.10644a0e.func_pm_ctrl_shuffle__twt15ie9.jg2novk6,2179,true,3664,61,0,0,0,0,0,,0,0,60000000,60000000,0,0,0,ok,,
703,,,,msiemens__tinydb.10644a0e.func_pm_ctrl_shuffle__twt15ie9.jg2novk6,3,msiemens__tinydb.10644a0e.func_pm_ctrl_shuffle__twt15ie9.jg2novk6,5904,true,2486,67,0,0,0,0,0,,0,0,90000000,90000000,0,0,0,ok,,
704,,,,msiemens__tinydb.10644a0e.func_pm_ctrl_shuffle__twt15ie9.jg2novk6,4,msiemens__tinydb.10644a0e.func_pm_ctrl_shuffle__twt15ie9.jg2novk6,8457,true,1397,70,0,0,0,0,0,,0,0,120000000,120000000,0,0,0,ok,,
705,,,,msiemens__tinydb.10644a0e.func_pm_ctrl_shuffle__twt15ie9.jg2novk6,5,msiemens__tinydb.10644a0e.func_pm_ctrl_shuffle__twt15ie9.jg2novk6,9924,true,681,193,0,0,0,0,0,,0,0,150000000,150000000,0,0,0,ok,,
706,,,,msiemens__tinydb.10644a0e.func_pm_ctrl_shuffle__twt15ie9.jg2novk6,6,msiemens__tinydb.10644a0e.func_pm_ctrl_shuffle__twt15ie9.jg2novk6,10798,true,23,35,0,0,0,0,0,,0,0,180000000,180000000,0,0,0,ok,,
707,,,,msiemens__tinydb.10644a0e.func_pm_ctrl_shuffle__twt15ie9.jg2novk6,7,msiemens__tinydb.10644a0e.func_pm_ctrl_shuffle__twt15ie9.jg2novk6,10856,true,162,578,0,0,0,0,0,,0,0,210000000,210000000,0,0,0,ok,,
708,,,,msiemens__tinydb.10644a0e.func_pm_ctrl_shuffle__twt15ie9.jg2novk6,8,msiemens__tinydb.10644a0e.func_pm_ctrl_shuffle__twt15ie9.jg2novk6,11596,true,561,40,0,0,0,0,0,,0,0,240000000,240000000,0,0,0,ok,,
709,,,,msiemens__tinydb.10644a0e.func_pm_ctrl_shuffle__twt15ie9.jg2novk6,9,msiemens__tinydb.10644a0e.func_pm_ctrl_shuffle__twt15ie9.jg2novk6,12197,true,20,49,0,0,0,0,0,,0,0,270000000,270000000,0,0,0,ok,,
710,,,,msiemens__tinydb.10644a0e.func_pm_ctrl_shuffle__twt15ie9.jg2novk6,10,msiemens__tinydb.10644a0e.func_pm_ctrl_shuffle__twt15ie9.jg2novk6,12266,true,69,195,0,0,0,0,0,,0,0,300000000,300000000,0,0,0,ok,,
711,,,,msiemens__tinydb.10644a0e.func_pm_ctrl_shuffle__twt15ie9.jg2novk6,11,msiemens__tinydb.10644a0e.func_pm_ctrl_shuffle__twt15ie9.jg2novk6,12530,true,22,23,0,0,0,0,0,,0,0,330000000,330000000,0,0,0,ok,,
712,,,,msiemens__tinydb.10644a0e.func_pm_ctrl_shuffle__twt15ie9.jg2novk6,12,msiemens__tinydb.10644a0e.func_pm_ctrl_shuffle__twt15ie9.jg2novk6,12575,true,34,552,0,0,0,0,0,,0,0,360000000,360000000,0,0,0,ok,,
713,,,,msiemens__tinydb.10644a0e.func_pm_ctrl_shuffle__twt15ie9.jg2novk6,13,msiemens__tinydb.10644a0e.func_pm_ctrl_shuffle__twt15ie9.jg2novk6,13161,true,23,24,0,0,0,0,0,,0,0,390000000,390000000,0,0,0,ok,,
714,,,,msiemens__tinydb.10644a0e.func_pm_ctrl_shuffle__twt15ie9.jg2novk6,14,msiemens__tinydb.10644a0e.func_pm_ctrl_shuffle__twt15ie9.jg2novk6,13208,true,318,140,0,0,0,0,0,,0,0,420000000,420000000,0,0,0,ok,,
715,,,,msiemens__tinydb.10644a0e.func_pm_ctrl_shuffle__twt15ie9.jg2novk6,15,msiemens__tinydb.10644a0e.func_pm_ctrl_shuffle__twt15ie9.jg2novk6,13666,true,1977,54,0,0,0,0,0,,0,0,450000000,450000000,0,0,0,ok,,
716,,,,msiemens__tinydb.10644a0e.func_pm_ctrl_shuffle__twt15ie9.jg2novk6,16,msiemens__tinydb.10644a0e.func_pm_ctrl_shuffle__twt15ie9.jg2novk6,15697,true,20,7,0,0,0,0,0,,0,0,480000000,480000000,0,0,0,ok,,
717,,,,cookiecutter__cookiecutter.b4451231.pr_2029.rtajh04w,0,swe_smith_system_prompt,978,true,694,75,0,0,0,0,0,,0,0,0,0,0,0,0,ok,,
718,,,,cookiecutter__cookiecutter.b4451231.pr_2029.rtajh04w,1,cookiecutter__cookiecutter.b4451231.pr_2029.rtajh04w,1747,true,1529,117,0,0,0,0,0,,0,0,30000000,30000000,0,0,0,ok,,
719,,,,cookiecutter__cookiecutter.b4451231.pr_2029.rtajh04w,2,cookiecutter__cookiecutter.b4451231.pr_2029.rtajh04w,3393,true,3358,33,0,0,0,0,0,,0,0,60000000,60000000,0,0,0,ok,,
720,,,,cookiecutter__cookiecutter.b4451231.pr_2029.rtajh04w,3,cookiecutter__cookiecutter.b4451231.pr_2029.rtajh04w,6784,true,3278,57,0,0,0,0,0,,0,0,90000000,90000000,0,0,0,ok,,
721,,,,cookiecutter__cookiecutter.b4451231.pr_2029.rtajh04w,4,cookiecutter__cookiecutter.b4451231.pr_2029.rtajh04w,10119,true,6086,565,0,0,0,0,0,,0,0,120000000,120000000,0,0,0,ok,,
722,,,,cookiecutter__cookiecutter.b4451231.pr_2029.rtajh04w,5,cookiecutter__cookiecutter.b4451231.pr_2029.rtajh04w,16770,true,21,32,0,0,0,0,0,,0,0,150000000,150000000,0,0,0,ok,,
723,,,,cookiecutter__cookiecutter.b4451231.pr_2029.rtajh04w,6,cookiecutter__cookiecutter.b4451231.pr_2029.rtajh04w,16823,true,33,443,0,0,0,0,0,,0,0,180000000,180000000,0,0,0,ok,,
724,,,,cookiecutter__cookiecutter.b4451231.pr_2029.rtajh04w,7,cookiecutter__cookiecutter.b4451231.pr_2029.rtajh04w,17299,true,519,41,0,0,0,0,0,,0,0,210000000,210000000,0,0,0,ok,,
725,,,,cookiecutter__cookiecutter.b4451231.pr_2029.rtajh04w,8,cookiecutter__cookiecutter.b4451231.pr_2029.rtajh04w,17859,true,33,109,0,0,0,0,0,,0,0,240000000,240000000,0,0,0,ok,,
726,,,,cookiecutter__cookiecutter.b4451231.pr_2029.rtajh04w,9,cookiecutter__cookiecutter.b4451231.pr_2029.rtajh04w,18001,true,1142,46,0,0,0,0,0,,0,0,270000000,270000000,0,0,0,ok,,
727,,,,cookiecutter__cookiecutter.b4451231.pr_2029.rtajh04w,10,cookiecutter__cookiecutter.b4451231.pr_2029.rtajh04w,19189,true,782,45,0,0,0,0,0,,0,0,300000000,300000000,0,0,0,ok,,
728,,,,cookiecutter__cookiecutter.b4451231.pr_2029.rtajh04w,11,cookiecutter__cookiecutter.b4451231.pr_2029.rtajh04w,20016,true,1006,279,0,0,0,0,0,,0,0,330000000,330000000,0,0,0,ok,,
729,,,,cookiecutter__cookiecutter.b4451231.pr_2029.rtajh04w,12,cookiecutter__cookiecutter.b4451231.pr_2029.rtajh04w,21301,true,388,42,0,0,0,0,0,,0,0,360000000,360000000,0,0,0,ok,,
730,,,,cookiecutter__cookiecutter.b4451231.pr_2029.rtajh04w,13,cookiecutter__cookiecutter.b4451231.pr_2029.rtajh04w,21731,true,27,581,0,0,0,0,0,,0,0,390000000,390000000,0,0,0,ok,,
731,,,,cookiecutter__cookiecutter.b4451231.pr_2029.rtajh04w,14,cookiecutter__cookiecutter.b4451231.pr_2029.rtajh04w,22339,true,23,23,0,0,0,0,0,,0,0,420000000,420000000,0,0,0,ok,,
732,,,,cookiecutter__cookiecutter.b4451231.pr_2029.rtajh04w,15,cookiecutter__cookiecutter.b4451231.pr_2029.rtajh04w,22385,true,391,36,0,0,0,0,0,,0,0,450000000,450000000,0,0,0,ok,,
733,,,,agronholm__typeguard.b6a7e438.func_pm_op_break_chains__ceb4s3n3.b1bx5fmv,0,swe_smith_system_prompt,978,true,831,106,0,0,0,0,0,,0,0,0,0,0,0,0,ok,,
734,,,,agronholm__typeguard.b6a7e438.func_pm_op_break_chains__ceb4s3n3.b1bx5fmv,1,agronholm__typeguard.b6a7e438.func_pm_op_break_chains__ceb4s3n3.b1bx5fmv,1915,true,375,51,0,0,0,0,0,,0,0,30000000,30000000,0,0,0,ok,,
735,,,,agronholm__typeguard.b6a7e438.func_pm_op_break_chains__ceb4s3n3.b1bx5fmv,2,agronholm__typeguard.b6a7e438.func_pm_op_break_chains__ceb4s3n3.b1bx5fmv,2341,true,860,77,0,0,0,0,0,,0,0,60000000,60000000,0,0,0,ok,,
736,,,,agronholm__typeguard.b6a7e438.func_pm_op_break_chains__ceb4s3n3.b1bx5fmv,3,agronholm__typeguard.b6a7e438.func_pm_op_break_chains__ceb4s3n3.b1bx5fmv,3278,true,542,38,0,0,0,0,0,,0,0,90000000,90000000,0,0,0,ok,,
737,,,,agronholm__typeguard.b6a7e438.func_pm_op_break_chains__ceb4s3n3.b1bx5fmv,4,agronholm__typeguard.b6a7e438.func_pm_op_break_chains__ceb4s3n3.b1bx5fmv,3858,true,662,61,0,0,0,0,0,,0,0,120000000,120000000,0,0,0,ok,,
738,,,,agronholm__typeguard.b6a7e438.func_pm_op_break_chains__ceb4s3n3.b1bx5fmv,5,agronholm__typeguard.b6a7e438.func_pm_op_break_chains__ceb4s3n3.b1bx5fmv,4581,true,3150,47,0,0,0,0,0,,0,0,150000000,150000000,0,0,0,ok,,
739,,,,agronholm__typeguard.b6a7e438.func_pm_op_break_chains__ceb4s3n3.b1bx5fmv,6,agronholm__typeguard.b6a7e438.func_pm_op_break_chains__ceb4s3n3.b1bx5fmv,7778,true,608,47,0,0,0,0,0,,0,0,180000000,180000000,0,0,0,ok,,
740,,,,agronholm__typeguard.b6a7e438.func_pm_op_break_chains__ceb4s3n3.b1bx5fmv,7,agronholm__typeguard.b6a7e438.func_pm_op_break_chains__ceb4s3n3.b1bx5fmv,8433,true,803,62,0,0,0,0,0,,0,0,210000000,210000000,0,0,0,ok,,
741,,,,agronholm__typeguard.b6a7e438.func_pm_op_break_chains__ceb4s3n3.b1bx5fmv,8,agronholm__typeguard.b6a7e438.func_pm_op_break_chains__ceb4s3n3.b1bx5fmv,9298,true,4220,180,0,0,0,0,0,,0,0,240000000,240000000,0,0,0,ok,,
742,,,,agronholm__typeguard.b6a7e438.func_pm_op_break_chains__ceb4s3n3.b1bx5fmv,9,agronholm__typeguard.b6a7e438.func_pm_op_break_chains__ceb4s3n3.b1bx5fmv,13698,true,23,34,0,0,0,0,0,,0,0,270000000,270000000,0,0,0,ok,,
743,,,,agronholm__typeguard.b6a7e438.func_pm_op_break_chains__ceb4s3n3.b1bx5fmv,10,agronholm__typeguard.b6a7e438.func_pm_op_break_chains__ceb4s3n3.b1bx5fmv,13755,true,13,277,0,0,0,0,0,,0,0,300000000,300000000,0,0,0,ok,,
744,,,,agronholm__typeguard.b6a7e438.func_pm_op_break_chains__ceb4s3n3.b1bx5fmv,11,agronholm__typeguard.b6a7e438.func_pm_op_break_chains__ceb4s3n3.b1bx5fmv,14045,true,268,32,0,0,0,0,0,,0,0,330000000,330000000,0,0,0,ok,,
745,,,,agronholm__typeguard.b6a7e438.func_pm_op_break_chains__ceb4s3n3.b1bx5fmv,12,agronholm__typeguard.b6a7e438.func_pm_op_break_chains__ceb4s3n3.b1bx5fmv,14345,true,20,510,0,0,0,0,0,,0,0,360000000,360000000,0,0,0,ok,,
746,,,,agronholm__typeguard.b6a7e438.func_pm_op_break_chains__ceb4s3n3.b1bx5fmv,13,agronholm__typeguard.b6a7e438.func_pm_op_break_chains__ceb4s3n3.b1bx5fmv,14875,true,505,52,0,0,0,0,0,,0,0,390000000,390000000,0,0,0,ok,,
747,,,,agronholm__typeguard.b6a7e438.func_pm_op_break_chains__ceb4s3n3.b1bx5fmv,14,agronholm__typeguard.b6a7e438.func_pm_op_break_chains__ceb4s3n3.b1bx5fmv,15432,true,13,108,0,0,0,0,0,,0,0,420000000,420000000,0,0,0,ok,,
748,,,,agronholm__typeguard.b6a7e438.func_pm_op_break_chains__ceb4s3n3.b1bx5fmv,15,agronholm__typeguard.b6a7e438.func_pm_op_break_chains__ceb4s3n3.b1bx5fmv,15553,true,370,40,0,0,0,0,0,,0,0,450000000,450000000,0,0,0,ok,,
749,,,,agronholm__typeguard.b6a7e438.func_pm_op_break_chains__ceb4s3n3.b1bx5fmv,16,agronholm__typeguard.b6a7e438.func_pm_op_break_chains__ceb4s3n3.b1bx5fmv,15963,true,630,335,0,0,0,0,0,,0,0,480000000,480000000,0,0,0,ok,,
750,,,,agronholm__typeguard.b6a7e438.func_pm_op_break_chains__ceb4s3n3.b1bx5fmv,17,agronholm__typeguard.b6a7e438.func_pm_op_break_chains__ceb4s3n3.b1bx5fmv,16928,true,23,32,0,0,0,0,0,,0,0,510000000,510000000,0,0,0,ok,,
751,,,,agronholm__typeguard.b6a7e438.func_pm_op_break_chains__ceb4s3n3.b1bx5fmv,18,agronholm__typeguard.b6a7e438.func_pm_op_break_chains__ceb4s3n3.b1bx5fmv,16983,true,36,662,0,0,0,0,0,,0,0,540000000,540000000,0,0,0,ok,,
752,,,,agronholm__typeguard.b6a7e438.func_pm_op_break_chains__ceb4s3n3.b1bx5fmv,19,agronholm__typeguard.b6a7e438.func_pm_op_break_chains__ceb4s3n3.b1bx5fmv,17681,true,731,34,0,0,0,0,0,,0,0,570000000,570000000,0,0,0,ok,,
753,,,,agronholm__typeguard.b6a7e438.func_pm_op_break_chains__ceb4s3n3.b1bx5fmv,20,agronholm__typeguard.b6a7e438.func_pm_op_break_chains__ceb4s3n3.b1bx5fmv,18446,true,70,310,0,0,0,0,0,,0,0,600000000,600000000,0,0,0,ok,,
754,,,,agronholm__typeguard.b6a7e438.func_pm_op_break_chains__ceb4s3n3.b1bx5fmv,21,agronholm__typeguard.b6a7e438.func_pm_op_break_chains__ceb4s3n3.b1bx5fmv,18826,true,1460,40,0,0,0,0,0,,0,0,630000000,630000000,0,0,0,ok,,
755,,,,agronholm__typeguard.b6a7e438.func_pm_op_break_chains__ceb4s3n3.b1bx5fmv,22,agronholm__typeguard.b6a7e438.func_pm_op_break_chains__ceb4s3n3.b1bx5fmv,20326,true,20,7,0,0,0,0,0,,0,0,660000000,660000000,0,0,0,ok,,
756,,,,getmoto__moto.694ce1f4.pr_8368.sq2ohx7r,0,swe_smith_system_prompt,978,true,945,74,0,0,0,0,0,,0,0,0,0,0,0,0,ok,,
757,,,,getmoto__moto.694ce1f4.pr_8368.sq2ohx7r,1,getmoto__moto.694ce1f4.pr_8368.sq2ohx7r,1997,true,33422,50,0,0,0,0,0,,0,0,30000000,30000000,0,0,0,ok,,
758,,,,getmoto__moto.694ce1f4.pr_8368.sq2ohx7r,2,getmoto__moto.694ce1f4.pr_8368.sq2ohx7r,35469,true,478,62,0,0,0,0,0,,0,0,60000000,60000000,0,0,0,ok,,
759,,,,getmoto__moto.694ce1f4.pr_8368.sq2ohx7r,3,getmoto__moto.694ce1f4.pr_8368.sq2ohx7r,36009,true,4127,59,0,0,0,0,0,,0,0,90000000,90000000,0,0,0,ok,,
760,,,,getmoto__moto.694ce1f4.pr_8368.sq2ohx7r,4,getmoto__moto.694ce1f4.pr_8368.sq2ohx7r,40195,true,215,52,0,0,0,0,0,,0,0,120000000,120000000,0,0,0,ok,,
761,,,,getmoto__moto.694ce1f4.pr_8368.sq2ohx7r,5,getmoto__moto.694ce1f4.pr_8368.sq2ohx7r,40462,true,4237,58,0,0,0,0,0,,0,0,150000000,150000000,0,0,0,ok,,
762,,,,getmoto__moto.694ce1f4.pr_8368.sq2ohx7r,6,getmoto__moto.694ce1f4.pr_8368.sq2ohx7r,44757,true,729,59,0,0,0,0,0,,0,0,180000000,180000000,0,0,0,ok,,
763,,,,getmoto__moto.694ce1f4.pr_8368.sq2ohx7r,7,getmoto__moto.694ce1f4.pr_8368.sq2ohx7r,45545,true,622,225,0,0,0,0,0,,0,0,210000000,210000000,0,0,0,ok,,
764,,,,getmoto__moto.694ce1f4.pr_8368.sq2ohx7r,8,getmoto__moto.694ce1f4.pr_8368.sq2ohx7r,46392,true,23,35,0,0,0,0,0,,0,0,240000000,240000000,0,0,0,ok,,
765,,,,getmoto__moto.694ce1f4.pr_8368.sq2ohx7r,9,getmoto__moto.694ce1f4.pr_8368.sq2ohx7r,46450,true,82,85,0,0,0,0,0,,0,0,270000000,270000000,0,0,0,ok,,
766,,,,getmoto__moto.694ce1f4.pr_8368.sq2ohx7r,10,getmoto__moto.694ce1f4.pr_8368.sq2ohx7r,46617,true,181,33,0,0,0,0,0,,0,0,300000000,300000000,0,0,0,ok,,
767,,,,getmoto__moto.694ce1f4.pr_8368.sq2ohx7r,11,getmoto__moto.694ce1f4.pr_8368.sq2ohx7r,46831,true,373,366,0,0,0,0,0,,0,0,330000000,330000000,0,0,0,ok,,
768,,,,getmoto__moto.694ce1f4.pr_8368.sq2ohx7r,12,getmoto__moto.694ce1f4.pr_8368.sq2ohx7r,47570,true,562,32,0,0,0,0,0,,0,0,360000000,360000000,0,0,0,ok,,
769,,,,getmoto__moto.694ce1f4.pr_8368.sq2ohx7r,13,getmoto__moto.694ce1f4.pr_8368.sq2ohx7r,48164,true,24,441,0,0,0,0,0,,0,0,390000000,390000000,0,0,0,ok,,
770,,,,getmoto__moto.694ce1f4.pr_8368.sq2ohx7r,14,getmoto__moto.694ce1f4.pr_8368.sq2ohx7r,48629,true,546,293,0,0,0,0,0,,0,0,420000000,420000000,0,0,0,ok,,
771,,,,getmoto__moto.694ce1f4.pr_8368.sq2ohx7r,15,getmoto__moto.694ce1f4.pr_8368.sq2ohx7r,49468,true,382,40,0,0,0,0,0,,0,0,450000000,450000000,0,0,0,ok,,
772,,,,getmoto__moto.694ce1f4.pr_8368.sq2ohx7r,16,getmoto__moto.694ce1f4.pr_8368.sq2ohx7r,49890,true,10,565,0,0,0,0,0,,0,0,480000000,480000000,0,0,0,ok,,
773,,,,getmoto__moto.694ce1f4.pr_8368.sq2ohx7r,17,getmoto__moto.694ce1f4.pr_8368.sq2ohx7r,50465,true,878,39,0,0,0,0,0,,0,0,510000000,510000000,0,0,0,ok,,
774,,,,getmoto__moto.694ce1f4.pr_8368.sq2ohx7r,18,getmoto__moto.694ce1f4.pr_8368.sq2ohx7r,51382,true,77,422,0,0,0,0,0,,0,0,540000000,540000000,0,0,0,ok,,
775,,,,getmoto__moto.694ce1f4.pr_8368.sq2ohx7r,19,getmoto__moto.694ce1f4.pr_8368.sq2ohx7r,51881,true,604,32,0,0,0,0,0,,0,0,570000000,570000000,0,0,0,ok,,
776,,,,getmoto__moto.694ce1f4.pr_8368.sq2ohx7r,20,getmoto__moto.694ce1f4.pr_8368.sq2ohx7r,52517,true,119,199,0,0,0,0,0,,0,0,600000000,600000000,0,0,0,ok,,
777,,,,getmoto__moto.694ce1f4.pr_8368.sq2ohx7r,21,getmoto__moto.694ce1f4.pr_8368.sq2ohx7r,52835,true,2355,32,0,0,0,0,0,,0,0,630000000,630000000,0,0,0,ok,,
778,,,,getmoto__moto.694ce1f4.pr_8368.sq2ohx7r,22,getmoto__moto.694ce1f4.pr_8368.sq2ohx7r,55222,true,20,13,0,0,0,0,0,,0,0,660000000,660000000,0,0,0,ok,,
779,,,,facelessuser__soupsieve.a8080d97.func_pm_ctrl_shuffle__5f6carsb.do3j3vyf,0,swe_smith_system_prompt,978,true,742,100,0,0,0,0,0,,0,0,0,0,0,0,0,ok,,
780,,,,facelessuser__soupsieve.a8080d97.func_pm_ctrl_shuffle__5f6carsb.do3j3vyf,1,facelessuser__soupsieve.a8080d97.func_pm_ctrl_shuffle__5f6carsb.do3j3vyf,1820,true,1421,73,0,0,0,0,0,,0,0,30000000,30000000,0,0,0,ok,,
781,,,,facelessuser__soupsieve.a8080d97.func_pm_ctrl_shuffle__5f6carsb.do3j3vyf,2,facelessuser__soupsieve.a8080d97.func_pm_ctrl_shuffle__5f6carsb.do3j3vyf,3314,true,89,69,0,0,0,0,0,,0,0,60000000,60000000,0,0,0,ok,,
782,,,,facelessuser__soupsieve.a8080d97.func_pm_ctrl_shuffle__5f6carsb.do3j3vyf,3,facelessuser__soupsieve.a8080d97.func_pm_ctrl_shuffle__5f6carsb.do3j3vyf,3472,true,5680,45,0,0,0,0,0,,0,0,90000000,90000000,0,0,0,ok,,
783,,,,facelessuser__soupsieve.a8080d97.func_pm_ctrl_shuffle__5f6carsb.do3j3vyf,4,facelessuser__soupsieve.a8080d97.func_pm_ctrl_shuffle__5f6carsb.do3j3vyf,9197,true,71,59,0,0,0,0,0,,0,0,120000000,120000000,0,0,0,ok,,
784,,,,facelessuser__soupsieve.a8080d97.func_pm_ctrl_shuffle__5f6carsb.do3j3vyf,5,facelessuser__soupsieve.a8080d97.func_pm_ctrl_shuffle__5f6carsb.do3j3vyf,9327,true,143,64,0,0,0,0,0,,0,0,150000000,150000000,0,0,0,ok,,
785,,,,facelessuser__soupsieve.a8080d97.func_pm_ctrl_shuffle__5f6carsb.do3j3vyf,6,facelessuser__soupsieve.a8080d97.func_pm_ctrl_shuffle__5f6carsb.do3j3vyf,9534,true,208,50,0,0,0,0,0,,0,0,180000000,180000000,0,0,0,ok,,
786,,,,facelessuser__soupsieve.a8080d97.func_pm_ctrl_shuffle__5f6carsb.do3j3vyf,7,facelessuser__soupsieve.a8080d97.func_pm_ctrl_shuffle__5f6carsb.do3j3vyf,9792,true,129,105,0,0,0,0,0,,0,0,210000000,210000000,0,0,0,ok,,
787,,,,facelessuser__soupsieve.a8080d97.func_pm_ctrl_shuffle__5f6carsb.do3j3vyf,8,facelessuser__soupsieve.a8080d97.func_pm_ctrl_shuffle__5f6carsb.do3j3vyf,10026,true,288,359,0,0,0,0,0,,0,0,240000000,240000000,0,0,0,ok,,
788,,,,facelessuser__soupsieve.a8080d97.func_pm_ctrl_shuffle__5f6carsb.do3j3vyf,9,facelessuser__soupsieve.a8080d97.func_pm_ctrl_shuffle__5f6carsb.do3j3vyf,10673,true,21,32,0,0,0,0,0,,0,0,270000000,270000000,0,0,0,ok,,
789,,,,facelessuser__soupsieve.a8080d97.func_pm_ctrl_shuffle__5f6carsb.do3j3vyf,10,facelessuser__soupsieve.a8080d97.func_pm_ctrl_shuffle__5f6carsb.do3j3vyf,10726,true,650,267,0,0,0,0,0,,0,0,300000000,300000000,0,0,0,ok,,
790,,,,facelessuser__soupsieve.a8080d97.func_pm_ctrl_shuffle__5f6carsb.do3j3vyf,11,facelessuser__soupsieve.a8080d97.func_pm_ctrl_shuffle__5f6carsb.do3j3vyf,11643,true,331,153,0,0,0,0,0,,0,0,330000000,330000000,0,0,0,ok,,
791,,,,facelessuser__soupsieve.a8080d97.func_pm_ctrl_shuffle__5f6carsb.do3j3vyf,12,facelessuser__soupsieve.a8080d97.func_pm_ctrl_shuffle__5f6carsb.do3j3vyf,12127,true,225,52,0,0,0,0,0,,0,0,360000000,360000000,0,0,0,ok,,
792,,,,facelessuser__soupsieve.a8080d97.func_pm_ctrl_shuffle__5f6carsb.do3j3vyf,13,facelessuser__soupsieve.a8080d97.func_pm_ctrl_shuffle__5f6carsb.do3j3vyf,12404,true,77,558,0,0,0,0,0,,0,0,390000000,390000000,0,0,0,ok,,
793,,,,facelessuser__soupsieve.a8080d97.func_pm_ctrl_shuffle__5f6carsb.do3j3vyf,14,facelessuser__soupsieve.a8080d97.func_pm_ctrl_shuffle__5f6carsb.do3j3vyf,13039,true,21,30,0,0,0,0,0,,0,0,420000000,420000000,0,0,0,ok,,
794,,,,facelessuser__soupsieve.a8080d97.func_pm_ctrl_shuffle__5f6carsb.do3j3vyf,15,facelessuser__soupsieve.a8080d97.func_pm_ctrl_shuffle__5f6carsb.do3j3vyf,13090,true,516,91,0,0,0,0,0,,0,0,450000000,450000000,0,0,0,ok,,
795,,,,facelessuser__soupsieve.a8080d97.func_pm_ctrl_shuffle__5f6carsb.do3j3vyf,16,facelessuser__soupsieve.a8080d97.func_pm_ctrl_shuffle__5f6carsb.do3j3vyf,13697,true,356,255,0,0,0,0,0,,0,0,480000000,480000000,0,0,0,ok,,
796,,,,facelessuser__soupsieve.a8080d97.func_pm_ctrl_shuffle__5f6carsb.do3j3vyf,17,facelessuser__soupsieve.a8080d97.func_pm_ctrl_shuffle__5f6carsb.do3j3vyf,14308,true,1499,38,0,0,0,0,0,,0,0,510000000,510000000,0,0,0,ok,,
797,,,,facelessuser__soupsieve.a8080d97.func_pm_ctrl_shuffle__5f6carsb.do3j3vyf,18,facelessuser__soupsieve.a8080d97.func_pm_ctrl_shuffle__5f6carsb.do3j3vyf,15845,true,20,7,0,0,0,0,0,,0,0,540000000,540000000,0,0,0,ok,,
798,,,,pdfminer__pdfminer.six.1a8bd2f7.lm_rewrite__7dg3yyhh.o09owfzc,0,swe_smith_system_prompt,978,true,894,89,0,0,0,0,0,,0,0,0,0,0,0,0,ok,,
799,,,,pdfminer__pdfminer.six.1a8bd2f7.lm_rewrite__7dg3yyhh.o09owfzc,1,pdfminer__pdfminer.six.1a8bd2f7.lm_rewrite__7dg3yyhh.o09owfzc,1961,true,26,61,0,0,0,0,0,,0,0,30000000,30000000,0,0,0,ok,,
800,,,,pdfminer__pdfminer.six.1a8bd2f7.lm_rewrite__7dg3yyhh.o09owfzc,2,pdfminer__pdfminer.six.1a8bd2f7.lm_rewrite__7dg3yyhh.o09owfzc,2048,true,5656,47,0,0,0,0,0,,0,0,60000000,60000000,0,0,0,ok,,
801,,,,pdfminer__pdfminer.six.1a8bd2f7.lm_rewrite__7dg3yyhh.o09owfzc,3,pdfminer__pdfminer.six.1a8bd2f7.lm_rewrite__7dg3yyhh.o09owfzc,7751,true,42,61,0,0,0,0,0,,0,0,90000000,90000000,0,0,0,ok,,
802,,,,pdfminer__pdfminer.six.1a8bd2f7.lm_rewrite__7dg3yyhh.o09owfzc,4,pdfminer__pdfminer.six.1a8bd2f7.lm_rewrite__7dg3yyhh.o09owfzc,7854,true,178,53,0,0,0,0,0,,0,0,120000000,120000000,0,0,0,ok,,
803,,,,pdfminer__pdfminer.six.1a8bd2f7.lm_rewrite__7dg3yyhh.o09owfzc,5,pdfminer__pdfminer.six.1a8bd2f7.lm_rewrite__7dg3yyhh.o09owfzc,8085,true,162,284,0,0,0,0,0,,0,0,150000000,150000000,0,0,0,ok,,
804,,,,pdfminer__pdfminer.six.1a8bd2f7.lm_rewrite__7dg3yyhh.o09owfzc,6,pdfminer__pdfminer.six.1a8bd2f7.lm_rewrite__7dg3yyhh.o09owfzc,8531,true,23,34,0,0,0,0,0,,0,0,180000000,180000000,0,0,0,ok,,
805,,,,pdfminer__pdfminer.six.1a8bd2f7.lm_rewrite__7dg3yyhh.o09owfzc,7,pdfminer__pdfminer.six.1a8bd2f7.lm_rewrite__7dg3yyhh.o09owfzc,8588,true,133,202,0,0,0,0,0,,0,0,210000000,210000000,0,0,0,ok,,
806,,,,pdfminer__pdfminer.six.1a8bd2f7.lm_rewrite__7dg3yyhh.o09owfzc,8,pdfminer__pdfminer.six.1a8bd2f7.lm_rewrite__7dg3yyhh.o09owfzc,8923,true,214,30,0,0,0,0,0,,0,0,240000000,240000000,0,0,0,ok,,
807,,,,pdfminer__pdfminer.six.1a8bd2f7.lm_rewrite__7dg3yyhh.o09owfzc,9,pdfminer__pdfminer.six.1a8bd2f7.lm_rewrite__7dg3yyhh.o09owfzc,9167,true,94,197,0,0,0,0,0,,0,0,270000000,270000000,0,0,0,ok,,
808,,,,pdfminer__pdfminer.six.1a8bd2f7.lm_rewrite__7dg3yyhh.o09owfzc,10,pdfminer__pdfminer.six.1a8bd2f7.lm_rewrite__7dg3yyhh.o09owfzc,9458,true,227,30,0,0,0,0,0,,0,0,300000000,300000000,0,0,0,ok,,
809,,,,pdfminer__pdfminer.six.1a8bd2f7.lm_rewrite__7dg3yyhh.o09owfzc,11,pdfminer__pdfminer.six.1a8bd2f7.lm_rewrite__7dg3yyhh.o09owfzc,9715,true,16,479,0,0,0,0,0,,0,0,330000000,330000000,0,0,0,ok,,
810,,,,pdfminer__pdfminer.six.1a8bd2f7.lm_rewrite__7dg3yyhh.o09owfzc,12,pdfminer__pdfminer.six.1a8bd2f7.lm_rewrite__7dg3yyhh.o09owfzc,10210,true,459,105,0,0,0,0,0,,0,0,360000000,360000000,0,0,0,ok,,
811,,,,pdfminer__pdfminer.six.1a8bd2f7.lm_rewrite__7dg3yyhh.o09owfzc,13,pdfminer__pdfminer.six.1a8bd2f7.lm_rewrite__7dg3yyhh.o09owfzc,10774,true,16,679,0,0,0,0,0,,0,0,390000000,390000000,0,0,0,ok,,
812,,,,pdfminer__pdfminer.six.1a8bd2f7.lm_rewrite__7dg3yyhh.o09owfzc,14,pdfminer__pdfminer.six.1a8bd2f7.lm_rewrite__7dg3yyhh.o09owfzc,11469,true,22,29,0,0,0,0,0,,0,0,420000000,420000000,0,0,0,ok,,
813,,,,pdfminer__pdfminer.six.1a8bd2f7.lm_rewrite__7dg3yyhh.o09owfzc,15,pdfminer__pdfminer.six.1a8bd2f7.lm_rewrite__7dg3yyhh.o09owfzc,11520,true,211,414,0,0,0,0,0,,0,0,450000000,450000000,0,0,0,ok,,
814,,,,pdfminer__pdfminer.six.1a8bd2f7.lm_rewrite__7dg3yyhh.o09owfzc,16,pdfminer__pdfminer.six.1a8bd2f7.lm_rewrite__7dg3yyhh.o09owfzc,12145,true,1271,41,0,0,0,0,0,,0,0,480000000,480000000,0,0,0,ok,,
815,,,,pdfminer__pdfminer.six.1a8bd2f7.lm_rewrite__7dg3yyhh.o09owfzc,17,pdfminer__pdfminer.six.1a8bd2f7.lm_rewrite__7dg3yyhh.o09owfzc,13457,true,20,7,0,0,0,0,0,,0,0,510000000,510000000,0,0,0,ok,,
816,,,,theskumar__python-dotenv.2b8635b7.lm_rewrite__gklwunnc.g25l0zlv,0,swe_smith_system_prompt,978,true,824,74,0,0,0,0,0,,0,0,0,0,0,0,0,ok,,
817,,,,theskumar__python-dotenv.2b8635b7.lm_rewrite__gklwunnc.g25l0zlv,1,theskumar__python-dotenv.2b8635b7.lm_rewrite__gklwunnc.g25l0zlv,1876,true,186,61,0,0,0,0,0,,0,0,30000000,30000000,0,0,0,ok,,
818,,,,theskumar__python-dotenv.2b8635b7.lm_rewrite__gklwunnc.g25l0zlv,2,theskumar__python-dotenv.2b8635b7.lm_rewrite__gklwunnc.g25l0zlv,2123,true,5096,54,0,0,0,0,0,,0,0,60000000,60000000,0,0,0,ok,,
819,,,,theskumar__python-dotenv.2b8635b7.lm_rewrite__gklwunnc.g25l0zlv,3,theskumar__python-dotenv.2b8635b7.lm_rewrite__gklwunnc.g25l0zlv,7273,true,592,269,0,0,0,0,0,,0,0,90000000,90000000,0,0,0,ok,,
820,,,,theskumar__python-dotenv.2b8635b7.lm_rewrite__gklwunnc.g25l0zlv,4,theskumar__python-dotenv.2b8635b7.lm_rewrite__gklwunnc.g25l0zlv,8134,true,23,35,0,0,0,0,0,,0,0,120000000,120000000,0,0,0,ok,,
821,,,,theskumar__python-dotenv.2b8635b7.lm_rewrite__gklwunnc.g25l0zlv,5,theskumar__python-dotenv.2b8635b7.lm_rewrite__gklwunnc.g25l0zlv,8192,true,47,561,0,0,0,0,0,,0,0,150000000,150000000,0,0,0,ok,,
822,,,,theskumar__python-dotenv.2b8635b7.lm_rewrite__gklwunnc.g25l0zlv,6,theskumar__python-dotenv.2b8635b7.lm_rewrite__gklwunnc.g25l0zlv,8800,true,531,47,0,0,0,0,0,,0,0,180000000,180000000,0,0,0,ok,,
823,,,,theskumar__python-dotenv.2b8635b7.lm_rewrite__gklwunnc.g25l0zlv,7,theskumar__python-dotenv.2b8635b7.lm_rewrite__gklwunnc.g25l0zlv,9378,true,91,265,0,0,0,0,0,,0,0,210000000,210000000,0,0,0,ok,,
824,,,,theskumar__python-dotenv.2b8635b7.lm_rewrite__gklwunnc.g25l0zlv,8,theskumar__python-dotenv.2b8635b7.lm_rewrite__gklwunnc.g25l0zlv,9734,true,329,376,0,0,0,0,0,,0,0,240000000,240000000,0,0,0,ok,,
825,,,,theskumar__python-dotenv.2b8635b7.lm_rewrite__gklwunnc.g25l0zlv,9,theskumar__python-dotenv.2b8635b7.lm_rewrite__gklwunnc.g25l0zlv,10439,true,23,24,0,0,0,0,0,,0,0,270000000,270000000,0,0,0,ok,,
826,,,,theskumar__python-dotenv.2b8635b7.lm_rewrite__gklwunnc.g25l0zlv,10,theskumar__python-dotenv.2b8635b7.lm_rewrite__gklwunnc.g25l0zlv,10486,true,235,377,0,0,0,0,0,,0,0,300000000,300000000,0,0,0,ok,,
827,,,,theskumar__python-dotenv.2b8635b7.lm_rewrite__gklwunnc.g25l0zlv,11,theskumar__python-dotenv.2b8635b7.lm_rewrite__gklwunnc.g25l0zlv,11098,true,404,34,0,0,0,0,0,,0,0,330000000,330000000,0,0,0,ok,,
828,,,,theskumar__python-dotenv.2b8635b7.lm_rewrite__gklwunnc.g25l0zlv,12,theskumar__python-dotenv.2b8635b7.lm_rewrite__gklwunnc.g25l0zlv,11536,true,139,129,0,0,0,0,0,,0,0,360000000,360000000,0,0,0,ok,,
829,,,,theskumar__python-dotenv.2b8635b7.lm_rewrite__gklwunnc.g25l0zlv,13,theskumar__python-dotenv.2b8635b7.lm_rewrite__gklwunnc.g25l0zlv,11804,true,91,276,0,0,0,0,0,,0,0,390000000,390000000,0,0,0,ok,,
830,,,,theskumar__python-dotenv.2b8635b7.lm_rewrite__gklwunnc.g25l0zlv,14,theskumar__python-dotenv.2b8635b7.lm_rewrite__gklwunnc.g25l0zlv,12171,true,1567,40,0,0,0,0,0,,0,0,420000000,420000000,0,0,0,ok,,
831,,,,theskumar__python-dotenv.2b8635b7.lm_rewrite__gklwunnc.g25l0zlv,15,theskumar__python-dotenv.2b8635b7.lm_rewrite__gklwunnc.g25l0zlv,13778,true,20,7,0,0,0,0,0,,0,0,450000000,450000000,0,0,0,ok,,
832,,,,conan-io__conan.86f29e13.pr_16451.ak36apks,0,swe_smith_system_prompt,978,true,833,70,0,0,0,0,0,,0,0,0,0,0,0,0,ok,,
833,,,,conan-io__conan.86f29e13.pr_16451.ak36apks,1,conan-io__conan.86f29e13.pr_16451.ak36apks,1881,true,380,101,0,0,0,0,0,,0,0,30000000,30000000,0,0,0,ok,,
834,,,,conan-io__conan.86f29e13.pr_16451.ak36apks,2,conan-io__conan.86f29e13.pr_16451.ak36apks,2362,true,516,60,0,0,0,0,0,,0,0,60000000,60000000,0,0,0,ok,,
835,,,,conan-io__conan.86f29e13.pr_16451.ak36apks,3,conan-io__conan.86f29e13.pr_16451.ak36apks,2938,true,1496,59,0,0,0,0,0,,0,0,90000000,90000000,0,0,0,ok,,
836,,,,conan-io__conan.86f29e13.pr_16451.ak36apks,4,conan-io__conan.86f29e13.pr_16451.ak36apks,4493,true,374,47,0,0,0,0,0,,0,0,120000000,120000000,0,0,0,ok,,
837,,,,conan-io__conan.86f29e13.pr_16451.ak36apks,5,conan-io__conan.86f29e13.pr_16451.ak36apks,4914,true,2806,66,0,0,0,0,0,,0,0,150000000,150000000,0,0,0,ok,,
838,,,,conan-io__conan.86f29e13.pr_16451.ak36apks,6,conan-io__conan.86f29e13.pr_16451.ak36apks,7786,true,4001,399,0,0,0,0,0,,0,0,180000000,180000000,0,0,0,ok,,
839,,,,conan-io__conan.86f29e13.pr_16451.ak36apks,7,conan-io__conan.86f29e13.pr_16451.ak36apks,12186,true,21,25,0,0,0,0,0,,0,0,210000000,210000000,0,0,0,ok,,
840,,,,conan-io__conan.86f29e13.pr_16451.ak36apks,8,conan-io__conan.86f29e13.pr_16451.ak36apks,12232,true,242,374,0,0,0,0,0,,0,0,240000000,240000000,0,0,0,ok,,
841,,,,conan-io__conan.86f29e13.pr_16451.ak36apks,9,conan-io__conan.86f29e13.pr_16451.ak36apks,12848,true,175,244,0,0,0,0,0,,0,0,270000000,270000000,0,0,0,ok,,
842,,,,conan-io__conan.86f29e13.pr_16451.ak36apks,10,conan-io__conan.86f29e13.pr_16451.ak36apks,13267,true,294,470,0,0,0,0,0,,0,0,300000000,300000000,0,0,0,ok,,
843,,,,conan-io__conan.86f29e13.pr_16451.ak36apks,11,conan-io__conan.86f29e13.pr_16451.ak36apks,14031,true,493,34,0,0,0,0,0,,0,0,330000000,330000000,0,0,0,ok,,
844,,,,conan-io__conan.86f29e13.pr_16451.ak36apks,12,conan-io__conan.86f29e13.pr_16451.ak36apks,14558,true,281,428,0,0,0,0,0,,0,0,360000000,360000000,0,0,0,ok,,
845,,,,scanny__python-pptx.278b47b1.func_pm_ctrl_shuffle__h23sbi0k.gi4e5mix,0,swe_smith_system_prompt,978,true,752,105,0,0,0,0,0,,0,0,0,0,0,0,0,ok,,
846,,,,scanny__python-pptx.278b47b1.func_pm_ctrl_shuffle__h23sbi0k.gi4e5mix,1,scanny__python-pptx.278b47b1.func_pm_ctrl_shuffle__h23sbi0k.gi4e5mix,1835,true,27,51,0,0,0,0,0,,0,0,30000000,30000000,0,0,0,ok,,
847,,,,scanny__python-pptx.278b47b1.func_pm_ctrl_shuffle__h23sbi0k.gi4e5mix,2,scanny__python-pptx.278b47b1.func_pm_ctrl_shuffle__h23sbi0k.gi4e5mix,1913,true,4306,253,0,0,0,0,0,,0,0,60000000,60000000,0,0,0,ok,,
848,,,,scanny__python-pptx.278b47b1.func_pm_ctrl_shuffle__h23sbi0k.gi4e5mix,3,scanny__python-pptx.278b47b1.func_pm_ctrl_shuffle__h23sbi0k.gi4e5mix,6472,true,23,35,0,0,0,0,0,,0,0,90000000,90000000,0,0,0,ok,,
849,,,,scanny__python-pptx.278b47b1.func_pm_ctrl_shuffle__h23sbi0k.gi4e5mix,4,scanny__python-pptx.278b47b1.func_pm_ctrl_shuffle__h23sbi0k.gi4e5mix,6530,true,25,389,0,0,0,0,0,,0,0,120000000,120000000,0,0,0,ok,,
850,,,,scanny__python-pptx.278b47b1.func_pm_ctrl_shuffle__h23sbi0k.gi4e5mix,5,scanny__python-pptx.278b47b1.func_pm_ctrl_shuffle__h23sbi0k.gi4e5mix,6944,true,341,118,0,0,0,0,0,,0,0,150000000,150000000,0,0,0,ok,,
851,,,,scanny__python-pptx.278b47b1.func_pm_ctrl_shuffle__h23sbi0k.gi4e5mix,6,scanny__python-pptx.278b47b1.func_pm_ctrl_shuffle__h23sbi0k.gi4e5mix,7403,true,10,458,0,0,0,0,0,,0,0,180000000,180000000,0,0,0,ok,,
852,,,,scanny__python-pptx.278b47b1.func_pm_ctrl_shuffle__h23sbi0k.gi4e5mix,7,scanny__python-pptx.278b47b1.func_pm_ctrl_shuffle__h23sbi0k.gi4e5mix,7871,true,23,32,0,0,0,0,0,,0,0,210000000,210000000,0,0,0,ok,,
853,,,,scanny__python-pptx.278b47b1.func_pm_ctrl_shuffle__h23sbi0k.gi4e5mix,8,scanny__python-pptx.278b47b1.func_pm_ctrl_shuffle__h23sbi0k.gi4e5mix,7926,true,97,73,0,0,0,0,0,,0,0,240000000,240000000,0,0,0,ok,,
854,,,,scanny__python-pptx.278b47b1.func_pm_ctrl_shuffle__h23sbi0k.gi4e5mix,9,scanny__python-pptx.278b47b1.func_pm_ctrl_shuffle__h23sbi0k.gi4e5mix,8096,true,184,295,0,0,0,0,0,,0,0,270000000,270000000,0,0,0,ok,,
855,,,,scanny__python-pptx.278b47b1.func_pm_ctrl_shuffle__h23sbi0k.gi4e5mix,10,scanny__python-pptx.278b47b1.func_pm_ctrl_shuffle__h23sbi0k.gi4e5mix,8575,true,345,35,0,0,0,0,0,,0,0,300000000,300000000,0,0,0,ok,,
856,,,,scanny__python-pptx.278b47b1.func_pm_ctrl_shuffle__h23sbi0k.gi4e5mix,11,scanny__python-pptx.278b47b1.func_pm_ctrl_shuffle__h23sbi0k.gi4e5mix,8955,true,106,232,0,0,0,0,0,,0,0,330000000,330000000,0,0,0,ok,,
857,,,,scanny__python-pptx.278b47b1.func_pm_ctrl_shuffle__h23sbi0k.gi4e5mix,12,scanny__python-pptx.278b47b1.func_pm_ctrl_shuffle__h23sbi0k.gi4e5mix,9293,true,287,34,0,0,0,0,0,,0,0,360000000,360000000,0,0,0,ok,,
858,,,,scanny__python-pptx.278b47b1.func_pm_ctrl_shuffle__h23sbi0k.gi4e5mix,13,scanny__python-pptx.278b47b1.func_pm_ctrl_shuffle__h23sbi0k.gi4e5mix,9614,true,97,149,0,0,0,0,0,,0,0,390000000,390000000,0,0,0,ok,,
859,,,,scanny__python-pptx.278b47b1.func_pm_ctrl_shuffle__h23sbi0k.gi4e5mix,14,scanny__python-pptx.278b47b1.func_pm_ctrl_shuffle__h23sbi0k.gi4e5mix,9860,true,10,192,0,0,0,0,0,,0,0,420000000,420000000,0,0,0,ok,,
860,,,,scanny__python-pptx.278b47b1.func_pm_ctrl_shuffle__h23sbi0k.gi4e5mix,15,scanny__python-pptx.278b47b1.func_pm_ctrl_shuffle__h23sbi0k.gi4e5mix,10062,true,1380,40,0,0,0,0,0,,0,0,450000000,450000000,0,0,0,ok,,
861,,,,scanny__python-pptx.278b47b1.func_pm_ctrl_shuffle__h23sbi0k.gi4e5mix,16,scanny__python-pptx.278b47b1.func_pm_ctrl_shuffle__h23sbi0k.gi4e5mix,11482,true,20,13,0,0,0,0,0,,0,0,480000000,480000000,0,0,0,ok,,
862,,,,oauthlib__oauthlib.1fd52536.func_pm_class_rm_funcs__ks5l2gdj.cno02rgq,0,swe_smith_system_prompt,978,true,836,96,0,0,0,0,0,,0,0,0,0,0,0,0,ok,,
863,,,,oauthlib__oauthlib.1fd52536.func_pm_class_rm_funcs__ks5l2gdj.cno02rgq,1,oauthlib__oauthlib.1fd52536.func_pm_class_rm_funcs__ks5l2gdj.cno02rgq,1910,true,61,65,0,0,0,0,0,,0,0,30000000,30000000,0,0,0,ok,,
864,,,,oauthlib__oauthlib.1fd52536.func_pm_class_rm_funcs__ks5l2gdj.cno02rgq,2,oauthlib__oauthlib.1fd52536.func_pm_class_rm_funcs__ks5l2gdj.cno02rgq,2036,true,3249,46,0,0,0,0,0,,0,0,60000000,60000000,0,0,0,ok,,
865,,,,oauthlib__oauthlib.1fd52536.func_pm_class_rm_funcs__ks5l2gdj.cno02rgq,3,oauthlib__oauthlib.1fd52536.func_pm_class_rm_funcs__ks5l2gdj.cno02rgq,5331,true,96,59,0,0,0,0,0,,0,0,90000000,90000000,0,0,0,ok,,
866,,,,oauthlib__oauthlib.1fd52536.func_pm_class_rm_funcs__ks5l2gdj.cno02rgq,4,oauthlib__oauthlib.1fd52536.func_pm_class_rm_funcs__ks5l2gdj.cno02rgq,5486,true,164,44,0,0,0,0,0,,0,0,120000000,120000000,0,0,0,ok,,
867,,,,oauthlib__oauthlib.1fd52536.func_pm_class_rm_funcs__ks5l2gdj.cno02rgq,5,oauthlib__oauthlib.1fd52536.func_pm_class_rm_funcs__ks5l2gdj.cno02rgq,5694,true,223,52,0,0,0,0,0,,0,0,150000000,150000000,0,0,0,ok,,
868,,,,oauthlib__oauthlib.1fd52536.func_pm_class_rm_funcs__ks5l2gdj.cno02rgq,6,oauthlib__oauthlib.1fd52536.func_pm_class_rm_funcs__ks5l2gdj.cno02rgq,5969,true,492,189,0,0,0,0,0,,0,0,180000000,180000000,0,0,0,ok,,
869,,,,oauthlib__oauthlib.1fd52536.func_pm_class_rm_funcs__ks5l2gdj.cno02rgq,7,oauthlib__oauthlib.1fd52536.func_pm_class_rm_funcs__ks5l2gdj.cno02rgq,6650,true,23,36,0,0,0,0,0,,0,0,210000000,210000000,0,0,0,ok,,
870,,,,oauthlib__oauthlib.1fd52536.func_pm_class_rm_funcs__ks5l2gdj.cno02rgq,8,oauthlib__oauthlib.1fd52536.func_pm_class_rm_funcs__ks5l2gdj.cno02rgq,6709,true,80,1358,0,0,0,0,0,,0,0,240000000,240000000,0,0,0,ok,,
871,,,,oauthlib__oauthlib.1fd52536.func_pm_class_rm_funcs__ks5l2gdj.cno02rgq,9,oauthlib__oauthlib.1fd52536.func_pm_class_rm_funcs__ks5l2gdj.cno02rgq,8147,true,1485,56,0,0,0,0,0,,0,0,270000000,270000000,0,0,0,ok,,
872,,,,oauthlib__oauthlib.1fd52536.func_pm_class_rm_funcs__ks5l2gdj.cno02rgq,10,oauthlib__oauthlib.1fd52536.func_pm_class_rm_funcs__ks5l2gdj.cno02rgq,9688,true,23,660,0,0,0,0,0,,0,0,300000000,300000000,0,0,0,ok,,
873,,,,oauthlib__oauthlib.1fd52536.func_pm_class_rm_funcs__ks5l2gdj.cno02rgq,11,oauthlib__oauthlib.1fd52536.func_pm_class_rm_funcs__ks5l2gdj.cno02rgq,10371,true,23,33,0,0,0,0,0,,0,0,330000000,330000000,0,0,0,ok,,
874,,,,oauthlib__oauthlib.1fd52536.func_pm_class_rm_funcs__ks5l2gdj.cno02rgq,12,oauthlib__oauthlib.1fd52536.func_pm_class_rm_funcs__ks5l2gdj.cno02rgq,10427,true,213,319,0,0,0,0,0,,0,0,360000000,360000000,0,0,0,ok,,
875,,,,oauthlib__oauthlib.1fd52536.func_pm_class_rm_funcs__ks5l2gdj.cno02rgq,13,oauthlib__oauthlib.1fd52536.func_pm_class_rm_funcs__ks5l2gdj.cno02rgq,10959,true,2282,41,0,0,0,0,0,,0,0,390000000,390000000,0,0,0,ok,,
876,,,,oauthlib__oauthlib.1fd52536.func_pm_class_rm_funcs__ks5l2gdj.cno02rgq,14,oauthlib__oauthlib.1fd52536.func_pm_class_rm_funcs__ks5l2gdj.cno02rgq,13282,true,20,7,0,0,0,0,0,,0,0,420000000,420000000,0,0,0,ok,,
877,,,,chardet__chardet.9630f238.16.mt0f773l,0,swe_smith_system_prompt,978,true,899,84,0,0,0,0,0,,0,0,0,0,0,0,0,ok,,
878,,,,chardet__chardet.9630f238.16.mt0f773l,1,chardet__chardet.9630f238.16.mt0f773l,1961,true,4073,44,0,0,0,0,0,,0,0,30000000,30000000,0,0,0,ok,,
879,,,,chardet__chardet.9630f238.16.mt0f773l,2,chardet__chardet.9630f238.16.mt0f773l,6078,true,6004,41,0,0,0,0,0,,0,0,60000000,60000000,0,0,0,ok,,
880,,,,chardet__chardet.9630f238.16.mt0f773l,3,chardet__chardet.9630f238.16.mt0f773l,12123,true,24,55,0,0,0,0,0,,0,0,90000000,90000000,0,0,0,ok,,
881,,,,chardet__chardet.9630f238.16.mt0f773l,4,chardet__chardet.9630f238.16.mt0f773l,12202,true,365,64,0,0,0,0,0,,0,0,120000000,120000000,0,0,0,ok,,
882,,,,chardet__chardet.9630f238.16.mt0f773l,5,chardet__chardet.9630f238.16.mt0f773l,12631,true,81,244,0,0,0,0,0,,0,0,150000000,150000000,0,0,0,ok,,
883,,,,chardet__chardet.9630f238.16.mt0f773l,6,chardet__chardet.9630f238.16.mt0f773l,12956,true,21,30,0,0,0,0,0,,0,0,180000000,180000000,0,0,0,ok,,
884,,,,chardet__chardet.9630f238.16.mt0f773l,7,chardet__chardet.9630f238.16.mt0f773l,13007,true,4,199,0,0,0,0,0,,0,0,210000000,210000000,0,0,0,ok,,
885,,,,chardet__chardet.9630f238.16.mt0f773l,8,chardet__chardet.9630f238.16.mt0f773l,13210,true,251,31,0,0,0,0,0,,0,0,240000000,240000000,0,0,0,ok,,
886,,,,chardet__chardet.9630f238.16.mt0f773l,9,chardet__chardet.9630f238.16.mt0f773l,13492,true,4,54,0,0,0,0,0,,0,0,270000000,270000000,0,0,0,ok,,
887,,,,chardet__chardet.9630f238.16.mt0f773l,10,chardet__chardet.9630f238.16.mt0f773l,13550,true,6004,34,0,0,0,0,0,,0,0,300000000,300000000,0,0,0,ok,,
888,,,,chardet__chardet.9630f238.16.mt0f773l,11,chardet__chardet.9630f238.16.mt0f773l,19588,true,37,225,0,0,0,0,0,,0,0,330000000,330000000,0,0,0,ok,,
889,,,,chardet__chardet.9630f238.16.mt0f773l,12,chardet__chardet.9630f238.16.mt0f773l,19850,true,4,213,0,0,0,0,0,,0,0,360000000,360000000,0,0,0,ok,,
890,,,,chardet__chardet.9630f238.16.mt0f773l,13,chardet__chardet.9630f238.16.mt0f773l,20067,true,98,159,0,0,0,0,0,,0,0,390000000,390000000,0,0,0,ok,,
891,,,,chardet__chardet.9630f238.16.mt0f773l,14,chardet__chardet.9630f238.16.mt0f773l,20324,true,98,55,0,0,0,0,0,,0,0,420000000,420000000,0,0,0,ok,,
892,,,,chardet__chardet.9630f238.16.mt0f773l,15,chardet__chardet.9630f238.16.mt0f773l,20477,true,124,462,0,0,0,0,0,,0,0,450000000,450000000,0,0,0,ok,,
893,,,,chardet__chardet.9630f238.16.mt0f773l,16,chardet__chardet.9630f238.16.mt0f773l,21063,true,534,25,0,0,0,0,0,,0,0,480000000,480000000,0,0,0,ok,,
894,,,,chardet__chardet.9630f238.16.mt0f773l,17,chardet__chardet.9630f238.16.mt0f773l,21622,true,114,482,0,0,0,0,0,,0,0,510000000,510000000,0,0,0,ok,,
895,,,,chardet__chardet.9630f238.16.mt0f773l,18,chardet__chardet.9630f238.16.mt0f773l,22218,true,489,503,0,0,0,0,0,,0,0,540000000,540000000,0,0,0,ok,,
896,,,,chardet__chardet.9630f238.16.mt0f773l,19,chardet__chardet.9630f238.16.mt0f773l,23210,true,521,25,0,0,0,0,0,,0,0,570000000,570000000,0,0,0,ok,,
897,,,,chardet__chardet.9630f238.16.mt0f773l,20,chardet__chardet.9630f238.16.mt0f773l,23756,true,263,270,0,0,0,0,0,,0,0,600000000,600000000,0,0,0,ok,,
898,,,,chardet__chardet.9630f238.16.mt0f773l,21,chardet__chardet.9630f238.16.mt0f773l,24289,true,248,249,0,0,0,0,0,,0,0,630000000,630000000,0,0,0,ok,,
899,,,,chardet__chardet.9630f238.16.mt0f773l,22,chardet__chardet.9630f238.16.mt0f773l,24786,true,380,30,0,0,0,0,0,,0,0,660000000,660000000,0,0,0,ok,,
900,,,,chardet__chardet.9630f238.16.mt0f773l,23,chardet__chardet.9630f238.16.mt0f773l,25196,true,259,197,0,0,0,0,0,,0,0,690000000,690000000,0,0,0,ok,,
901,,,,oauthlib__oauthlib.1fd52536.lm_rewrite__dgs720r4.htri7jsw,0,swe_smith_system_prompt,978,true,831,103,0,0,0,0,0,,0,0,0,0,0,0,0,ok,,
902,,,,oauthlib__oauthlib.1fd52536.lm_rewrite__dgs720r4.htri7jsw,1,oauthlib__oauthlib.1fd52536.lm_rewrite__dgs720r4.htri7jsw,1912,true,2775,76,0,0,0,0,0,,0,0,30000000,30000000,0,0,0,ok,,
903,,,,oauthlib__oauthlib.1fd52536.lm_rewrite__dgs720r4.htri7jsw,2,oauthlib__oauthlib.1fd52536.lm_rewrite__dgs720r4.htri7jsw,4763,true,4627,61,0,0,0,0,0,,0,0,60000000,60000000,0,0,0,ok,,
904,,,,oauthlib__oauthlib.1fd52536.lm_rewrite__dgs720r4.htri7jsw,3,oauthlib__oauthlib.1fd52536.lm_rewrite__dgs720r4.htri7jsw,9451,true,5653,174,0,0,0,0,0,,0,0,90000000,90000000,0,0,0,ok,,
905,,,,oauthlib__oauthlib.1fd52536.lm_rewrite__dgs720r4.htri7jsw,4,oauthlib__oauthlib.1fd52536.lm_rewrite__dgs720r4.htri7jsw,15278,true,23,36,0,0,0,0,0,,0,0,120000000,120000000,0,0,0,ok,,
906,,,,oauthlib__oauthlib.1fd52536.lm_rewrite__dgs720r4.htri7jsw,5,oauthlib__oauthlib.1fd52536.lm_rewrite__dgs720r4.htri7jsw,15337,true,7,431,0,0,0,0,0,,0,0,150000000,150000000,0,0,0,ok,,
907,,,,oauthlib__oauthlib.1fd52536.lm_rewrite__dgs720r4.htri7jsw,6,oauthlib__oauthlib.1fd52536.lm_rewrite__dgs720r4.htri7jsw,15775,true,433,54,0,0,0,0,0,,0,0,180000000,180000000,0,0,0,ok,,
908,,,,oauthlib__oauthlib.1fd52536.lm_rewrite__dgs720r4.htri7jsw,7,oauthlib__oauthlib.1fd52536.lm_rewrite__dgs720r4.htri7jsw,16262,true,8,463,0,0,0,0,0,,0,0,210000000,210000000,0,0,0,ok,,
909,,,,oauthlib__oauthlib.1fd52536.lm_rewrite__dgs720r4.htri7jsw,8,oauthlib__oauthlib.1fd52536.lm_rewrite__dgs720r4.htri7jsw,16733,true,23,33,0,0,0,0,0,,0,0,240000000,240000000,0,0,0,ok,,
910,,,,oauthlib__oauthlib.1fd52536.lm_rewrite__dgs720r4.htri7jsw,9,oauthlib__oauthlib.1fd52536.lm_rewrite__dgs720r4.htri7jsw,16789,true,178,474,0,0,0,0,0,,0,0,270000000,270000000,0,0,0,ok,,
911,,,,oauthlib__oauthlib.1fd52536.lm_rewrite__dgs720r4.htri7jsw,10,oauthlib__oauthlib.1fd52536.lm_rewrite__dgs720r4.htri7jsw,17441,true,450,40,0,0,0,0,0,,0,0,300000000,300000000,0,0,0,ok,,
912,,,,oauthlib__oauthlib.1fd52536.lm_rewrite__dgs720r4.htri7jsw,11,oauthlib__oauthlib.1fd52536.lm_rewrite__dgs720r4.htri7jsw,17931,true,178,207,0,0,0,0,0,,0,0,330000000,330000000,0,0,0,ok,,
913,,,,oauthlib__oauthlib.1fd52536.lm_rewrite__dgs720r4.htri7jsw,12,oauthlib__oauthlib.1fd52536.lm_rewrite__dgs720r4.htri7jsw,18316,true,253,33,0,0,0,0,0,,0,0,360000000,360000000,0,0,0,ok,,
914,,,,oauthlib__oauthlib.1fd52536.lm_rewrite__dgs720r4.htri7jsw,13,oauthlib__oauthlib.1fd52536.lm_rewrite__dgs720r4.htri7jsw,18602,true,178,52,0,0,0,0,0,,0,0,390000000,390000000,0,0,0,ok,,
915,,,,oauthlib__oauthlib.1fd52536.lm_rewrite__dgs720r4.htri7jsw,14,oauthlib__oauthlib.1fd52536.lm_rewrite__dgs720r4.htri7jsw,18832,true,8,241,0,0,0,0,0,,0,0,420000000,420000000,0,0,0,ok,,
916,,,,oauthlib__oauthlib.1fd52536.lm_rewrite__dgs720r4.htri7jsw,15,oauthlib__oauthlib.1fd52536.lm_rewrite__dgs720r4.htri7jsw,19081,true,1365,41,0,0,0,0,0,,0,0,450000000,450000000,0,0,0,ok,,
917,,,,oauthlib__oauthlib.1fd52536.lm_rewrite__dgs720r4.htri7jsw,16,oauthlib__oauthlib.1fd52536.lm_rewrite__dgs720r4.htri7jsw,20487,true,20,7,0,0,0,0,0,,0,0,480000000,480000000,0,0,0,ok,,
918,,,,tox-dev__pipdeptree.c31b6418.func_pm_op_change_const__cjhb6rf5.3hm9gs46,0,swe_smith_system_prompt,978,true,1036,106,0,0,0,0,0,,0,0,0,0,0,0,0,ok,,
919,,,,tox-dev__pipdeptree.c31b6418.func_pm_op_change_const__cjhb6rf5.3hm9gs46,1,tox-dev__pipdeptree.c31b6418.func_pm_op_change_const__cjhb6rf5.3hm9gs46,2120,true,450,87,0,0,0,0,0,,0,0,30000000,30000000,0,0,0,ok,,
920,,,,tox-dev__pipdeptree.c31b6418.func_pm_op_change_const__cjhb6rf5.3hm9gs46,2,tox-dev__pipdeptree.c31b6418.func_pm_op_change_const__cjhb6rf5.3hm9gs46,2657,true,2144,57,0,0,0,0,0,,0,0,60000000,60000000,0,0,0,ok,,
921,,,,tox-dev__pipdeptree.c31b6418.func_pm_op_change_const__cjhb6rf5.3hm9gs46,3,tox-dev__pipdeptree.c31b6418.func_pm_op_change_const__cjhb6rf5.3hm9gs46,4858,true,3237,54,0,0,0,0,0,,0,0,90000000,90000000,0,0,0,ok,,
922,,,,tox-dev__pipdeptree.c31b6418.func_pm_op_change_const__cjhb6rf5.3hm9gs46,4,tox-dev__pipdeptree.c31b6418.func_pm_op_change_const__cjhb6rf5.3hm9gs46,8149,true,986,57,0,0,0,0,0,,0,0,120000000,120000000,0,0,0,ok,,
923,,,,tox-dev__pipdeptree.c31b6418.func_pm_op_change_const__cjhb6rf5.3hm9gs46,5,tox-dev__pipdeptree.c31b6418.func_pm_op_change_const__cjhb6rf5.3hm9gs46,9192,true,502,381,0,0,0,0,0,,0,0,150000000,150000000,0,0,0,ok,,
924,,,,tox-dev__pipdeptree.c31b6418.func_pm_op_change_const__cjhb6rf5.3hm9gs46,6,tox-dev__pipdeptree.c31b6418.func_pm_op_change_const__cjhb6rf5.3hm9gs46,10075,true,23,34,0,0,0,0,0,,0,0,180000000,180000000,0,0,0,ok,,
925,,,,tox-dev__pipdeptree.c31b6418.func_pm_op_change_const__cjhb6rf5.3hm9gs46,7,tox-dev__pipdeptree.c31b6418.func_pm_op_change_const__cjhb6rf5.3hm9gs46,10132,true,106,65,0,0,0,0,0,,0,0,210000000,210000000,0,0,0,ok,,
926,,,,tox-dev__pipdeptree.c31b6418.func_pm_op_change_const__cjhb6rf5.3hm9gs46,8,tox-dev__pipdeptree.c31b6418.func_pm_op_change_const__cjhb6rf5.3hm9gs46,10303,true,329,403,0,0,0,0,0,,0,0,240000000,240000000,0,0,0,ok,,
927,,,,tox-dev__pipdeptree.c31b6418.func_pm_op_change_const__cjhb6rf5.3hm9gs46,9,tox-dev__pipdeptree.c31b6418.func_pm_op_change_const__cjhb6rf5.3hm9gs46,11035,true,333,119,0,0,0,0,0,,0,0,270000000,270000000,0,0,0,ok,,
928,,,,tox-dev__pipdeptree.c31b6418.func_pm_op_change_const__cjhb6rf5.3hm9gs46,10,tox-dev__pipdeptree.c31b6418.func_pm_op_change_const__cjhb6rf5.3hm9gs46,11487,true,173,330,0,0,0,0,0,,0,0,300000000,300000000,0,0,0,ok,,
929,,,,tox-dev__pipdeptree.c31b6418.func_pm_op_change_const__cjhb6rf5.3hm9gs46,11,tox-dev__pipdeptree.c31b6418.func_pm_op_change_const__cjhb6rf5.3hm9gs46,11990,true,299,35,0,0,0,0,0,,0,0,330000000,330000000,0,0,0,ok,,
930,,,,tox-dev__pipdeptree.c31b6418.func_pm_op_change_const__cjhb6rf5.3hm9gs46,12,tox-dev__pipdeptree.c31b6418.func_pm_op_change_const__cjhb6rf5.3hm9gs46,12324,true,15,704,0,0,0,0,0,,0,0,360000000,360000000,0,0,0,ok,,
931,,,,tox-dev__pipdeptree.c31b6418.func_pm_op_change_const__cjhb6rf5.3hm9gs46,13,tox-dev__pipdeptree.c31b6418.func_pm_op_change_const__cjhb6rf5.3hm9gs46,13043,true,932,34,0,0,0,0,0,,0,0,390000000,390000000,0,0,0,ok,,
932,,,,tox-dev__pipdeptree.c31b6418.func_pm_op_change_const__cjhb6rf5.3hm9gs46,14,tox-dev__pipdeptree.c31b6418.func_pm_op_change_const__cjhb6rf5.3hm9gs46,14009,true,81,1503,0,0,0,0,0,,0,0,420000000,420000000,0,0,0,ok,,
933,,,,tox-dev__pipdeptree.c31b6418.func_pm_op_change_const__cjhb6rf5.3hm9gs46,15,tox-dev__pipdeptree.c31b6418.func_pm_op_change_const__cjhb6rf5.3hm9gs46,15593,true,1203,187,0,0,0,0,0,,0,0,450000000,450000000,0,0,0,ok,,
934,,,,tox-dev__pipdeptree.c31b6418.func_pm_op_change_const__cjhb6rf5.3hm9gs46,16,tox-dev__pipdeptree.c31b6418.func_pm_op_change_const__cjhb6rf5.3hm9gs46,16983,true,77,682,0,0,0,0,0,,0,0,480000000,480000000,0,0,0,ok,,
935,,,,tox-dev__pipdeptree.c31b6418.func_pm_op_change_const__cjhb6rf5.3hm9gs46,17,tox-dev__pipdeptree.c31b6418.func_pm_op_change_const__cjhb6rf5.3hm9gs46,17742,true,33,590,0,0,0,0,0,,0,0,510000000,510000000,0,0,0,ok,,
936,,,,tox-dev__pipdeptree.c31b6418.func_pm_op_change_const__cjhb6rf5.3hm9gs46,18,tox-dev__pipdeptree.c31b6418.func_pm_op_change_const__cjhb6rf5.3hm9gs46,18365,true,25,35,0,0,0,0,0,,0,0,540000000,540000000,0,0,0,ok,,
937,,,,tox-dev__pipdeptree.c31b6418.func_pm_op_change_const__cjhb6rf5.3hm9gs46,19,tox-dev__pipdeptree.c31b6418.func_pm_op_change_const__cjhb6rf5.3hm9gs46,18425,true,86,665,0,0,0,0,0,,0,0,570000000,570000000,0,0,0,ok,,
938,,,,tox-dev__pipdeptree.c31b6418.func_pm_op_change_const__cjhb6rf5.3hm9gs46,20,tox-dev__pipdeptree.c31b6418.func_pm_op_change_const__cjhb6rf5.3hm9gs46,19176,true,27,37,0,0,0,0,0,,0,0,600000000,600000000,0,0,0,ok,,
939,,,,tox-dev__pipdeptree.c31b6418.func_pm_op_change_const__cjhb6rf5.3hm9gs46,21,tox-dev__pipdeptree.c31b6418.func_pm_op_change_const__cjhb6rf5.3hm9gs46,19240,true,95,535,0,0,0,0,0,,0,0,630000000,630000000,0,0,0,ok,,
940,,,,tox-dev__pipdeptree.c31b6418.func_pm_op_change_const__cjhb6rf5.3hm9gs46,22,tox-dev__pipdeptree.c31b6418.func_pm_op_change_const__cjhb6rf5.3hm9gs46,19870,true,26,35,0,0,0,0,0,,0,0,660000000,660000000,0,0,0,ok,,
941,,,,tox-dev__pipdeptree.c31b6418.func_pm_op_change_const__cjhb6rf5.3hm9gs46,23,tox-dev__pipdeptree.c31b6418.func_pm_op_change_const__cjhb6rf5.3hm9gs46,19931,true,27,295,0,0,0,0,0,,0,0,690000000,690000000,0,0,0,ok,,
942,,,,tox-dev__pipdeptree.c31b6418.func_pm_op_change_const__cjhb6rf5.3hm9gs46,24,tox-dev__pipdeptree.c31b6418.func_pm_op_change_const__cjhb6rf5.3hm9gs46,20253,true,4063,62,0,0,0,0,0,,0,0,720000000,720000000,0,0,0,ok,,
943,,,,tox-dev__pipdeptree.c31b6418.func_pm_op_change_const__cjhb6rf5.3hm9gs46,25,tox-dev__pipdeptree.c31b6418.func_pm_op_change_const__cjhb6rf5.3hm9gs46,24378,true,20,7,0,0,0,0,0,,0,0,750000000,750000000,0,0,0,ok,,
944,,,,python-hyper__h11.bed0dd4a.17.f1s7sskf,0,swe_smith_system_prompt,978,true,925,71,0,0,0,0,0,,0,0,0,0,0,0,0,ok,,
945,,,,python-hyper__h11.bed0dd4a.17.f1s7sskf,1,python-hyper__h11.bed0dd4a.17.f1s7sskf,1974,true,401,50,0,0,0,0,0,,0,0,30000000,30000000,0,0,0,ok,,
946,,,,python-hyper__h11.bed0dd4a.17.f1s7sskf,2,python-hyper__h11.bed0dd4a.17.f1s7sskf,2425,true,1998,453,0,0,0,0,0,,0,0,60000000,60000000,0,0,0,ok,,
947,,,,python-hyper__h11.bed0dd4a.17.f1s7sskf,3,python-hyper__h11.bed0dd4a.17.f1s7sskf,4876,true,22,31,0,0,0,0,0,,0,0,90000000,90000000,0,0,0,ok,,
948,,,,python-hyper__h11.bed0dd4a.17.f1s7sskf,4,python-hyper__h11.bed0dd4a.17.f1s7sskf,4929,true,122,442,0,0,0,0,0,,0,0,120000000,120000000,0,0,0,ok,,
949,,,,python-hyper__h11.bed0dd4a.17.f1s7sskf,5,python-hyper__h11.bed0dd4a.17.f1s7sskf,5493,true,294,38,0,0,0,0,0,,0,0,150000000,150000000,0,0,0,ok,,
950,,,,python-hyper__h11.bed0dd4a.17.f1s7sskf,6,python-hyper__h11.bed0dd4a.17.f1s7sskf,5825,true,136,35,0,0,0,0,0,,0,0,180000000,180000000,0,0,0,ok,,
951,,,,tox-dev__pipdeptree.c31b6418.func_pm_ctrl_invert_if__0qedlj6j.v0y4x7i1,0,swe_smith_system_prompt,978,true,933,98,0,0,0,0,0,,0,0,0,0,0,0,0,ok,,
952,,,,tox-dev__pipdeptree.c31b6418.func_pm_ctrl_invert_if__0qedlj6j.v0y4x7i1,1,tox-dev__pipdeptree.c31b6418.func_pm_ctrl_invert_if__0qedlj6j.v0y4x7i1,2009,true,450,79,0,0,0,0,0,,0,0,30000000,30000000,0,0,0,ok,,
953,,,,tox-dev__pipdeptree.c31b6418.func_pm_ctrl_invert_if__0qedlj6j.v0y4x7i1,2,tox-dev__pipdeptree.c31b6418.func_pm_ctrl_invert_if__0qedlj6j.v0y4x7i1,2538,true,3492,50,0,0,0,0,0,,0,0,60000000,60000000,0,0,0,ok,,
954,,,,tox-dev__pipdeptree.c31b6418.func_pm_ctrl_invert_if__0qedlj6j.v0y4x7i1,3,tox-dev__pipdeptree.c31b6418.func_pm_ctrl_invert_if__0qedlj6j.v0y4x7i1,6080,true,752,44,0,0,0,0,0,,0,0,90000000,90000000,0,0,0,ok,,
955,,,,tox-dev__pipdeptree.c31b6418.func_pm_ctrl_invert_if__0qedlj6j.v0y4x7i1,4,tox-dev__pipdeptree.c31b6418.func_pm_ctrl_invert_if__0qedlj6j.v0y4x7i1,6876,true,4549,353,0,0,0,0,0,,0,0,120000000,120000000,0,0,0,ok,,
956,,,,tox-dev__pipdeptree.c31b6418.func_pm_ctrl_invert_if__0qedlj6j.v0y4x7i1,5,tox-dev__pipdeptree.c31b6418.func_pm_ctrl_invert_if__0qedlj6j.v0y4x7i1,11778,true,22,35,0,0,0,0,0,,0,0,150000000,150000000,0,0,0,ok,,
957,,,,tox-dev__pipdeptree.c31b6418.func_pm_ctrl_invert_if__0qedlj6j.v0y4x7i1,6,tox-dev__pipdeptree.c31b6418.func_pm_ctrl_invert_if__0qedlj6j.v0y4x7i1,11835,true,109,763,0,0,0,0,0,,0,0,180000000,180000000,0,0,0,ok,,
958,,,,tox-dev__pipdeptree.c31b6418.func_pm_ctrl_invert_if__0qedlj6j.v0y4x7i1,7,tox-dev__pipdeptree.c31b6418.func_pm_ctrl_invert_if__0qedlj6j.v0y4x7i1,12707,true,740,32,0,0,0,0,0,,0,0,210000000,210000000,0,0,0,ok,,
959,,,,tox-dev__pipdeptree.c31b6418.func_pm_ctrl_invert_if__0qedlj6j.v0y4x7i1,8,tox-dev__pipdeptree.c31b6418.func_pm_ctrl_invert_if__0qedlj6j.v0y4x7i1,13479,true,60,821,0,0,0,0,0,,0,0,240000000,240000000,0,0,0,ok,,
960,,,,tox-dev__pipdeptree.c31b6418.func_pm_ctrl_invert_if__0qedlj6j.v0y4x7i1,9,tox-dev__pipdeptree.c31b6418.func_pm_ctrl_invert_if__0qedlj6j.v0y4x7i1,14360,true,671,32,0,0,0,0,0,,0,0,270000000,270000000,0,0,0,ok,,
961,,,,tox-dev__pipdeptree.c31b6418.func_pm_ctrl_invert_if__0qedlj6j.v0y4x7i1,10,tox-dev__pipdeptree.c31b6418.func_pm_ctrl_invert_if__0qedlj6j.v0y4x7i1,15063,true,196,611,0,0,0,0,0,,0,0,300000000,300000000,0,0,0,ok,,
962,,,,tox-dev__pipdeptree.c31b6418.func_pm_ctrl_invert_if__0qedlj6j.v0y4x7i1,11,tox-dev__pipdeptree.c31b6418.func_pm_ctrl_invert_if__0qedlj6j.v0y4x7i1,15870,true,136,59,0,0,0,0,0,,0,0,330000000,330000000,0,0,0,ok,,
963,,,,tox-dev__pipdeptree.c31b6418.func_pm_ctrl_invert_if__0qedlj6j.v0y4x7i1,12,tox-dev__pipdeptree.c31b6418.func_pm_ctrl_invert_if__0qedlj6j.v0y4x7i1,16065,true,383,241,0,0,0,0,0,,0,0,360000000,360000000,0,0,0,ok,,
964,,,,tox-dev__pipdeptree.c31b6418.func_pm_ctrl_invert_if__0qedlj6j.v0y4x7i1,13,tox-dev__pipdeptree.c31b6418.func_pm_ctrl_invert_if__0qedlj6j.v0y4x7i1,16689,true,352,52,0,0,0,0,0,,0,0,390000000,390000000,0,0,0,ok,,
965,,,,tox-dev__pipdeptree.c31b6418.func_pm_ctrl_invert_if__0qedlj6j.v0y4x7i1,14,tox-dev__pipdeptree.c31b6418.func_pm_ctrl_invert_if__0qedlj6j.v0y4x7i1,17093,true,197,805,0,0,0,0,0,,0,0,420000000,420000000,0,0,0,ok,,
966,,,,tox-dev__pipdeptree.c31b6418.func_pm_ctrl_invert_if__0qedlj6j.v0y4x7i1,15,tox-dev__pipdeptree.c31b6418.func_pm_ctrl_invert_if__0qedlj6j.v0y4x7i1,18095,true,23,32,0,0,0,0,0,,0,0,450000000,450000000,0,0,0,ok,,
967,,,,tox-dev__pipdeptree.c31b6418.func_pm_ctrl_invert_if__0qedlj6j.v0y4x7i1,16,tox-dev__pipdeptree.c31b6418.func_pm_ctrl_invert_if__0qedlj6j.v0y4x7i1,18150,true,22,1285,0,0,0,0,0,,0,0,480000000,480000000,0,0,0,ok,,
968,,,,tox-dev__pipdeptree.c31b6418.func_pm_ctrl_invert_if__0qedlj6j.v0y4x7i1,17,tox-dev__pipdeptree.c31b6418.func_pm_ctrl_invert_if__0qedlj6j.v0y4x7i1,19457,true,1035,34,0,0,0,0,0,,0,0,510000000,510000000,0,0,0,ok,,
969,,,,tox-dev__pipdeptree.c31b6418.func_pm_ctrl_invert_if__0qedlj6j.v0y4x7i1,18,tox-dev__pipdeptree.c31b6418.func_pm_ctrl_invert_if__0qedlj6j.v0y4x7i1,20526,true,428,329,0,0,0,0,0,,0,0,540000000,540000000,0,0,0,ok,,
970,,,,tox-dev__pipdeptree.c31b6418.func_pm_ctrl_invert_if__0qedlj6j.v0y4x7i1,19,tox-dev__pipdeptree.c31b6418.func_pm_ctrl_invert_if__0qedlj6j.v0y4x7i1,21283,true,2077,41,0,0,0,0,0,,0,0,570000000,570000000,0,0,0,ok,,
971,,,,tox-dev__pipdeptree.c31b6418.func_pm_ctrl_invert_if__0qedlj6j.v0y4x7i1,20,tox-dev__pipdeptree.c31b6418.func_pm_ctrl_invert_if__0qedlj6j.v0y4x7i1,23401,true,20,7,0,0,0,0,0,,0,0,600000000,600000000,0,0,0,ok,,
972,,,,sloria__environs.73c372df.lm_rewrite__j1p3c330.33mke0ao,0,swe_smith_system_prompt,978,true,936,99,0,0,0,0,0,,0,0,0,0,0,0,0,ok,,
973,,,,sloria__environs.73c372df.lm_rewrite__j1p3c330.33mke0ao,1,sloria__environs.73c372df.lm_rewrite__j1p3c330.33mke0ao,2013,true,143,52,0,0,0,0,0,,0,0,30000000,30000000,0,0,0,ok,,
974,,,,sloria__environs.73c372df.lm_rewrite__j1p3c330.33mke0ao,2,sloria__environs.73c372df.lm_rewrite__j1p3c330.33mke0ao,2208,true,4369,104,0,0,0,0,0,,0,0,60000000,60000000,0,0,0,ok,,
975,,,,sloria__environs.73c372df.lm_rewrite__j1p3c330.33mke0ao,3,sloria__environs.73c372df.lm_rewrite__j1p3c330.33mke0ao,6681,true,1559,58,0,0,0,0,0,,0,0,90000000,90000000,0,0,0,ok,,
976,,,,sloria__environs.73c372df.lm_rewrite__j1p3c330.33mke0ao,4,sloria__environs.73c372df.lm_rewrite__j1p3c330.33mke0ao,8298,true,245,60,0,0,0,0,0,,0,0,120000000,120000000,0,0,0,ok,,
977,,,,sloria__environs.73c372df.lm_rewrite__j1p3c330.33mke0ao,5,sloria__environs.73c372df.lm_rewrite__j1p3c330.33mke0ao,8603,true,297,44,0,0,0,0,0,,0,0,150000000,150000000,0,0,0,ok,,
978,,,,sloria__environs.73c372df.lm_rewrite__j1p3c330.33mke0ao,6,sloria__environs.73c372df.lm_rewrite__j1p3c330.33mke0ao,8944,true,1660,185,0,0,0,0,0,,0,0,180000000,180000000,0,0,0,ok,,
979,,,,sloria__environs.73c372df.lm_rewrite__j1p3c330.33mke0ao,7,sloria__environs.73c372df.lm_rewrite__j1p3c330.33mke0ao,10789,true,23,35,0,0,0,0,0,,0,0,210000000,210000000,0,0,0,ok,,
980,,,,sloria__environs.73c372df.lm_rewrite__j1p3c330.33mke0ao,8,sloria__environs.73c372df.lm_rewrite__j1p3c330.33mke0ao,10847,true,70,94,0,0,0,0,0,,0,0,240000000,240000000,0,0,0,ok,,
981,,,,sloria__environs.73c372df.lm_rewrite__j1p3c330.33mke0ao,9,sloria__environs.73c372df.lm_rewrite__j1p3c330.33mke0ao,11011,true,139,551,0,0,0,0,0,,0,0,270000000,270000000,0,0,0,ok,,
982,,,,sloria__environs.73c372df.lm_rewrite__j1p3c330.33mke0ao,10,sloria__environs.73c372df.lm_rewrite__j1p3c330.33mke0ao,11701,true,559,40,0,0,0,0,0,,0,0,300000000,300000000,0,0,0,ok,,
983,,,,sloria__environs.73c372df.lm_rewrite__j1p3c330.33mke0ao,11,sloria__environs.73c372df.lm_rewrite__j1p3c330.33mke0ao,12300,true,22,358,0,0,0,0,0,,0,0,330000000,330000000,0,0,0,ok,,
984,,,,sloria__environs.73c372df.lm_rewrite__j1p3c330.33mke0ao,12,sloria__environs.73c372df.lm_rewrite__j1p3c330.33mke0ao,12680,true,23,24,0,0,0,0,0,,0,0,360000000,360000000,0,0,0,ok,,
985,,,,sloria__environs.73c372df.lm_rewrite__j1p3c330.33mke0ao,13,sloria__environs.73c372df.lm_rewrite__j1p3c330.33mke0ao,12727,true,405,147,0,0,0,0,0,,0,0,390000000,390000000,0,0,0,ok,,
986,,,,sloria__environs.73c372df.lm_rewrite__j1p3c330.33mke0ao,14,sloria__environs.73c372df.lm_rewrite__j1p3c330.33mke0ao,13279,true,248,32,0,0,0,0,0,,0,0,420000000,420000000,0,0,0,ok,,
987,,,,sloria__environs.73c372df.lm_rewrite__j1p3c330.33mke0ao,15,sloria__environs.73c372df.lm_rewrite__j1p3c330.33mke0ao,13559,true,113,384,0,0,0,0,0,,0,0,450000000,450000000,0,0,0,ok,,
988,,,,sloria__environs.73c372df.lm_rewrite__j1p3c330.33mke0ao,16,sloria__environs.73c372df.lm_rewrite__j1p3c330.33mke0ao,14056,true,24,25,0,0,0,0,0,,0,0,480000000,480000000,0,0,0,ok,,
989,,,,sloria__environs.73c372df.lm_rewrite__j1p3c330.33mke0ao,17,sloria__environs.73c372df.lm_rewrite__j1p3c330.33mke0ao,14105,true,109,286,0,0,0,0,0,,0,0,510000000,510000000,0,0,0,ok,,
990,,,,sloria__environs.73c372df.lm_rewrite__j1p3c330.33mke0ao,18,sloria__environs.73c372df.lm_rewrite__j1p3c330.33mke0ao,14500,true,1852,47,0,0,0,0,0,,0,0,540000000,540000000,0,0,0,ok,,
991,,,,sloria__environs.73c372df.lm_rewrite__j1p3c330.33mke0ao,19,sloria__environs.73c372df.lm_rewrite__j1p3c330.33mke0ao,16399,true,20,13,0,0,0,0,0,,0,0,570000000,570000000,0,0,0,ok,,
992,,,,jaraco__inflect.c079a96a.10.tm4cbqs4,0,swe_smith_system_prompt,978,true,921,72,0,0,0,0,0,,0,0,0,0,0,0,0,ok,,
993,,,,jaraco__inflect.c079a96a.10.tm4cbqs4,1,jaraco__inflect.c079a96a.10.tm4cbqs4,1971,true,44,51,0,0,0,0,0,,0,0,30000000,30000000,0,0,0,ok,,
994,,,,jaraco__inflect.c079a96a.10.tm4cbqs4,2,jaraco__inflect.c079a96a.10.tm4cbqs4,2066,true,7697,44,0,0,0,0,0,,0,0,60000000,60000000,0,0,0,ok,,
995,,,,jaraco__inflect.c079a96a.10.tm4cbqs4,3,jaraco__inflect.c079a96a.10.tm4cbqs4,9807,true,14,62,0,0,0,0,0,,0,0,90000000,90000000,0,0,0,ok,,
996,,,,jaraco__inflect.c079a96a.10.tm4cbqs4,4,jaraco__inflect.c079a96a.10.tm4cbqs4,9883,true,51,342,0,0,0,0,0,,0,0,120000000,120000000,0,0,0,ok,,
997,,,,jaraco__inflect.c079a96a.10.tm4cbqs4,5,jaraco__inflect.c079a96a.10.tm4cbqs4,10276,true,21,30,0,0,0,0,0,,0,0,150000000,150000000,0,0,0,ok,,
998,,,,jaraco__inflect.c079a96a.10.tm4cbqs4,6,jaraco__inflect.c079a96a.10.tm4cbqs4,10327,true,227,156,0,0,0,0,0,,0,0,180000000,180000000,0,0,0,ok,,
999,,,,jaraco__inflect.c079a96a.10.tm4cbqs4,7,jaraco__inflect.c079a96a.10.tm4cbqs4,10710,true,169,43,0,0,0,0,0,,0,0,210000000,210000000,0,0,0,ok,,
1000,,,,jaraco__inflect.c079a96a.10.tm4cbqs4,8,jaraco__inflect.c079a96a.10.tm4cbqs4,10922,true,50,266,0,0,0,0,0,,0,0,240000000,240000000,0,0,0,ok,,
1001,,,,pyupio__safety.7654596b.combine_file__m92kensw.91axqqsx,0,swe_smith_system_prompt,978,true,834,74,0,0,0,0,0,,0,0,0,0,0,0,0,ok,,
1002,,,,pyupio__safety.7654596b.combine_file__m92kensw.91axqqsx,1,pyupio__safety.7654596b.combine_file__m92kensw.91axqqsx,1886,true,940,92,0,0,0,0,0,,0,0,30000000,30000000,0,0,0,ok,,
1003,,,,pyupio__safety.7654596b.combine_file__m92kensw.91axqqsx,2,pyupio__safety.7654596b.combine_file__m92kensw.91axqqsx,2918,true,2906,57,0,0,0,0,0,,0,0,60000000,60000000,0,0,0,ok,,
1004,,,,pyupio__safety.7654596b.combine_file__m92kensw.91axqqsx,3,pyupio__safety.7654596b.combine_file__m92kensw.91axqqsx,5881,true,1609,83,0,0,0,0,0,,0,0,90000000,90000000,0,0,0,ok,,
1005,,,,pyupio__safety.7654596b.combine_file__m92kensw.91axqqsx,4,pyupio__safety.7654596b.combine_file__m92kensw.91axqqsx,7573,true,316,72,0,0,0,0,0,,0,0,120000000,120000000,0,0,0,ok,,
1006,,,,pyupio__safety.7654596b.combine_file__m92kensw.91axqqsx,5,pyupio__safety.7654596b.combine_file__m92kensw.91axqqsx,7961,true,414,68,0,0,0,0,0,,0,0,150000000,150000000,0,0,0,ok,,
1007,,,,pyupio__safety.7654596b.combine_file__m92kensw.91axqqsx,6,pyupio__safety.7654596b.combine_file__m92kensw.91axqqsx,8443,true,601,61,0,0,0,0,0,,0,0,180000000,180000000,0,0,0,ok,,
1008,,,,pyupio__safety.7654596b.combine_file__m92kensw.91axqqsx,7,pyupio__safety.7654596b.combine_file__m92kensw.91axqqsx,9105,true,2189,49,0,0,0,0,0,,0,0,210000000,210000000,0,0,0,ok,,
1009,,,,pyupio__safety.7654596b.combine_file__m92kensw.91axqqsx,8,pyupio__safety.7654596b.combine_file__m92kensw.91axqqsx,11343,true,3571,137,0,0,0,0,0,,0,0,240000000,240000000,0,0,0,ok,,
1010,,,,pyupio__safety.7654596b.combine_file__m92kensw.91axqqsx,9,pyupio__safety.7654596b.combine_file__m92kensw.91axqqsx,15051,true,23,51,0,0,0,0,0,,0,0,270000000,270000000,0,0,0,ok,,
1011,,,,pyupio__safety.7654596b.combine_file__m92kensw.91axqqsx,10,pyupio__safety.7654596b.combine_file__m92kensw.91axqqsx,15125,true,71,61,0,0,0,0,0,,0,0,300000000,300000000,0,0,0,ok,,
1012,,,,pyupio__safety.7654596b.combine_file__m92kensw.91axqqsx,11,pyupio__safety.7654596b.combine_file__m92kensw.91axqqsx,15257,true,20,160,0,0,0,0,0,,0,0,330000000,330000000,0,0,0,ok,,
1013,,,,pyupio__safety.7654596b.combine_file__m92kensw.91axqqsx,12,pyupio__safety.7654596b.combine_file__m92kensw.91axqqsx,15437,true,35,546,0,0,0,0,0,,0,0,360000000,360000000,0,0,0,ok,,
1014,,,,pyupio__safety.7654596b.combine_file__m92kensw.91axqqsx,13,pyupio__safety.7654596b.combine_file__m92kensw.91axqqsx,16018,true,437,558,0,0,0,0,0,,0,0,390000000,390000000,0,0,0,ok,,
1015,,,,pyupio__safety.7654596b.combine_file__m92kensw.91axqqsx,14,pyupio__safety.7654596b.combine_file__m92kensw.91axqqsx,17013,true,609,76,0,0,0,0,0,,0,0,420000000,420000000,0,0,0,ok,,
1016,,,,pyupio__safety.7654596b.combine_file__m92kensw.91axqqsx,15,pyupio__safety.7654596b.combine_file__m92kensw.91axqqsx,17698,true,1011,45,0,0,0,0,0,,0,0,450000000,450000000,0,0,0,ok,,
1017,,,,pyupio__safety.7654596b.combine_file__m92kensw.91axqqsx,16,pyupio__safety.7654596b.combine_file__m92kensw.91axqqsx,18754,true,1001,45,0,0,0,0,0,,0,0,480000000,480000000,0,0,0,ok,,
1018,,,,pyupio__safety.7654596b.combine_file__m92kensw.91axqqsx,17,pyupio__safety.7654596b.combine_file__m92kensw.91axqqsx,19800,true,501,296,0,0,0,0,0,,0,0,510000000,510000000,0,0,0,ok,,
1019,,,,pyupio__safety.7654596b.combine_file__m92kensw.91axqqsx,18,pyupio__safety.7654596b.combine_file__m92kensw.91axqqsx,20597,true,390,165,0,0,0,0,0,,0,0,540000000,540000000,0,0,0,ok,,
1020,,,,pyupio__safety.7654596b.combine_file__m92kensw.91axqqsx,19,pyupio__safety.7654596b.combine_file__m92kensw.91axqqsx,21152,true,292,65,0,0,0,0,0,,0,0,570000000,570000000,0,0,0,ok,,
1021,,,,pyupio__safety.7654596b.combine_file__m92kensw.91axqqsx,20,pyupio__safety.7654596b.combine_file__m92kensw.91axqqsx,21509,true,20,96,0,0,0,0,0,,0,0,600000000,600000000,0,0,0,ok,,
1022,,,,pyupio__safety.7654596b.combine_file__m92kensw.91axqqsx,21,pyupio__safety.7654596b.combine_file__m92kensw.91axqqsx,21625,true,35,58,0,0,0,0,0,,0,0,630000000,630000000,0,0,0,ok,,
1023,,,,pyupio__safety.7654596b.combine_file__m92kensw.91axqqsx,22,pyupio__safety.7654596b.combine_file__m92kensw.91axqqsx,21718,true,335,401,0,0,0,0,0,,0,0,660000000,660000000,0,0,0,ok,,
1024,,,,pyupio__safety.7654596b.combine_file__m92kensw.91axqqsx,23,pyupio__safety.7654596b.combine_file__m92kensw.91axqqsx,22454,true,23,24,0,0,0,0,0,,0,0,690000000,690000000,0,0,0,ok,,
1025,,,,pyupio__safety.7654596b.combine_file__m92kensw.91axqqsx,24,pyupio__safety.7654596b.combine_file__m92kensw.91axqqsx,22501,true,348,271,0,0,0,0,0,,0,0,720000000,720000000,0,0,0,ok,,
1026,,,,pyupio__safety.7654596b.combine_file__m92kensw.91axqqsx,25,pyupio__safety.7654596b.combine_file__m92kensw.91axqqsx,23120,true,350,24,0,0,0,0,0,,0,0,750000000,750000000,0,0,0,ok,,
1027,,,,pyupio__safety.7654596b.combine_file__m92kensw.91axqqsx,26,pyupio__safety.7654596b.combine_file__m92kensw.91axqqsx,23494,true,200,227,0,0,0,0,0,,0,0,780000000,780000000,0,0,0,ok,,
1028,,,,pyupio__safety.7654596b.combine_file__m92kensw.91axqqsx,27,pyupio__safety.7654596b.combine_file__m92kensw.91axqqsx,23921,true,1810,41,0,0,0,0,0,,0,0,810000000,810000000,0,0,0,ok,,
1029,,,,pyupio__safety.7654596b.combine_file__m92kensw.91axqqsx,28,pyupio__safety.7654596b.combine_file__m92kensw.91axqqsx,25772,true,20,7,0,0,0,0,0,,0,0,840000000,840000000,0,0,0,ok,,
1030,,,,getnikola__nikola.0f4c230e.lm_rewrite__agmf7x4k.459osl2e,0,swe_smith_system_prompt,978,true,884,99,0,0,0,0,0,,0,0,0,0,0,0,0,ok,,
1031,,,,getnikola__nikola.0f4c230e.lm_rewrite__agmf7x4k.459osl2e,1,getnikola__nikola.0f4c230e.lm_rewrite__agmf7x4k.459osl2e,1961,true,12,50,0,0,0,0,0,,0,0,30000000,30000000,0,0,0,ok,,
1032,,,,getnikola__nikola.0f4c230e.lm_rewrite__agmf7x4k.459osl2e,2,getnikola__nikola.0f4c230e.lm_rewrite__agmf7x4k.459osl2e,2023,true,5675,51,0,0,0,0,0,,0,0,60000000,60000000,0,0,0,ok,,
1033,,,,getnikola__nikola.0f4c230e.lm_rewrite__agmf7x4k.459osl2e,3,getnikola__nikola.0f4c230e.lm_rewrite__agmf7x4k.459osl2e,7749,true,18,54,0,0,0,0,0,,0,0,90000000,90000000,0,0,0,ok,,
1034,,,,getnikola__nikola.0f4c230e.lm_rewrite__agmf7x4k.459osl2e,4,getnikola__nikola.0f4c230e.lm_rewrite__agmf7x4k.459osl2e,7821,true,462,67,0,0,0,0,0,,0,0,120000000,120000000,0,0,0,ok,,
1035,,,,getnikola__nikola.0f4c230e.lm_rewrite__agmf7x4k.459osl2e,5,getnikola__nikola.0f4c230e.lm_rewrite__agmf7x4k.459osl2e,8350,true,392,59,0,0,0,0,0,,0,0,150000000,150000000,0,0,0,ok,,
1036,,,,getnikola__nikola.0f4c230e.lm_rewrite__agmf7x4k.459osl2e,6,getnikola__nikola.0f4c230e.lm_rewrite__agmf7x4k.459osl2e,8801,true,89,42,0,0,0,0,0,,0,0,180000000,180000000,0,0,0,ok,,
1037,,,,getnikola__nikola.0f4c230e.lm_rewrite__agmf7x4k.459osl2e,7,getnikola__nikola.0f4c230e.lm_rewrite__agmf7x4k.459osl2e,8932,true,527,905,0,0,0,0,0,,0,0,210000000,210000000,0,0,0,ok,,
1038,,,,getnikola__nikola.0f4c230e.lm_rewrite__agmf7x4k.459osl2e,8,getnikola__nikola.0f4c230e.lm_rewrite__agmf7x4k.459osl2e,10364,true,23,49,0,0,0,0,0,,0,0,240000000,240000000,0,0,0,ok,,
1039,,,,getnikola__nikola.0f4c230e.lm_rewrite__agmf7x4k.459osl2e,9,getnikola__nikola.0f4c230e.lm_rewrite__agmf7x4k.459osl2e,10436,true,303,1074,0,0,0,0,0,,0,0,270000000,270000000,0,0,0,ok,,
1040,,,,getnikola__nikola.0f4c230e.lm_rewrite__agmf7x4k.459osl2e,10,getnikola__nikola.0f4c230e.lm_rewrite__agmf7x4k.459osl2e,11813,true,1144,52,0,0,0,0,0,,0,0,300000000,300000000,0,0,0,ok,,
1041,,,,getnikola__nikola.0f4c230e.lm_rewrite__agmf7x4k.459osl2e,11,getnikola__nikola.0f4c230e.lm_rewrite__agmf7x4k.459osl2e,13009,true,265,718,0,0,0,0,0,,0,0,330000000,330000000,0,0,0,ok,,
1042,,,,getnikola__nikola.0f4c230e.lm_rewrite__agmf7x4k.459osl2e,12,getnikola__nikola.0f4c230e.lm_rewrite__agmf7x4k.459osl2e,13992,true,1030,38,0,0,0,0,0,,0,0,360000000,360000000,0,0,0,ok,,
1043,,,,getnikola__nikola.0f4c230e.lm_rewrite__agmf7x4k.459osl2e,13,getnikola__nikola.0f4c230e.lm_rewrite__agmf7x4k.459osl2e,15060,true,331,1550,0,0,0,0,0,,0,0,390000000,390000000,0,0,0,ok,,
1044,,,,getnikola__nikola.0f4c230e.lm_rewrite__agmf7x4k.459osl2e,14,getnikola__nikola.0f4c230e.lm_rewrite__agmf7x4k.459osl2e,16941,true,1401,42,0,0,0,0,0,,0,0,420000000,420000000,0,0,0,ok,,
1045,,,,getnikola__nikola.0f4c230e.lm_rewrite__agmf7x4k.459osl2e,15,getnikola__nikola.0f4c230e.lm_rewrite__agmf7x4k.459osl2e,18384,true,331,1471,0,0,0,0,0,,0,0,450000000,450000000,0,0,0,ok,,
1046,,,,getnikola__nikola.0f4c230e.lm_rewrite__agmf7x4k.459osl2e,16,getnikola__nikola.0f4c230e.lm_rewrite__agmf7x4k.459osl2e,20186,true,1753,40,0,0,0,0,0,,0,0,480000000,480000000,0,0,0,ok,,
1047,,,,getnikola__nikola.0f4c230e.lm_rewrite__agmf7x4k.459osl2e,17,getnikola__nikola.0f4c230e.lm_rewrite__agmf7x4k.459osl2e,21979,true,375,1363,0,0,0,0,0,,0,0,510000000,510000000,0,0,0,ok,,
1048,,,,getnikola__nikola.0f4c230e.lm_rewrite__agmf7x4k.459osl2e,18,getnikola__nikola.0f4c230e.lm_rewrite__agmf7x4k.459osl2e,23717,true,1438,38,0,0,0,0,0,,0,0,540000000,540000000,0,0,0,ok,,
1049,,,,getnikola__nikola.0f4c230e.lm_rewrite__agmf7x4k.459osl2e,19,getnikola__nikola.0f4c230e.lm_rewrite__agmf7x4k.459osl2e,25193,true,419,415,0,0,0,0,0,,0,0,570000000,570000000,0,0,0,ok,,
1050,,,,getnikola__nikola.0f4c230e.lm_rewrite__agmf7x4k.459osl2e,20,getnikola__nikola.0f4c230e.lm_rewrite__agmf7x4k.459osl2e,26027,true,4684,36,0,0,0,0,0,,0,0,600000000,600000000,0,0,0,ok,,
1051,,,,getnikola__nikola.0f4c230e.lm_rewrite__agmf7x4k.459osl2e,21,getnikola__nikola.0f4c230e.lm_rewrite__agmf7x4k.459osl2e,30747,true,20,7,0,0,0,0,0,,0,0,630000000,630000000,0,0,0,ok,,
1052,,,,cknd__stackprinter.219fcc52.lm_rewrite__4yfvlq78.rdgzt1d6,0,swe_smith_system_prompt,978,true,805,121,0,0,0,0,0,,0,0,0,0,0,0,0,ok,,
1053,,,,cknd__stackprinter.219fcc52.lm_rewrite__4yfvlq78.rdgzt1d6,1,cknd__stackprinter.219fcc52.lm_rewrite__4yfvlq78.rdgzt1d6,1904,true,290,69,0,0,0,0,0,,0,0,30000000,30000000,0,0,0,ok,,
1054,,,,cknd__stackprinter.219fcc52.lm_rewrite__4yfvlq78.rdgzt1d6,2,cknd__stackprinter.219fcc52.lm_rewrite__4yfvlq78.rdgzt1d6,2263,true,3244,222,0,0,0,0,0,,0,0,60000000,60000000,0,0,0,ok,,
1055,,,,cknd__stackprinter.219fcc52.lm_rewrite__4yfvlq78.rdgzt1d6,3,cknd__stackprinter.219fcc52.lm_rewrite__4yfvlq78.rdgzt1d6,5729,true,23,36,0,0,0,0,0,,0,0,90000000,90000000,0,0,0,ok,,
1056,,,,cknd__stackprinter.219fcc52.lm_rewrite__4yfvlq78.rdgzt1d6,4,cknd__stackprinter.219fcc52.lm_rewrite__4yfvlq78.rdgzt1d6,5788,true,721,279,0,0,0,0,0,,0,0,120000000,120000000,0,0,0,ok,,
1057,,,,cknd__stackprinter.219fcc52.lm_rewrite__4yfvlq78.rdgzt1d6,5,cknd__stackprinter.219fcc52.lm_rewrite__4yfvlq78.rdgzt1d6,6788,true,26,36,0,0,0,0,0,,0,0,150000000,150000000,0,0,0,ok,,
1058,,,,cknd__stackprinter.219fcc52.lm_rewrite__4yfvlq78.rdgzt1d6,6,cknd__stackprinter.219fcc52.lm_rewrite__4yfvlq78.rdgzt1d6,6850,true,2691,296,0,0,0,0,0,,0,0,180000000,180000000,0,0,0,ok,,
1059,,,,cknd__stackprinter.219fcc52.lm_rewrite__4yfvlq78.rdgzt1d6,7,cknd__stackprinter.219fcc52.lm_rewrite__4yfvlq78.rdgzt1d6,9837,true,25,34,0,0,0,0,0,,0,0,210000000,210000000,0,0,0,ok,,
1060,,,,cknd__stackprinter.219fcc52.lm_rewrite__4yfvlq78.rdgzt1d6,8,cknd__stackprinter.219fcc52.lm_rewrite__4yfvlq78.rdgzt1d6,9896,true,5178,133,0,0,0,0,0,,0,0,240000000,240000000,0,0,0,ok,,
1061,,,,cknd__stackprinter.219fcc52.lm_rewrite__4yfvlq78.rdgzt1d6,9,cknd__stackprinter.219fcc52.lm_rewrite__4yfvlq78.rdgzt1d6,15207,true,561,43,0,0,0,0,0,,0,0,270000000,270000000,0,0,0,ok,,
1062,,,,cknd__stackprinter.219fcc52.lm_rewrite__4yfvlq78.rdgzt1d6,10,cknd__stackprinter.219fcc52.lm_rewrite__4yfvlq78.rdgzt1d6,15811,true,1006,142,0,0,0,0,0,,0,0,300000000,300000000,0,0,0,ok,,
1063,,,,cknd__stackprinter.219fcc52.lm_rewrite__4yfvlq78.rdgzt1d6,11,cknd__stackprinter.219fcc52.lm_rewrite__4yfvlq78.rdgzt1d6,16959,true,1188,1680,0,0,0,0,0,,0,0,330000000,330000000,0,0,0,ok,,
1064,,,,cknd__stackprinter.219fcc52.lm_rewrite__4yfvlq78.rdgzt1d6,12,cknd__stackprinter.219fcc52.lm_rewrite__4yfvlq78.rdgzt1d6,19827,true,1408,209,0,0,0,0,0,,0,0,360000000,360000000,0,0,0,ok,,
1065,,,,cknd__stackprinter.219fcc52.lm_rewrite__4yfvlq78.rdgzt1d6,13,cknd__stackprinter.219fcc52.lm_rewrite__4yfvlq78.rdgzt1d6,21444,true,5178,136,0,0,0,0,0,,0,0,390000000,390000000,0,0,0,ok,,
1066,,,,cknd__stackprinter.219fcc52.lm_rewrite__4yfvlq78.rdgzt1d6,14,cknd__stackprinter.219fcc52.lm_rewrite__4yfvlq78.rdgzt1d6,26758,true,244,1794,0,0,0,0,0,,0,0,420000000,420000000,0,0,0,ok,,
1067,,,,cknd__stackprinter.219fcc52.lm_rewrite__4yfvlq78.rdgzt1d6,15,cknd__stackprinter.219fcc52.lm_rewrite__4yfvlq78.rdgzt1d6,28796,true,1591,188,0,0,0,0,0,,0,0,450000000,450000000,0,0,0,ok,,
1068,,,,cknd__stackprinter.219fcc52.lm_rewrite__4yfvlq78.rdgzt1d6,16,cknd__stackprinter.219fcc52.lm_rewrite__4yfvlq78.rdgzt1d6,30575,true,5768,85,0,0,0,0,0,,0,0,480000000,480000000,0,0,0,ok,,
1069,,,,cknd__stackprinter.219fcc52.lm_rewrite__4yfvlq78.rdgzt1d6,17,cknd__stackprinter.219fcc52.lm_rewrite__4yfvlq78.rdgzt1d6,36428,true,405,2012,0,0,0,0,0,,0,0,510000000,510000000,0,0,0,ok,,
1070,,,,cknd__stackprinter.219fcc52.lm_rewrite__4yfvlq78.rdgzt1d6,18,cknd__stackprinter.219fcc52.lm_rewrite__4yfvlq78.rdgzt1d6,38845,true,1712,144,0,0,0,0,0,,0,0,540000000,540000000,0,0,0,ok,,
1071,,,,cknd__stackprinter.219fcc52.lm_rewrite__4yfvlq78.rdgzt1d6,19,cknd__stackprinter.219fcc52.lm_rewrite__4yfvlq78.rdgzt1d6,40701,true,5797,139,0,0,0,0,0,,0,0,570000000,570000000,0,0,0,ok,,
1072,,,,cknd__stackprinter.219fcc52.lm_rewrite__4yfvlq78.rdgzt1d6,20,cknd__stackprinter.219fcc52.lm_rewrite__4yfvlq78.rdgzt1d6,46637,true,405,344,0,0,0,0,0,,0,0,600000000,600000000,0,0,0,ok,,
1073,,,,cknd__stackprinter.219fcc52.lm_rewrite__4yfvlq78.rdgzt1d6,21,cknd__stackprinter.219fcc52.lm_rewrite__4yfvlq78.rdgzt1d6,47386,true,384,114,0,0,0,0,0,,0,0,630000000,630000000,0,0,0,ok,,
1074,,,,cknd__stackprinter.219fcc52.lm_rewrite__4yfvlq78.rdgzt1d6,22,cknd__stackprinter.219fcc52.lm_rewrite__4yfvlq78.rdgzt1d6,47884,true,5999,65,0,0,0,0,0,,0,0,660000000,660000000,0,0,0,ok,,
1075,,,,cknd__stackprinter.219fcc52.lm_rewrite__4yfvlq78.rdgzt1d6,23,cknd__stackprinter.219fcc52.lm_rewrite__4yfvlq78.rdgzt1d6,53948,true,724,48,0,0,0,0,0,,0,0,690000000,690000000,0,0,0,ok,,
1076,,,,cknd__stackprinter.219fcc52.lm_rewrite__4yfvlq78.rdgzt1d6,24,cknd__stackprinter.219fcc52.lm_rewrite__4yfvlq78.rdgzt1d6,54720,true,3028,415,0,0,0,0,0,,0,0,720000000,720000000,0,0,0,ok,,
1077,,,,cknd__stackprinter.219fcc52.lm_rewrite__4yfvlq78.rdgzt1d6,25,cknd__stackprinter.219fcc52.lm_rewrite__4yfvlq78.rdgzt1d6,58163,true,3893,54,0,0,0,0,0,,0,0,750000000,750000000,0,0,0,ok,,
1078,,,,cknd__stackprinter.219fcc52.lm_rewrite__4yfvlq78.rdgzt1d6,26,cknd__stackprinter.219fcc52.lm_rewrite__4yfvlq78.rdgzt1d6,62110,true,20,7,0,0,0,0,0,,0,0,780000000,780000000,0,0,0,ok,,
1079,,,,joke2k__faker.8b401a7d.lm_rewrite__8bb0pic6.shrt124m,0,swe_smith_system_prompt,978,true,830,114,0,0,0,0,0,,0,0,0,0,0,0,0,ok,,
1080,,,,joke2k__faker.8b401a7d.lm_rewrite__8bb0pic6.shrt124m,1,joke2k__faker.8b401a7d.lm_rewrite__8bb0pic6.shrt124m,1922,true,11907,60,0,0,0,0,0,,0,0,30000000,30000000,0,0,0,ok,,
1081,,,,joke2k__faker.8b401a7d.lm_rewrite__8bb0pic6.shrt124m,2,joke2k__faker.8b401a7d.lm_rewrite__8bb0pic6.shrt124m,13889,true,1602,69,0,0,0,0,0,,0,0,60000000,60000000,0,0,0,ok,,
1082,,,,joke2k__faker.8b401a7d.lm_rewrite__8bb0pic6.shrt124m,3,joke2k__faker.8b401a7d.lm_rewrite__8bb0pic6.shrt124m,15560,true,709,48,0,0,0,0,0,,0,0,90000000,90000000,0,0,0,ok,,
1083,,,,joke2k__faker.8b401a7d.lm_rewrite__8bb0pic6.shrt124m,4,joke2k__faker.8b401a7d.lm_rewrite__8bb0pic6.shrt124m,16317,true,44,47,0,0,0,0,0,,0,0,120000000,120000000,0,0,0,ok,,
1084,,,,joke2k__faker.8b401a7d.lm_rewrite__8bb0pic6.shrt124m,5,joke2k__faker.8b401a7d.lm_rewrite__8bb0pic6.shrt124m,16408,true,493,44,0,0,0,0,0,,0,0,150000000,150000000,0,0,0,ok,,
1085,,,,joke2k__faker.8b401a7d.lm_rewrite__8bb0pic6.shrt124m,6,joke2k__faker.8b401a7d.lm_rewrite__8bb0pic6.shrt124m,16945,true,526,228,0,0,0,0,0,,0,0,180000000,180000000,0,0,0,ok,,
1086,,,,joke2k__faker.8b401a7d.lm_rewrite__8bb0pic6.shrt124m,7,joke2k__faker.8b401a7d.lm_rewrite__8bb0pic6.shrt124m,17699,true,23,35,0,0,0,0,0,,0,0,210000000,210000000,0,0,0,ok,,
1087,,,,joke2k__faker.8b401a7d.lm_rewrite__8bb0pic6.shrt124m,8,joke2k__faker.8b401a7d.lm_rewrite__8bb0pic6.shrt124m,17757,true,85,725,0,0,0,0,0,,0,0,240000000,240000000,0,0,0,ok,,
1088,,,,joke2k__faker.8b401a7d.lm_rewrite__8bb0pic6.shrt124m,9,joke2k__faker.8b401a7d.lm_rewrite__8bb0pic6.shrt124m,18567,true,741,32,0,0,0,0,0,,0,0,270000000,270000000,0,0,0,ok,,
1089,,,,joke2k__faker.8b401a7d.lm_rewrite__8bb0pic6.shrt124m,10,joke2k__faker.8b401a7d.lm_rewrite__8bb0pic6.shrt124m,19340,true,219,264,0,0,0,0,0,,0,0,300000000,300000000,0,0,0,ok,,
1090,,,,joke2k__faker.8b401a7d.lm_rewrite__8bb0pic6.shrt124m,11,joke2k__faker.8b401a7d.lm_rewrite__8bb0pic6.shrt124m,19823,true,311,32,0,0,0,0,0,,0,0,330000000,330000000,0,0,0,ok,,
1091,,,,joke2k__faker.8b401a7d.lm_rewrite__8bb0pic6.shrt124m,12,joke2k__faker.8b401a7d.lm_rewrite__8bb0pic6.shrt124m,20166,true,263,407,0,0,0,0,0,,0,0,360000000,360000000,0,0,0,ok,,
1092,,,,joke2k__faker.8b401a7d.lm_rewrite__8bb0pic6.shrt124m,13,joke2k__faker.8b401a7d.lm_rewrite__8bb0pic6.shrt124m,20836,true,520,32,0,0,0,0,0,,0,0,390000000,390000000,0,0,0,ok,,
1093,,,,joke2k__faker.8b401a7d.lm_rewrite__8bb0pic6.shrt124m,14,joke2k__faker.8b401a7d.lm_rewrite__8bb0pic6.shrt124m,21388,true,173,427,0,0,0,0,0,,0,0,420000000,420000000,0,0,0,ok,,
1094,,,,joke2k__faker.8b401a7d.lm_rewrite__8bb0pic6.shrt124m,15,joke2k__faker.8b401a7d.lm_rewrite__8bb0pic6.shrt124m,21988,true,22,31,0,0,0,0,0,,0,0,450000000,450000000,0,0,0,ok,,
1095,,,,joke2k__faker.8b401a7d.lm_rewrite__8bb0pic6.shrt124m,16,joke2k__faker.8b401a7d.lm_rewrite__8bb0pic6.shrt124m,22041,true,53,682,0,0,0,0,0,,0,0,480000000,480000000,0,0,0,ok,,
1096,,,,joke2k__faker.8b401a7d.lm_rewrite__8bb0pic6.shrt124m,17,joke2k__faker.8b401a7d.lm_rewrite__8bb0pic6.shrt124m,22776,true,693,41,0,0,0,0,0,,0,0,510000000,510000000,0,0,0,ok,,
1097,,,,joke2k__faker.8b401a7d.lm_rewrite__8bb0pic6.shrt124m,18,joke2k__faker.8b401a7d.lm_rewrite__8bb0pic6.shrt124m,23510,true,51,894,0,0,0,0,0,,0,0,540000000,540000000,0,0,0,ok,,
1098,,,,joke2k__faker.8b401a7d.lm_rewrite__8bb0pic6.shrt124m,19,joke2k__faker.8b401a7d.lm_rewrite__8bb0pic6.shrt124m,24455,true,707,31,0,0,0,0,0,,0,0,570000000,570000000,0,0,0,ok,,
1099,,,,joke2k__faker.8b401a7d.lm_rewrite__8bb0pic6.shrt124m,20,joke2k__faker.8b401a7d.lm_rewrite__8bb0pic6.shrt124m,25193,true,58,100,0,0,0,0,0,,0,0,600000000,600000000,0,0,0,ok,,
1100,,,,joke2k__faker.8b401a7d.lm_rewrite__8bb0pic6.shrt124m,21,joke2k__faker.8b401a7d.lm_rewrite__8bb0pic6.shrt124m,25351,true,173,479,0,0,0,0,0,,0,0,630000000,630000000,0,0,0,ok,,
1101,,,,joke2k__faker.8b401a7d.lm_rewrite__8bb0pic6.shrt124m,22,joke2k__faker.8b401a7d.lm_rewrite__8bb0pic6.shrt124m,26003,true,21,30,0,0,0,0,0,,0,0,660000000,660000000,0,0,0,ok,,
1102,,,,joke2k__faker.8b401a7d.lm_rewrite__8bb0pic6.shrt124m,23,joke2k__faker.8b401a7d.lm_rewrite__8bb0pic6.shrt124m,26054,true,142,226,0,0,0,0,0,,0,0,690000000,690000000,0,0,0,ok,,
1103,,,,joke2k__faker.8b401a7d.lm_rewrite__8bb0pic6.shrt124m,24,joke2k__faker.8b401a7d.lm_rewrite__8bb0pic6.shrt124m,26422,true,3123,45,0,0,0,0,0,,0,0,720000000,720000000,0,0,0,ok,,
1104,,,,joke2k__faker.8b401a7d.lm_rewrite__8bb0pic6.shrt124m,25,joke2k__faker.8b401a7d.lm_rewrite__8bb0pic6.shrt124m,29590,true,20,7,0,0,0,0,0,,0,0,750000000,750000000,0,0,0,ok,,
1105,,,,conan-io__conan.86f29e13.pr_14776.mr84oqlq,0,swe_smith_system_prompt,978,true,638,78,0,0,0,0,0,,0,0,0,0,0,0,0,ok,,
1106,,,,conan-io__conan.86f29e13.pr_14776.mr84oqlq,1,conan-io__conan.86f29e13.pr_14776.mr84oqlq,1694,true,18522,65,0,0,0,0,0,,0,0,30000000,30000000,0,0,0,ok,,
1107,,,,conan-io__conan.86f29e13.pr_14776.mr84oqlq,2,conan-io__conan.86f29e13.pr_14776.mr84oqlq,20281,true,162,66,0,0,0,0,0,,0,0,60000000,60000000,0,0,0,ok,,
1108,,,,conan-io__conan.86f29e13.pr_14776.mr84oqlq,3,conan-io__conan.86f29e13.pr_14776.mr84oqlq,20509,true,5187,673,0,0,0,0,0,,0,0,90000000,90000000,0,0,0,ok,,
1109,,,,conan-io__conan.86f29e13.pr_14776.mr84oqlq,4,conan-io__conan.86f29e13.pr_14776.mr84oqlq,26369,true,23,34,0,0,0,0,0,,0,0,120000000,120000000,0,0,0,ok,,
1110,,,,conan-io__conan.86f29e13.pr_14776.mr84oqlq,5,conan-io__conan.86f29e13.pr_14776.mr84oqlq,26426,true,102,414,0,0,0,0,0,,0,0,150000000,150000000,0,0,0,ok,,
1111,,,,conan-io__conan.86f29e13.pr_14776.mr84oqlq,6,conan-io__conan.86f29e13.pr_14776.mr84oqlq,26942,true,406,38,0,0,0,0,0,,0,0,180000000,180000000,0,0,0,ok,,
1112,,,,conan-io__conan.86f29e13.pr_14776.mr84oqlq,7,conan-io__conan.86f29e13.pr_14776.mr84oqlq,27386,true,105,93,0,0,0,0,0,,0,0,210000000,210000000,0,0,0,ok,,
1113,,,,conan-io__conan.86f29e13.pr_14776.mr84oqlq,8,conan-io__conan.86f29e13.pr_14776.mr84oqlq,27584,true,55,61,0,0,0,0,0,,0,0,240000000,240000000,0,0,0,ok,,
1114,,,,conan-io__conan.86f29e13.pr_14776.mr84oqlq,9,conan-io__conan.86f29e13.pr_14776.mr84oqlq,27700,true,1118,128,0,0,0,0,0,,0,0,270000000,270000000,0,0,0,ok,,
1115,,,,conan-io__conan.86f29e13.pr_14776.mr84oqlq,10,conan-io__conan.86f29e13.pr_14776.mr84oqlq,28946,true,20,69,0,0,0,0,0,,0,0,300000000,300000000,0,0,0,ok,,
1116,,,,conan-io__conan.86f29e13.pr_14776.mr84oqlq,11,conan-io__conan.86f29e13.pr_14776.mr84oqlq,29035,true,105,55,0,0,0,0,0,,0,0,330000000,330000000,0,0,0,ok,,
1117,,,,conan-io__conan.86f29e13.pr_14776.mr84oqlq,12,conan-io__conan.86f29e13.pr_14776.mr84oqlq,29195,true,928,62,0,0,0,0,0,,0,0,360000000,360000000,0,0,0,ok,,
1118,,,,conan-io__conan.86f29e13.pr_14776.mr84oqlq,13,conan-io__conan.86f29e13.pr_14776.mr84oqlq,30185,true,787,44,0,0,0,0,0,,0,0,390000000,390000000,0,0,0,ok,,
1119,,,,conan-io__conan.86f29e13.pr_14776.mr84oqlq,14,conan-io__conan.86f29e13.pr_14776.mr84oqlq,31016,true,1293,36,0,0,0,0,0,,0,0,420000000,420000000,0,0,0,ok,,
1120,,,,conan-io__conan.86f29e13.pr_14776.mr84oqlq,15,conan-io__conan.86f29e13.pr_14776.mr84oqlq,32345,true,20,7,0,0,0,0,0,,0,0,450000000,450000000,0,0,0,ok,,
1121,,,,encode__starlette.db5063c2.lm_rewrite__s8usb1wm.nj2l37xs,0,swe_smith_system_prompt,978,true,719,112,0,0,0,0,0,,0,0,0,0,0,0,0,ok,,
1122,,,,encode__starlette.db5063c2.lm_rewrite__s8usb1wm.nj2l37xs,1,encode__starlette.db5063c2.lm_rewrite__s8usb1wm.nj2l37xs,1809,true,828,56,0,0,0,0,0,,0,0,30000000,30000000,0,0,0,ok,,
1123,,,,encode__starlette.db5063c2.lm_rewrite__s8usb1wm.nj2l37xs,2,encode__starlette.db5063c2.lm_rewrite__s8usb1wm.nj2l37xs,2693,true,1895,56,0,0,0,0,0,,0,0,60000000,60000000,0,0,0,ok,,
1124,,,,encode__starlette.db5063c2.lm_rewrite__s8usb1wm.nj2l37xs,3,encode__starlette.db5063c2.lm_rewrite__s8usb1wm.nj2l37xs,4644,true,2072,180,0,0,0,0,0,,0,0,90000000,90000000,0,0,0,ok,,
1125,,,,encode__starlette.db5063c2.lm_rewrite__s8usb1wm.nj2l37xs,4,encode__starlette.db5063c2.lm_rewrite__s8usb1wm.nj2l37xs,6896,true,23,36,0,0,0,0,0,,0,0,120000000,120000000,0,0,0,ok,,
1126,,,,encode__starlette.db5063c2.lm_rewrite__s8usb1wm.nj2l37xs,5,encode__starlette.db5063c2.lm_rewrite__s8usb1wm.nj2l37xs,6955,true,37,605,0,0,0,0,0,,0,0,150000000,150000000,0,0,0,ok,,
1127,,,,encode__starlette.db5063c2.lm_rewrite__s8usb1wm.nj2l37xs,6,encode__starlette.db5063c2.lm_rewrite__s8usb1wm.nj2l37xs,7597,true,497,46,0,0,0,0,0,,0,0,180000000,180000000,0,0,0,ok,,
1128,,,,encode__starlette.db5063c2.lm_rewrite__s8usb1wm.nj2l37xs,7,encode__starlette.db5063c2.lm_rewrite__s8usb1wm.nj2l37xs,8140,true,20,688,0,0,0,0,0,,0,0,210000000,210000000,0,0,0,ok,,
1129,,,,encode__starlette.db5063c2.lm_rewrite__s8usb1wm.nj2l37xs,8,encode__starlette.db5063c2.lm_rewrite__s8usb1wm.nj2l37xs,8848,true,23,33,0,0,0,0,0,,0,0,240000000,240000000,0,0,0,ok,,
1130,,,,encode__starlette.db5063c2.lm_rewrite__s8usb1wm.nj2l37xs,9,encode__starlette.db5063c2.lm_rewrite__s8usb1wm.nj2l37xs,8904,true,196,303,0,0,0,0,0,,0,0,270000000,270000000,0,0,0,ok,,
1131,,,,encode__starlette.db5063c2.lm_rewrite__s8usb1wm.nj2l37xs,10,encode__starlette.db5063c2.lm_rewrite__s8usb1wm.nj2l37xs,9403,true,1597,40,0,0,0,0,0,,0,0,300000000,300000000,0,0,0,ok,,
1132,,,,encode__starlette.db5063c2.lm_rewrite__s8usb1wm.nj2l37xs,11,encode__starlette.db5063c2.lm_rewrite__s8usb1wm.nj2l37xs,11040,true,20,13,0,0,0,0,0,,0,0,330000000,330000000,0,0,0,ok,,
1133,,,,marshmallow-code__apispec.8b421526.2.axgbs3ec,0,swe_smith_system_prompt,978,true,794,81,0,0,0,0,0,,0,0,0,0,0,0,0,ok,,
1134,,,,marshmallow-code__apispec.8b421526.2.axgbs3ec,1,marshmallow-code__apispec.8b421526.2.axgbs3ec,1853,true,423,52,0,0,0,0,0,,0,0,30000000,30000000,0,0,0,ok,,
1135,,,,marshmallow-code__apispec.8b421526.2.axgbs3ec,2,marshmallow-code__apispec.8b421526.2.axgbs3ec,2328,true,156,60,0,0,0,0,0,,0,0,60000000,60000000,0,0,0,ok,,
1136,,,,marshmallow-code__apispec.8b421526.2.axgbs3ec,3,marshmallow-code__apispec.8b421526.2.axgbs3ec,2544,true,143,59,0,0,0,0,0,,0,0,90000000,90000000,0,0,0,ok,,
1137,,,,marshmallow-code__apispec.8b421526.2.axgbs3ec,4,marshmallow-code__apispec.8b421526.2.axgbs3ec,2746,true,4447,632,0,0,0,0,0,,0,0,120000000,120000000,0,0,0,ok,,
1138,,,,marshmallow-code__apispec.8b421526.2.axgbs3ec,5,marshmallow-code__apispec.8b421526.2.axgbs3ec,7825,true,21,31,0,0,0,0,0,,0,0,150000000,150000000,0,0,0,ok,,
1139,,,,marshmallow-code__apispec.8b421526.2.axgbs3ec,6,marshmallow-code__apispec.8b421526.2.axgbs3ec,7877,true,294,249,0,0,0,0,0,,0,0,180000000,180000000,0,0,0,ok,,
1140,,,,marshmallow-code__apispec.8b421526.2.axgbs3ec,7,marshmallow-code__apispec.8b421526.2.axgbs3ec,8420,true,280,189,0,0,0,0,0,,0,0,210000000,210000000,0,0,0,ok,,
1141,,,,marshmallow-code__apispec.8b421526.2.axgbs3ec,8,marshmallow-code__apispec.8b421526.2.axgbs3ec,8889,true,285,36,0,0,0,0,0,,0,0,240000000,240000000,0,0,0,ok,,
1142,,,,pydicom__pydicom.7d361b3d.func_pm_remove_loop__j8tuhsvb.tf2siqd8,0,swe_smith_system_prompt,978,true,879,92,0,0,0,0,0,,0,0,0,0,0,0,0,ok,,
1143,,,,pydicom__pydicom.7d361b3d.func_pm_remove_loop__j8tuhsvb.tf2siqd8,1,pydicom__pydicom.7d361b3d.func_pm_remove_loop__j8tuhsvb.tf2siqd8,1949,true,14,50,0,0,0,0,0,,0,0,30000000,30000000,0,0,0,ok,,
1144,,,,pydicom__pydicom.7d361b3d.func_pm_remove_loop__j8tuhsvb.tf2siqd8,2,pydicom__pydicom.7d361b3d.func_pm_remove_loop__j8tuhsvb.tf2siqd8,2013,true,2990,60,0,0,0,0,0,,0,0,60000000,60000000,0,0,0,ok,,
1145,,,,pydicom__pydicom.7d361b3d.func_pm_remove_loop__j8tuhsvb.tf2siqd8,3,pydicom__pydicom.7d361b3d.func_pm_remove_loop__j8tuhsvb.tf2siqd8,5063,true,556,153,0,0,0,0,0,,0,0,90000000,90000000,0,0,0,ok,,
1146,,,,pydicom__pydicom.7d361b3d.func_pm_remove_loop__j8tuhsvb.tf2siqd8,4,pydicom__pydicom.7d361b3d.func_pm_remove_loop__j8tuhsvb.tf2siqd8,5772,true,923,66,0,0,0,0,0,,0,0,120000000,120000000,0,0,0,ok,,
1147,,,,pydicom__pydicom.7d361b3d.func_pm_remove_loop__j8tuhsvb.tf2siqd8,5,pydicom__pydicom.7d361b3d.func_pm_remove_loop__j8tuhsvb.tf2siqd8,6761,true,183,176,0,0,0,0,0,,0,0,150000000,150000000,0,0,0,ok,,
1148,,,,pydicom__pydicom.7d361b3d.func_pm_remove_loop__j8tuhsvb.tf2siqd8,6,pydicom__pydicom.7d361b3d.func_pm_remove_loop__j8tuhsvb.tf2siqd8,7120,true,23,36,0,0,0,0,0,,0,0,180000000,180000000,0,0,0,ok,,
1149,,,,pydicom__pydicom.7d361b3d.func_pm_remove_loop__j8tuhsvb.tf2siqd8,7,pydicom__pydicom.7d361b3d.func_pm_remove_loop__j8tuhsvb.tf2siqd8,7179,true,19,1042,0,0,0,0,0,,0,0,210000000,210000000,0,0,0,ok,,
1150,,,,pydicom__pydicom.7d361b3d.func_pm_remove_loop__j8tuhsvb.tf2siqd8,8,pydicom__pydicom.7d361b3d.func_pm_remove_loop__j8tuhsvb.tf2siqd8,8240,true,1078,51,0,0,0,0,0,,0,0,240000000,240000000,0,0,0,ok,,
1151,,,,pydicom__pydicom.7d361b3d.func_pm_remove_loop__j8tuhsvb.tf2siqd8,9,pydicom__pydicom.7d361b3d.func_pm_remove_loop__j8tuhsvb.tf2siqd8,9369,true,19,540,0,0,0,0,0,,0,0,270000000,270000000,0,0,0,ok,,
1152,,,,pydicom__pydicom.7d361b3d.func_pm_remove_loop__j8tuhsvb.tf2siqd8,10,pydicom__pydicom.7d361b3d.func_pm_remove_loop__j8tuhsvb.tf2siqd8,9928,true,23,32,0,0,0,0,0,,0,0,300000000,300000000,0,0,0,ok,,
1153,,,,pydicom__pydicom.7d361b3d.func_pm_remove_loop__j8tuhsvb.tf2siqd8,11,pydicom__pydicom.7d361b3d.func_pm_remove_loop__j8tuhsvb.tf2siqd8,9983,true,184,1218,0,0,0,0,0,,0,0,330000000,330000000,0,0,0,ok,,
1154,,,,pydicom__pydicom.7d361b3d.func_pm_remove_loop__j8tuhsvb.tf2siqd8,12,pydicom__pydicom.7d361b3d.func_pm_remove_loop__j8tuhsvb.tf2siqd8,11385,true,1109,40,0,0,0,0,0,,0,0,360000000,360000000,0,0,0,ok,,
1155,,,,pydicom__pydicom.7d361b3d.func_pm_remove_loop__j8tuhsvb.tf2siqd8,13,pydicom__pydicom.7d361b3d.func_pm_remove_loop__j8tuhsvb.tf2siqd8,12534,true,19,24,0,0,0,0,0,,0,0,390000000,390000000,0,0,0,ok,,
1156,,,,pydicom__pydicom.7d361b3d.func_pm_remove_loop__j8tuhsvb.tf2siqd8,14,pydicom__pydicom.7d361b3d.func_pm_remove_loop__j8tuhsvb.tf2siqd8,12577,true,184,321,0,0,0,0,0,,0,0,420000000,420000000,0,0,0,ok,,
1157,,,,pydicom__pydicom.7d361b3d.func_pm_remove_loop__j8tuhsvb.tf2siqd8,15,pydicom__pydicom.7d361b3d.func_pm_remove_loop__j8tuhsvb.tf2siqd8,13082,true,1546,41,0,0,0,0,0,,0,0,450000000,450000000,0,0,0,ok,,
1158,,,,pydicom__pydicom.7d361b3d.func_pm_remove_loop__j8tuhsvb.tf2siqd8,16,pydicom__pydicom.7d361b3d.func_pm_remove_loop__j8tuhsvb.tf2siqd8,14669,true,20,7,0,0,0,0,0,,0,0,480000000,480000000,0,0,0,ok,,
1159,,,,pandas-dev__pandas.95280573.pr_47550.rr7ob92o,0,swe_smith_system_prompt,978,true,527,79,0,0,0,0,0,,0,0,0,0,0,0,0,ok,,
1160,,,,pandas-dev__pandas.95280573.pr_47550.rr7ob92o,1,pandas-dev__pandas.95280573.pr_47550.rr7ob92o,1584,true,76,47,0,0,0,0,0,,0,0,30000000,30000000,0,0,0,ok,,
1161,,,,pandas-dev__pandas.95280573.pr_47550.rr7ob92o,2,pandas-dev__pandas.95280573.pr_47550.rr7ob92o,1707,true,6243,47,0,0,0,0,0,,0,0,60000000,60000000,0,0,0,ok,,
1162,,,,pandas-dev__pandas.95280573.pr_47550.rr7ob92o,3,pandas-dev__pandas.95280573.pr_47550.rr7ob92o,7997,true,5679,38,0,0,0,0,0,,0,0,90000000,90000000,0,0,0,ok,,
1163,,,,pandas-dev__pandas.95280573.pr_47550.rr7ob92o,4,pandas-dev__pandas.95280573.pr_47550.rr7ob92o,13714,true,92,58,0,0,0,0,0,,0,0,120000000,120000000,0,0,0,ok,,
1164,,,,pandas-dev__pandas.95280573.pr_47550.rr7ob92o,5,pandas-dev__pandas.95280573.pr_47550.rr7ob92o,13864,true,959,57,0,0,0,0,0,,0,0,150000000,150000000,0,0,0,ok,,
1165,,,,pandas-dev__pandas.95280573.pr_47550.rr7ob92o,6,pandas-dev__pandas.95280573.pr_47550.rr7ob92o,14880,true,1236,180,0,0,0,0,0,,0,0,180000000,180000000,0,0,0,ok,,
1166,,,,pandas-dev__pandas.95280573.pr_47550.rr7ob92o,7,pandas-dev__pandas.95280573.pr_47550.rr7ob92o,16296,true,21,29,0,0,0,0,0,,0,0,210000000,210000000,0,0,0,ok,,
1167,,,,pandas-dev__pandas.95280573.pr_47550.rr7ob92o,8,pandas-dev__pandas.95280573.pr_47550.rr7ob92o,16346,true,425,38,0,0,0,0,0,,0,0,240000000,240000000,0,0,0,ok,,
1168,,,,pandas-dev__pandas.95280573.pr_47550.rr7ob92o,9,pandas-dev__pandas.95280573.pr_47550.rr7ob92o,16809,true,57,630,0,0,0,0,0,,0,0,270000000,270000000,0,0,0,ok,,
1169,,,,pandas-dev__pandas.95280573.pr_47550.rr7ob92o,10,pandas-dev__pandas.95280573.pr_47550.rr7ob92o,17496,true,1549,41,0,0,0,0,0,,0,0,300000000,300000000,0,0,0,ok,,
1170,,,,pandas-dev__pandas.95280573.pr_47550.rr7ob92o,11,pandas-dev__pandas.95280573.pr_47550.rr7ob92o,19086,true,141,57,0,0,0,0,0,,0,0,330000000,330000000,0,0,0,ok,,
1171,,,,pandas-dev__pandas.95280573.pr_47550.rr7ob92o,12,pandas-dev__pandas.95280573.pr_47550.rr7ob92o,19284,true,1328,366,0,0,0,0,0,,0,0,360000000,360000000,0,0,0,ok,,
1172,,,,pandas-dev__pandas.95280573.pr_47550.rr7ob92o,13,pandas-dev__pandas.95280573.pr_47550.rr7ob92o,20978,true,95,294,0,0,0,0,0,,0,0,390000000,390000000,0,0,0,ok,,
1173,,,,pandas-dev__pandas.95280573.pr_47550.rr7ob92o,14,pandas-dev__pandas.95280573.pr_47550.rr7ob92o,21367,true,484,210,0,0,0,0,0,,0,0,420000000,420000000,0,0,0,ok,,
1174,,,,pandas-dev__pandas.95280573.pr_47550.rr7ob92o,15,pandas-dev__pandas.95280573.pr_47550.rr7ob92o,22061,true,853,99,0,0,0,0,0,,0,0,450000000,450000000,0,0,0,ok,,
1175,,,,pandas-dev__pandas.95280573.pr_47550.rr7ob92o,16,pandas-dev__pandas.95280573.pr_47550.rr7ob92o,23013,true,710,31,0,0,0,0,0,,0,0,480000000,480000000,0,0,0,ok,,
1176,,,,pandas-dev__pandas.95280573.pr_47550.rr7ob92o,17,pandas-dev__pandas.95280573.pr_47550.rr7ob92o,23754,true,177,61,0,0,0,0,0,,0,0,510000000,510000000,0,0,0,ok,,
1177,,,,pandas-dev__pandas.95280573.pr_47550.rr7ob92o,18,pandas-dev__pandas.95280573.pr_47550.rr7ob92o,23992,true,177,199,0,0,0,0,0,,0,0,540000000,540000000,0,0,0,ok,,
1178,,,,pandas-dev__pandas.95280573.pr_47550.rr7ob92o,19,pandas-dev__pandas.95280573.pr_47550.rr7ob92o,24368,true,37,35,0,0,0,0,0,,0,0,570000000,570000000,0,0,0,ok,,
1179,,,,pandas-dev__pandas.95280573.pr_47550.rr7ob92o,20,pandas-dev__pandas.95280573.pr_47550.rr7ob92o,24440,true,217,513,0,0,0,0,0,,0,0,600000000,600000000,0,0,0,ok,,
1180,,,,pandas-dev__pandas.95280573.pr_47550.rr7ob92o,21,pandas-dev__pandas.95280573.pr_47550.rr7ob92o,25170,true,639,50,0,0,0,0,0,,0,0,630000000,630000000,0,0,0,ok,,
1181,,,,pandas-dev__pandas.95280573.pr_47550.rr7ob92o,22,pandas-dev__pandas.95280573.pr_47550.rr7ob92o,25859,true,50,37,0,0,0,0,0,,0,0,660000000,660000000,0,0,0,ok,,
1182,,,,python-hyper__h11.bed0dd4a.11.1qmedxhk,0,swe_smith_system_prompt,978,true,797,78,0,0,0,0,0,,0,0,0,0,0,0,0,ok,,
1183,,,,python-hyper__h11.bed0dd4a.11.1qmedxhk,1,python-hyper__h11.bed0dd4a.11.1qmedxhk,1853,true,2084,280,0,0,0,0,0,,0,0,30000000,30000000,0,0,0,ok,,
1184,,,,python-hyper__h11.bed0dd4a.11.1qmedxhk,2,python-hyper__h11.bed0dd4a.11.1qmedxhk,4217,true,21,30,0,0,0,0,0,,0,0,60000000,60000000,0,0,0,ok,,
1185,,,,python-hyper__h11.bed0dd4a.11.1qmedxhk,3,python-hyper__h11.bed0dd4a.11.1qmedxhk,4268,true,36,263,0,0,0,0,0,,0,0,90000000,90000000,0,0,0,ok,,
1186,,,,python-hyper__h11.bed0dd4a.11.1qmedxhk,4,python-hyper__h11.bed0dd4a.11.1qmedxhk,4567,true,263,138,0,0,0,0,0,,0,0,120000000,120000000,0,0,0,ok,,
1187,,,,python-hyper__h11.bed0dd4a.11.1qmedxhk,5,python-hyper__h11.bed0dd4a.11.1qmedxhk,4968,true,36,41,0,0,0,0,0,,0,0,150000000,150000000,0,0,0,ok,,
1188,,,,john-kurkowski__tldextract.3d1bf184.combine_file__effh85g1.f8g4jbb5,0,swe_smith_system_prompt,978,true,1273,104,0,0,0,0,0,,0,0,0,0,0,0,0,ok,,
1189,,,,john-kurkowski__tldextract.3d1bf184.combine_file__effh85g1.f8g4jbb5,1,john-kurkowski__tldextract.3d1bf184.combine_file__effh85g1.f8g4jbb5,2355,true,191,72,0,0,0,0,0,,0,0,30000000,30000000,0,0,0,ok,,
1190,,,,john-kurkowski__tldextract.3d1bf184.combine_file__effh85g1.f8g4jbb5,2,john-kurkowski__tldextract.3d1bf184.combine_file__effh85g1.f8g4jbb5,2618,true,3411,57,0,0,0,0,0,,0,0,60000000,60000000,0,0,0,ok,,
1191,,,,john-kurkowski__tldextract.3d1bf184.combine_file__effh85g1.f8g4jbb5,3,john-kurkowski__tldextract.3d1bf184.combine_file__effh85g1.f8g4jbb5,6086,true,1649,56,0,0,0,0,0,,0,0,90000000,90000000,0,0,0,ok,,
1192,,,,john-kurkowski__tldextract.3d1bf184.combine_file__effh85g1.f8g4jbb5,4,john-kurkowski__tldextract.3d1bf184.combine_file__effh85g1.f8g4jbb5,7791,true,2960,53,0,0,0,0,0,,0,0,120000000,120000000,0,0,0,ok,,
1193,,,,john-kurkowski__tldextract.3d1bf184.combine_file__effh85g1.f8g4jbb5,5,john-kurkowski__tldextract.3d1bf184.combine_file__effh85g1.f8g4jbb5,10804,true,864,265,0,0,0,0,0,,0,0,150000000,150000000,0,0,0,ok,,
1194,,,,john-kurkowski__tldextract.3d1bf184.combine_file__effh85g1.f8g4jbb5,6,john-kurkowski__tldextract.3d1bf184.combine_file__effh85g1.f8g4jbb5,11933,true,23,36,0,0,0,0,0,,0,0,180000000,180000000,0,0,0,ok,,
1195,,,,john-kurkowski__tldextract.3d1bf184.combine_file__effh85g1.f8g4jbb5,7,john-kurkowski__tldextract.3d1bf184.combine_file__effh85g1.f8g4jbb5,11992,true,42,842,0,0,0,0,0,,0,0,210000000,210000000,0,0,0,ok,,
1196,,,,john-kurkowski__tldextract.3d1bf184.combine_file__effh85g1.f8g4jbb5,8,john-kurkowski__tldextract.3d1bf184.combine_file__effh85g1.f8g4jbb5,12876,true,1012,32,0,0,0,0,0,,0,0,240000000,240000000,0,0,0,ok,,
1197,,,,john-kurkowski__tldextract.3d1bf184.combine_file__effh85g1.f8g4jbb5,9,john-kurkowski__tldextract.3d1bf184.combine_file__effh85g1.f8g4jbb5,13920,true,151,415,0,0,0,0,0,,0,0,270000000,270000000,0,0,0,ok,,
1198,,,,john-kurkowski__tldextract.3d1bf184.combine_file__effh85g1.f8g4jbb5,10,john-kurkowski__tldextract.3d1bf184.combine_file__effh85g1.f8g4jbb5,14486,true,321,193,0,0,0,0,0,,0,0,300000000,300000000,0,0,0,ok,,
1199,,,,john-kurkowski__tldextract.3d1bf184.combine_file__effh85g1.f8g4jbb5,11,john-kurkowski__tldextract.3d1bf184.combine_file__effh85g1.f8g4jbb5,15000,true,261,838,0,0,0,0,0,,0,0,330000000,330000000,0,0,0,ok,,
1200,,,,john-kurkowski__tldextract.3d1bf184.combine_file__effh85g1.f8g4jbb5,12,john-kurkowski__tldextract.3d1bf184.combine_file__effh85g1.f8g4jbb5,16099,true,811,394,0,0,0,0,0,,0,0,360000000,360000000,0,0,0,ok,,
1201,,,,john-kurkowski__tldextract.3d1bf184.combine_file__effh85g1.f8g4jbb5,13,john-kurkowski__tldextract.3d1bf184.combine_file__effh85g1.f8g4jbb5,17304,true,465,195,0,0,0,0,0,,0,0,390000000,390000000,0,0,0,ok,,
1202,,,,john-kurkowski__tldextract.3d1bf184.combine_file__effh85g1.f8g4jbb5,14,john-kurkowski__tldextract.3d1bf184.combine_file__effh85g1.f8g4jbb5,17964,true,264,54,0,0,0,0,0,,0,0,420000000,420000000,0,0,0,ok,,
1203,,,,john-kurkowski__tldextract.3d1bf184.combine_file__effh85g1.f8g4jbb5,15,john-kurkowski__tldextract.3d1bf184.combine_file__effh85g1.f8g4jbb5,18282,true,179,1429,0,0,0,0,0,,0,0,450000000,450000000,0,0,0,ok,,
1204,,,,john-kurkowski__tldextract.3d1bf184.combine_file__effh85g1.f8g4jbb5,16,john-kurkowski__tldextract.3d1bf184.combine_file__effh85g1.f8g4jbb5,19890,true,23,32,0,0,0,0,0,,0,0,480000000,480000000,0,0,0,ok,,
1205,,,,john-kurkowski__tldextract.3d1bf184.combine_file__effh85g1.f8g4jbb5,17,john-kurkowski__tldextract.3d1bf184.combine_file__effh85g1.f8g4jbb5,19945,true,434,419,0,0,0,0,0,,0,0,510000000,510000000,0,0,0,ok,,
1206,,,,john-kurkowski__tldextract.3d1bf184.combine_file__effh85g1.f8g4jbb5,18,john-kurkowski__tldextract.3d1bf184.combine_file__effh85g1.f8g4jbb5,20798,true,519,34,0,0,0,0,0,,0,0,540000000,540000000,0,0,0,ok,,
1207,,,,john-kurkowski__tldextract.3d1bf184.combine_file__effh85g1.f8g4jbb5,19,john-kurkowski__tldextract.3d1bf184.combine_file__effh85g1.f8g4jbb5,21351,true,435,59,0,0,0,0,0,,0,0,570000000,570000000,0,0,0,ok,,
1208,,,,john-kurkowski__tldextract.3d1bf184.combine_file__effh85g1.f8g4jbb5,20,john-kurkowski__tldextract.3d1bf184.combine_file__effh85g1.f8g4jbb5,21845,true,166,381,0,0,0,0,0,,0,0,600000000,600000000,0,0,0,ok,,
1209,,,,john-kurkowski__tldextract.3d1bf184.combine_file__effh85g1.f8g4jbb5,21,john-kurkowski__tldextract.3d1bf184.combine_file__effh85g1.f8g4jbb5,22392,true,4348,41,0,0,0,0,0,,0,0,630000000,630000000,0,0,0,ok,,
1210,,,,john-kurkowski__tldextract.3d1bf184.combine_file__effh85g1.f8g4jbb5,22,john-kurkowski__tldextract.3d1bf184.combine_file__effh85g1.f8g4jbb5,26781,true,20,7,0,0,0,0,0,,0,0,660000000,660000000,0,0,0,ok,,
1211,,,,pandas-dev__pandas.95280573.pr_47550.uctvtkmw,0,swe_smith_system_prompt,978,true,527,79,0,0,0,0,0,,0,0,0,0,0,0,0,ok,,
1212,,,,pandas-dev__pandas.95280573.pr_47550.uctvtkmw,1,pandas-dev__pandas.95280573.pr_47550.uctvtkmw,1584,true,76,47,0,0,0,0,0,,0,0,30000000,30000000,0,0,0,ok,,
1213,,,,pandas-dev__pandas.95280573.pr_47550.uctvtkmw,2,pandas-dev__pandas.95280573.pr_47550.uctvtkmw,1707,true,6243,47,0,0,0,0,0,,0,0,60000000,60000000,0,0,0,ok,,
1214,,,,pandas-dev__pandas.95280573.pr_47550.uctvtkmw,3,pandas-dev__pandas.95280573.pr_47550.uctvtkmw,7997,true,5679,38,0,0,0,0,0,,0,0,90000000,90000000,0,0,0,ok,,
1215,,,,pandas-dev__pandas.95280573.pr_47550.uctvtkmw,4,pandas-dev__pandas.95280573.pr_47550.uctvtkmw,13714,true,92,58,0,0,0,0,0,,0,0,120000000,120000000,0,0,0,ok,,
1216,,,,pandas-dev__pandas.95280573.pr_47550.uctvtkmw,5,pandas-dev__pandas.95280573.pr_47550.uctvtkmw,13864,true,959,57,0,0,0,0,0,,0,0,150000000,150000000,0,0,0,ok,,
1217,,,,pandas-dev__pandas.95280573.pr_47550.uctvtkmw,6,pandas-dev__pandas.95280573.pr_47550.uctvtkmw,14880,true,1236,181,0,0,0,0,0,,0,0,180000000,180000000,0,0,0,ok,,
1218,,,,pandas-dev__pandas.95280573.pr_47550.uctvtkmw,7,pandas-dev__pandas.95280573.pr_47550.uctvtkmw,16297,true,21,29,0,0,0,0,0,,0,0,210000000,210000000,0,0,0,ok,,
1219,,,,pandas-dev__pandas.95280573.pr_47550.uctvtkmw,8,pandas-dev__pandas.95280573.pr_47550.uctvtkmw,16347,true,425,42,0,0,0,0,0,,0,0,240000000,240000000,0,0,0,ok,,
1220,,,,pandas-dev__pandas.95280573.pr_47550.uctvtkmw,9,pandas-dev__pandas.95280573.pr_47550.uctvtkmw,16814,true,853,36,0,0,0,0,0,,0,0,270000000,270000000,0,0,0,ok,,
1221,,,,pandas-dev__pandas.95280573.pr_47550.uctvtkmw,10,pandas-dev__pandas.95280573.pr_47550.uctvtkmw,17703,true,57,227,0,0,0,0,0,,0,0,300000000,300000000,0,0,0,ok,,
1222,,,,pandas-dev__pandas.95280573.pr_47550.uctvtkmw,11,pandas-dev__pandas.95280573.pr_47550.uctvtkmw,17987,true,44,47,0,0,0,0,0,,0,0,330000000,330000000,0,0,0,ok,,
1223,,,,pandas-dev__pandas.95280573.pr_47550.uctvtkmw,12,pandas-dev__pandas.95280573.pr_47550.uctvtkmw,18078,true,785,119,0,0,0,0,0,,0,0,360000000,360000000,0,0,0,ok,,
1224,,,,pandas-dev__pandas.95280573.pr_47550.uctvtkmw,13,pandas-dev__pandas.95280573.pr_47550.uctvtkmw,18982,true,246,281,0,0,0,0,0,,0,0,390000000,390000000,0,0,0,ok,,
1225,,,,pandas-dev__pandas.95280573.pr_47550.uctvtkmw,14,pandas-dev__pandas.95280573.pr_47550.uctvtkmw,19509,true,396,54,0,0,0,0,0,,0,0,420000000,420000000,0,0,0,ok,,
1226,,,,pandas-dev__pandas.95280573.pr_47550.uctvtkmw,15,pandas-dev__pandas.95280573.pr_47550.uctvtkmw,19959,true,853,103,0,0,0,0,0,,0,0,450000000,450000000,0,0,0,ok,,
1227,,,,pandas-dev__pandas.95280573.pr_47550.uctvtkmw,16,pandas-dev__pandas.95280573.pr_47550.uctvtkmw,20915,true,401,73,0,0,0,0,0,,0,0,480000000,480000000,0,0,0,ok,,
1228,,,,pandas-dev__pandas.95280573.pr_47550.uctvtkmw,17,pandas-dev__pandas.95280573.pr_47550.uctvtkmw,21389,true,88,47,0,0,0,0,0,,0,0,510000000,510000000,0,0,0,ok,,
1229,,,,pandas-dev__pandas.95280573.pr_47550.uctvtkmw,18,pandas-dev__pandas.95280573.pr_47550.uctvtkmw,21524,true,853,70,0,0,0,0,0,,0,0,540000000,540000000,0,0,0,ok,,
1230,,,,pandas-dev__pandas.95280573.pr_47550.uctvtkmw,19,pandas-dev__pandas.95280573.pr_47550.uctvtkmw,22447,true,870,37,0,0,0,0,0,,0,0,570000000,570000000,0,0,0,ok,,
1231,,,,pandas-dev__pandas.95280573.pr_47550.uctvtkmw,20,pandas-dev__pandas.95280573.pr_47550.uctvtkmw,23354,true,165,71,0,0,0,0,0,,0,0,600000000,600000000,0,0,0,ok,,
1232,,,,pandas-dev__pandas.95280573.pr_47550.uctvtkmw,21,pandas-dev__pandas.95280573.pr_47550.uctvtkmw,23590,true,1172,228,0,0,0,0,0,,0,0,630000000,630000000,0,0,0,ok,,
1233,,,,pandas-dev__pandas.95280573.pr_47550.uctvtkmw,22,pandas-dev__pandas.95280573.pr_47550.uctvtkmw,24990,true,27,26,0,0,0,0,0,,0,0,660000000,660000000,0,0,0,ok,,
1234,,,,pandas-dev__pandas.95280573.pr_47550.uctvtkmw,23,pandas-dev__pandas.95280573.pr_47550.uctvtkmw,25043,true,183,70,0,0,0,0,0,,0,0,690000000,690000000,0,0,0,ok,,
1235,,,,pandas-dev__pandas.95280573.pr_47550.uctvtkmw,24,pandas-dev__pandas.95280573.pr_47550.uctvtkmw,25296,true,27,52,0,0,0,0,0,,0,0,720000000,720000000,0,0,0,ok,,
1236,,,,pandas-dev__pandas.95280573.pr_47550.uctvtkmw,25,pandas-dev__pandas.95280573.pr_47550.uctvtkmw,25375,true,26,32,0,0,0,0,0,,0,0,750000000,750000000,0,0,0,ok,,
1237,,,,conan-io__conan.86f29e13.pr_12505.hgygz8up,0,swe_smith_system_prompt,978,true,785,106,0,0,0,0,0,,0,0,0,0,0,0,0,ok,,
1238,,,,conan-io__conan.86f29e13.pr_12505.hgygz8up,1,conan-io__conan.86f29e13.pr_12505.hgygz8up,1869,true,752,71,0,0,0,0,0,,0,0,30000000,30000000,0,0,0,ok,,
1239,,,,conan-io__conan.86f29e13.pr_12505.hgygz8up,2,conan-io__conan.86f29e13.pr_12505.hgygz8up,2692,true,2352,64,0,0,0,0,0,,0,0,60000000,60000000,0,0,0,ok,,
1240,,,,conan-io__conan.86f29e13.pr_12505.hgygz8up,3,conan-io__conan.86f29e13.pr_12505.hgygz8up,5108,true,561,42,0,0,0,0,0,,0,0,90000000,90000000,0,0,0,ok,,
1241,,,,conan-io__conan.86f29e13.pr_12505.hgygz8up,4,conan-io__conan.86f29e13.pr_12505.hgygz8up,5711,true,491,289,0,0,0,0,0,,0,0,120000000,120000000,0,0,0,ok,,
1242,,,,conan-io__conan.86f29e13.pr_12505.hgygz8up,5,conan-io__conan.86f29e13.pr_12505.hgygz8up,6491,true,23,35,0,0,0,0,0,,0,0,150000000,150000000,0,0,0,ok,,
1243,,,,conan-io__conan.86f29e13.pr_12505.hgygz8up,6,conan-io__conan.86f29e13.pr_12505.hgygz8up,6549,true,202,502,0,0,0,0,0,,0,0,180000000,180000000,0,0,0,ok,,
1244,,,,conan-io__conan.86f29e13.pr_12505.hgygz8up,7,conan-io__conan.86f29e13.pr_12505.hgygz8up,7253,true,592,32,0,0,0,0,0,,0,0,210000000,210000000,0,0,0,ok,,
1245,,,,conan-io__conan.86f29e13.pr_12505.hgygz8up,8,conan-io__conan.86f29e13.pr_12505.hgygz8up,7877,true,106,713,0,0,0,0,0,,0,0,240000000,240000000,0,0,0,ok,,
1246,,,,conan-io__conan.86f29e13.pr_12505.hgygz8up,9,conan-io__conan.86f29e13.pr_12505.hgygz8up,8696,true,657,32,0,0,0,0,0,,0,0,270000000,270000000,0,0,0,ok,,
1247,,,,conan-io__conan.86f29e13.pr_12505.hgygz8up,10,conan-io__conan.86f29e13.pr_12505.hgygz8up,9385,true,159,52,0,0,0,0,0,,0,0,300000000,300000000,0,0,0,ok,,
1248,,,,conan-io__conan.86f29e13.pr_12505.hgygz8up,11,conan-io__conan.86f29e13.pr_12505.hgygz8up,9596,true,914,906,0,0,0,0,0,,0,0,330000000,330000000,0,0,0,ok,,
1249,,,,conan-io__conan.86f29e13.pr_12505.hgygz8up,12,conan-io__conan.86f29e13.pr_12505.hgygz8up,11416,true,903,33,0,0,0,0,0,,0,0,360000000,360000000,0,0,0,ok,,
1250,,,,conan-io__conan.86f29e13.pr_12505.hgygz8up,13,conan-io__conan.86f29e13.pr_12505.hgygz8up,12352,true,78,730,0,0,0,0,0,,0,0,390000000,390000000,0,0,0,ok,,
1251,,,,conan-io__conan.86f29e13.pr_12505.hgygz8up,14,conan-io__conan.86f29e13.pr_12505.hgygz8up,13160,true,674,1198,0,0,0,0,0,,0,0,420000000,420000000,0,0,0,ok,,
1252,,,,conan-io__conan.86f29e13.pr_12505.hgygz8up,15,conan-io__conan.86f29e13.pr_12505.hgygz8up,15032,true,1096,36,0,0,0,0,0,,0,0,450000000,450000000,0,0,0,ok,,
1253,,,,conan-io__conan.86f29e13.pr_12505.hgygz8up,16,conan-io__conan.86f29e13.pr_12505.hgygz8up,16164,true,186,1347,0,0,0,0,0,,0,0,480000000,480000000,0,0,0,ok,,
1254,,,,conan-io__conan.86f29e13.pr_12505.hgygz8up,17,conan-io__conan.86f29e13.pr_12505.hgygz8up,17697,true,1189,36,0,0,0,0,0,,0,0,510000000,510000000,0,0,0,ok,,
1255,,,,conan-io__conan.86f29e13.pr_12505.hgygz8up,18,conan-io__conan.86f29e13.pr_12505.hgygz8up,18922,true,177,837,0,0,0,0,0,,0,0,540000000,540000000,0,0,0,ok,,
1256,,,,conan-io__conan.86f29e13.pr_12505.hgygz8up,19,conan-io__conan.86f29e13.pr_12505.hgygz8up,19936,true,990,38,0,0,0,0,0,,0,0,570000000,570000000,0,0,0,ok,,
1257,,,,conan-io__conan.86f29e13.pr_12505.hgygz8up,20,conan-io__conan.86f29e13.pr_12505.hgygz8up,20964,true,287,299,0,0,0,0,0,,0,0,600000000,600000000,0,0,0,ok,,
1258,,,,conan-io__conan.86f29e13.pr_12505.hgygz8up,21,conan-io__conan.86f29e13.pr_12505.hgygz8up,21550,true,2247,45,0,0,0,0,0,,0,0,630000000,630000000,0,0,0,ok,,
1259,,,,conan-io__conan.86f29e13.pr_12505.hgygz8up,22,conan-io__conan.86f29e13.pr_12505.hgygz8up,23842,true,20,7,0,0,0,0,0,,0,0,660000000,660000000,0,0,0,ok,,
1260,,,,cloudpipe__cloudpickle.6220b0ce.18.jo8xwbzo,0,swe_smith_system_prompt,978,true,1060,77,0,0,0,0,0,,0,0,0,0,0,0,0,ok,,
1261,,,,cloudpipe__cloudpickle.6220b0ce.18.jo8xwbzo,1,cloudpipe__cloudpickle.6220b0ce.18.jo8xwbzo,2115,true,287,53,0,0,0,0,0,,0,0,30000000,30000000,0,0,0,ok,,
1262,,,,cloudpipe__cloudpickle.6220b0ce.18.jo8xwbzo,2,cloudpipe__cloudpickle.6220b0ce.18.jo8xwbzo,2455,true,6462,44,0,0,0,0,0,,0,0,60000000,60000000,0,0,0,ok,,
1263,,,,cloudpipe__cloudpickle.6220b0ce.18.jo8xwbzo,3,cloudpipe__cloudpickle.6220b0ce.18.jo8xwbzo,8961,true,46,59,0,0,0,0,0,,0,0,90000000,90000000,0,0,0,ok,,
1264,,,,cloudpipe__cloudpickle.6220b0ce.18.jo8xwbzo,4,cloudpipe__cloudpickle.6220b0ce.18.jo8xwbzo,9066,true,265,57,0,0,0,0,0,,0,0,120000000,120000000,0,0,0,ok,,
1265,,,,cloudpipe__cloudpickle.6220b0ce.18.jo8xwbzo,5,cloudpipe__cloudpickle.6220b0ce.18.jo8xwbzo,9388,true,192,206,0,0,0,0,0,,0,0,150000000,150000000,0,0,0,ok,,
1266,,,,cloudpipe__cloudpickle.6220b0ce.18.jo8xwbzo,6,cloudpipe__cloudpickle.6220b0ce.18.jo8xwbzo,9786,true,23,33,0,0,0,0,0,,0,0,180000000,180000000,0,0,0,ok,,
1267,,,,cloudpipe__cloudpickle.6220b0ce.18.jo8xwbzo,7,cloudpipe__cloudpickle.6220b0ce.18.jo8xwbzo,9842,true,109,152,0,0,0,0,0,,0,0,210000000,210000000,0,0,0,ok,,
1268,,,,cloudpipe__cloudpickle.6220b0ce.18.jo8xwbzo,8,cloudpipe__cloudpickle.6220b0ce.18.jo8xwbzo,10103,true,85,141,0,0,0,0,0,,0,0,240000000,240000000,0,0,0,ok,,
1269,,,,cloudpipe__cloudpickle.6220b0ce.18.jo8xwbzo,9,cloudpipe__cloudpickle.6220b0ce.18.jo8xwbzo,10329,true,221,45,0,0,0,0,0,,0,0,270000000,270000000,0,0,0,ok,,
1270,,,,cloudpipe__cloudpickle.6220b0ce.18.jo8xwbzo,10,cloudpipe__cloudpickle.6220b0ce.18.jo8xwbzo,10595,true,20,485,0,0,0,0,0,,0,0,300000000,300000000,0,0,0,ok,,
1271,,,,cloudpipe__cloudpickle.6220b0ce.18.jo8xwbzo,11,cloudpipe__cloudpickle.6220b0ce.18.jo8xwbzo,11100,true,23,37,0,0,0,0,0,,0,0,330000000,330000000,0,0,0,ok,,
1272,,,,cloudpipe__cloudpickle.6220b0ce.18.jo8xwbzo,12,cloudpipe__cloudpickle.6220b0ce.18.jo8xwbzo,11160,true,136,362,0,0,0,0,0,,0,0,360000000,360000000,0,0,0,ok,,
1273,,,,cloudpipe__cloudpickle.6220b0ce.18.jo8xwbzo,13,cloudpipe__cloudpickle.6220b0ce.18.jo8xwbzo,11658,true,333,39,0,0,0,0,0,,0,0,390000000,390000000,0,0,0,ok,,
1274,,,,cloudpipe__cloudpickle.6220b0ce.18.jo8xwbzo,14,cloudpipe__cloudpickle.6220b0ce.18.jo8xwbzo,12030,true,70,35,0,0,0,0,0,,0,0,420000000,420000000,0,0,0,ok,,
1275,,,,un33k__python-slugify.872b3750.39.njhy2mbs,0,swe_smith_system_prompt,978,true,831,60,0,0,0,0,0,,0,0,0,0,0,0,0,ok,,
1276,,,,un33k__python-slugify.872b3750.39.njhy2mbs,1,un33k__python-slugify.872b3750.39.njhy2mbs,1869,true,238,54,0,0,0,0,0,,0,0,30000000,30000000,0,0,0,ok,,
1277,,,,un33k__python-slugify.872b3750.39.njhy2mbs,2,un33k__python-slugify.872b3750.39.njhy2mbs,2161,true,166,45,0,0,0,0,0,,0,0,60000000,60000000,0,0,0,ok,,
1278,,,,un33k__python-slugify.872b3750.39.njhy2mbs,3,un33k__python-slugify.872b3750.39.njhy2mbs,2372,true,5705,41,0,0,0,0,0,,0,0,90000000,90000000,0,0,0,ok,,
1279,,,,un33k__python-slugify.872b3750.39.njhy2mbs,4,un33k__python-slugify.872b3750.39.njhy2mbs,8118,true,33,72,0,0,0,0,0,,0,0,120000000,120000000,0,0,0,ok,,
1280,,,,un33k__python-slugify.872b3750.39.njhy2mbs,5,un33k__python-slugify.872b3750.39.njhy2mbs,8223,true,86,41,0,0,0,0,0,,0,0,150000000,150000000,0,0,0,ok,,
1281,,,,un33k__python-slugify.872b3750.39.njhy2mbs,6,un33k__python-slugify.872b3750.39.njhy2mbs,8350,true,93,47,0,0,0,0,0,,0,0,180000000,180000000,0,0,0,ok,,
1282,,,,un33k__python-slugify.872b3750.39.njhy2mbs,7,un33k__python-slugify.872b3750.39.njhy2mbs,8490,true,218,123,0,0,0,0,0,,0,0,210000000,210000000,0,0,0,ok,,
1283,,,,un33k__python-slugify.872b3750.39.njhy2mbs,8,un33k__python-slugify.872b3750.39.njhy2mbs,8831,true,21,30,0,0,0,0,0,,0,0,240000000,240000000,0,0,0,ok,,
1284,,,,un33k__python-slugify.872b3750.39.njhy2mbs,9,un33k__python-slugify.872b3750.39.njhy2mbs,8882,true,61,272,0,0,0,0,0,,0,0,270000000,270000000,0,0,0,ok,,
1285,,,,un33k__python-slugify.872b3750.39.njhy2mbs,10,un33k__python-slugify.872b3750.39.njhy2mbs,9215,true,21,31,0,0,0,0,0,,0,0,300000000,300000000,0,0,0,ok,,
1286,,,,un33k__python-slugify.872b3750.39.njhy2mbs,11,un33k__python-slugify.872b3750.39.njhy2mbs,9267,true,20,13,0,0,0,0,0,,0,0,330000000,330000000,0,0,0,ok,,
1287,,,,un33k__python-slugify.872b3750.39.njhy2mbs,12,un33k__python-slugify.872b3750.39.njhy2mbs,9300,true,568,39,0,0,0,0,0,,0,0,360000000,360000000,0,0,0,ok,,
1288,,,,marshmallow-code__marshmallow.9716fc62.lm_rewrite__d2oxpo8q.6e1k31l9,0,swe_smith_system_prompt,978,true,919,74,0,0,0,0,0,,0,0,0,0,0,0,0,ok,,
1289,,,,marshmallow-code__marshmallow.9716fc62.lm_rewrite__d2oxpo8q.6e1k31l9,1,marshmallow-code__marshmallow.9716fc62.lm_rewrite__d2oxpo8q.6e1k31l9,1971,true,449,58,0,0,0,0,0,,0,0,30000000,30000000,0,0,0,ok,,
1290,,,,marshmallow-code__marshmallow.9716fc62.lm_rewrite__d2oxpo8q.6e1k31l9,2,marshmallow-code__marshmallow.9716fc62.lm_rewrite__d2oxpo8q.6e1k31l9,2478,true,5669,71,0,0,0,0,0,,0,0,60000000,60000000,0,0,0,ok,,
1291,,,,marshmallow-code__marshmallow.9716fc62.lm_rewrite__d2oxpo8q.6e1k31l9,3,marshmallow-code__marshmallow.9716fc62.lm_rewrite__d2oxpo8q.6e1k31l9,8218,true,71,56,0,0,0,0,0,,0,0,90000000,90000000,0,0,0,ok,,
1292,,,,marshmallow-code__marshmallow.9716fc62.lm_rewrite__d2oxpo8q.6e1k31l9,4,marshmallow-code__marshmallow.9716fc62.lm_rewrite__d2oxpo8q.6e1k31l9,8345,true,410,55,0,0,0,0,0,,0,0,120000000,120000000,0,0,0,ok,,
1293,,,,marshmallow-code__marshmallow.9716fc62.lm_rewrite__d2oxpo8q.6e1k31l9,5,marshmallow-code__marshmallow.9716fc62.lm_rewrite__d2oxpo8q.6e1k31l9,8810,true,544,316,0,0,0,0,0,,0,0,150000000,150000000,0,0,0,ok,,
1294,,,,marshmallow-code__marshmallow.9716fc62.lm_rewrite__d2oxpo8q.6e1k31l9,6,marshmallow-code__marshmallow.9716fc62.lm_rewrite__d2oxpo8q.6e1k31l9,9670,true,21,34,0,0,0,0,0,,0,0,180000000,180000000,0,0,0,ok,,
1295,,,,marshmallow-code__marshmallow.9716fc62.lm_rewrite__d2oxpo8q.6e1k31l9,7,marshmallow-code__marshmallow.9716fc62.lm_rewrite__d2oxpo8q.6e1k31l9,9725,true,89,588,0,0,0,0,0,,0,0,210000000,210000000,0,0,0,ok,,
1296,,,,marshmallow-code__marshmallow.9716fc62.lm_rewrite__d2oxpo8q.6e1k31l9,8,marshmallow-code__marshmallow.9716fc62.lm_rewrite__d2oxpo8q.6e1k31l9,10402,true,641,541,0,0,0,0,0,,0,0,240000000,240000000,0,0,0,ok,,
1297,,,,marshmallow-code__marshmallow.9716fc62.lm_rewrite__d2oxpo8q.6e1k31l9,9,marshmallow-code__marshmallow.9716fc62.lm_rewrite__d2oxpo8q.6e1k31l9,11584,true,587,42,0,0,0,0,0,,0,0,270000000,270000000,0,0,0,ok,,
1298,,,,marshmallow-code__marshmallow.9716fc62.lm_rewrite__d2oxpo8q.6e1k31l9,10,marshmallow-code__marshmallow.9716fc62.lm_rewrite__d2oxpo8q.6e1k31l9,12213,true,92,440,0,0,0,0,0,,0,0,300000000,300000000,0,0,0,ok,,
1299,,,,marshmallow-code__marshmallow.9716fc62.lm_rewrite__d2oxpo8q.6e1k31l9,11,marshmallow-code__marshmallow.9716fc62.lm_rewrite__d2oxpo8q.6e1k31l9,12745,true,21,32,0,0,0,0,0,,0,0,330000000,330000000,0,0,0,ok,,
1300,,,,marshmallow-code__marshmallow.9716fc62.lm_rewrite__d2oxpo8q.6e1k31l9,12,marshmallow-code__marshmallow.9716fc62.lm_rewrite__d2oxpo8q.6e1k31l9,12798,true,267,71,0,0,0,0,0,,0,0,360000000,360000000,0,0,0,ok,,
1301,,,,marshmallow-code__marshmallow.9716fc62.lm_rewrite__d2oxpo8q.6e1k31l9,13,marshmallow-code__marshmallow.9716fc62.lm_rewrite__d2oxpo8q.6e1k31l9,13136,true,12,58,0,0,0,0,0,,0,0,390000000,390000000,0,0,0,ok,,
1302,,,,marshmallow-code__marshmallow.9716fc62.lm_rewrite__d2oxpo8q.6e1k31l9,14,marshmallow-code__marshmallow.9716fc62.lm_rewrite__d2oxpo8q.6e1k31l9,13206,true,1803,61,0,0,0,0,0,,0,0,420000000,420000000,0,0,0,ok,,
1303,,,,marshmallow-code__marshmallow.9716fc62.lm_rewrite__d2oxpo8q.6e1k31l9,15,marshmallow-code__marshmallow.9716fc62.lm_rewrite__d2oxpo8q.6e1k31l9,15070,true,1628,41,0,0,0,0,0,,0,0,450000000,450000000,0,0,0,ok,,
1304,,,,marshmallow-code__marshmallow.9716fc62.lm_rewrite__d2oxpo8q.6e1k31l9,16,marshmallow-code__marshmallow.9716fc62.lm_rewrite__d2oxpo8q.6e1k31l9,16739,true,11,46,0,0,0,0,0,,0,0,480000000,480000000,0,0,0,ok,,
1305,,,,marshmallow-code__marshmallow.9716fc62.lm_rewrite__d2oxpo8q.6e1k31l9,17,marshmallow-code__marshmallow.9716fc62.lm_rewrite__d2oxpo8q.6e1k31l9,16796,true,993,284,0,0,0,0,0,,0,0,510000000,510000000,0,0,0,ok,,
1306,,,,marshmallow-code__marshmallow.9716fc62.lm_rewrite__d2oxpo8q.6e1k31l9,18,marshmallow-code__marshmallow.9716fc62.lm_rewrite__d2oxpo8q.6e1k31l9,18073,true,328,184,0,0,0,0,0,,0,0,540000000,540000000,0,0,0,ok,,
1307,,,,marshmallow-code__marshmallow.9716fc62.lm_rewrite__d2oxpo8q.6e1k31l9,19,marshmallow-code__marshmallow.9716fc62.lm_rewrite__d2oxpo8q.6e1k31l9,18585,true,171,88,0,0,0,0,0,,0,0,570000000,570000000,0,0,0,ok,,
1308,,,,marshmallow-code__marshmallow.9716fc62.lm_rewrite__d2oxpo8q.6e1k31l9,20,marshmallow-code__marshmallow.9716fc62.lm_rewrite__d2oxpo8q.6e1k31l9,18844,true,265,59,0,0,0,0,0,,0,0,600000000,600000000,0,0,0,ok,,
1309,,,,marshmallow-code__marshmallow.9716fc62.lm_rewrite__d2oxpo8q.6e1k31l9,21,marshmallow-code__marshmallow.9716fc62.lm_rewrite__d2oxpo8q.6e1k31l9,19168,true,92,179,0,0,0,0,0,,0,0,630000000,630000000,0,0,0,ok,,
1310,,,,marshmallow-code__marshmallow.9716fc62.lm_rewrite__d2oxpo8q.6e1k31l9,22,marshmallow-code__marshmallow.9716fc62.lm_rewrite__d2oxpo8q.6e1k31l9,19439,true,1355,39,0,0,0,0,0,,0,0,660000000,660000000,0,0,0,ok,,
1311,,,,marshmallow-code__marshmallow.9716fc62.lm_rewrite__d2oxpo8q.6e1k31l9,23,marshmallow-code__marshmallow.9716fc62.lm_rewrite__d2oxpo8q.6e1k31l9,20833,true,20,7,0,0,0,0,0,,0,0,690000000,690000000,0,0,0,ok,,
1312,,,,pallets__jinja.ada0a9a6.func_pm_ctrl_shuffle__l3wqpvmt.9olr9260,0,swe_smith_system_prompt,978,true,861,104,0,0,0,0,0,,0,0,0,0,0,0,0,ok,,
1313,,,,pallets__jinja.ada0a9a6.func_pm_ctrl_shuffle__l3wqpvmt.9olr9260,1,pallets__jinja.ada0a9a6.func_pm_ctrl_shuffle__l3wqpvmt.9olr9260,1943,true,683,81,0,0,0,0,0,,0,0,30000000,30000000,0,0,0,ok,,
1314,,,,pallets__jinja.ada0a9a6.func_pm_ctrl_shuffle__l3wqpvmt.9olr9260,2,pallets__jinja.ada0a9a6.func_pm_ctrl_shuffle__l3wqpvmt.9olr9260,2707,true,256,80,0,0,0,0,0,,0,0,60000000,60000000,0,0,0,ok,,
1315,,,,pallets__jinja.ada0a9a6.func_pm_ctrl_shuffle__l3wqpvmt.9olr9260,3,pallets__jinja.ada0a9a6.func_pm_ctrl_shuffle__l3wqpvmt.9olr9260,3043,true,5685,55,0,0,0,0,0,,0,0,90000000,90000000,0,0,0,ok,,
1316,,,,pallets__jinja.ada0a9a6.func_pm_ctrl_shuffle__l3wqpvmt.9olr9260,4,pallets__jinja.ada0a9a6.func_pm_ctrl_shuffle__l3wqpvmt.9olr9260,8783,true,23,63,0,0,0,0,0,,0,0,120000000,120000000,0,0,0,ok,,
1317,,,,pallets__jinja.ada0a9a6.func_pm_ctrl_shuffle__l3wqpvmt.9olr9260,5,pallets__jinja.ada0a9a6.func_pm_ctrl_shuffle__l3wqpvmt.9olr9260,8869,true,259,132,0,0,0,0,0,,0,0,150000000,150000000,0,0,0,ok,,
1318,,,,pallets__jinja.ada0a9a6.func_pm_ctrl_shuffle__l3wqpvmt.9olr9260,6,pallets__jinja.ada0a9a6.func_pm_ctrl_shuffle__l3wqpvmt.9olr9260,9260,true,20,33,0,0,0,0,0,,0,0,180000000,180000000,0,0,0,ok,,
1319,,,,pallets__jinja.ada0a9a6.func_pm_ctrl_shuffle__l3wqpvmt.9olr9260,7,pallets__jinja.ada0a9a6.func_pm_ctrl_shuffle__l3wqpvmt.9olr9260,9313,true,53,296,0,0,0,0,0,,0,0,210000000,210000000,0,0,0,ok,,
1320,,,,pallets__jinja.ada0a9a6.func_pm_ctrl_shuffle__l3wqpvmt.9olr9260,8,pallets__jinja.ada0a9a6.func_pm_ctrl_shuffle__l3wqpvmt.9olr9260,9662,true,21,34,0,0,0,0,0,,0,0,240000000,240000000,0,0,0,ok,,
1321,,,,pallets__jinja.ada0a9a6.func_pm_ctrl_shuffle__l3wqpvmt.9olr9260,9,pallets__jinja.ada0a9a6.func_pm_ctrl_shuffle__l3wqpvmt.9olr9260,9717,true,63,455,0,0,0,0,0,,0,0,270000000,270000000,0,0,0,ok,,
1322,,,,pallets__jinja.ada0a9a6.func_pm_ctrl_shuffle__l3wqpvmt.9olr9260,10,pallets__jinja.ada0a9a6.func_pm_ctrl_shuffle__l3wqpvmt.9olr9260,10235,true,421,121,0,0,0,0,0,,0,0,300000000,300000000,0,0,0,ok,,
1323,,,,pallets__jinja.ada0a9a6.func_pm_ctrl_shuffle__l3wqpvmt.9olr9260,11,pallets__jinja.ada0a9a6.func_pm_ctrl_shuffle__l3wqpvmt.9olr9260,10777,true,78,698,0,0,0,0,0,,0,0,330000000,330000000,0,0,0,ok,,
1324,,,,pallets__jinja.ada0a9a6.func_pm_ctrl_shuffle__l3wqpvmt.9olr9260,12,pallets__jinja.ada0a9a6.func_pm_ctrl_shuffle__l3wqpvmt.9olr9260,11553,true,21,32,0,0,0,0,0,,0,0,360000000,360000000,0,0,0,ok,,
1325,,,,pallets__jinja.ada0a9a6.func_pm_ctrl_shuffle__l3wqpvmt.9olr9260,13,pallets__jinja.ada0a9a6.func_pm_ctrl_shuffle__l3wqpvmt.9olr9260,11606,true,221,343,0,0,0,0,0,,0,0,390000000,390000000,0,0,0,ok,,
1326,,,,pallets__jinja.ada0a9a6.func_pm_ctrl_shuffle__l3wqpvmt.9olr9260,14,pallets__jinja.ada0a9a6.func_pm_ctrl_shuffle__l3wqpvmt.9olr9260,12170,true,1518,39,0,0,0,0,0,,0,0,420000000,420000000,0,0,0,ok,,
1327,,,,pallets__jinja.ada0a9a6.func_pm_ctrl_shuffle__l3wqpvmt.9olr9260,15,pallets__jinja.ada0a9a6.func_pm_ctrl_shuffle__l3wqpvmt.9olr9260,13727,true,20,7,0,0,0,0,0,,0,0,450000000,450000000,0,0,0,ok,,
1328,,,,pyutils__line_profiler.a646bf0f.83.rf8q0vu4,0,swe_smith_system_prompt,978,true,736,77,0,0,0,0,0,,0,0,0,0,0,0,0,ok,,
1329,,,,pyutils__line_profiler.a646bf0f.83.rf8q0vu4,1,pyutils__line_profiler.a646bf0f.83.rf8q0vu4,1791,true,267,51,0,0,0,0,0,,0,0,30000000,30000000,0,0,0,ok,,
1330,,,,pyutils__line_profiler.a646bf0f.83.rf8q0vu4,2,pyutils__line_profiler.a646bf0f.83.rf8q0vu4,2109,true,22,53,0,0,0,0,0,,0,0,60000000,60000000,0,0,0,ok,,
1331,,,,pyutils__line_profiler.a646bf0f.83.rf8q0vu4,3,pyutils__line_profiler.a646bf0f.83.rf8q0vu4,2184,true,6156,329,0,0,0,0,0,,0,0,90000000,90000000,0,0,0,ok,,
1332,,,,pyutils__line_profiler.a646bf0f.83.rf8q0vu4,4,pyutils__line_profiler.a646bf0f.83.rf8q0vu4,8669,true,23,34,0,0,0,0,0,,0,0,120000000,120000000,0,0,0,ok,,
1333,,,,pyutils__line_profiler.a646bf0f.83.rf8q0vu4,5,pyutils__line_profiler.a646bf0f.83.rf8q0vu4,8726,true,162,253,0,0,0,0,0,,0,0,150000000,150000000,0,0,0,ok,,
1334,,,,pyutils__line_profiler.a646bf0f.83.rf8q0vu4,6,pyutils__line_profiler.a646bf0f.83.rf8q0vu4,9141,true,201,89,0,0,0,0,0,,0,0,180000000,180000000,0,0,0,ok,,
1335,,,,pyutils__line_profiler.a646bf0f.83.rf8q0vu4,7,pyutils__line_profiler.a646bf0f.83.rf8q0vu4,9431,true,61,373,0,0,0,0,0,,0,0,210000000,210000000,0,0,0,ok,,
1336,,,,pyutils__line_profiler.a646bf0f.83.rf8q0vu4,8,pyutils__line_profiler.a646bf0f.83.rf8q0vu4,9865,true,22,23,0,0,0,0,0,,0,0,240000000,240000000,0,0,0,ok,,
1337,,,,pyutils__line_profiler.a646bf0f.83.rf8q0vu4,9,pyutils__line_profiler.a646bf0f.83.rf8q0vu4,9910,true,100,44,0,0,0,0,0,,0,0,270000000,270000000,0,0,0,ok,,
1338,,,,matthewwithanm__python-markdownify.6258f5c3.lm_rewrite__7w02cnfp.ojlmhj11,0,swe_smith_system_prompt,978,true,894,105,0,0,0,0,0,,0,0,0,0,0,0,0,ok,,
1339,,,,matthewwithanm__python-markdownify.6258f5c3.lm_rewrite__7w02cnfp.ojlmhj11,1,matthewwithanm__python-markdownify.6258f5c3.lm_rewrite__7w02cnfp.ojlmhj11,1977,true,122,51,0,0,0,0,0,,0,0,30000000,30000000,0,0,0,ok,,
1340,,,,matthewwithanm__python-markdownify.6258f5c3.lm_rewrite__7w02cnfp.ojlmhj11,2,matthewwithanm__python-markdownify.6258f5c3.lm_rewrite__7w02cnfp.ojlmhj11,2150,true,2674,42,0,0,0,0,0,,0,0,60000000,60000000,0,0,0,ok,,
1341,,,,matthewwithanm__python-markdownify.6258f5c3.lm_rewrite__7w02cnfp.ojlmhj11,3,matthewwithanm__python-markdownify.6258f5c3.lm_rewrite__7w02cnfp.ojlmhj11,4866,true,1512,80,0,0,0,0,0,,0,0,90000000,90000000,0,0,0,ok,,
1342,,,,matthewwithanm__python-markdownify.6258f5c3.lm_rewrite__7w02cnfp.ojlmhj11,4,matthewwithanm__python-markdownify.6258f5c3.lm_rewrite__7w02cnfp.ojlmhj11,6458,true,222,67,0,0,0,0,0,,0,0,120000000,120000000,0,0,0,ok,,
1343,,,,matthewwithanm__python-markdownify.6258f5c3.lm_rewrite__7w02cnfp.ojlmhj11,5,matthewwithanm__python-markdownify.6258f5c3.lm_rewrite__7w02cnfp.ojlmhj11,6747,true,129,66,0,0,0,0,0,,0,0,150000000,150000000,0,0,0,ok,,
1344,,,,matthewwithanm__python-markdownify.6258f5c3.lm_rewrite__7w02cnfp.ojlmhj11,6,matthewwithanm__python-markdownify.6258f5c3.lm_rewrite__7w02cnfp.ojlmhj11,6942,true,973,57,0,0,0,0,0,,0,0,180000000,180000000,0,0,0,ok,,
1345,,,,matthewwithanm__python-markdownify.6258f5c3.lm_rewrite__7w02cnfp.ojlmhj11,7,matthewwithanm__python-markdownify.6258f5c3.lm_rewrite__7w02cnfp.ojlmhj11,7972,true,509,291,0,0,0,0,0,,0,0,210000000,210000000,0,0,0,ok,,
1346,,,,matthewwithanm__python-markdownify.6258f5c3.lm_rewrite__7w02cnfp.ojlmhj11,8,matthewwithanm__python-markdownify.6258f5c3.lm_rewrite__7w02cnfp.ojlmhj11,8772,true,23,36,0,0,0,0,0,,0,0,240000000,240000000,0,0,0,ok,,
1347,,,,matthewwithanm__python-markdownify.6258f5c3.lm_rewrite__7w02cnfp.ojlmhj11,9,matthewwithanm__python-markdownify.6258f5c3.lm_rewrite__7w02cnfp.ojlmhj11,8831,true,113,543,0,0,0,0,0,,0,0,270000000,270000000,0,0,0,ok,,
1348,,,,matthewwithanm__python-markdownify.6258f5c3.lm_rewrite__7w02cnfp.ojlmhj11,10,matthewwithanm__python-markdownify.6258f5c3.lm_rewrite__7w02cnfp.ojlmhj11,9487,true,532,55,0,0,0,0,0,,0,0,300000000,300000000,0,0,0,ok,,
1349,,,,matthewwithanm__python-markdownify.6258f5c3.lm_rewrite__7w02cnfp.ojlmhj11,11,matthewwithanm__python-markdownify.6258f5c3.lm_rewrite__7w02cnfp.ojlmhj11,10074,true,114,525,0,0,0,0,0,,0,0,330000000,330000000,0,0,0,ok,,
1350,,,,matthewwithanm__python-markdownify.6258f5c3.lm_rewrite__7w02cnfp.ojlmhj11,12,matthewwithanm__python-markdownify.6258f5c3.lm_rewrite__7w02cnfp.ojlmhj11,10713,true,23,32,0,0,0,0,0,,0,0,360000000,360000000,0,0,0,ok,,
1351,,,,matthewwithanm__python-markdownify.6258f5c3.lm_rewrite__7w02cnfp.ojlmhj11,13,matthewwithanm__python-markdownify.6258f5c3.lm_rewrite__7w02cnfp.ojlmhj11,10768,true,235,656,0,0,0,0,0,,0,0,390000000,390000000,0,0,0,ok,,
1352,,,,matthewwithanm__python-markdownify.6258f5c3.lm_rewrite__7w02cnfp.ojlmhj11,14,matthewwithanm__python-markdownify.6258f5c3.lm_rewrite__7w02cnfp.ojlmhj11,11659,true,618,42,0,0,0,0,0,,0,0,420000000,420000000,0,0,0,ok,,
1353,,,,matthewwithanm__python-markdownify.6258f5c3.lm_rewrite__7w02cnfp.ojlmhj11,15,matthewwithanm__python-markdownify.6258f5c3.lm_rewrite__7w02cnfp.ojlmhj11,12319,true,235,141,0,0,0,0,0,,0,0,450000000,450000000,0,0,0,ok,,
1354,,,,matthewwithanm__python-markdownify.6258f5c3.lm_rewrite__7w02cnfp.ojlmhj11,16,matthewwithanm__python-markdownify.6258f5c3.lm_rewrite__7w02cnfp.ojlmhj11,12695,true,114,279,0,0,0,0,0,,0,0,480000000,480000000,0,0,0,ok,,
1355,,,,matthewwithanm__python-markdownify.6258f5c3.lm_rewrite__7w02cnfp.ojlmhj11,17,matthewwithanm__python-markdownify.6258f5c3.lm_rewrite__7w02cnfp.ojlmhj11,13088,true,1738,40,0,0,0,0,0,,0,0,510000000,510000000,0,0,0,ok,,
1356,,,,matthewwithanm__python-markdownify.6258f5c3.lm_rewrite__7w02cnfp.ojlmhj11,18,matthewwithanm__python-markdownify.6258f5c3.lm_rewrite__7w02cnfp.ojlmhj11,14866,true,20,13,0,0,0,0,0,,0,0,540000000,540000000,0,0,0,ok,,
1357,,,,pallets__markupsafe.620c06c9.combine_file__6fk2d773.k9rypv47,0,swe_smith_system_prompt,978,true,892,85,0,0,0,0,0,,0,0,0,0,0,0,0,ok,,
1358,,,,pallets__markupsafe.620c06c9.combine_file__6fk2d773.k9rypv47,1,pallets__markupsafe.620c06c9.combine_file__6fk2d773.k9rypv47,1955,true,114,60,0,0,0,0,0,,0,0,30000000,30000000,0,0,0,ok,,
1359,,,,pallets__markupsafe.620c06c9.combine_file__6fk2d773.k9rypv47,2,pallets__markupsafe.620c06c9.combine_file__6fk2d773.k9rypv47,2129,true,5514,52,0,0,0,0,0,,0,0,60000000,60000000,0,0,0,ok,,
1360,,,,pallets__markupsafe.620c06c9.combine_file__6fk2d773.k9rypv47,3,pallets__markupsafe.620c06c9.combine_file__6fk2d773.k9rypv47,7695,true,123,272,0,0,0,0,0,,0,0,90000000,90000000,0,0,0,ok,,
1361,,,,pallets__markupsafe.620c06c9.combine_file__6fk2d773.k9rypv47,4,pallets__markupsafe.620c06c9.combine_file__6fk2d773.k9rypv47,8090,true,23,36,0,0,0,0,0,,0,0,120000000,120000000,0,0,0,ok,,
1362,,,,pallets__markupsafe.620c06c9.combine_file__6fk2d773.k9rypv47,5,pallets__markupsafe.620c06c9.combine_file__6fk2d773.k9rypv47,8149,true,83,232,0,0,0,0,0,,0,0,150000000,150000000,0,0,0,ok,,
1363,,,,pallets__markupsafe.620c06c9.combine_file__6fk2d773.k9rypv47,6,pallets__markupsafe.620c06c9.combine_file__6fk2d773.k9rypv47,8464,true,238,292,0,0,0,0,0,,0,0,180000000,180000000,0,0,0,ok,,
1364,,,,pallets__markupsafe.620c06c9.combine_file__6fk2d773.k9rypv47,7,pallets__markupsafe.620c06c9.combine_file__6fk2d773.k9rypv47,8994,true,271,286,0,0,0,0,0,,0,0,210000000,210000000,0,0,0,ok,,
1365,,,,pallets__markupsafe.620c06c9.combine_file__6fk2d773.k9rypv47,8,pallets__markupsafe.620c06c9.combine_file__6fk2d773.k9rypv47,9551,true,246,85,0,0,0,0,0,,0,0,240000000,240000000,0,0,0,ok,,
1366,,,,pallets__markupsafe.620c06c9.combine_file__6fk2d773.k9rypv47,9,pallets__markupsafe.620c06c9.combine_file__6fk2d773.k9rypv47,9882,true,343,521,0,0,0,0,0,,0,0,270000000,270000000,0,0,0,ok,,
1367,,,,pallets__markupsafe.620c06c9.combine_file__6fk2d773.k9rypv47,10,pallets__markupsafe.620c06c9.combine_file__6fk2d773.k9rypv47,10746,true,504,42,0,0,0,0,0,,0,0,300000000,300000000,0,0,0,ok,,
1368,,,,pallets__markupsafe.620c06c9.combine_file__6fk2d773.k9rypv47,11,pallets__markupsafe.620c06c9.combine_file__6fk2d773.k9rypv47,11292,true,83,216,0,0,0,0,0,,0,0,330000000,330000000,0,0,0,ok,,
1369,,,,pallets__markupsafe.620c06c9.combine_file__6fk2d773.k9rypv47,12,pallets__markupsafe.620c06c9.combine_file__6fk2d773.k9rypv47,11591,true,350,74,0,0,0,0,0,,0,0,360000000,360000000,0,0,0,ok,,
1370,,,,pallets__markupsafe.620c06c9.combine_file__6fk2d773.k9rypv47,13,pallets__markupsafe.620c06c9.combine_file__6fk2d773.k9rypv47,12015,true,191,50,0,0,0,0,0,,0,0,390000000,390000000,0,0,0,ok,,
1371,,,,pallets__markupsafe.620c06c9.combine_file__6fk2d773.k9rypv47,14,pallets__markupsafe.620c06c9.combine_file__6fk2d773.k9rypv47,12256,true,1228,70,0,0,0,0,0,,0,0,420000000,420000000,0,0,0,ok,,
1372,,,,pallets__markupsafe.620c06c9.combine_file__6fk2d773.k9rypv47,15,pallets__markupsafe.620c06c9.combine_file__6fk2d773.k9rypv47,13554,true,290,70,0,0,0,0,0,,0,0,450000000,450000000,0,0,0,ok,,
1373,,,,pallets__markupsafe.620c06c9.combine_file__6fk2d773.k9rypv47,16,pallets__markupsafe.620c06c9.combine_file__6fk2d773.k9rypv47,13914,true,2577,674,0,0,0,0,0,,0,0,480000000,480000000,0,0,0,ok,,
1374,,,,pallets__markupsafe.620c06c9.combine_file__6fk2d773.k9rypv47,17,pallets__markupsafe.620c06c9.combine_file__6fk2d773.k9rypv47,17165,true,24,36,0,0,0,0,0,,0,0,510000000,510000000,0,0,0,ok,,
1375,,,,pallets__markupsafe.620c06c9.combine_file__6fk2d773.k9rypv47,18,pallets__markupsafe.620c06c9.combine_file__6fk2d773.k9rypv47,17225,true,448,579,0,0,0,0,0,,0,0,540000000,540000000,0,0,0,ok,,
1376,,,,pallets__markupsafe.620c06c9.combine_file__6fk2d773.k9rypv47,19,pallets__markupsafe.620c06c9.combine_file__6fk2d773.k9rypv47,18252,true,551,38,0,0,0,0,0,,0,0,570000000,570000000,0,0,0,ok,,
1377,,,,pallets__markupsafe.620c06c9.combine_file__6fk2d773.k9rypv47,20,pallets__markupsafe.620c06c9.combine_file__6fk2d773.k9rypv47,18841,true,222,158,0,0,0,0,0,,0,0,600000000,600000000,0,0,0,ok,,
1378,,,,pallets__markupsafe.620c06c9.combine_file__6fk2d773.k9rypv47,21,pallets__markupsafe.620c06c9.combine_file__6fk2d773.k9rypv47,19221,true,201,37,0,0,0,0,0,,0,0,630000000,630000000,0,0,0,ok,,
1379,,,,pallets__markupsafe.620c06c9.combine_file__6fk2d773.k9rypv47,22,pallets__markupsafe.620c06c9.combine_file__6fk2d773.k9rypv47,19459,true,176,46,0,0,0,0,0,,0,0,660000000,660000000,0,0,0,ok,,
1380,,,,pallets__markupsafe.620c06c9.combine_file__6fk2d773.k9rypv47,23,pallets__markupsafe.620c06c9.combine_file__6fk2d773.k9rypv47,19681,true,350,968,0,0,0,0,0,,0,0,690000000,690000000,0,0,0,ok,,
1381,,,,pallets__markupsafe.620c06c9.combine_file__6fk2d773.k9rypv47,24,pallets__markupsafe.620c06c9.combine_file__6fk2d773.k9rypv47,20999,true,2287,42,0,0,0,0,0,,0,0,720000000,720000000,0,0,0,ok,,
1382,,,,pallets__markupsafe.620c06c9.combine_file__6fk2d773.k9rypv47,25,pallets__markupsafe.620c06c9.combine_file__6fk2d773.k9rypv47,23328,true,20,7,0,0,0,0,0,,0,0,750000000,750000000,0,0,0,ok,,
1383,,,,pyupio__safety.7654596b.pr_534.wngdq4f1,0,swe_smith_system_prompt,978,true,936,111,0,0,0,0,0,,0,0,0,0,0,0,0,ok,,
1384,,,,pyupio__safety.7654596b.pr_534.wngdq4f1,1,pyupio__safety.7654596b.pr_534.wngdq4f1,2025,true,940,46,0,0,0,0,0,,0,0,30000000,30000000,0,0,0,ok,,
1385,,,,pyupio__safety.7654596b.pr_534.wngdq4f1,2,pyupio__safety.7654596b.pr_534.wngdq4f1,3011,true,579,46,0,0,0,0,0,,0,0,60000000,60000000,0,0,0,ok,,
1386,,,,pyupio__safety.7654596b.pr_534.wngdq4f1,3,pyupio__safety.7654596b.pr_534.wngdq4f1,3636,true,1018,52,0,0,0,0,0,,0,0,90000000,90000000,0,0,0,ok,,
1387,,,,pyupio__safety.7654596b.pr_534.wngdq4f1,4,pyupio__safety.7654596b.pr_534.wngdq4f1,4706,true,1085,63,0,0,0,0,0,,0,0,120000000,120000000,0,0,0,ok,,
1388,,,,pyupio__safety.7654596b.pr_534.wngdq4f1,5,pyupio__safety.7654596b.pr_534.wngdq4f1,5854,true,231,47,0,0,0,0,0,,0,0,150000000,150000000,0,0,0,ok,,
1389,,,,pyupio__safety.7654596b.pr_534.wngdq4f1,6,pyupio__safety.7654596b.pr_534.wngdq4f1,6132,true,55,37,0,0,0,0,0,,0,0,180000000,180000000,0,0,0,ok,,
1390,,,,pyupio__safety.7654596b.pr_534.wngdq4f1,7,pyupio__safety.7654596b.pr_534.wngdq4f1,6224,true,128,58,0,0,0,0,0,,0,0,210000000,210000000,0,0,0,ok,,
1391,,,,pyupio__safety.7654596b.pr_534.wngdq4f1,8,pyupio__safety.7654596b.pr_534.wngdq4f1,6410,true,1340,35,0,0,0,0,0,,0,0,240000000,240000000,0,0,0,ok,,
1392,,,,pyupio__safety.7654596b.pr_534.wngdq4f1,9,pyupio__safety.7654596b.pr_534.wngdq4f1,7785,true,621,46,0,0,0,0,0,,0,0,270000000,270000000,0,0,0,ok,,
1393,,,,pyupio__safety.7654596b.pr_534.wngdq4f1,10,pyupio__safety.7654596b.pr_534.wngdq4f1,8452,true,23,501,0,0,0,0,0,,0,0,300000000,300000000,0,0,0,ok,,
1394,,,,pyupio__safety.7654596b.pr_534.wngdq4f1,11,pyupio__safety.7654596b.pr_534.wngdq4f1,8976,true,23,35,0,0,0,0,0,,0,0,330000000,330000000,0,0,0,ok,,
1395,,,,pyupio__safety.7654596b.pr_534.wngdq4f1,12,pyupio__safety.7654596b.pr_534.wngdq4f1,9034,true,382,1055,0,0,0,0,0,,0,0,360000000,360000000,0,0,0,ok,,
1396,,,,pyupio__safety.7654596b.pr_534.wngdq4f1,13,pyupio__safety.7654596b.pr_534.wngdq4f1,10471,true,977,32,0,0,0,0,0,,0,0,390000000,390000000,0,0,0,ok,,
1397,,,,pyupio__safety.7654596b.pr_534.wngdq4f1,14,pyupio__safety.7654596b.pr_534.wngdq4f1,11480,true,112,130,0,0,0,0,0,,0,0,420000000,420000000,0,0,0,ok,,
1398,,,,pyupio__safety.7654596b.pr_534.wngdq4f1,15,pyupio__safety.7654596b.pr_534.wngdq4f1,11722,true,173,32,0,0,0,0,0,,0,0,450000000,450000000,0,0,0,ok,,
1399,,,,pyupio__safety.7654596b.pr_534.wngdq4f1,16,pyupio__safety.7654596b.pr_534.wngdq4f1,11927,true,132,41,0,0,0,0,0,,0,0,480000000,480000000,0,0,0,ok,,
1400,,,,pyupio__safety.7654596b.pr_534.wngdq4f1,17,pyupio__safety.7654596b.pr_534.wngdq4f1,12100,true,6244,1484,0,0,0,0,0,,0,0,510000000,510000000,0,0,0,ok,,
1401,,,,pyupio__safety.7654596b.pr_534.wngdq4f1,18,pyupio__safety.7654596b.pr_534.wngdq4f1,19828,true,1509,32,0,0,0,0,0,,0,0,540000000,540000000,0,0,0,ok,,
1402,,,,pyupio__safety.7654596b.pr_534.wngdq4f1,19,pyupio__safety.7654596b.pr_534.wngdq4f1,21369,true,244,686,0,0,0,0,0,,0,0,570000000,570000000,0,0,0,ok,,
1403,,,,pyupio__safety.7654596b.pr_534.wngdq4f1,20,pyupio__safety.7654596b.pr_534.wngdq4f1,22299,true,771,931,0,0,0,0,0,,0,0,600000000,600000000,0,0,0,ok,,
1404,,,,pyupio__safety.7654596b.pr_534.wngdq4f1,21,pyupio__safety.7654596b.pr_534.wngdq4f1,24001,true,1099,38,0,0,0,0,0,,0,0,630000000,630000000,0,0,0,ok,,
1405,,,,pyupio__safety.7654596b.pr_534.wngdq4f1,22,pyupio__safety.7654596b.pr_534.wngdq4f1,25138,true,189,1228,0,0,0,0,0,,0,0,660000000,660000000,0,0,0,ok,,
1406,,,,pyupio__safety.7654596b.pr_534.wngdq4f1,23,pyupio__safety.7654596b.pr_534.wngdq4f1,26555,true,1123,1148,0,0,0,0,0,,0,0,690000000,690000000,0,0,0,ok,,
1407,,,,pyupio__safety.7654596b.pr_534.wngdq4f1,24,pyupio__safety.7654596b.pr_534.wngdq4f1,28826,true,23,32,0,0,0,0,0,,0,0,720000000,720000000,0,0,0,ok,,
1408,,,,pyupio__safety.7654596b.pr_534.wngdq4f1,25,pyupio__safety.7654596b.pr_534.wngdq4f1,28881,true,355,259,0,0,0,0,0,,0,0,750000000,750000000,0,0,0,ok,,
1409,,,,pyupio__safety.7654596b.pr_534.wngdq4f1,26,pyupio__safety.7654596b.pr_534.wngdq4f1,29495,true,207,284,0,0,0,0,0,,0,0,780000000,780000000,0,0,0,ok,,
1410,,,,pyupio__safety.7654596b.pr_534.wngdq4f1,27,pyupio__safety.7654596b.pr_534.wngdq4f1,29986,true,4660,37,0,0,0,0,0,,0,0,810000000,810000000,0,0,0,ok,,
1411,,,,pyupio__safety.7654596b.pr_534.wngdq4f1,28,pyupio__safety.7654596b.pr_534.wngdq4f1,34683,true,20,13,0,0,0,0,0,,0,0,840000000,840000000,0,0,0,ok,,
1412,,,,lincolnloop__python-qrcode.456b01d4.105.ztfvr2n2,0,swe_smith_system_prompt,978,true,963,70,0,0,0,0,0,,0,0,0,0,0,0,0,ok,,
1413,,,,lincolnloop__python-qrcode.456b01d4.105.ztfvr2n2,1,lincolnloop__python-qrcode.456b01d4.105.ztfvr2n2,2011,true,307,70,0,0,0,0,0,,0,0,30000000,30000000,0,0,0,ok,,
1414,,,,lincolnloop__python-qrcode.456b01d4.105.ztfvr2n2,2,lincolnloop__python-qrcode.456b01d4.105.ztfvr2n2,2388,true,6829,39,0,0,0,0,0,,0,0,60000000,60000000,0,0,0,ok,,
1415,,,,lincolnloop__python-qrcode.456b01d4.105.ztfvr2n2,3,lincolnloop__python-qrcode.456b01d4.105.ztfvr2n2,9256,true,480,52,0,0,0,0,0,,0,0,90000000,90000000,0,0,0,ok,,
1416,,,,lincolnloop__python-qrcode.456b01d4.105.ztfvr2n2,4,lincolnloop__python-qrcode.456b01d4.105.ztfvr2n2,9788,true,6917,37,0,0,0,0,0,,0,0,120000000,120000000,0,0,0,ok,,
1417,,,,lincolnloop__python-qrcode.456b01d4.105.ztfvr2n2,5,lincolnloop__python-qrcode.456b01d4.105.ztfvr2n2,16742,true,25,53,0,0,0,0,0,,0,0,150000000,150000000,0,0,0,ok,,
1418,,,,lincolnloop__python-qrcode.456b01d4.105.ztfvr2n2,6,lincolnloop__python-qrcode.456b01d4.105.ztfvr2n2,16820,true,84,400,0,0,0,0,0,,0,0,180000000,180000000,0,0,0,ok,,
1419,,,,lincolnloop__python-qrcode.456b01d4.105.ztfvr2n2,7,lincolnloop__python-qrcode.456b01d4.105.ztfvr2n2,17304,true,21,31,0,0,0,0,0,,0,0,210000000,210000000,0,0,0,ok,,
1420,,,,lincolnloop__python-qrcode.456b01d4.105.ztfvr2n2,8,lincolnloop__python-qrcode.456b01d4.105.ztfvr2n2,17356,true,153,207,0,0,0,0,0,,0,0,240000000,240000000,0,0,0,ok,,
1421,,,,lincolnloop__python-qrcode.456b01d4.105.ztfvr2n2,9,lincolnloop__python-qrcode.456b01d4.105.ztfvr2n2,17716,true,267,184,0,0,0,0,0,,0,0,270000000,270000000,0,0,0,ok,,
1422,,,,lincolnloop__python-qrcode.456b01d4.105.ztfvr2n2,10,lincolnloop__python-qrcode.456b01d4.105.ztfvr2n2,18167,true,20,323,0,0,0,0,0,,0,0,300000000,300000000,0,0,0,ok,,
1423,,,,lincolnloop__python-qrcode.456b01d4.105.ztfvr2n2,11,lincolnloop__python-qrcode.456b01d4.105.ztfvr2n2,18510,true,23,24,0,0,0,0,0,,0,0,330000000,330000000,0,0,0,ok,,
1424,,,,lincolnloop__python-qrcode.456b01d4.105.ztfvr2n2,12,lincolnloop__python-qrcode.456b01d4.105.ztfvr2n2,18557,true,205,268,0,0,0,0,0,,0,0,360000000,360000000,0,0,0,ok,,
1425,,,,lincolnloop__python-qrcode.456b01d4.105.ztfvr2n2,13,lincolnloop__python-qrcode.456b01d4.105.ztfvr2n2,19030,true,340,113,0,0,0,0,0,,0,0,390000000,390000000,0,0,0,ok,,
1426,,,,lincolnloop__python-qrcode.456b01d4.105.ztfvr2n2,14,lincolnloop__python-qrcode.456b01d4.105.ztfvr2n2,19483,true,180,168,0,0,0,0,0,,0,0,420000000,420000000,0,0,0,ok,,
1427,,,,encode__starlette.db5063c2.func_pm_remove_cond__1wmq9dvj.yvz4qlh7,0,swe_smith_system_prompt,978,true,925,109,0,0,0,0,0,,0,0,0,0,0,0,0,ok,,
1428,,,,encode__starlette.db5063c2.func_pm_remove_cond__1wmq9dvj.yvz4qlh7,1,encode__starlette.db5063c2.func_pm_remove_cond__1wmq9dvj.yvz4qlh7,2012,true,469,67,0,0,0,0,0,,0,0,30000000,30000000,0,0,0,ok,,
1429,,,,encode__starlette.db5063c2.func_pm_remove_cond__1wmq9dvj.yvz4qlh7,2,encode__starlette.db5063c2.func_pm_remove_cond__1wmq9dvj.yvz4qlh7,2548,true,2932,58,0,0,0,0,0,,0,0,60000000,60000000,0,0,0,ok,,
1430,,,,encode__starlette.db5063c2.func_pm_remove_cond__1wmq9dvj.yvz4qlh7,3,encode__starlette.db5063c2.func_pm_remove_cond__1wmq9dvj.yvz4qlh7,5538,true,463,109,0,0,0,0,0,,0,0,90000000,90000000,0,0,0,ok,,
1431,,,,encode__starlette.db5063c2.func_pm_remove_cond__1wmq9dvj.yvz4qlh7,4,encode__starlette.db5063c2.func_pm_remove_cond__1wmq9dvj.yvz4qlh7,6110,true,247,182,0,0,0,0,0,,0,0,120000000,120000000,0,0,0,ok,,
1432,,,,encode__starlette.db5063c2.func_pm_remove_cond__1wmq9dvj.yvz4qlh7,5,encode__starlette.db5063c2.func_pm_remove_cond__1wmq9dvj.yvz4qlh7,6539,true,23,36,0,0,0,0,0,,0,0,150000000,150000000,0,0,0,ok,,
1433,,,,encode__starlette.db5063c2.func_pm_remove_cond__1wmq9dvj.yvz4qlh7,6,encode__starlette.db5063c2.func_pm_remove_cond__1wmq9dvj.yvz4qlh7,6598,true,23,784,0,0,0,0,0,,0,0,180000000,180000000,0,0,0,ok,,
1434,,,,encode__starlette.db5063c2.func_pm_remove_cond__1wmq9dvj.yvz4qlh7,7,encode__starlette.db5063c2.func_pm_remove_cond__1wmq9dvj.yvz4qlh7,7405,true,812,56,0,0,0,0,0,,0,0,210000000,210000000,0,0,0,ok,,
1435,,,,encode__starlette.db5063c2.func_pm_remove_cond__1wmq9dvj.yvz4qlh7,8,encode__starlette.db5063c2.func_pm_remove_cond__1wmq9dvj.yvz4qlh7,8273,true,46,599,0,0,0,0,0,,0,0,240000000,240000000,0,0,0,ok,,
1436,,,,encode__starlette.db5063c2.func_pm_remove_cond__1wmq9dvj.yvz4qlh7,9,encode__starlette.db5063c2.func_pm_remove_cond__1wmq9dvj.yvz4qlh7,8918,true,23,48,0,0,0,0,0,,0,0,270000000,270000000,0,0,0,ok,,
1437,,,,encode__starlette.db5063c2.func_pm_remove_cond__1wmq9dvj.yvz4qlh7,10,encode__starlette.db5063c2.func_pm_remove_cond__1wmq9dvj.yvz4qlh7,8989,true,163,35,0,0,0,0,0,,0,0,300000000,300000000,0,0,0,ok,,
1438,,,,encode__starlette.db5063c2.func_pm_remove_cond__1wmq9dvj.yvz4qlh7,11,encode__starlette.db5063c2.func_pm_remove_cond__1wmq9dvj.yvz4qlh7,9187,true,1376,40,0,0,0,0,0,,0,0,330000000,330000000,0,0,0,ok,,
1439,,,,encode__starlette.db5063c2.func_pm_remove_cond__1wmq9dvj.yvz4qlh7,12,encode__starlette.db5063c2.func_pm_remove_cond__1wmq9dvj.yvz4qlh7,10603,true,20,13,0,0,0,0,0,,0,0,360000000,360000000,0,0,0,ok,,
1440,,,,gawel__pyquery.811cd048.func_pm_ctrl_invert_if__fn2x8mwa.u1flmuyv,0,swe_smith_system_prompt,978,true,807,103,0,0,0,0,0,,0,0,0,0,0,0,0,ok,,
1441,,,,gawel__pyquery.811cd048.func_pm_ctrl_invert_if__fn2x8mwa.u1flmuyv,1,gawel__pyquery.811cd048.func_pm_ctrl_invert_if__fn2x8mwa.u1flmuyv,1888,true,154,54,0,0,0,0,0,,0,0,30000000,30000000,0,0,0,ok,,
1442,,,,gawel__pyquery.811cd048.func_pm_ctrl_invert_if__fn2x8mwa.u1flmuyv,2,gawel__pyquery.811cd048.func_pm_ctrl_invert_if__fn2x8mwa.u1flmuyv,2096,true,5176,69,0,0,0,0,0,,0,0,60000000,60000000,0,0,0,ok,,
1443,,,,gawel__pyquery.811cd048.func_pm_ctrl_invert_if__fn2x8mwa.u1flmuyv,3,gawel__pyquery.811cd048.func_pm_ctrl_invert_if__fn2x8mwa.u1flmuyv,7341,true,254,63,0,0,0,0,0,,0,0,90000000,90000000,0,0,0,ok,,
1444,,,,gawel__pyquery.811cd048.func_pm_ctrl_invert_if__fn2x8mwa.u1flmuyv,4,gawel__pyquery.811cd048.func_pm_ctrl_invert_if__fn2x8mwa.u1flmuyv,7658,true,280,176,0,0,0,0,0,,0,0,120000000,120000000,0,0,0,ok,,
1445,,,,gawel__pyquery.811cd048.func_pm_ctrl_invert_if__fn2x8mwa.u1flmuyv,5,gawel__pyquery.811cd048.func_pm_ctrl_invert_if__fn2x8mwa.u1flmuyv,8114,true,22,34,0,0,0,0,0,,0,0,150000000,150000000,0,0,0,ok,,
1446,,,,gawel__pyquery.811cd048.func_pm_ctrl_invert_if__fn2x8mwa.u1flmuyv,6,gawel__pyquery.811cd048.func_pm_ctrl_invert_if__fn2x8mwa.u1flmuyv,8170,true,68,645,0,0,0,0,0,,0,0,180000000,180000000,0,0,0,ok,,
1447,,,,gawel__pyquery.811cd048.func_pm_ctrl_invert_if__fn2x8mwa.u1flmuyv,7,gawel__pyquery.811cd048.func_pm_ctrl_invert_if__fn2x8mwa.u1flmuyv,8883,true,523,43,0,0,0,0,0,,0,0,210000000,210000000,0,0,0,ok,,
1448,,,,gawel__pyquery.811cd048.func_pm_ctrl_invert_if__fn2x8mwa.u1flmuyv,8,gawel__pyquery.811cd048.func_pm_ctrl_invert_if__fn2x8mwa.u1flmuyv,9449,true,68,531,0,0,0,0,0,,0,0,240000000,240000000,0,0,0,ok,,
1449,,,,gawel__pyquery.811cd048.func_pm_ctrl_invert_if__fn2x8mwa.u1flmuyv,9,gawel__pyquery.811cd048.func_pm_ctrl_invert_if__fn2x8mwa.u1flmuyv,10048,true,23,32,0,0,0,0,0,,0,0,270000000,270000000,0,0,0,ok,,
1450,,,,gawel__pyquery.811cd048.func_pm_ctrl_invert_if__fn2x8mwa.u1flmuyv,10,gawel__pyquery.811cd048.func_pm_ctrl_invert_if__fn2x8mwa.u1flmuyv,10103,true,363,205,0,0,0,0,0,,0,0,300000000,300000000,0,0,0,ok,,
1451,,,,gawel__pyquery.811cd048.func_pm_ctrl_invert_if__fn2x8mwa.u1flmuyv,11,gawel__pyquery.811cd048.func_pm_ctrl_invert_if__fn2x8mwa.u1flmuyv,10671,true,238,34,0,0,0,0,0,,0,0,330000000,330000000,0,0,0,ok,,
1452,,,,gawel__pyquery.811cd048.func_pm_ctrl_invert_if__fn2x8mwa.u1flmuyv,12,gawel__pyquery.811cd048.func_pm_ctrl_invert_if__fn2x8mwa.u1flmuyv,10943,true,364,565,0,0,0,0,0,,0,0,360000000,360000000,0,0,0,ok,,
1453,,,,gawel__pyquery.811cd048.func_pm_ctrl_invert_if__fn2x8mwa.u1flmuyv,13,gawel__pyquery.811cd048.func_pm_ctrl_invert_if__fn2x8mwa.u1flmuyv,11872,true,632,188,0,0,0,0,0,,0,0,390000000,390000000,0,0,0,ok,,
1454,,,,gawel__pyquery.811cd048.func_pm_ctrl_invert_if__fn2x8mwa.u1flmuyv,14,gawel__pyquery.811cd048.func_pm_ctrl_invert_if__fn2x8mwa.u1flmuyv,12692,true,238,98,0,0,0,0,0,,0,0,420000000,420000000,0,0,0,ok,,
1455,,,,gawel__pyquery.811cd048.func_pm_ctrl_invert_if__fn2x8mwa.u1flmuyv,15,gawel__pyquery.811cd048.func_pm_ctrl_invert_if__fn2x8mwa.u1flmuyv,13028,true,36944,64,0,0,0,0,0,,0,0,450000000,450000000,0,0,0,ok,,
1456,,,,gawel__pyquery.811cd048.func_pm_ctrl_invert_if__fn2x8mwa.u1flmuyv,16,gawel__pyquery.811cd048.func_pm_ctrl_invert_if__fn2x8mwa.u1flmuyv,50036,true,295,54,0,0,0,0,0,,0,0,480000000,480000000,0,0,0,ok,,
1457,,,,gawel__pyquery.811cd048.func_pm_ctrl_invert_if__fn2x8mwa.u1flmuyv,17,gawel__pyquery.811cd048.func_pm_ctrl_invert_if__fn2x8mwa.u1flmuyv,50385,true,163,45,0,0,0,0,0,,0,0,510000000,510000000,0,0,0,ok,,
1458,,,,gawel__pyquery.811cd048.func_pm_ctrl_invert_if__fn2x8mwa.u1flmuyv,18,gawel__pyquery.811cd048.func_pm_ctrl_invert_if__fn2x8mwa.u1flmuyv,50593,true,68,45,0,0,0,0,0,,0,0,540000000,540000000,0,0,0,ok,,
1459,,,,gawel__pyquery.811cd048.func_pm_ctrl_invert_if__fn2x8mwa.u1flmuyv,19,gawel__pyquery.811cd048.func_pm_ctrl_invert_if__fn2x8mwa.u1flmuyv,50706,true,1507,41,0,0,0,0,0,,0,0,570000000,570000000,0,0,0,ok,,
1460,,,,gawel__pyquery.811cd048.func_pm_ctrl_invert_if__fn2x8mwa.u1flmuyv,20,gawel__pyquery.811cd048.func_pm_ctrl_invert_if__fn2x8mwa.u1flmuyv,52254,true,20,7,0,0,0,0,0,,0,0,600000000,600000000,0,0,0,ok,,
1461,,,,kayak__pypika.1c9646f0.lm_rewrite__dovrt073.paibjb2o,0,swe_smith_system_prompt,978,true,699,102,0,0,0,0,0,,0,0,0,0,0,0,0,ok,,
1462,,,,kayak__pypika.1c9646f0.lm_rewrite__dovrt073.paibjb2o,1,kayak__pypika.1c9646f0.lm_rewrite__dovrt073.paibjb2o,1779,true,835,73,0,0,0,0,0,,0,0,30000000,30000000,0,0,0,ok,,
1463,,,,kayak__pypika.1c9646f0.lm_rewrite__dovrt073.paibjb2o,2,kayak__pypika.1c9646f0.lm_rewrite__dovrt073.paibjb2o,2687,true,4463,64,0,0,0,0,0,,0,0,60000000,60000000,0,0,0,ok,,
1464,,,,kayak__pypika.1c9646f0.lm_rewrite__dovrt073.paibjb2o,3,kayak__pypika.1c9646f0.lm_rewrite__dovrt073.paibjb2o,7214,true,5672,48,0,0,0,0,0,,0,0,90000000,90000000,0,0,0,ok,,
1465,,,,kayak__pypika.1c9646f0.lm_rewrite__dovrt073.paibjb2o,4,kayak__pypika.1c9646f0.lm_rewrite__dovrt073.paibjb2o,12934,true,14,29,0,0,0,0,0,,0,0,120000000,120000000,0,0,0,ok,,
1466,,,,kayak__pypika.1c9646f0.lm_rewrite__dovrt073.paibjb2o,5,kayak__pypika.1c9646f0.lm_rewrite__dovrt073.paibjb2o,12977,true,17,52,0,0,0,0,0,,0,0,150000000,150000000,0,0,0,ok,,
1467,,,,kayak__pypika.1c9646f0.lm_rewrite__dovrt073.paibjb2o,6,kayak__pypika.1c9646f0.lm_rewrite__dovrt073.paibjb2o,13046,true,1803,44,0,0,0,0,0,,0,0,180000000,180000000,0,0,0,ok,,
1468,,,,kayak__pypika.1c9646f0.lm_rewrite__dovrt073.paibjb2o,7,kayak__pypika.1c9646f0.lm_rewrite__dovrt073.paibjb2o,14893,true,11,43,0,0,0,0,0,,0,0,210000000,210000000,0,0,0,ok,,
1469,,,,kayak__pypika.1c9646f0.lm_rewrite__dovrt073.paibjb2o,8,kayak__pypika.1c9646f0.lm_rewrite__dovrt073.paibjb2o,14947,true,328,118,0,0,0,0,0,,0,0,240000000,240000000,0,0,0,ok,,
1470,,,,kayak__pypika.1c9646f0.lm_rewrite__dovrt073.paibjb2o,9,kayak__pypika.1c9646f0.lm_rewrite__dovrt073.paibjb2o,15393,true,23,38,0,0,0,0,0,,0,0,270000000,270000000,0,0,0,ok,,
1471,,,,kayak__pypika.1c9646f0.lm_rewrite__dovrt073.paibjb2o,10,kayak__pypika.1c9646f0.lm_rewrite__dovrt073.paibjb2o,15454,true,13,377,0,0,0,0,0,,0,0,300000000,300000000,0,0,0,ok,,
1472,,,,kayak__pypika.1c9646f0.lm_rewrite__dovrt073.paibjb2o,11,kayak__pypika.1c9646f0.lm_rewrite__dovrt073.paibjb2o,15844,true,310,53,0,0,0,0,0,,0,0,330000000,330000000,0,0,0,ok,,
1473,,,,kayak__pypika.1c9646f0.lm_rewrite__dovrt073.paibjb2o,12,kayak__pypika.1c9646f0.lm_rewrite__dovrt073.paibjb2o,16207,true,13,395,0,0,0,0,0,,0,0,360000000,360000000,0,0,0,ok,,
1474,,,,kayak__pypika.1c9646f0.lm_rewrite__dovrt073.paibjb2o,13,kayak__pypika.1c9646f0.lm_rewrite__dovrt073.paibjb2o,16615,true,23,32,0,0,0,0,0,,0,0,390000000,390000000,0,0,0,ok,,
1475,,,,kayak__pypika.1c9646f0.lm_rewrite__dovrt073.paibjb2o,14,kayak__pypika.1c9646f0.lm_rewrite__dovrt073.paibjb2o,16670,true,123,199,0,0,0,0,0,,0,0,420000000,420000000,0,0,0,ok,,
1476,,,,kayak__pypika.1c9646f0.lm_rewrite__dovrt073.paibjb2o,15,kayak__pypika.1c9646f0.lm_rewrite__dovrt073.paibjb2o,16992,true,23,25,0,0,0,0,0,,0,0,450000000,450000000,0,0,0,ok,,
1477,,,,kayak__pypika.1c9646f0.lm_rewrite__dovrt073.paibjb2o,16,kayak__pypika.1c9646f0.lm_rewrite__dovrt073.paibjb2o,17040,true,81,176,0,0,0,0,0,,0,0,480000000,480000000,0,0,0,ok,,
1478,,,,kayak__pypika.1c9646f0.lm_rewrite__dovrt073.paibjb2o,17,kayak__pypika.1c9646f0.lm_rewrite__dovrt073.paibjb2o,17297,true,175,25,0,0,0,0,0,,0,0,510000000,510000000,0,0,0,ok,,
1479,,,,kayak__pypika.1c9646f0.lm_rewrite__dovrt073.paibjb2o,18,kayak__pypika.1c9646f0.lm_rewrite__dovrt073.paibjb2o,17497,true,22,297,0,0,0,0,0,,0,0,540000000,540000000,0,0,0,ok,,
1480,,,,kayak__pypika.1c9646f0.lm_rewrite__dovrt073.paibjb2o,19,kayak__pypika.1c9646f0.lm_rewrite__dovrt073.paibjb2o,17816,true,1120,47,0,0,0,0,0,,0,0,570000000,570000000,0,0,0,ok,,
1481,,,,kayak__pypika.1c9646f0.lm_rewrite__dovrt073.paibjb2o,20,kayak__pypika.1c9646f0.lm_rewrite__dovrt073.paibjb2o,18983,true,20,13,0,0,0,0,0,,0,0,600000000,600000000,0,0,0,ok,,
1482,,,,un33k__python-slugify.872b3750.lm_rewrite__kidne8vn.8zyhbzjl,0,swe_smith_system_prompt,978,true,828,100,0,0,0,0,0,,0,0,0,0,0,0,0,ok,,
1483,,,,un33k__python-slugify.872b3750.lm_rewrite__kidne8vn.8zyhbzjl,1,un33k__python-slugify.872b3750.lm_rewrite__kidne8vn.8zyhbzjl,1906,true,66,68,0,0,0,0,0,,0,0,30000000,30000000,0,0,0,ok,,
1484,,,,un33k__python-slugify.872b3750.lm_rewrite__kidne8vn.8zyhbzjl,2,un33k__python-slugify.872b3750.lm_rewrite__kidne8vn.8zyhbzjl,2040,true,543,120,0,0,0,0,0,,0,0,60000000,60000000,0,0,0,ok,,
1485,,,,un33k__python-slugify.872b3750.lm_rewrite__kidne8vn.8zyhbzjl,3,un33k__python-slugify.872b3750.lm_rewrite__kidne8vn.8zyhbzjl,2703,true,2615,55,0,0,0,0,0,,0,0,90000000,90000000,0,0,0,ok,,
1486,,,,un33k__python-slugify.872b3750.lm_rewrite__kidne8vn.8zyhbzjl,4,un33k__python-slugify.872b3750.lm_rewrite__kidne8vn.8zyhbzjl,5373,true,172,176,0,0,0,0,0,,0,0,120000000,120000000,0,0,0,ok,,
1487,,,,un33k__python-slugify.872b3750.lm_rewrite__kidne8vn.8zyhbzjl,5,un33k__python-slugify.872b3750.lm_rewrite__kidne8vn.8zyhbzjl,5721,true,23,36,0,0,0,0,0,,0,0,150000000,150000000,0,0,0,ok,,
1488,,,,un33k__python-slugify.872b3750.lm_rewrite__kidne8vn.8zyhbzjl,6,un33k__python-slugify.872b3750.lm_rewrite__kidne8vn.8zyhbzjl,5780,true,58,363,0,0,0,0,0,,0,0,180000000,180000000,0,0,0,ok,,
1489,,,,un33k__python-slugify.872b3750.lm_rewrite__kidne8vn.8zyhbzjl,7,un33k__python-slugify.872b3750.lm_rewrite__kidne8vn.8zyhbzjl,6201,true,274,114,0,0,0,0,0,,0,0,210000000,210000000,0,0,0,ok,,
1490,,,,un33k__python-slugify.872b3750.lm_rewrite__kidne8vn.8zyhbzjl,8,un33k__python-slugify.872b3750.lm_rewrite__kidne8vn.8zyhbzjl,6589,true,58,572,0,0,0,0,0,,0,0,240000000,240000000,0,0,0,ok,,
1491,,,,un33k__python-slugify.872b3750.lm_rewrite__kidne8vn.8zyhbzjl,9,un33k__python-slugify.872b3750.lm_rewrite__kidne8vn.8zyhbzjl,7219,true,23,32,0,0,0,0,0,,0,0,270000000,270000000,0,0,0,ok,,
1492,,,,un33k__python-slugify.872b3750.lm_rewrite__kidne8vn.8zyhbzjl,10,un33k__python-slugify.872b3750.lm_rewrite__kidne8vn.8zyhbzjl,7274,true,256,538,0,0,0,0,0,,0,0,300000000,300000000,0,0,0,ok,,
1493,,,,un33k__python-slugify.872b3750.lm_rewrite__kidne8vn.8zyhbzjl,11,un33k__python-slugify.872b3750.lm_rewrite__kidne8vn.8zyhbzjl,8068,true,24,31,0,0,0,0,0,,0,0,330000000,330000000,0,0,0,ok,,
1494,,,,un33k__python-slugify.872b3750.lm_rewrite__kidne8vn.8zyhbzjl,12,un33k__python-slugify.872b3750.lm_rewrite__kidne8vn.8zyhbzjl,8123,true,109,314,0,0,0,0,0,,0,0,360000000,360000000,0,0,0,ok,,
1495,,,,un33k__python-slugify.872b3750.lm_rewrite__kidne8vn.8zyhbzjl,13,un33k__python-slugify.872b3750.lm_rewrite__kidne8vn.8zyhbzjl,8546,true,1462,50,0,0,0,0,0,,0,0,390000000,390000000,0,0,0,ok,,
1496,,,,un33k__python-slugify.872b3750.lm_rewrite__kidne8vn.8zyhbzjl,14,un33k__python-slugify.872b3750.lm_rewrite__kidne8vn.8zyhbzjl,10058,true,20,13,0,0,0,0,0,,0,0,420000000,420000000,0,0,0,ok,,
1497,,,,rustedpy__result.0b855e1e.pr_165.cooprsvt,0,swe_smith_system_prompt,978,true,888,74,0,0,0,0,0,,0,0,0,0,0,0,0,ok,,
1498,,,,rustedpy__result.0b855e1e.pr_165.cooprsvt,1,rustedpy__result.0b855e1e.pr_165.cooprsvt,1940,true,66,65,0,0,0,0,0,,0,0,30000000,30000000,0,0,0,ok,,
1499,,,,rustedpy__result.0b855e1e.pr_165.cooprsvt,2,rustedpy__result.0b855e1e.pr_165.cooprsvt,2071,true,4982,80,0,0,0,0,0,,0,0,60000000,60000000,0,0,0,ok,,
1500,,,,rustedpy__result.0b855e1e.pr_165.cooprsvt,3,rustedpy__result.0b855e1e.pr_165.cooprsvt,7133,true,689,58,0,0,0,0,0,,0,0,90000000,90000000,0,0,0,ok,,
1501,,,,rustedpy__result.0b855e1e.pr_165.cooprsvt,4,rustedpy__result.0b855e1e.pr_165.cooprsvt,7880,true,570,233,0,0,0,0,0,,0,0,120000000,120000000,0,0,0,ok,,
1502,,,,rustedpy__result.0b855e1e.pr_165.cooprsvt,5,rustedpy__result.0b855e1e.pr_165.cooprsvt,8683,true,23,35,0,0,0,0,0,,0,0,150000000,150000000,0,0,0,ok,,
1503,,,,rustedpy__result.0b855e1e.pr_165.cooprsvt,6,rustedpy__result.0b855e1e.pr_165.cooprsvt,8741,true,20,304,0,0,0,0,0,,0,0,180000000,180000000,0,0,0,ok,,
1504,,,,rustedpy__result.0b855e1e.pr_165.cooprsvt,7,rustedpy__result.0b855e1e.pr_165.cooprsvt,9065,true,365,168,0,0,0,0,0,,0,0,210000000,210000000,0,0,0,ok,,
1505,,,,rustedpy__result.0b855e1e.pr_165.cooprsvt,8,rustedpy__result.0b855e1e.pr_165.cooprsvt,9598,true,288,40,0,0,0,0,0,,0,0,240000000,240000000,0,0,0,ok,,
1506,,,,rustedpy__result.0b855e1e.pr_165.cooprsvt,9,rustedpy__result.0b855e1e.pr_165.cooprsvt,9926,true,14,150,0,0,0,0,0,,0,0,270000000,270000000,0,0,0,ok,,
1507,,,,rustedpy__result.0b855e1e.pr_165.cooprsvt,10,rustedpy__result.0b855e1e.pr_165.cooprsvt,10090,true,22,24,0,0,0,0,0,,0,0,300000000,300000000,0,0,0,ok,,
1508,,,,rustedpy__result.0b855e1e.pr_165.cooprsvt,11,rustedpy__result.0b855e1e.pr_165.cooprsvt,10136,true,23,218,0,0,0,0,0,,0,0,330000000,330000000,0,0,0,ok,,
1509,,,,rustedpy__result.0b855e1e.pr_165.cooprsvt,12,rustedpy__result.0b855e1e.pr_165.cooprsvt,10377,true,22,24,0,0,0,0,0,,0,0,360000000,360000000,0,0,0,ok,,
1510,,,,rustedpy__result.0b855e1e.pr_165.cooprsvt,13,rustedpy__result.0b855e1e.pr_165.cooprsvt,10423,true,33,193,0,0,0,0,0,,0,0,390000000,390000000,0,0,0,ok,,
1511,,,,rustedpy__result.0b855e1e.pr_165.cooprsvt,14,rustedpy__result.0b855e1e.pr_165.cooprsvt,10649,true,23,24,0,0,0,0,0,,0,0,420000000,420000000,0,0,0,ok,,
1512,,,,rustedpy__result.0b855e1e.pr_165.cooprsvt,15,rustedpy__result.0b855e1e.pr_165.cooprsvt,10696,true,21,136,0,0,0,0,0,,0,0,450000000,450000000,0,0,0,ok,,
1513,,,,rustedpy__result.0b855e1e.pr_165.cooprsvt,16,rustedpy__result.0b855e1e.pr_165.cooprsvt,10853,true,371,179,0,0,0,0,0,,0,0,480000000,480000000,0,0,0,ok,,
1514,,,,rustedpy__result.0b855e1e.pr_165.cooprsvt,17,rustedpy__result.0b855e1e.pr_165.cooprsvt,11403,true,1535,54,0,0,0,0,0,,0,0,510000000,510000000,0,0,0,ok,,
1515,,,,rustedpy__result.0b855e1e.pr_165.cooprsvt,18,rustedpy__result.0b855e1e.pr_165.cooprsvt,12992,true,20,7,0,0,0,0,0,,0,0,540000000,540000000,0,0,0,ok,,
1516,,,,pydicom__pydicom.7d361b3d.lm_rewrite__bnrxcfyb.c4z1xf2g,0,swe_smith_system_prompt,978,true,849,97,0,0,0,0,0,,0,0,0,0,0,0,0,ok,,
1517,,,,pydicom__pydicom.7d361b3d.lm_rewrite__bnrxcfyb.c4z1xf2g,1,pydicom__pydicom.7d361b3d.lm_rewrite__bnrxcfyb.c4z1xf2g,1924,true,2269,71,0,0,0,0,0,,0,0,30000000,30000000,0,0,0,ok,,
1518,,,,pydicom__pydicom.7d361b3d.lm_rewrite__bnrxcfyb.c4z1xf2g,2,pydicom__pydicom.7d361b3d.lm_rewrite__bnrxcfyb.c4z1xf2g,4264,true,3836,61,0,0,0,0,0,,0,0,60000000,60000000,0,0,0,ok,,
1519,,,,pydicom__pydicom.7d361b3d.lm_rewrite__bnrxcfyb.c4z1xf2g,3,pydicom__pydicom.7d361b3d.lm_rewrite__bnrxcfyb.c4z1xf2g,8161,true,624,51,0,0,0,0,0,,0,0,90000000,90000000,0,0,0,ok,,
1520,,,,pydicom__pydicom.7d361b3d.lm_rewrite__bnrxcfyb.c4z1xf2g,4,pydicom__pydicom.7d361b3d.lm_rewrite__bnrxcfyb.c4z1xf2g,8836,true,1298,57,0,0,0,0,0,,0,0,120000000,120000000,0,0,0,ok,,
1521,,,,pydicom__pydicom.7d361b3d.lm_rewrite__bnrxcfyb.c4z1xf2g,5,pydicom__pydicom.7d361b3d.lm_rewrite__bnrxcfyb.c4z1xf2g,10191,true,461,58,0,0,0,0,0,,0,0,150000000,150000000,0,0,0,ok,,
1522,,,,pydicom__pydicom.7d361b3d.lm_rewrite__bnrxcfyb.c4z1xf2g,6,pydicom__pydicom.7d361b3d.lm_rewrite__bnrxcfyb.c4z1xf2g,10710,true,319,60,0,0,0,0,0,,0,0,180000000,180000000,0,0,0,ok,,
1523,,,,pydicom__pydicom.7d361b3d.lm_rewrite__bnrxcfyb.c4z1xf2g,7,pydicom__pydicom.7d361b3d.lm_rewrite__bnrxcfyb.c4z1xf2g,11089,true,241,457,0,0,0,0,0,,0,0,210000000,210000000,0,0,0,ok,,
1524,,,,pydicom__pydicom.7d361b3d.lm_rewrite__bnrxcfyb.c4z1xf2g,8,pydicom__pydicom.7d361b3d.lm_rewrite__bnrxcfyb.c4z1xf2g,11787,true,23,36,0,0,0,0,0,,0,0,240000000,240000000,0,0,0,ok,,
1525,,,,pydicom__pydicom.7d361b3d.lm_rewrite__bnrxcfyb.c4z1xf2g,9,pydicom__pydicom.7d361b3d.lm_rewrite__bnrxcfyb.c4z1xf2g,11846,true,253,1193,0,0,0,0,0,,0,0,270000000,270000000,0,0,0,ok,,
1526,,,,pydicom__pydicom.7d361b3d.lm_rewrite__bnrxcfyb.c4z1xf2g,10,pydicom__pydicom.7d361b3d.lm_rewrite__bnrxcfyb.c4z1xf2g,13292,true,1140,44,0,0,0,0,0,,0,0,300000000,300000000,0,0,0,ok,,
1527,,,,pydicom__pydicom.7d361b3d.lm_rewrite__bnrxcfyb.c4z1xf2g,11,pydicom__pydicom.7d361b3d.lm_rewrite__bnrxcfyb.c4z1xf2g,14476,true,389,118,0,0,0,0,0,,0,0,330000000,330000000,0,0,0,ok,,
1528,,,,pydicom__pydicom.7d361b3d.lm_rewrite__bnrxcfyb.c4z1xf2g,12,pydicom__pydicom.7d361b3d.lm_rewrite__bnrxcfyb.c4z1xf2g,14983,true,247,31,0,0,0,0,0,,0,0,360000000,360000000,0,0,0,ok,,
1529,,,,pydicom__pydicom.7d361b3d.lm_rewrite__bnrxcfyb.c4z1xf2g,13,pydicom__pydicom.7d361b3d.lm_rewrite__bnrxcfyb.c4z1xf2g,15261,true,250,141,0,0,0,0,0,,0,0,390000000,390000000,0,0,0,ok,,
1530,,,,pydicom__pydicom.7d361b3d.lm_rewrite__bnrxcfyb.c4z1xf2g,14,pydicom__pydicom.7d361b3d.lm_rewrite__bnrxcfyb.c4z1xf2g,15652,true,210,138,0,0,0,0,0,,0,0,420000000,420000000,0,0,0,ok,,
1531,,,,pydicom__pydicom.7d361b3d.lm_rewrite__bnrxcfyb.c4z1xf2g,15,pydicom__pydicom.7d361b3d.lm_rewrite__bnrxcfyb.c4z1xf2g,16000,true,217,30,0,0,0,0,0,,0,0,450000000,450000000,0,0,0,ok,,
1532,,,,pydicom__pydicom.7d361b3d.lm_rewrite__bnrxcfyb.c4z1xf2g,16,pydicom__pydicom.7d361b3d.lm_rewrite__bnrxcfyb.c4z1xf2g,16247,true,250,855,0,0,0,0,0,,0,0,480000000,480000000,0,0,0,ok,,
1533,,,,pydicom__pydicom.7d361b3d.lm_rewrite__bnrxcfyb.c4z1xf2g,17,pydicom__pydicom.7d361b3d.lm_rewrite__bnrxcfyb.c4z1xf2g,17352,true,23,31,0,0,0,0,0,,0,0,510000000,510000000,0,0,0,ok,,
1534,,,,pydicom__pydicom.7d361b3d.lm_rewrite__bnrxcfyb.c4z1xf2g,18,pydicom__pydicom.7d361b3d.lm_rewrite__bnrxcfyb.c4z1xf2g,17406,true,80,88,0,0,0,0,0,,0,0,540000000,540000000,0,0,0,ok,,
1535,,,,pydicom__pydicom.7d361b3d.lm_rewrite__bnrxcfyb.c4z1xf2g,19,pydicom__pydicom.7d361b3d.lm_rewrite__bnrxcfyb.c4z1xf2g,17574,true,244,32,0,0,0,0,0,,0,0,570000000,570000000,0,0,0,ok,,
1536,,,,pydicom__pydicom.7d361b3d.lm_rewrite__bnrxcfyb.c4z1xf2g,20,pydicom__pydicom.7d361b3d.lm_rewrite__bnrxcfyb.c4z1xf2g,17850,true,81,178,0,0,0,0,0,,0,0,600000000,600000000,0,0,0,ok,,
1537,,,,pydicom__pydicom.7d361b3d.lm_rewrite__bnrxcfyb.c4z1xf2g,21,pydicom__pydicom.7d361b3d.lm_rewrite__bnrxcfyb.c4z1xf2g,18109,true,313,32,0,0,0,0,0,,0,0,630000000,630000000,0,0,0,ok,,
1538,,,,pydicom__pydicom.7d361b3d.lm_rewrite__bnrxcfyb.c4z1xf2g,22,pydicom__pydicom.7d361b3d.lm_rewrite__bnrxcfyb.c4z1xf2g,18454,true,232,357,0,0,0,0,0,,0,0,660000000,660000000,0,0,0,ok,,
1539,,,,pydicom__pydicom.7d361b3d.lm_rewrite__bnrxcfyb.c4z1xf2g,23,pydicom__pydicom.7d361b3d.lm_rewrite__bnrxcfyb.c4z1xf2g,19043,true,250,88,0,0,0,0,0,,0,0,690000000,690000000,0,0,0,ok,,
1540,,,,pydicom__pydicom.7d361b3d.lm_rewrite__bnrxcfyb.c4z1xf2g,24,pydicom__pydicom.7d361b3d.lm_rewrite__bnrxcfyb.c4z1xf2g,19381,true,2679,41,0,0,0,0,0,,0,0,720000000,720000000,0,0,0,ok,,
1541,,,,pydicom__pydicom.7d361b3d.lm_rewrite__bnrxcfyb.c4z1xf2g,25,pydicom__pydicom.7d361b3d.lm_rewrite__bnrxcfyb.c4z1xf2g,22101,true,20,7,0,0,0,0,0,,0,0,750000000,750000000,0,0,0,ok,,
1542,,,,getmoto__moto.694ce1f4.pr_6509.gqf75an6,0,swe_smith_system_prompt,978,true,3283,76,0,0,0,0,0,,0,0,0,0,0,0,0,ok,,
1543,,,,getmoto__moto.694ce1f4.pr_6509.gqf75an6,1,getmoto__moto.694ce1f4.pr_6509.gqf75an6,4337,true,3714,63,0,0,0,0,0,,0,0,30000000,30000000,0,0,0,ok,,
1544,,,,getmoto__moto.694ce1f4.pr_6509.gqf75an6,2,getmoto__moto.694ce1f4.pr_6509.gqf75an6,8114,true,103,63,0,0,0,0,0,,0,0,60000000,60000000,0,0,0,ok,,
1545,,,,getmoto__moto.694ce1f4.pr_6509.gqf75an6,3,getmoto__moto.694ce1f4.pr_6509.gqf75an6,8280,true,980,158,0,0,0,0,0,,0,0,90000000,90000000,0,0,0,ok,,
1546,,,,getmoto__moto.694ce1f4.pr_6509.gqf75an6,4,getmoto__moto.694ce1f4.pr_6509.gqf75an6,9418,true,21,32,0,0,0,0,0,,0,0,120000000,120000000,0,0,0,ok,,
1547,,,,getmoto__moto.694ce1f4.pr_6509.gqf75an6,5,getmoto__moto.694ce1f4.pr_6509.gqf75an6,9471,true,70,40,0,0,0,0,0,,0,0,150000000,150000000,0,0,0,ok,,
1548,,,,getmoto__moto.694ce1f4.pr_6509.gqf75an6,6,getmoto__moto.694ce1f4.pr_6509.gqf75an6,9581,true,1533,36,0,0,0,0,0,,0,0,180000000,180000000,0,0,0,ok,,
1549,,,,getmoto__moto.694ce1f4.pr_6509.gqf75an6,7,getmoto__moto.694ce1f4.pr_6509.gqf75an6,11150,true,70,43,0,0,0,0,0,,0,0,210000000,210000000,0,0,0,ok,,
1550,,,,getmoto__moto.694ce1f4.pr_6509.gqf75an6,8,getmoto__moto.694ce1f4.pr_6509.gqf75an6,11263,true,1489,36,0,0,0,0,0,,0,0,240000000,240000000,0,0,0,ok,,
1551,,,,getmoto__moto.694ce1f4.pr_6509.gqf75an6,9,getmoto__moto.694ce1f4.pr_6509.gqf75an6,12788,true,70,74,0,0,0,0,0,,0,0,270000000,270000000,0,0,0,ok,,
1552,,,,getmoto__moto.694ce1f4.pr_6509.gqf75an6,10,getmoto__moto.694ce1f4.pr_6509.gqf75an6,12932,true,158,35,0,0,0,0,0,,0,0,300000000,300000000,0,0,0,ok,,
1553,,,,getmoto__moto.694ce1f4.pr_6509.gqf75an6,11,getmoto__moto.694ce1f4.pr_6509.gqf75an6,13125,true,71,43,0,0,0,0,0,,0,0,330000000,330000000,0,0,0,ok,,
1554,,,,getmoto__moto.694ce1f4.pr_6509.gqf75an6,12,getmoto__moto.694ce1f4.pr_6509.gqf75an6,13239,true,73,42,0,0,0,0,0,,0,0,360000000,360000000,0,0,0,ok,,
1555,,,,getmoto__moto.694ce1f4.pr_6509.gqf75an6,13,getmoto__moto.694ce1f4.pr_6509.gqf75an6,13354,true,437,72,0,0,0,0,0,,0,0,390000000,390000000,0,0,0,ok,,
1556,,,,getmoto__moto.694ce1f4.pr_6509.gqf75an6,14,getmoto__moto.694ce1f4.pr_6509.gqf75an6,13863,true,156,35,0,0,0,0,0,,0,0,420000000,420000000,0,0,0,ok,,
1557,,,,getmoto__moto.694ce1f4.pr_6509.gqf75an6,15,getmoto__moto.694ce1f4.pr_6509.gqf75an6,14054,true,1720,171,0,0,0,0,0,,0,0,450000000,450000000,0,0,0,ok,,
1558,,,,getmoto__moto.694ce1f4.pr_6509.gqf75an6,16,getmoto__moto.694ce1f4.pr_6509.gqf75an6,15945,true,258,37,0,0,0,0,0,,0,0,480000000,480000000,0,0,0,ok,,
1559,,,,getmoto__moto.694ce1f4.pr_6509.gqf75an6,17,getmoto__moto.694ce1f4.pr_6509.gqf75an6,16240,true,1720,60,0,0,0,0,0,,0,0,510000000,510000000,0,0,0,ok,,
1560,,,,getmoto__moto.694ce1f4.pr_6509.gqf75an6,18,getmoto__moto.694ce1f4.pr_6509.gqf75an6,18020,true,4518,55,0,0,0,0,0,,0,0,540000000,540000000,0,0,0,ok,,
1561,,,,getmoto__moto.694ce1f4.pr_6509.gqf75an6,19,getmoto__moto.694ce1f4.pr_6509.gqf75an6,22593,true,83,151,0,0,0,0,0,,0,0,570000000,570000000,0,0,0,ok,,
1562,,,,getmoto__moto.694ce1f4.pr_6509.gqf75an6,20,getmoto__moto.694ce1f4.pr_6509.gqf75an6,22827,true,271,37,0,0,0,0,0,,0,0,600000000,600000000,0,0,0,ok,,
1563,,,,getmoto__moto.694ce1f4.pr_6509.gqf75an6,21,getmoto__moto.694ce1f4.pr_6509.gqf75an6,23135,true,20,298,0,0,0,0,0,,0,0,630000000,630000000,0,0,0,ok,,
1564,,,,getmoto__moto.694ce1f4.pr_6509.gqf75an6,22,getmoto__moto.694ce1f4.pr_6509.gqf75an6,23453,true,21,30,0,0,0,0,0,,0,0,660000000,660000000,0,0,0,ok,,
1565,,,,getmoto__moto.694ce1f4.pr_6509.gqf75an6,23,getmoto__moto.694ce1f4.pr_6509.gqf75an6,23504,true,11,33,0,0,0,0,0,,0,0,690000000,690000000,0,0,0,ok,,
1566,,,,conan-io__conan.86f29e13.pr_11971.g80vxfoc,0,swe_smith_system_prompt,978,true,1113,77,0,0,0,0,0,,0,0,0,0,0,0,0,ok,,
1567,,,,conan-io__conan.86f29e13.pr_11971.g80vxfoc,1,conan-io__conan.86f29e13.pr_11971.g80vxfoc,2168,true,380,93,0,0,0,0,0,,0,0,30000000,30000000,0,0,0,ok,,
1568,,,,conan-io__conan.86f29e13.pr_11971.g80vxfoc,2,conan-io__conan.86f29e13.pr_11971.g80vxfoc,2641,true,34,44,0,0,0,0,0,,0,0,60000000,60000000,0,0,0,ok,,
1569,,,,conan-io__conan.86f29e13.pr_11971.g80vxfoc,3,conan-io__conan.86f29e13.pr_11971.g80vxfoc,2719,true,31,41,0,0,0,0,0,,0,0,90000000,90000000,0,0,0,ok,,
1570,,,,conan-io__conan.86f29e13.pr_11971.g80vxfoc,4,conan-io__conan.86f29e13.pr_11971.g80vxfoc,2791,true,644,43,0,0,0,0,0,,0,0,120000000,120000000,0,0,0,ok,,
1571,,,,conan-io__conan.86f29e13.pr_11971.g80vxfoc,5,conan-io__conan.86f29e13.pr_11971.g80vxfoc,3478,true,1376,62,0,0,0,0,0,,0,0,150000000,150000000,0,0,0,ok,,
1572,,,,conan-io__conan.86f29e13.pr_11971.g80vxfoc,6,conan-io__conan.86f29e13.pr_11971.g80vxfoc,4916,true,2581,51,0,0,0,0,0,,0,0,180000000,180000000,0,0,0,ok,,
1573,,,,conan-io__conan.86f29e13.pr_11971.g80vxfoc,7,conan-io__conan.86f29e13.pr_11971.g80vxfoc,7548,true,34,49,0,0,0,0,0,,0,0,210000000,210000000,0,0,0,ok,,
1574,,,,conan-io__conan.86f29e13.pr_11971.g80vxfoc,8,conan-io__conan.86f29e13.pr_11971.g80vxfoc,7631,true,122,40,0,0,0,0,0,,0,0,240000000,240000000,0,0,0,ok,,
1575,,,,conan-io__conan.86f29e13.pr_11971.g80vxfoc,9,conan-io__conan.86f29e13.pr_11971.g80vxfoc,7793,true,82,48,0,0,0,0,0,,0,0,270000000,270000000,0,0,0,ok,,
1576,,,,conan-io__conan.86f29e13.pr_11971.g80vxfoc,10,conan-io__conan.86f29e13.pr_11971.g80vxfoc,7923,true,29,50,0,0,0,0,0,,0,0,300000000,300000000,0,0,0,ok,,
1577,,,,conan-io__conan.86f29e13.pr_11971.g80vxfoc,11,conan-io__conan.86f29e13.pr_11971.g80vxfoc,8002,true,31,39,0,0,0,0,0,,0,0,330000000,330000000,0,0,0,ok,,
1578,,,,conan-io__conan.86f29e13.pr_11971.g80vxfoc,12,conan-io__conan.86f29e13.pr_11971.g80vxfoc,8072,true,20,39,0,0,0,0,0,,0,0,360000000,360000000,0,0,0,ok,,
1579,,,,conan-io__conan.86f29e13.pr_11971.g80vxfoc,13,conan-io__conan.86f29e13.pr_11971.g80vxfoc,8131,true,20,50,0,0,0,0,0,,0,0,390000000,390000000,0,0,0,ok,,
1580,,,,conan-io__conan.86f29e13.pr_11971.g80vxfoc,14,conan-io__conan.86f29e13.pr_11971.g80vxfoc,8201,true,29,47,0,0,0,0,0,,0,0,420000000,420000000,0,0,0,ok,,
1581,,,,conan-io__conan.86f29e13.pr_11971.g80vxfoc,15,conan-io__conan.86f29e13.pr_11971.g80vxfoc,8277,true,31,52,0,0,0,0,0,,0,0,450000000,450000000,0,0,0,ok,,
1582,,,,conan-io__conan.86f29e13.pr_11971.g80vxfoc,16,conan-io__conan.86f29e13.pr_11971.g80vxfoc,8360,true,2581,59,0,0,0,0,0,,0,0,480000000,480000000,0,0,0,ok,,
1583,,,,conan-io__conan.86f29e13.pr_11971.g80vxfoc,17,conan-io__conan.86f29e13.pr_11971.g80vxfoc,11000,true,733,217,0,0,0,0,0,,0,0,510000000,510000000,0,0,0,ok,,
1584,,,,conan-io__conan.86f29e13.pr_11971.g80vxfoc,18,conan-io__conan.86f29e13.pr_11971.g80vxfoc,11950,true,20,25,0,0,0,0,0,,0,0,540000000,540000000,0,0,0,ok,,
1585,,,,conan-io__conan.86f29e13.pr_11971.g80vxfoc,19,conan-io__conan.86f29e13.pr_11971.g80vxfoc,11995,true,137,172,0,0,0,0,0,,0,0,570000000,570000000,0,0,0,ok,,
1586,,,,conan-io__conan.86f29e13.pr_11971.g80vxfoc,20,conan-io__conan.86f29e13.pr_11971.g80vxfoc,12304,true,320,27,0,0,0,0,0,,0,0,600000000,600000000,0,0,0,ok,,
1587,,,,conan-io__conan.86f29e13.pr_11971.g80vxfoc,21,conan-io__conan.86f29e13.pr_11971.g80vxfoc,12651,true,138,99,0,0,0,0,0,,0,0,630000000,630000000,0,0,0,ok,,
1588,,,,conan-io__conan.86f29e13.pr_11971.g80vxfoc,22,conan-io__conan.86f29e13.pr_11971.g80vxfoc,12888,true,174,27,0,0,0,0,0,,0,0,660000000,660000000,0,0,0,ok,,
1589,,,,conan-io__conan.86f29e13.pr_11971.g80vxfoc,23,conan-io__conan.86f29e13.pr_11971.g80vxfoc,13089,true,130,140,0,0,0,0,0,,0,0,690000000,690000000,0,0,0,ok,,
1590,,,,conan-io__conan.86f29e13.pr_11971.g80vxfoc,24,conan-io__conan.86f29e13.pr_11971.g80vxfoc,13359,true,227,27,0,0,0,0,0,,0,0,720000000,720000000,0,0,0,ok,,
1591,,,,conan-io__conan.86f29e13.pr_11971.g80vxfoc,25,conan-io__conan.86f29e13.pr_11971.g80vxfoc,13613,true,25,176,0,0,0,0,0,,0,0,750000000,750000000,0,0,0,ok,,
1592,,,,conan-io__conan.86f29e13.pr_11971.g80vxfoc,26,conan-io__conan.86f29e13.pr_11971.g80vxfoc,13814,true,303,260,0,0,0,0,0,,0,0,780000000,780000000,0,0,0,ok,,
1593,,,,conan-io__conan.86f29e13.pr_11971.g80vxfoc,27,conan-io__conan.86f29e13.pr_11971.g80vxfoc,14377,true,312,31,0,0,0,0,0,,0,0,810000000,810000000,0,0,0,ok,,
1594,,,,conan-io__conan.86f29e13.pr_11971.g80vxfoc,28,conan-io__conan.86f29e13.pr_11971.g80vxfoc,14720,true,74,589,0,0,0,0,0,,0,0,840000000,840000000,0,0,0,ok,,
1595,,,,un33k__python-slugify.872b3750.33.clu7z9do,0,swe_smith_system_prompt,978,true,889,80,0,0,0,0,0,,0,0,0,0,0,0,0,ok,,
1596,,,,un33k__python-slugify.872b3750.33.clu7z9do,1,un33k__python-slugify.872b3750.33.clu7z9do,1947,true,166,48,0,0,0,0,0,,0,0,30000000,30000000,0,0,0,ok,,
1597,,,,un33k__python-slugify.872b3750.33.clu7z9do,2,un33k__python-slugify.872b3750.33.clu7z9do,2161,true,6701,37,0,0,0,0,0,,0,0,60000000,60000000,0,0,0,ok,,
1598,,,,un33k__python-slugify.872b3750.33.clu7z9do,3,un33k__python-slugify.872b3750.33.clu7z9do,8899,true,31,48,0,0,0,0,0,,0,0,90000000,90000000,0,0,0,ok,,
1599,,,,un33k__python-slugify.872b3750.33.clu7z9do,4,un33k__python-slugify.872b3750.33.clu7z9do,8978,true,103,49,0,0,0,0,0,,0,0,120000000,120000000,0,0,0,ok,,
1600,,,,un33k__python-slugify.872b3750.33.clu7z9do,5,un33k__python-slugify.872b3750.33.clu7z9do,9130,true,2615,361,0,0,0,0,0,,0,0,150000000,150000000,0,0,0,ok,,
1601,,,,un33k__python-slugify.872b3750.33.clu7z9do,6,un33k__python-slugify.872b3750.33.clu7z9do,12106,true,21,30,0,0,0,0,0,,0,0,180000000,180000000,0,0,0,ok,,
1602,,,,un33k__python-slugify.872b3750.33.clu7z9do,7,un33k__python-slugify.872b3750.33.clu7z9do,12157,true,145,366,0,0,0,0,0,,0,0,210000000,210000000,0,0,0,ok,,
1603,,,,un33k__python-slugify.872b3750.33.clu7z9do,8,un33k__python-slugify.872b3750.33.clu7z9do,12668,true,252,37,0,0,0,0,0,,0,0,240000000,240000000,0,0,0,ok,,
1604,,,,un33k__python-slugify.872b3750.33.clu7z9do,9,un33k__python-slugify.872b3750.33.clu7z9do,12957,true,24,579,0,0,0,0,0,,0,0,270000000,270000000,0,0,0,ok,,
1605,,,,un33k__python-slugify.872b3750.33.clu7z9do,10,un33k__python-slugify.872b3750.33.clu7z9do,13560,true,21,28,0,0,0,0,0,,0,0,300000000,300000000,0,0,0,ok,,
1606,,,,un33k__python-slugify.872b3750.33.clu7z9do,11,un33k__python-slugify.872b3750.33.clu7z9do,13609,true,178,223,0,0,0,0,0,,0,0,330000000,330000000,0,0,0,ok,,
1607,,,,un33k__python-slugify.872b3750.33.clu7z9do,12,un33k__python-slugify.872b3750.33.clu7z9do,14010,true,260,237,0,0,0,0,0,,0,0,360000000,360000000,0,0,0,ok,,
1608,,,,un33k__python-slugify.872b3750.33.clu7z9do,13,un33k__python-slugify.872b3750.33.clu7z9do,14507,true,262,312,0,0,0,0,0,,0,0,390000000,390000000,0,0,0,ok,,
1609,,,,un33k__python-slugify.872b3750.33.clu7z9do,14,un33k__python-slugify.872b3750.33.clu7z9do,15081,true,365,222,0,0,0,0,0,,0,0,420000000,420000000,0,0,0,ok,,
1610,,,,un33k__python-slugify.872b3750.33.clu7z9do,15,un33k__python-slugify.872b3750.33.clu7z9do,15668,true,298,31,0,0,0,0,0,,0,0,450000000,450000000,0,0,0,ok,,
1611,,,,un33k__python-slugify.872b3750.33.clu7z9do,16,un33k__python-slugify.872b3750.33.clu7z9do,15997,true,147,245,0,0,0,0,0,,0,0,480000000,480000000,0,0,0,ok,,
1612,,,,facebookresearch__hydra.0f03eb60.pr_2062.4v62d359,0,swe_smith_system_prompt,978,true,796,76,0,0,0,0,0,,0,0,0,0,0,0,0,ok,,
1613,,,,facebookresearch__hydra.0f03eb60.pr_2062.4v62d359,1,facebookresearch__hydra.0f03eb60.pr_2062.4v62d359,1850,true,1228,61,0,0,0,0,0,,0,0,30000000,30000000,0,0,0,ok,,
1614,,,,facebookresearch__hydra.0f03eb60.pr_2062.4v62d359,2,facebookresearch__hydra.0f03eb60.pr_2062.4v62d359,3139,true,1672,59,0,0,0,0,0,,0,0,60000000,60000000,0,0,0,ok,,
1615,,,,facebookresearch__hydra.0f03eb60.pr_2062.4v62d359,3,facebookresearch__hydra.0f03eb60.pr_2062.4v62d359,4870,true,775,104,0,0,0,0,0,,0,0,90000000,90000000,0,0,0,ok,,
1616,,,,facebookresearch__hydra.0f03eb60.pr_2062.4v62d359,4,facebookresearch__hydra.0f03eb60.pr_2062.4v62d359,5749,true,21,30,0,0,0,0,0,,0,0,120000000,120000000,0,0,0,ok,,
1617,,,,facebookresearch__hydra.0f03eb60.pr_2062.4v62d359,5,facebookresearch__hydra.0f03eb60.pr_2062.4v62d359,5800,true,30,35,0,0,0,0,0,,0,0,150000000,150000000,0,0,0,ok,,
1618,,,,facebookresearch__hydra.0f03eb60.pr_2062.4v62d359,6,facebookresearch__hydra.0f03eb60.pr_2062.4v62d359,5865,true,611,27,0,0,0,0,0,,0,0,180000000,180000000,0,0,0,ok,,
1619,,,,facebookresearch__hydra.0f03eb60.pr_2062.4v62d359,7,facebookresearch__hydra.0f03eb60.pr_2062.4v62d359,6503,true,101,35,0,0,0,0,0,,0,0,210000000,210000000,0,0,0,ok,,
1620,,,,facebookresearch__hydra.0f03eb60.pr_2062.4v62d359,8,facebookresearch__hydra.0f03eb60.pr_2062.4v62d359,6639,true,18047,31,0,0,0,0,0,,0,0,240000000,240000000,0,0,0,ok,,
1621,,,,facebookresearch__hydra.0f03eb60.pr_2062.4v62d359,9,facebookresearch__hydra.0f03eb60.pr_2062.4v62d359,24717,true,138,104,0,0,0,0,0,,0,0,270000000,270000000,0,0,0,ok,,
1622,,,,facebookresearch__hydra.0f03eb60.pr_2062.4v62d359,10,facebookresearch__hydra.0f03eb60.pr_2062.4v62d359,24959,true,775,107,0,0,0,0,0,,0,0,300000000,300000000,0,0,0,ok,,
1623,,,,facebookresearch__hydra.0f03eb60.pr_2062.4v62d359,11,facebookresearch__hydra.0f03eb60.pr_2062.4v62d359,25841,true,67,1292,0,0,0,0,0,,0,0,330000000,330000000,0,0,0,ok,,
1624,,,,facebookresearch__hydra.0f03eb60.pr_2062.4v62d359,12,facebookresearch__hydra.0f03eb60.pr_2062.4v62d359,27200,true,1019,92,0,0,0,0,0,,0,0,360000000,360000000,0,0,0,ok,,
1625,,,,facebookresearch__hydra.0f03eb60.pr_2062.4v62d359,13,facebookresearch__hydra.0f03eb60.pr_2062.4v62d359,28311,true,138,33,0,0,0,0,0,,0,0,390000000,390000000,0,0,0,ok,,
1626,,,,dbader__schedule.82a43db1.26.y98rfspv,0,swe_smith_system_prompt,978,true,1128,75,0,0,0,0,0,,0,0,0,0,0,0,0,ok,,
1627,,,,dbader__schedule.82a43db1.26.y98rfspv,1,dbader__schedule.82a43db1.26.y98rfspv,2181,true,319,57,0,0,0,0,0,,0,0,30000000,30000000,0,0,0,ok,,
1628,,,,dbader__schedule.82a43db1.26.y98rfspv,2,dbader__schedule.82a43db1.26.y98rfspv,2557,true,6801,41,0,0,0,0,0,,0,0,60000000,60000000,0,0,0,ok,,
1629,,,,dbader__schedule.82a43db1.26.y98rfspv,3,dbader__schedule.82a43db1.26.y98rfspv,9399,true,283,26,0,0,0,0,0,,0,0,90000000,90000000,0,0,0,ok,,
1630,,,,dbader__schedule.82a43db1.26.y98rfspv,4,dbader__schedule.82a43db1.26.y98rfspv,9708,true,509,25,0,0,0,0,0,,0,0,120000000,120000000,0,0,0,ok,,
1631,,,,dbader__schedule.82a43db1.26.y98rfspv,5,dbader__schedule.82a43db1.26.y98rfspv,10242,true,733,481,0,0,0,0,0,,0,0,150000000,150000000,0,0,0,ok,,
1632,,,,dbader__schedule.82a43db1.26.y98rfspv,6,dbader__schedule.82a43db1.26.y98rfspv,11456,true,23,32,0,0,0,0,0,,0,0,180000000,180000000,0,0,0,ok,,
1633,,,,dbader__schedule.82a43db1.26.y98rfspv,7,dbader__schedule.82a43db1.26.y98rfspv,11511,true,99,201,0,0,0,0,0,,0,0,210000000,210000000,0,0,0,ok,,
1634,,,,dbader__schedule.82a43db1.26.y98rfspv,8,dbader__schedule.82a43db1.26.y98rfspv,11811,true,127,209,0,0,0,0,0,,0,0,240000000,240000000,0,0,0,ok,,
1635,,,,dbader__schedule.82a43db1.26.y98rfspv,9,dbader__schedule.82a43db1.26.y98rfspv,12147,true,292,138,0,0,0,0,0,,0,0,270000000,270000000,0,0,0,ok,,
1636,,,,dbader__schedule.82a43db1.26.y98rfspv,10,dbader__schedule.82a43db1.26.y98rfspv,12577,true,234,156,0,0,0,0,0,,0,0,300000000,300000000,0,0,0,ok,,
1637,,,,dbader__schedule.82a43db1.26.y98rfspv,11,dbader__schedule.82a43db1.26.y98rfspv,12967,true,97,153,0,0,0,0,0,,0,0,330000000,330000000,0,0,0,ok,,
1638,,,,dbader__schedule.82a43db1.26.y98rfspv,12,dbader__schedule.82a43db1.26.y98rfspv,13217,true,235,637,0,0,0,0,0,,0,0,360000000,360000000,0,0,0,ok,,
1639,,,,dbader__schedule.82a43db1.26.y98rfspv,13,dbader__schedule.82a43db1.26.y98rfspv,14089,true,595,39,0,0,0,0,0,,0,0,390000000,390000000,0,0,0,ok,,
1640,,,,dbader__schedule.82a43db1.26.y98rfspv,14,dbader__schedule.82a43db1.26.y98rfspv,14723,true,109,47,0,0,0,0,0,,0,0,420000000,420000000,0,0,0,ok,,
1641,,,,dbader__schedule.82a43db1.26.y98rfspv,15,dbader__schedule.82a43db1.26.y98rfspv,14879,true,23,56,0,0,0,0,0,,0,0,450000000,450000000,0,0,0,ok,,
1642,,,,dbader__schedule.82a43db1.26.y98rfspv,16,dbader__schedule.82a43db1.26.y98rfspv,14958,true,338,68,0,0,0,0,0,,0,0,480000000,480000000,0,0,0,ok,,
1643,,,,dbader__schedule.82a43db1.26.y98rfspv,17,dbader__schedule.82a43db1.26.y98rfspv,15364,true,181,194,0,0,0,0,0,,0,0,510000000,510000000,0,0,0,ok,,
1644,,,,dbader__schedule.82a43db1.26.y98rfspv,18,dbader__schedule.82a43db1.26.y98rfspv,15739,true,307,31,0,0,0,0,0,,0,0,540000000,540000000,0,0,0,ok,,
1645,,,,dbader__schedule.82a43db1.26.y98rfspv,19,dbader__schedule.82a43db1.26.y98rfspv,16077,true,77,92,0,0,0,0,0,,0,0,570000000,570000000,0,0,0,ok,,
1646,,,,dbader__schedule.82a43db1.26.y98rfspv,20,dbader__schedule.82a43db1.26.y98rfspv,16246,true,368,57,0,0,0,0,0,,0,0,600000000,600000000,0,0,0,ok,,
1647,,,,dbader__schedule.82a43db1.26.y98rfspv,21,dbader__schedule.82a43db1.26.y98rfspv,16671,true,401,45,0,0,0,0,0,,0,0,630000000,630000000,0,0,0,ok,,
1648,,,,dbader__schedule.82a43db1.26.y98rfspv,22,dbader__schedule.82a43db1.26.y98rfspv,17117,true,373,45,0,0,0,0,0,,0,0,660000000,660000000,0,0,0,ok,,
1649,,,,dbader__schedule.82a43db1.26.y98rfspv,23,dbader__schedule.82a43db1.26.y98rfspv,17535,true,386,156,0,0,0,0,0,,0,0,690000000,690000000,0,0,0,ok,,
1650,,,,dbader__schedule.82a43db1.26.y98rfspv,24,dbader__schedule.82a43db1.26.y98rfspv,18077,true,234,37,0,0,0,0,0,,0,0,720000000,720000000,0,0,0,ok,,
1651,,,,dbader__schedule.82a43db1.26.y98rfspv,25,dbader__schedule.82a43db1.26.y98rfspv,18348,true,79,41,0,0,0,0,0,,0,0,750000000,750000000,0,0,0,ok,,
1652,,,,lincolnloop__python-qrcode.456b01d4.135.ldpab6ql,0,swe_smith_system_prompt,978,true,774,75,0,0,0,0,0,,0,0,0,0,0,0,0,ok,,
1653,,,,lincolnloop__python-qrcode.456b01d4.135.ldpab6ql,1,lincolnloop__python-qrcode.456b01d4.135.ldpab6ql,1827,true,241,72,0,0,0,0,0,,0,0,30000000,30000000,0,0,0,ok,,
1654,,,,lincolnloop__python-qrcode.456b01d4.135.ldpab6ql,2,lincolnloop__python-qrcode.456b01d4.135.ldpab6ql,2140,true,6914,40,0,0,0,0,0,,0,0,60000000,60000000,0,0,0,ok,,
1655,,,,lincolnloop__python-qrcode.456b01d4.135.ldpab6ql,3,lincolnloop__python-qrcode.456b01d4.135.ldpab6ql,9094,true,147,43,0,0,0,0,0,,0,0,90000000,90000000,0,0,0,ok,,
1656,,,,lincolnloop__python-qrcode.456b01d4.135.ldpab6ql,4,lincolnloop__python-qrcode.456b01d4.135.ldpab6ql,9284,true,210,366,0,0,0,0,0,,0,0,120000000,120000000,0,0,0,ok,,
1657,,,,lincolnloop__python-qrcode.456b01d4.135.ldpab6ql,5,lincolnloop__python-qrcode.456b01d4.135.ldpab6ql,9860,true,21,32,0,0,0,0,0,,0,0,150000000,150000000,0,0,0,ok,,
1658,,,,lincolnloop__python-qrcode.456b01d4.135.ldpab6ql,6,lincolnloop__python-qrcode.456b01d4.135.ldpab6ql,9913,true,17,262,0,0,0,0,0,,0,0,180000000,180000000,0,0,0,ok,,
1659,,,,lincolnloop__python-qrcode.456b01d4.135.ldpab6ql,7,lincolnloop__python-qrcode.456b01d4.135.ldpab6ql,10192,true,359,131,0,0,0,0,0,,0,0,210000000,210000000,0,0,0,ok,,
1660,,,,lincolnloop__python-qrcode.456b01d4.135.ldpab6ql,8,lincolnloop__python-qrcode.456b01d4.135.ldpab6ql,10682,true,17,298,0,0,0,0,0,,0,0,240000000,240000000,0,0,0,ok,,
1661,,,,lincolnloop__python-qrcode.456b01d4.135.ldpab6ql,9,lincolnloop__python-qrcode.456b01d4.135.ldpab6ql,10997,true,3292,275,0,0,0,0,0,,0,0,270000000,270000000,0,0,0,ok,,
1662,,,,lincolnloop__python-qrcode.456b01d4.135.ldpab6ql,10,lincolnloop__python-qrcode.456b01d4.135.ldpab6ql,14564,true,224,54,0,0,0,0,0,,0,0,300000000,300000000,0,0,0,ok,,
1663,,,,lincolnloop__python-qrcode.456b01d4.135.ldpab6ql,11,lincolnloop__python-qrcode.456b01d4.135.ldpab6ql,14842,true,126,361,0,0,0,0,0,,0,0,330000000,330000000,0,0,0,ok,,
1664,,,,lincolnloop__python-qrcode.456b01d4.135.ldpab6ql,12,lincolnloop__python-qrcode.456b01d4.135.ldpab6ql,15329,true,380,31,0,0,0,0,0,,0,0,360000000,360000000,0,0,0,ok,,
1665,,,,lincolnloop__python-qrcode.456b01d4.135.ldpab6ql,13,lincolnloop__python-qrcode.456b01d4.135.ldpab6ql,15740,true,17,545,0,0,0,0,0,,0,0,390000000,390000000,0,0,0,ok,,
1666,,,,lincolnloop__python-qrcode.456b01d4.135.ldpab6ql,14,lincolnloop__python-qrcode.456b01d4.135.ldpab6ql,16302,true,462,30,0,0,0,0,0,,0,0,420000000,420000000,0,0,0,ok,,
1667,,,,lincolnloop__python-qrcode.456b01d4.135.ldpab6ql,15,lincolnloop__python-qrcode.456b01d4.135.ldpab6ql,16794,true,17,499,0,0,0,0,0,,0,0,450000000,450000000,0,0,0,ok,,
1668,,,,lincolnloop__python-qrcode.456b01d4.135.ldpab6ql,16,lincolnloop__python-qrcode.456b01d4.135.ldpab6ql,17310,true,502,32,0,0,0,0,0,,0,0,480000000,480000000,0,0,0,ok,,
1669,,,,lincolnloop__python-qrcode.456b01d4.135.ldpab6ql,17,lincolnloop__python-qrcode.456b01d4.135.ldpab6ql,17844,true,17,336,0,0,0,0,0,,0,0,510000000,510000000,0,0,0,ok,,
1670,,,,lincolnloop__python-qrcode.456b01d4.135.ldpab6ql,18,lincolnloop__python-qrcode.456b01d4.135.ldpab6ql,18197,true,401,32,0,0,0,0,0,,0,0,540000000,540000000,0,0,0,ok,,
1671,,,,lincolnloop__python-qrcode.456b01d4.135.ldpab6ql,19,lincolnloop__python-qrcode.456b01d4.135.ldpab6ql,18630,true,17,332,0,0,0,0,0,,0,0,570000000,570000000,0,0,0,ok,,
1672,,,,lincolnloop__python-qrcode.456b01d4.135.ldpab6ql,20,lincolnloop__python-qrcode.456b01d4.135.ldpab6ql,18979,true,344,32,0,0,0,0,0,,0,0,600000000,600000000,0,0,0,ok,,
1673,,,,lincolnloop__python-qrcode.456b01d4.135.ldpab6ql,21,lincolnloop__python-qrcode.456b01d4.135.ldpab6ql,19355,true,17,438,0,0,0,0,0,,0,0,630000000,630000000,0,0,0,ok,,
1674,,,,lincolnloop__python-qrcode.456b01d4.135.ldpab6ql,22,lincolnloop__python-qrcode.456b01d4.135.ldpab6ql,19810,true,504,32,0,0,0,0,0,,0,0,660000000,660000000,0,0,0,ok,,
1675,,,,lincolnloop__python-qrcode.456b01d4.135.ldpab6ql,23,lincolnloop__python-qrcode.456b01d4.135.ldpab6ql,20346,true,17,614,0,0,0,0,0,,0,0,690000000,690000000,0,0,0,ok,,
1676,,,,lincolnloop__python-qrcode.456b01d4.135.ldpab6ql,24,lincolnloop__python-qrcode.456b01d4.135.ldpab6ql,20977,true,572,32,0,0,0,0,0,,0,0,720000000,720000000,0,0,0,ok,,
1677,,,,lincolnloop__python-qrcode.456b01d4.135.ldpab6ql,25,lincolnloop__python-qrcode.456b01d4.135.ldpab6ql,21581,true,17,814,0,0,0,0,0,,0,0,750000000,750000000,0,0,0,ok,,
1678,,,,lincolnloop__python-qrcode.456b01d4.135.ldpab6ql,26,lincolnloop__python-qrcode.456b01d4.135.ldpab6ql,22412,true,746,32,0,0,0,0,0,,0,0,780000000,780000000,0,0,0,ok,,
1679,,,,lincolnloop__python-qrcode.456b01d4.135.ldpab6ql,27,lincolnloop__python-qrcode.456b01d4.135.ldpab6ql,23190,true,21,37,0,0,0,0,0,,0,0,810000000,810000000,0,0,0,ok,,
1680,,,,mahmoud__boltons.3bfcfdd0.lm_rewrite__o3q1corl.31nskqa3,0,swe_smith_system_prompt,978,true,888,100,0,0,0,0,0,,0,0,0,0,0,0,0,ok,,
1681,,,,mahmoud__boltons.3bfcfdd0.lm_rewrite__o3q1corl.31nskqa3,1,mahmoud__boltons.3bfcfdd0.lm_rewrite__o3q1corl.31nskqa3,1966,true,14,72,0,0,0,0,0,,0,0,30000000,30000000,0,0,0,ok,,
1682,,,,mahmoud__boltons.3bfcfdd0.lm_rewrite__o3q1corl.31nskqa3,2,mahmoud__boltons.3bfcfdd0.lm_rewrite__o3q1corl.31nskqa3,2052,true,5660,55,0,0,0,0,0,,0,0,60000000,60000000,0,0,0,ok,,
1683,,,,mahmoud__boltons.3bfcfdd0.lm_rewrite__o3q1corl.31nskqa3,3,mahmoud__boltons.3bfcfdd0.lm_rewrite__o3q1corl.31nskqa3,7767,true,169,63,0,0,0,0,0,,0,0,90000000,90000000,0,0,0,ok,,
1684,,,,mahmoud__boltons.3bfcfdd0.lm_rewrite__o3q1corl.31nskqa3,4,mahmoud__boltons.3bfcfdd0.lm_rewrite__o3q1corl.31nskqa3,7999,true,424,109,0,0,0,0,0,,0,0,120000000,120000000,0,0,0,ok,,
1685,,,,mahmoud__boltons.3bfcfdd0.lm_rewrite__o3q1corl.31nskqa3,5,mahmoud__boltons.3bfcfdd0.lm_rewrite__o3q1corl.31nskqa3,8532,true,15,57,0,0,0,0,0,,0,0,150000000,150000000,0,0,0,ok,,
1686,,,,mahmoud__boltons.3bfcfdd0.lm_rewrite__o3q1corl.31nskqa3,6,mahmoud__boltons.3bfcfdd0.lm_rewrite__o3q1corl.31nskqa3,8604,true,5126,163,0,0,0,0,0,,0,0,180000000,180000000,0,0,0,ok,,
1687,,,,mahmoud__boltons.3bfcfdd0.lm_rewrite__o3q1corl.31nskqa3,7,mahmoud__boltons.3bfcfdd0.lm_rewrite__o3q1corl.31nskqa3,13893,true,23,35,0,0,0,0,0,,0,0,210000000,210000000,0,0,0,ok,,
1688,,,,mahmoud__boltons.3bfcfdd0.lm_rewrite__o3q1corl.31nskqa3,8,mahmoud__boltons.3bfcfdd0.lm_rewrite__o3q1corl.31nskqa3,13951,true,16,226,0,0,0,0,0,,0,0,240000000,240000000,0,0,0,ok,,
1689,,,,mahmoud__boltons.3bfcfdd0.lm_rewrite__o3q1corl.31nskqa3,9,mahmoud__boltons.3bfcfdd0.lm_rewrite__o3q1corl.31nskqa3,14193,true,24,25,0,0,0,0,0,,0,0,270000000,270000000,0,0,0,ok,,
1690,,,,mahmoud__boltons.3bfcfdd0.lm_rewrite__o3q1corl.31nskqa3,10,mahmoud__boltons.3bfcfdd0.lm_rewrite__o3q1corl.31nskqa3,14242,true,65,282,0,0,0,0,0,,0,0,300000000,300000000,0,0,0,ok,,
1691,,,,mahmoud__boltons.3bfcfdd0.lm_rewrite__o3q1corl.31nskqa3,11,mahmoud__boltons.3bfcfdd0.lm_rewrite__o3q1corl.31nskqa3,14589,true,27,28,0,0,0,0,0,,0,0,330000000,330000000,0,0,0,ok,,
1692,,,,mahmoud__boltons.3bfcfdd0.lm_rewrite__o3q1corl.31nskqa3,12,mahmoud__boltons.3bfcfdd0.lm_rewrite__o3q1corl.31nskqa3,14644,true,49,253,0,0,0,0,0,,0,0,360000000,360000000,0,0,0,ok,,
1693,,,,mahmoud__boltons.3bfcfdd0.lm_rewrite__o3q1corl.31nskqa3,13,mahmoud__boltons.3bfcfdd0.lm_rewrite__o3q1corl.31nskqa3,14946,true,299,44,0,0,0,0,0,,0,0,390000000,390000000,0,0,0,ok,,
1694,,,,mahmoud__boltons.3bfcfdd0.lm_rewrite__o3q1corl.31nskqa3,14,mahmoud__boltons.3bfcfdd0.lm_rewrite__o3q1corl.31nskqa3,15289,true,49,227,0,0,0,0,0,,0,0,420000000,420000000,0,0,0,ok,,
1695,,,,mahmoud__boltons.3bfcfdd0.lm_rewrite__o3q1corl.31nskqa3,15,mahmoud__boltons.3bfcfdd0.lm_rewrite__o3q1corl.31nskqa3,15565,true,23,24,0,0,0,0,0,,0,0,450000000,450000000,0,0,0,ok,,
1696,,,,mahmoud__boltons.3bfcfdd0.lm_rewrite__o3q1corl.31nskqa3,16,mahmoud__boltons.3bfcfdd0.lm_rewrite__o3q1corl.31nskqa3,15612,true,46,230,0,0,0,0,0,,0,0,480000000,480000000,0,0,0,ok,,
1697,,,,mahmoud__boltons.3bfcfdd0.lm_rewrite__o3q1corl.31nskqa3,17,mahmoud__boltons.3bfcfdd0.lm_rewrite__o3q1corl.31nskqa3,15888,true,24,25,0,0,0,0,0,,0,0,510000000,510000000,0,0,0,ok,,
1698,,,,mahmoud__boltons.3bfcfdd0.lm_rewrite__o3q1corl.31nskqa3,18,mahmoud__boltons.3bfcfdd0.lm_rewrite__o3q1corl.31nskqa3,15937,true,37,215,0,0,0,0,0,,0,0,540000000,540000000,0,0,0,ok,,
1699,,,,mahmoud__boltons.3bfcfdd0.lm_rewrite__o3q1corl.31nskqa3,19,mahmoud__boltons.3bfcfdd0.lm_rewrite__o3q1corl.31nskqa3,16189,true,24,25,0,0,0,0,0,,0,0,570000000,570000000,0,0,0,ok,,
1700,,,,mahmoud__boltons.3bfcfdd0.lm_rewrite__o3q1corl.31nskqa3,20,mahmoud__boltons.3bfcfdd0.lm_rewrite__o3q1corl.31nskqa3,16238,true,37,86,0,0,0,0,0,,0,0,600000000,600000000,0,0,0,ok,,
1701,,,,mahmoud__boltons.3bfcfdd0.lm_rewrite__o3q1corl.31nskqa3,21,mahmoud__boltons.3bfcfdd0.lm_rewrite__o3q1corl.31nskqa3,16361,true,454,273,0,0,0,0,0,,0,0,630000000,630000000,0,0,0,ok,,
1702,,,,mahmoud__boltons.3bfcfdd0.lm_rewrite__o3q1corl.31nskqa3,22,mahmoud__boltons.3bfcfdd0.lm_rewrite__o3q1corl.31nskqa3,17088,true,1996,75,0,0,0,0,0,,0,0,660000000,660000000,0,0,0,ok,,
1703,,,,mahmoud__boltons.3bfcfdd0.lm_rewrite__o3q1corl.31nskqa3,23,mahmoud__boltons.3bfcfdd0.lm_rewrite__o3q1corl.31nskqa3,19159,true,20,7,0,0,0,0,0,,0,0,690000000,690000000,0,0,0,ok,,
1704,,,,tkrajina__gpxpy.09fc46b3.lm_rewrite__0m63cgpa.qslpahpb,0,swe_smith_system_prompt,978,true,1153,110,0,0,0,0,0,,0,0,0,0,0,0,0,ok,,
1705,,,,tkrajina__gpxpy.09fc46b3.lm_rewrite__0m63cgpa.qslpahpb,1,tkrajina__gpxpy.09fc46b3.lm_rewrite__0m63cgpa.qslpahpb,2241,true,117,59,0,0,0,0,0,,0,0,30000000,30000000,0,0,0,ok,,
1706,,,,tkrajina__gpxpy.09fc46b3.lm_rewrite__0m63cgpa.qslpahpb,2,tkrajina__gpxpy.09fc46b3.lm_rewrite__0m63cgpa.qslpahpb,2417,true,5640,53,0,0,0,0,0,,0,0,60000000,60000000,0,0,0,ok,,
1707,,,,tkrajina__gpxpy.09fc46b3.lm_rewrite__0m63cgpa.qslpahpb,3,tkrajina__gpxpy.09fc46b3.lm_rewrite__0m63cgpa.qslpahpb,8110,true,334,74,0,0,0,0,0,,0,0,90000000,90000000,0,0,0,ok,,
1708,,,,tkrajina__gpxpy.09fc46b3.lm_rewrite__0m63cgpa.qslpahpb,4,tkrajina__gpxpy.09fc46b3.lm_rewrite__0m63cgpa.qslpahpb,8518,true,767,43,0,0,0,0,0,,0,0,120000000,120000000,0,0,0,ok,,
1709,,,,tkrajina__gpxpy.09fc46b3.lm_rewrite__0m63cgpa.qslpahpb,5,tkrajina__gpxpy.09fc46b3.lm_rewrite__0m63cgpa.qslpahpb,9328,true,323,43,0,0,0,0,0,,0,0,150000000,150000000,0,0,0,ok,,
1710,,,,tkrajina__gpxpy.09fc46b3.lm_rewrite__0m63cgpa.qslpahpb,6,tkrajina__gpxpy.09fc46b3.lm_rewrite__0m63cgpa.qslpahpb,9694,true,278,51,0,0,0,0,0,,0,0,180000000,180000000,0,0,0,ok,,
1711,,,,tkrajina__gpxpy.09fc46b3.lm_rewrite__0m63cgpa.qslpahpb,7,tkrajina__gpxpy.09fc46b3.lm_rewrite__0m63cgpa.qslpahpb,10023,true,2540,57,0,0,0,0,0,,0,0,210000000,210000000,0,0,0,ok,,
1712,,,,tkrajina__gpxpy.09fc46b3.lm_rewrite__0m63cgpa.qslpahpb,8,tkrajina__gpxpy.09fc46b3.lm_rewrite__0m63cgpa.qslpahpb,12620,true,584,43,0,0,0,0,0,,0,0,240000000,240000000,0,0,0,ok,,
1713,,,,tkrajina__gpxpy.09fc46b3.lm_rewrite__0m63cgpa.qslpahpb,9,tkrajina__gpxpy.09fc46b3.lm_rewrite__0m63cgpa.qslpahpb,13247,true,356,319,0,0,0,0,0,,0,0,270000000,270000000,0,0,0,ok,,
1714,,,,tkrajina__gpxpy.09fc46b3.lm_rewrite__0m63cgpa.qslpahpb,10,tkrajina__gpxpy.09fc46b3.lm_rewrite__0m63cgpa.qslpahpb,13922,true,23,43,0,0,0,0,0,,0,0,300000000,300000000,0,0,0,ok,,
1715,,,,tkrajina__gpxpy.09fc46b3.lm_rewrite__0m63cgpa.qslpahpb,11,tkrajina__gpxpy.09fc46b3.lm_rewrite__0m63cgpa.qslpahpb,13988,true,35,160,0,0,0,0,0,,0,0,330000000,330000000,0,0,0,ok,,
1716,,,,tkrajina__gpxpy.09fc46b3.lm_rewrite__0m63cgpa.qslpahpb,12,tkrajina__gpxpy.09fc46b3.lm_rewrite__0m63cgpa.qslpahpb,14183,true,290,119,0,0,0,0,0,,0,0,360000000,360000000,0,0,0,ok,,
1717,,,,tkrajina__gpxpy.09fc46b3.lm_rewrite__0m63cgpa.qslpahpb,13,tkrajina__gpxpy.09fc46b3.lm_rewrite__0m63cgpa.qslpahpb,14592,true,331,482,0,0,0,0,0,,0,0,390000000,390000000,0,0,0,ok,,
1718,,,,tkrajina__gpxpy.09fc46b3.lm_rewrite__0m63cgpa.qslpahpb,14,tkrajina__gpxpy.09fc46b3.lm_rewrite__0m63cgpa.qslpahpb,15405,true,359,489,0,0,0,0,0,,0,0,420000000,420000000,0,0,0,ok,,
1719,,,,tkrajina__gpxpy.09fc46b3.lm_rewrite__0m63cgpa.qslpahpb,15,tkrajina__gpxpy.09fc46b3.lm_rewrite__0m63cgpa.qslpahpb,16253,true,538,74,0,0,0,0,0,,0,0,450000000,450000000,0,0,0,ok,,
1720,,,,tkrajina__gpxpy.09fc46b3.lm_rewrite__0m63cgpa.qslpahpb,16,tkrajina__gpxpy.09fc46b3.lm_rewrite__0m63cgpa.qslpahpb,16865,true,651,141,0,0,0,0,0,,0,0,480000000,480000000,0,0,0,ok,,
1721,,,,tkrajina__gpxpy.09fc46b3.lm_rewrite__0m63cgpa.qslpahpb,17,tkrajina__gpxpy.09fc46b3.lm_rewrite__0m63cgpa.qslpahpb,17657,true,35,736,0,0,0,0,0,,0,0,510000000,510000000,0,0,0,ok,,
1722,,,,tkrajina__gpxpy.09fc46b3.lm_rewrite__0m63cgpa.qslpahpb,18,tkrajina__gpxpy.09fc46b3.lm_rewrite__0m63cgpa.qslpahpb,18428,true,23,32,0,0,0,0,0,,0,0,540000000,540000000,0,0,0,ok,,
1723,,,,tkrajina__gpxpy.09fc46b3.lm_rewrite__0m63cgpa.qslpahpb,19,tkrajina__gpxpy.09fc46b3.lm_rewrite__0m63cgpa.qslpahpb,18483,true,184,477,0,0,0,0,0,,0,0,570000000,570000000,0,0,0,ok,,
1724,,,,tkrajina__gpxpy.09fc46b3.lm_rewrite__0m63cgpa.qslpahpb,20,tkrajina__gpxpy.09fc46b3.lm_rewrite__0m63cgpa.qslpahpb,19144,true,2011,41,0,0,0,0,0,,0,0,600000000,600000000,0,0,0,ok,,
1725,,,,tkrajina__gpxpy.09fc46b3.lm_rewrite__0m63cgpa.qslpahpb,21,tkrajina__gpxpy.09fc46b3.lm_rewrite__0m63cgpa.qslpahpb,21196,true,20,7,0,0,0,0,0,,0,0,630000000,630000000,0,0,0,ok,,
1726,,,,PyCQA__flake8.cf1542ce.lm_rewrite__79ro1skp.23sxv31f,0,swe_smith_system_prompt,978,true,839,74,0,0,0,0,0,,0,0,0,0,0,0,0,ok,,
1727,,,,PyCQA__flake8.cf1542ce.lm_rewrite__79ro1skp.23sxv31f,1,PyCQA__flake8.cf1542ce.lm_rewrite__79ro1skp.23sxv31f,1891,true,1041,79,0,0,0,0,0,,0,0,30000000,30000000,0,0,0,ok,,
1728,,,,PyCQA__flake8.cf1542ce.lm_rewrite__79ro1skp.23sxv31f,2,PyCQA__flake8.cf1542ce.lm_rewrite__79ro1skp.23sxv31f,3011,true,1930,59,0,0,0,0,0,,0,0,60000000,60000000,0,0,0,ok,,
1729,,,,PyCQA__flake8.cf1542ce.lm_rewrite__79ro1skp.23sxv31f,3,PyCQA__flake8.cf1542ce.lm_rewrite__79ro1skp.23sxv31f,5000,true,4728,60,0,0,0,0,0,,0,0,90000000,90000000,0,0,0,ok,,
1730,,,,PyCQA__flake8.cf1542ce.lm_rewrite__79ro1skp.23sxv31f,4,PyCQA__flake8.cf1542ce.lm_rewrite__79ro1skp.23sxv31f,9788,true,838,354,0,0,0,0,0,,0,0,120000000,120000000,0,0,0,ok,,
1731,,,,PyCQA__flake8.cf1542ce.lm_rewrite__79ro1skp.23sxv31f,5,PyCQA__flake8.cf1542ce.lm_rewrite__79ro1skp.23sxv31f,10980,true,23,34,0,0,0,0,0,,0,0,150000000,150000000,0,0,0,ok,,
1732,,,,PyCQA__flake8.cf1542ce.lm_rewrite__79ro1skp.23sxv31f,6,PyCQA__flake8.cf1542ce.lm_rewrite__79ro1skp.23sxv31f,11037,true,50,1151,0,0,0,0,0,,0,0,180000000,180000000,0,0,0,ok,,
1733,,,,PyCQA__flake8.cf1542ce.lm_rewrite__79ro1skp.23sxv31f,7,PyCQA__flake8.cf1542ce.lm_rewrite__79ro1skp.23sxv31f,12238,true,904,422,0,0,0,0,0,,0,0,210000000,210000000,0,0,0,ok,,
1734,,,,PyCQA__flake8.cf1542ce.lm_rewrite__79ro1skp.23sxv31f,8,PyCQA__flake8.cf1542ce.lm_rewrite__79ro1skp.23sxv31f,13564,true,21,34,0,0,0,0,0,,0,0,240000000,240000000,0,0,0,ok,,
1735,,,,PyCQA__flake8.cf1542ce.lm_rewrite__79ro1skp.23sxv31f,9,PyCQA__flake8.cf1542ce.lm_rewrite__79ro1skp.23sxv31f,13619,true,55,648,0,0,0,0,0,,0,0,270000000,270000000,0,0,0,ok,,
1736,,,,PyCQA__flake8.cf1542ce.lm_rewrite__79ro1skp.23sxv31f,10,PyCQA__flake8.cf1542ce.lm_rewrite__79ro1skp.23sxv31f,14322,true,25,24,0,0,0,0,0,,0,0,300000000,300000000,0,0,0,ok,,
1737,,,,PyCQA__flake8.cf1542ce.lm_rewrite__79ro1skp.23sxv31f,11,PyCQA__flake8.cf1542ce.lm_rewrite__79ro1skp.23sxv31f,14371,true,56,665,0,0,0,0,0,,0,0,330000000,330000000,0,0,0,ok,,
1738,,,,PyCQA__flake8.cf1542ce.lm_rewrite__79ro1skp.23sxv31f,12,PyCQA__flake8.cf1542ce.lm_rewrite__79ro1skp.23sxv31f,15092,true,23,23,0,0,0,0,0,,0,0,360000000,360000000,0,0,0,ok,,
1739,,,,PyCQA__flake8.cf1542ce.lm_rewrite__79ro1skp.23sxv31f,13,PyCQA__flake8.cf1542ce.lm_rewrite__79ro1skp.23sxv31f,15138,true,122,1251,0,0,0,0,0,,0,0,390000000,390000000,0,0,0,ok,,
1740,,,,PyCQA__flake8.cf1542ce.lm_rewrite__79ro1skp.23sxv31f,14,PyCQA__flake8.cf1542ce.lm_rewrite__79ro1skp.23sxv31f,16511,true,1094,271,0,0,0,0,0,,0,0,420000000,420000000,0,0,0,ok,,
1741,,,,PyCQA__flake8.cf1542ce.lm_rewrite__79ro1skp.23sxv31f,15,PyCQA__flake8.cf1542ce.lm_rewrite__79ro1skp.23sxv31f,17876,true,404,281,0,0,0,0,0,,0,0,450000000,450000000,0,0,0,ok,,
1742,,,,PyCQA__flake8.cf1542ce.lm_rewrite__79ro1skp.23sxv31f,16,PyCQA__flake8.cf1542ce.lm_rewrite__79ro1skp.23sxv31f,18561,true,348,41,0,0,0,0,0,,0,0,480000000,480000000,0,0,0,ok,,
1743,,,,PyCQA__flake8.cf1542ce.lm_rewrite__79ro1skp.23sxv31f,17,PyCQA__flake8.cf1542ce.lm_rewrite__79ro1skp.23sxv31f,18950,true,55,23,0,0,0,0,0,,0,0,510000000,510000000,0,0,0,ok,,
1744,,,,PyCQA__flake8.cf1542ce.lm_rewrite__79ro1skp.23sxv31f,18,PyCQA__flake8.cf1542ce.lm_rewrite__79ro1skp.23sxv31f,19028,true,122,616,0,0,0,0,0,,0,0,540000000,540000000,0,0,0,ok,,
1745,,,,PyCQA__flake8.cf1542ce.lm_rewrite__79ro1skp.23sxv31f,19,PyCQA__flake8.cf1542ce.lm_rewrite__79ro1skp.23sxv31f,19766,true,23,23,0,0,0,0,0,,0,0,570000000,570000000,0,0,0,ok,,
1746,,,,PyCQA__flake8.cf1542ce.lm_rewrite__79ro1skp.23sxv31f,20,PyCQA__flake8.cf1542ce.lm_rewrite__79ro1skp.23sxv31f,19812,true,122,317,0,0,0,0,0,,0,0,600000000,600000000,0,0,0,ok,,
1747,,,,PyCQA__flake8.cf1542ce.lm_rewrite__79ro1skp.23sxv31f,21,PyCQA__flake8.cf1542ce.lm_rewrite__79ro1skp.23sxv31f,20251,true,4724,61,0,0,0,0,0,,0,0,630000000,630000000,0,0,0,ok,,
1748,,,,PyCQA__flake8.cf1542ce.lm_rewrite__79ro1skp.23sxv31f,22,PyCQA__flake8.cf1542ce.lm_rewrite__79ro1skp.23sxv31f,25036,true,20,7,0,0,0,0,0,,0,0,660000000,660000000,0,0,0,ok,,
1749,,,,jd__tenacity.0d40e76f.97.0ogdx7b8,0,swe_smith_system_prompt,978,true,835,60,0,0,0,0,0,,0,0,0,0,0,0,0,ok,,
1750,,,,jd__tenacity.0d40e76f.97.0ogdx7b8,1,jd__tenacity.0d40e76f.97.0ogdx7b8,1873,true,737,43,0,0,0,0,0,,0,0,30000000,30000000,0,0,0,ok,,
1751,,,,jd__tenacity.0d40e76f.97.0ogdx7b8,2,jd__tenacity.0d40e76f.97.0ogdx7b8,2653,true,5696,43,0,0,0,0,0,,0,0,60000000,60000000,0,0,0,ok,,
1752,,,,jd__tenacity.0d40e76f.97.0ogdx7b8,3,jd__tenacity.0d40e76f.97.0ogdx7b8,8392,true,17,58,0,0,0,0,0,,0,0,90000000,90000000,0,0,0,ok,,
1753,,,,jd__tenacity.0d40e76f.97.0ogdx7b8,4,jd__tenacity.0d40e76f.97.0ogdx7b8,8467,true,258,60,0,0,0,0,0,,0,0,120000000,120000000,0,0,0,ok,,
1754,,,,jd__tenacity.0d40e76f.97.0ogdx7b8,5,jd__tenacity.0d40e76f.97.0ogdx7b8,8785,true,109,161,0,0,0,0,0,,0,0,150000000,150000000,0,0,0,ok,,
1755,,,,jd__tenacity.0d40e76f.97.0ogdx7b8,6,jd__tenacity.0d40e76f.97.0ogdx7b8,9055,true,21,35,0,0,0,0,0,,0,0,180000000,180000000,0,0,0,ok,,
1756,,,,jd__tenacity.0d40e76f.97.0ogdx7b8,7,jd__tenacity.0d40e76f.97.0ogdx7b8,9111,true,246,403,0,0,0,0,0,,0,0,210000000,210000000,0,0,0,ok,,
1757,,,,jd__tenacity.0d40e76f.97.0ogdx7b8,8,jd__tenacity.0d40e76f.97.0ogdx7b8,9760,true,21,31,0,0,0,0,0,,0,0,240000000,240000000,0,0,0,ok,,
1758,,,,jd__tenacity.0d40e76f.97.0ogdx7b8,9,jd__tenacity.0d40e76f.97.0ogdx7b8,9812,true,20,17,0,0,0,0,0,,0,0,270000000,270000000,0,0,0,ok,,
1759,,,,jd__tenacity.0d40e76f.97.0ogdx7b8,10,jd__tenacity.0d40e76f.97.0ogdx7b8,9849,true,748,83,0,0,0,0,0,,0,0,300000000,300000000,0,0,0,ok,,
1760,,,,tox-dev__pipdeptree.c31b6418.pr_318.hgx0q6fr,0,swe_smith_system_prompt,978,true,470,78,0,0,0,0,0,,0,0,0,0,0,0,0,ok,,
1761,,,,tox-dev__pipdeptree.c31b6418.pr_318.hgx0q6fr,1,tox-dev__pipdeptree.c31b6418.pr_318.hgx0q6fr,1526,true,213,45,0,0,0,0,0,,0,0,30000000,30000000,0,0,0,ok,,
1762,,,,tox-dev__pipdeptree.c31b6418.pr_318.hgx0q6fr,2,tox-dev__pipdeptree.c31b6418.pr_318.hgx0q6fr,1784,true,310,99,0,0,0,0,0,,0,0,60000000,60000000,0,0,0,ok,,
1763,,,,tox-dev__pipdeptree.c31b6418.pr_318.hgx0q6fr,3,tox-dev__pipdeptree.c31b6418.pr_318.hgx0q6fr,2193,true,3006,46,0,0,0,0,0,,0,0,90000000,90000000,0,0,0,ok,,
1764,,,,tox-dev__pipdeptree.c31b6418.pr_318.hgx0q6fr,4,tox-dev__pipdeptree.c31b6418.pr_318.hgx0q6fr,5245,true,3486,45,0,0,0,0,0,,0,0,120000000,120000000,0,0,0,ok,,
1765,,,,tox-dev__pipdeptree.c31b6418.pr_318.hgx0q6fr,5,tox-dev__pipdeptree.c31b6418.pr_318.hgx0q6fr,8776,true,1997,320,0,0,0,0,0,,0,0,150000000,150000000,0,0,0,ok,,
1766,,,,tox-dev__pipdeptree.c31b6418.pr_318.hgx0q6fr,6,tox-dev__pipdeptree.c31b6418.pr_318.hgx0q6fr,11093,true,310,214,0,0,0,0,0,,0,0,180000000,180000000,0,0,0,ok,,
1767,,,,tox-dev__pipdeptree.c31b6418.pr_318.hgx0q6fr,7,tox-dev__pipdeptree.c31b6418.pr_318.hgx0q6fr,11617,true,378,222,0,0,0,0,0,,0,0,210000000,210000000,0,0,0,ok,,
1768,,,,tox-dev__pipdeptree.c31b6418.pr_318.hgx0q6fr,8,tox-dev__pipdeptree.c31b6418.pr_318.hgx0q6fr,12217,true,272,199,0,0,0,0,0,,0,0,240000000,240000000,0,0,0,ok,,
1769,,,,tox-dev__pipdeptree.c31b6418.pr_318.hgx0q6fr,9,tox-dev__pipdeptree.c31b6418.pr_318.hgx0q6fr,12688,true,298,437,0,0,0,0,0,,0,0,270000000,270000000,0,0,0,ok,,
1770,,,,tox-dev__pipdeptree.c31b6418.pr_318.hgx0q6fr,10,tox-dev__pipdeptree.c31b6418.pr_318.hgx0q6fr,13423,true,538,399,0,0,0,0,0,,0,0,300000000,300000000,0,0,0,ok,,
1771,,,,tox-dev__pipdeptree.c31b6418.pr_318.hgx0q6fr,11,tox-dev__pipdeptree.c31b6418.pr_318.hgx0q6fr,14360,true,513,460,0,0,0,0,0,,0,0,330000000,330000000,0,0,0,ok,,
1772,,,,tox-dev__pipdeptree.c31b6418.pr_318.hgx0q6fr,12,tox-dev__pipdeptree.c31b6418.pr_318.hgx0q6fr,15333,true,510,323,0,0,0,0,0,,0,0,360000000,360000000,0,0,0,ok,,
1773,,,,tox-dev__pipdeptree.c31b6418.pr_318.hgx0q6fr,13,tox-dev__pipdeptree.c31b6418.pr_318.hgx0q6fr,16166,true,426,544,0,0,0,0,0,,0,0,390000000,390000000,0,0,0,ok,,
1774,,,,tox-dev__pipdeptree.c31b6418.pr_318.hgx0q6fr,14,tox-dev__pipdeptree.c31b6418.pr_318.hgx0q6fr,17136,true,577,274,0,0,0,0,0,,0,0,420000000,420000000,0,0,0,ok,,
1775,,,,tox-dev__pipdeptree.c31b6418.pr_318.hgx0q6fr,15,tox-dev__pipdeptree.c31b6418.pr_318.hgx0q6fr,17987,true,22,31,0,0,0,0,0,,0,0,450000000,450000000,0,0,0,ok,,
1776,,,,tox-dev__pipdeptree.c31b6418.pr_318.hgx0q6fr,16,tox-dev__pipdeptree.c31b6418.pr_318.hgx0q6fr,18040,true,103,33,0,0,0,0,0,,0,0,480000000,480000000,0,0,0,ok,,
1777,,,,tox-dev__pipdeptree.c31b6418.pr_318.hgx0q6fr,17,tox-dev__pipdeptree.c31b6418.pr_318.hgx0q6fr,18176,true,590,33,0,0,0,0,0,,0,0,510000000,510000000,0,0,0,ok,,
1778,,,,tox-dev__pipdeptree.c31b6418.pr_318.hgx0q6fr,18,tox-dev__pipdeptree.c31b6418.pr_318.hgx0q6fr,18799,true,1352,165,0,0,0,0,0,,0,0,540000000,540000000,0,0,0,ok,,
1779,,,,tox-dev__pipdeptree.c31b6418.pr_318.hgx0q6fr,19,tox-dev__pipdeptree.c31b6418.pr_318.hgx0q6fr,20316,true,242,32,0,0,0,0,0,,0,0,570000000,570000000,0,0,0,ok,,
1780,,,,tox-dev__pipdeptree.c31b6418.pr_318.hgx0q6fr,20,tox-dev__pipdeptree.c31b6418.pr_318.hgx0q6fr,20590,true,2256,331,0,0,0,0,0,,0,0,600000000,600000000,0,0,0,ok,,
1781,,,,getmoto__moto.694ce1f4.pr_8348.o1kcis1k,0,swe_smith_system_prompt,978,true,906,99,0,0,0,0,0,,0,0,0,0,0,0,0,ok,,
1782,,,,getmoto__moto.694ce1f4.pr_8348.o1kcis1k,1,getmoto__moto.694ce1f4.pr_8348.o1kcis1k,1983,true,247,66,0,0,0,0,0,,0,0,30000000,30000000,0,0,0,ok,,
1783,,,,getmoto__moto.694ce1f4.pr_8348.o1kcis1k,2,getmoto__moto.694ce1f4.pr_8348.o1kcis1k,2296,true,6164,59,0,0,0,0,0,,0,0,60000000,60000000,0,0,0,ok,,
1784,,,,getmoto__moto.694ce1f4.pr_8348.o1kcis1k,3,getmoto__moto.694ce1f4.pr_8348.o1kcis1k,8519,true,3816,55,0,0,0,0,0,,0,0,90000000,90000000,0,0,0,ok,,
1785,,,,getmoto__moto.694ce1f4.pr_8348.o1kcis1k,4,getmoto__moto.694ce1f4.pr_8348.o1kcis1k,12390,true,1936,336,0,0,0,0,0,,0,0,120000000,120000000,0,0,0,ok,,
1786,,,,getmoto__moto.694ce1f4.pr_8348.o1kcis1k,5,getmoto__moto.694ce1f4.pr_8348.o1kcis1k,14662,true,23,35,0,0,0,0,0,,0,0,150000000,150000000,0,0,0,ok,,
1787,,,,getmoto__moto.694ce1f4.pr_8348.o1kcis1k,6,getmoto__moto.694ce1f4.pr_8348.o1kcis1k,14720,true,527,195,0,0,0,0,0,,0,0,180000000,180000000,0,0,0,ok,,
1788,,,,getmoto__moto.694ce1f4.pr_8348.o1kcis1k,7,getmoto__moto.694ce1f4.pr_8348.o1kcis1k,15442,true,235,32,0,0,0,0,0,,0,0,210000000,210000000,0,0,0,ok,,
1789,,,,getmoto__moto.694ce1f4.pr_8348.o1kcis1k,8,getmoto__moto.694ce1f4.pr_8348.o1kcis1k,15709,true,161,1300,0,0,0,0,0,,0,0,240000000,240000000,0,0,0,ok,,
1790,,,,getmoto__moto.694ce1f4.pr_8348.o1kcis1k,9,getmoto__moto.694ce1f4.pr_8348.o1kcis1k,17170,true,1128,424,0,0,0,0,0,,0,0,270000000,270000000,0,0,0,ok,,
1791,,,,getmoto__moto.694ce1f4.pr_8348.o1kcis1k,10,getmoto__moto.694ce1f4.pr_8348.o1kcis1k,18722,true,476,54,0,0,0,0,0,,0,0,300000000,300000000,0,0,0,ok,,
1792,,,,getmoto__moto.694ce1f4.pr_8348.o1kcis1k,11,getmoto__moto.694ce1f4.pr_8348.o1kcis1k,19252,true,211,821,0,0,0,0,0,,0,0,330000000,330000000,0,0,0,ok,,
1793,,,,getmoto__moto.694ce1f4.pr_8348.o1kcis1k,12,getmoto__moto.694ce1f4.pr_8348.o1kcis1k,20284,true,23,32,0,0,0,0,0,,0,0,360000000,360000000,0,0,0,ok,,
1794,,,,getmoto__moto.694ce1f4.pr_8348.o1kcis1k,13,getmoto__moto.694ce1f4.pr_8348.o1kcis1k,20339,true,491,1265,0,0,0,0,0,,0,0,390000000,390000000,0,0,0,ok,,
1795,,,,getmoto__moto.694ce1f4.pr_8348.o1kcis1k,14,getmoto__moto.694ce1f4.pr_8348.o1kcis1k,22095,true,1137,322,0,0,0,0,0,,0,0,420000000,420000000,0,0,0,ok,,
1796,,,,getmoto__moto.694ce1f4.pr_8348.o1kcis1k,15,getmoto__moto.694ce1f4.pr_8348.o1kcis1k,23554,true,418,42,0,0,0,0,0,,0,0,450000000,450000000,0,0,0,ok,,
1797,,,,getmoto__moto.694ce1f4.pr_8348.o1kcis1k,16,getmoto__moto.694ce1f4.pr_8348.o1kcis1k,24014,true,494,539,0,0,0,0,0,,0,0,480000000,480000000,0,0,0,ok,,
1798,,,,getmoto__moto.694ce1f4.pr_8348.o1kcis1k,17,getmoto__moto.694ce1f4.pr_8348.o1kcis1k,25047,true,476,32,0,0,0,0,0,,0,0,510000000,510000000,0,0,0,ok,,
1799,,,,getmoto__moto.694ce1f4.pr_8348.o1kcis1k,18,getmoto__moto.694ce1f4.pr_8348.o1kcis1k,25555,true,1452,743,0,0,0,0,0,,0,0,540000000,540000000,0,0,0,ok,,
1800,,,,getmoto__moto.694ce1f4.pr_8348.o1kcis1k,19,getmoto__moto.694ce1f4.pr_8348.o1kcis1k,27750,true,647,330,0,0,0,0,0,,0,0,570000000,570000000,0,0,0,ok,,
1801,,,,getmoto__moto.694ce1f4.pr_8348.o1kcis1k,20,getmoto__moto.694ce1f4.pr_8348.o1kcis1k,28727,true,401,47,0,0,0,0,0,,0,0,600000000,600000000,0,0,0,ok,,
1802,,,,getmoto__moto.694ce1f4.pr_8348.o1kcis1k,21,getmoto__moto.694ce1f4.pr_8348.o1kcis1k,29175,true,1452,46,0,0,0,0,0,,0,0,630000000,630000000,0,0,0,ok,,
1803,,,,getmoto__moto.694ce1f4.pr_8348.o1kcis1k,22,getmoto__moto.694ce1f4.pr_8348.o1kcis1k,30673,true,211,274,0,0,0,0,0,,0,0,660000000,660000000,0,0,0,ok,,
1804,,,,getmoto__moto.694ce1f4.pr_8348.o1kcis1k,23,getmoto__moto.694ce1f4.pr_8348.o1kcis1k,31158,true,2601,41,0,0,0,0,0,,0,0,690000000,690000000,0,0,0,ok,,
1805,,,,getmoto__moto.694ce1f4.pr_8348.o1kcis1k,24,getmoto__moto.694ce1f4.pr_8348.o1kcis1k,33800,true,20,7,0,0,0,0,0,,0,0,720000000,720000000,0,0,0,ok,,
1806,,,,scrapy__scrapy.35212ec5.pr_5406.ve3tpuuk,0,swe_smith_system_prompt,978,true,865,110,0,0,0,0,0,,0,0,0,0,0,0,0,ok,,
1807,,,,scrapy__scrapy.35212ec5.pr_5406.ve3tpuuk,1,scrapy__scrapy.35212ec5.pr_5406.ve3tpuuk,1953,true,20,32,0,0,0,0,0,,0,0,30000000,30000000,0,0,0,ok,,
1808,,,,scrapy__scrapy.35212ec5.pr_5406.ve3tpuuk,2,scrapy__scrapy.35212ec5.pr_5406.ve3tpuuk,2005,true,4948,59,0,0,0,0,0,,0,0,60000000,60000000,0,0,0,ok,,
1809,,,,scrapy__scrapy.35212ec5.pr_5406.ve3tpuuk,3,scrapy__scrapy.35212ec5.pr_5406.ve3tpuuk,7012,true,3030,57,0,0,0,0,0,,0,0,90000000,90000000,0,0,0,ok,,
1810,,,,scrapy__scrapy.35212ec5.pr_5406.ve3tpuuk,4,scrapy__scrapy.35212ec5.pr_5406.ve3tpuuk,10099,true,2264,203,0,0,0,0,0,,0,0,120000000,120000000,0,0,0,ok,,
1811,,,,scrapy__scrapy.35212ec5.pr_5406.ve3tpuuk,5,scrapy__scrapy.35212ec5.pr_5406.ve3tpuuk,12566,true,75,40,0,0,0,0,0,,0,0,150000000,150000000,0,0,0,ok,,
1812,,,,scrapy__scrapy.35212ec5.pr_5406.ve3tpuuk,6,scrapy__scrapy.35212ec5.pr_5406.ve3tpuuk,12681,true,624,63,0,0,0,0,0,,0,0,180000000,180000000,0,0,0,ok,,
1813,,,,scrapy__scrapy.35212ec5.pr_5406.ve3tpuuk,7,scrapy__scrapy.35212ec5.pr_5406.ve3tpuuk,13368,true,673,373,0,0,0,0,0,,0,0,210000000,210000000,0,0,0,ok,,
1814,,,,scrapy__scrapy.35212ec5.pr_5406.ve3tpuuk,8,scrapy__scrapy.35212ec5.pr_5406.ve3tpuuk,14414,true,23,34,0,0,0,0,0,,0,0,240000000,240000000,0,0,0,ok,,
1815,,,,scrapy__scrapy.35212ec5.pr_5406.ve3tpuuk,9,scrapy__scrapy.35212ec5.pr_5406.ve3tpuuk,14471,true,78,649,0,0,0,0,0,,0,0,270000000,270000000,0,0,0,ok,,
1816,,,,scrapy__scrapy.35212ec5.pr_5406.ve3tpuuk,10,scrapy__scrapy.35212ec5.pr_5406.ve3tpuuk,15198,true,705,32,0,0,0,0,0,,0,0,300000000,300000000,0,0,0,ok,,
1817,,,,scrapy__scrapy.35212ec5.pr_5406.ve3tpuuk,11,scrapy__scrapy.35212ec5.pr_5406.ve3tpuuk,15935,true,88,906,0,0,0,0,0,,0,0,330000000,330000000,0,0,0,ok,,
1818,,,,scrapy__scrapy.35212ec5.pr_5406.ve3tpuuk,12,scrapy__scrapy.35212ec5.pr_5406.ve3tpuuk,16929,true,847,32,0,0,0,0,0,,0,0,360000000,360000000,0,0,0,ok,,
1819,,,,scrapy__scrapy.35212ec5.pr_5406.ve3tpuuk,13,scrapy__scrapy.35212ec5.pr_5406.ve3tpuuk,17808,true,108,642,0,0,0,0,0,,0,0,390000000,390000000,0,0,0,ok,,
1820,,,,scrapy__scrapy.35212ec5.pr_5406.ve3tpuuk,14,scrapy__scrapy.35212ec5.pr_5406.ve3tpuuk,18558,true,581,1019,0,0,0,0,0,,0,0,420000000,420000000,0,0,0,ok,,
1821,,,,scrapy__scrapy.35212ec5.pr_5406.ve3tpuuk,15,scrapy__scrapy.35212ec5.pr_5406.ve3tpuuk,20158,true,849,36,0,0,0,0,0,,0,0,450000000,450000000,0,0,0,ok,,
1822,,,,scrapy__scrapy.35212ec5.pr_5406.ve3tpuuk,16,scrapy__scrapy.35212ec5.pr_5406.ve3tpuuk,21043,true,177,125,0,0,0,0,0,,0,0,480000000,480000000,0,0,0,ok,,
1823,,,,scrapy__scrapy.35212ec5.pr_5406.ve3tpuuk,17,scrapy__scrapy.35212ec5.pr_5406.ve3tpuuk,21345,true,137,705,0,0,0,0,0,,0,0,510000000,510000000,0,0,0,ok,,
1824,,,,scrapy__scrapy.35212ec5.pr_5406.ve3tpuuk,18,scrapy__scrapy.35212ec5.pr_5406.ve3tpuuk,22187,true,619,32,0,0,0,0,0,,0,0,540000000,540000000,0,0,0,ok,,
1825,,,,scrapy__scrapy.35212ec5.pr_5406.ve3tpuuk,19,scrapy__scrapy.35212ec5.pr_5406.ve3tpuuk,22838,true,199,103,0,0,0,0,0,,0,0,570000000,570000000,0,0,0,ok,,
1826,,,,scrapy__scrapy.35212ec5.pr_5406.ve3tpuuk,20,scrapy__scrapy.35212ec5.pr_5406.ve3tpuuk,23140,true,40,739,0,0,0,0,0,,0,0,600000000,600000000,0,0,0,ok,,
1827,,,,scrapy__scrapy.35212ec5.pr_5406.ve3tpuuk,21,scrapy__scrapy.35212ec5.pr_5406.ve3tpuuk,23919,true,883,38,0,0,0,0,0,,0,0,630000000,630000000,0,0,0,ok,,
1828,,,,scrapy__scrapy.35212ec5.pr_5406.ve3tpuuk,22,scrapy__scrapy.35212ec5.pr_5406.ve3tpuuk,24840,true,301,411,0,0,0,0,0,,0,0,660000000,660000000,0,0,0,ok,,
1829,,,,scrapy__scrapy.35212ec5.pr_5406.ve3tpuuk,23,scrapy__scrapy.35212ec5.pr_5406.ve3tpuuk,25552,true,335,45,0,0,0,0,0,,0,0,690000000,690000000,0,0,0,ok,,
1830,,,,scrapy__scrapy.35212ec5.pr_5406.ve3tpuuk,24,scrapy__scrapy.35212ec5.pr_5406.ve3tpuuk,25932,true,40,231,0,0,0,0,0,,0,0,720000000,720000000,0,0,0,ok,,
1831,,,,scrapy__scrapy.35212ec5.pr_5406.ve3tpuuk,25,scrapy__scrapy.35212ec5.pr_5406.ve3tpuuk,26203,true,33423,37,0,0,0,0,0,,0,0,750000000,750000000,0,0,0,ok,,
1832,,,,scrapy__scrapy.35212ec5.pr_5406.ve3tpuuk,26,scrapy__scrapy.35212ec5.pr_5406.ve3tpuuk,59663,true,20,7,0,0,0,0,0,,0,0,780000000,780000000,0,0,0,ok,,
1833,,,,pydantic__pydantic.acb0f10f.pr_7932.s1bj726t,0,swe_smith_system_prompt,978,true,1210,84,0,0,0,0,0,,0,0,0,0,0,0,0,ok,,
1834,,,,pydantic__pydantic.acb0f10f.pr_7932.s1bj726t,1,pydantic__pydantic.acb0f10f.pr_7932.s1bj726t,2272,true,1691,97,0,0,0,0,0,,0,0,30000000,30000000,0,0,0,ok,,
1835,,,,pydantic__pydantic.acb0f10f.pr_7932.s1bj726t,2,pydantic__pydantic.acb0f10f.pr_7932.s1bj726t,4060,true,2746,51,0,0,0,0,0,,0,0,60000000,60000000,0,0,0,ok,,
1836,,,,pydantic__pydantic.acb0f10f.pr_7932.s1bj726t,3,pydantic__pydantic.acb0f10f.pr_7932.s1bj726t,6857,true,5660,52,0,0,0,0,0,,0,0,90000000,90000000,0,0,0,ok,,
1837,,,,pydantic__pydantic.acb0f10f.pr_7932.s1bj726t,4,pydantic__pydantic.acb0f10f.pr_7932.s1bj726t,12569,true,504,69,0,0,0,0,0,,0,0,120000000,120000000,0,0,0,ok,,
1838,,,,pydantic__pydantic.acb0f10f.pr_7932.s1bj726t,5,pydantic__pydantic.acb0f10f.pr_7932.s1bj726t,13142,true,1220,75,0,0,0,0,0,,0,0,150000000,150000000,0,0,0,ok,,
1839,,,,pydantic__pydantic.acb0f10f.pr_7932.s1bj726t,6,pydantic__pydantic.acb0f10f.pr_7932.s1bj726t,14437,true,1615,148,0,0,0,0,0,,0,0,180000000,180000000,0,0,0,ok,,
1840,,,,pydantic__pydantic.acb0f10f.pr_7932.s1bj726t,7,pydantic__pydantic.acb0f10f.pr_7932.s1bj726t,16200,true,23,32,0,0,0,0,0,,0,0,210000000,210000000,0,0,0,ok,,
1841,,,,pydantic__pydantic.acb0f10f.pr_7932.s1bj726t,8,pydantic__pydantic.acb0f10f.pr_7932.s1bj726t,16255,true,79,33,0,0,0,0,0,,0,0,240000000,240000000,0,0,0,ok,,
1842,,,,pydantic__pydantic.acb0f10f.pr_7932.s1bj726t,9,pydantic__pydantic.acb0f10f.pr_7932.s1bj726t,16367,true,215,32,0,0,0,0,0,,0,0,270000000,270000000,0,0,0,ok,,
1843,,,,pydantic__pydantic.acb0f10f.pr_7932.s1bj726t,10,pydantic__pydantic.acb0f10f.pr_7932.s1bj726t,16614,true,180,31,0,0,0,0,0,,0,0,300000000,300000000,0,0,0,ok,,
1844,,,,pydantic__pydantic.acb0f10f.pr_7932.s1bj726t,11,pydantic__pydantic.acb0f10f.pr_7932.s1bj726t,16825,true,390,31,0,0,0,0,0,,0,0,330000000,330000000,0,0,0,ok,,
1845,,,,pydantic__pydantic.acb0f10f.pr_7932.s1bj726t,12,pydantic__pydantic.acb0f10f.pr_7932.s1bj726t,17246,true,541,32,0,0,0,0,0,,0,0,360000000,360000000,0,0,0,ok,,
1846,,,,pydantic__pydantic.acb0f10f.pr_7932.s1bj726t,13,pydantic__pydantic.acb0f10f.pr_7932.s1bj726t,17819,true,210,32,0,0,0,0,0,,0,0,390000000,390000000,0,0,0,ok,,
1847,,,,pydantic__pydantic.acb0f10f.pr_7932.s1bj726t,14,pydantic__pydantic.acb0f10f.pr_7932.s1bj726t,18061,true,767,455,0,0,0,0,0,,0,0,420000000,420000000,0,0,0,ok,,
1848,,,,pydantic__pydantic.acb0f10f.pr_7932.s1bj726t,15,pydantic__pydantic.acb0f10f.pr_7932.s1bj726t,19283,true,438,35,0,0,0,0,0,,0,0,450000000,450000000,0,0,0,ok,,
1849,,,,pydantic__pydantic.acb0f10f.pr_7932.s1bj726t,16,pydantic__pydantic.acb0f10f.pr_7932.s1bj726t,19756,true,20,328,0,0,0,0,0,,0,0,480000000,480000000,0,0,0,ok,,
1850,,,,pydantic__pydantic.acb0f10f.pr_7932.s1bj726t,17,pydantic__pydantic.acb0f10f.pr_7932.s1bj726t,20104,true,426,227,0,0,0,0,0,,0,0,510000000,510000000,0,0,0,ok,,
1851,,,,pydantic__pydantic.acb0f10f.pr_7932.s1bj726t,18,pydantic__pydantic.acb0f10f.pr_7932.s1bj726t,20757,true,23,31,0,0,0,0,0,,0,0,540000000,540000000,0,0,0,ok,,
1852,,,,pydantic__pydantic.acb0f10f.pr_7932.s1bj726t,19,pydantic__pydantic.acb0f10f.pr_7932.s1bj726t,20811,true,10,35,0,0,0,0,0,,0,0,570000000,570000000,0,0,0,ok,,
1853,,,,pydantic__pydantic.acb0f10f.func_pm_remove_assign__i1dypufs.g8yln6vw,0,swe_smith_system_prompt,978,true,855,101,0,0,0,0,0,,0,0,0,0,0,0,0,ok,,
1854,,,,pydantic__pydantic.acb0f10f.func_pm_remove_assign__i1dypufs.g8yln6vw,1,pydantic__pydantic.acb0f10f.func_pm_remove_assign__i1dypufs.g8yln6vw,1934,true,33422,51,0,0,0,0,0,,0,0,30000000,30000000,0,0,0,ok,,
1855,,,,pydantic__pydantic.acb0f10f.func_pm_remove_assign__i1dypufs.g8yln6vw,2,pydantic__pydantic.acb0f10f.func_pm_remove_assign__i1dypufs.g8yln6vw,35407,true,3913,43,0,0,0,0,0,,0,0,60000000,60000000,0,0,0,ok,,
1856,,,,pydantic__pydantic.acb0f10f.func_pm_remove_assign__i1dypufs.g8yln6vw,3,pydantic__pydantic.acb0f10f.func_pm_remove_assign__i1dypufs.g8yln6vw,39363,true,1075,49,0,0,0,0,0,,0,0,90000000,90000000,0,0,0,ok,,
1857,,,,pydantic__pydantic.acb0f10f.func_pm_remove_assign__i1dypufs.g8yln6vw,4,pydantic__pydantic.acb0f10f.func_pm_remove_assign__i1dypufs.g8yln6vw,40487,true,5676,43,0,0,0,0,0,,0,0,120000000,120000000,0,0,0,ok,,
1858,,,,pydantic__pydantic.acb0f10f.func_pm_remove_assign__i1dypufs.g8yln6vw,5,pydantic__pydantic.acb0f10f.func_pm_remove_assign__i1dypufs.g8yln6vw,46206,true,18,59,0,0,0,0,0,,0,0,150000000,150000000,0,0,0,ok,,
1859,,,,pydantic__pydantic.acb0f10f.func_pm_remove_assign__i1dypufs.g8yln6vw,6,pydantic__pydantic.acb0f10f.func_pm_remove_assign__i1dypufs.g8yln6vw,46283,true,864,57,0,0,0,0,0,,0,0,180000000,180000000,0,0,0,ok,,
1860,,,,pydantic__pydantic.acb0f10f.func_pm_remove_assign__i1dypufs.g8yln6vw,7,pydantic__pydantic.acb0f10f.func_pm_remove_assign__i1dypufs.g8yln6vw,47204,true,693,41,0,0,0,0,0,,0,0,210000000,210000000,0,0,0,ok,,
1861,,,,pydantic__pydantic.acb0f10f.func_pm_remove_assign__i1dypufs.g8yln6vw,8,pydantic__pydantic.acb0f10f.func_pm_remove_assign__i1dypufs.g8yln6vw,47938,true,22,45,0,0,0,0,0,,0,0,240000000,240000000,0,0,0,ok,,
1862,,,,pydantic__pydantic.acb0f10f.func_pm_remove_assign__i1dypufs.g8yln6vw,9,pydantic__pydantic.acb0f10f.func_pm_remove_assign__i1dypufs.g8yln6vw,48005,true,45,45,0,0,0,0,0,,0,0,270000000,270000000,0,0,0,ok,,
1863,,,,pydantic__pydantic.acb0f10f.func_pm_remove_assign__i1dypufs.g8yln6vw,10,pydantic__pydantic.acb0f10f.func_pm_remove_assign__i1dypufs.g8yln6vw,48095,true,670,43,0,0,0,0,0,,0,0,300000000,300000000,0,0,0,ok,,
1864,,,,pydantic__pydantic.acb0f10f.func_pm_remove_assign__i1dypufs.g8yln6vw,11,pydantic__pydantic.acb0f10f.func_pm_remove_assign__i1dypufs.g8yln6vw,48808,true,58,45,0,0,0,0,0,,0,0,330000000,330000000,0,0,0,ok,,
1865,,,,pydantic__pydantic.acb0f10f.func_pm_remove_assign__i1dypufs.g8yln6vw,12,pydantic__pydantic.acb0f10f.func_pm_remove_assign__i1dypufs.g8yln6vw,48911,true,207,226,0,0,0,0,0,,0,0,360000000,360000000,0,0,0,ok,,
1866,,,,pydantic__pydantic.acb0f10f.func_pm_remove_assign__i1dypufs.g8yln6vw,13,pydantic__pydantic.acb0f10f.func_pm_remove_assign__i1dypufs.g8yln6vw,49344,true,23,35,0,0,0,0,0,,0,0,390000000,390000000,0,0,0,ok,,
1867,,,,pydantic__pydantic.acb0f10f.func_pm_remove_assign__i1dypufs.g8yln6vw,14,pydantic__pydantic.acb0f10f.func_pm_remove_assign__i1dypufs.g8yln6vw,49402,true,183,40,0,0,0,0,0,,0,0,420000000,420000000,0,0,0,ok,,
1868,,,,pydantic__pydantic.acb0f10f.func_pm_remove_assign__i1dypufs.g8yln6vw,15,pydantic__pydantic.acb0f10f.func_pm_remove_assign__i1dypufs.g8yln6vw,49625,true,761,36,0,0,0,0,0,,0,0,450000000,450000000,0,0,0,ok,,
1869,,,,pydantic__pydantic.acb0f10f.func_pm_remove_assign__i1dypufs.g8yln6vw,16,pydantic__pydantic.acb0f10f.func_pm_remove_assign__i1dypufs.g8yln6vw,50422,true,333,33,0,0,0,0,0,,0,0,480000000,480000000,0,0,0,ok,,
1870,,,,pydantic__pydantic.acb0f10f.func_pm_remove_assign__i1dypufs.g8yln6vw,17,pydantic__pydantic.acb0f10f.func_pm_remove_assign__i1dypufs.g8yln6vw,50788,true,53,272,0,0,0,0,0,,0,0,510000000,510000000,0,0,0,ok,,
1871,,,,pydantic__pydantic.acb0f10f.func_pm_remove_assign__i1dypufs.g8yln6vw,18,pydantic__pydantic.acb0f10f.func_pm_remove_assign__i1dypufs.g8yln6vw,51113,true,335,50,0,0,0,0,0,,0,0,540000000,540000000,0,0,0,ok,,
1872,,,,pydantic__pydantic.acb0f10f.func_pm_remove_assign__i1dypufs.g8yln6vw,19,pydantic__pydantic.acb0f10f.func_pm_remove_assign__i1dypufs.g8yln6vw,51498,true,50,665,0,0,0,0,0,,0,0,570000000,570000000,0,0,0,ok,,
1873,,,,pydantic__pydantic.acb0f10f.func_pm_remove_assign__i1dypufs.g8yln6vw,20,pydantic__pydantic.acb0f10f.func_pm_remove_assign__i1dypufs.g8yln6vw,52213,true,809,41,0,0,0,0,0,,0,0,600000000,600000000,0,0,0,ok,,
1874,,,,pydantic__pydantic.acb0f10f.func_pm_remove_assign__i1dypufs.g8yln6vw,21,pydantic__pydantic.acb0f10f.func_pm_remove_assign__i1dypufs.g8yln6vw,53063,true,251,272,0,0,0,0,0,,0,0,630000000,630000000,0,0,0,ok,,
1875,,,,pydantic__pydantic.acb0f10f.func_pm_remove_assign__i1dypufs.g8yln6vw,22,pydantic__pydantic.acb0f10f.func_pm_remove_assign__i1dypufs.g8yln6vw,53586,true,281,32,0,0,0,0,0,,0,0,660000000,660000000,0,0,0,ok,,
1876,,,,pydantic__pydantic.acb0f10f.func_pm_remove_assign__i1dypufs.g8yln6vw,23,pydantic__pydantic.acb0f10f.func_pm_remove_assign__i1dypufs.g8yln6vw,53899,true,204,579,0,0,0,0,0,,0,0,690000000,690000000,0,0,0,ok,,
1877,,,,pydantic__pydantic.acb0f10f.func_pm_remove_assign__i1dypufs.g8yln6vw,24,pydantic__pydantic.acb0f10f.func_pm_remove_assign__i1dypufs.g8yln6vw,54682,true,597,32,0,0,0,0,0,,0,0,720000000,720000000,0,0,0,ok,,
1878,,,,pydantic__pydantic.acb0f10f.func_pm_remove_assign__i1dypufs.g8yln6vw,25,pydantic__pydantic.acb0f10f.func_pm_remove_assign__i1dypufs.g8yln6vw,55311,true,299,308,0,0,0,0,0,,0,0,750000000,750000000,0,0,0,ok,,
1879,,,,pydantic__pydantic.acb0f10f.func_pm_remove_assign__i1dypufs.g8yln6vw,26,pydantic__pydantic.acb0f10f.func_pm_remove_assign__i1dypufs.g8yln6vw,55918,true,1509,32,0,0,0,0,0,,0,0,780000000,780000000,0,0,0,ok,,
1880,,,,pydantic__pydantic.acb0f10f.func_pm_remove_assign__i1dypufs.g8yln6vw,27,pydantic__pydantic.acb0f10f.func_pm_remove_assign__i1dypufs.g8yln6vw,57459,true,20,7,0,0,0,0,0,,0,0,810000000,810000000,0,0,0,ok,,
1881,,,,life4__textdistance.c3aca916.func_pm_op_change__un97tc1d.a3h8grjk,0,swe_smith_system_prompt,978,true,692,99,0,0,0,0,0,,0,0,0,0,0,0,0,ok,,
1882,,,,life4__textdistance.c3aca916.func_pm_op_change__un97tc1d.a3h8grjk,1,life4__textdistance.c3aca916.func_pm_op_change__un97tc1d.a3h8grjk,1769,true,761,73,0,0,0,0,0,,0,0,30000000,30000000,0,0,0,ok,,
1883,,,,life4__textdistance.c3aca916.func_pm_op_change__un97tc1d.a3h8grjk,2,life4__textdistance.c3aca916.func_pm_op_change__un97tc1d.a3h8grjk,2603,true,305,49,0,0,0,0,0,,0,0,60000000,60000000,0,0,0,ok,,
1884,,,,life4__textdistance.c3aca916.func_pm_op_change__un97tc1d.a3h8grjk,3,life4__textdistance.c3aca916.func_pm_op_change__un97tc1d.a3h8grjk,2957,true,33,55,0,0,0,0,0,,0,0,90000000,90000000,0,0,0,ok,,
1885,,,,life4__textdistance.c3aca916.func_pm_op_change__un97tc1d.a3h8grjk,4,life4__textdistance.c3aca916.func_pm_op_change__un97tc1d.a3h8grjk,3045,true,4616,63,0,0,0,0,0,,0,0,120000000,120000000,0,0,0,ok,,
1886,,,,life4__textdistance.c3aca916.func_pm_op_change__un97tc1d.a3h8grjk,5,life4__textdistance.c3aca916.func_pm_op_change__un97tc1d.a3h8grjk,7724,true,612,56,0,0,0,0,0,,0,0,150000000,150000000,0,0,0,ok,,
1887,,,,life4__textdistance.c3aca916.func_pm_op_change__un97tc1d.a3h8grjk,6,life4__textdistance.c3aca916.func_pm_op_change__un97tc1d.a3h8grjk,8392,true,2654,58,0,0,0,0,0,,0,0,180000000,180000000,0,0,0,ok,,
1888,,,,life4__textdistance.c3aca916.func_pm_op_change__un97tc1d.a3h8grjk,7,life4__textdistance.c3aca916.func_pm_op_change__un97tc1d.a3h8grjk,11104,true,203,46,0,0,0,0,0,,0,0,210000000,210000000,0,0,0,ok,,
1889,,,,life4__textdistance.c3aca916.func_pm_op_change__un97tc1d.a3h8grjk,8,life4__textdistance.c3aca916.func_pm_op_change__un97tc1d.a3h8grjk,11353,true,129,150,0,0,0,0,0,,0,0,240000000,240000000,0,0,0,ok,,
1890,,,,life4__textdistance.c3aca916.func_pm_op_change__un97tc1d.a3h8grjk,9,life4__textdistance.c3aca916.func_pm_op_change__un97tc1d.a3h8grjk,11632,true,23,35,0,0,0,0,0,,0,0,270000000,270000000,0,0,0,ok,,
1891,,,,life4__textdistance.c3aca916.func_pm_op_change__un97tc1d.a3h8grjk,10,life4__textdistance.c3aca916.func_pm_op_change__un97tc1d.a3h8grjk,11690,true,34,613,0,0,0,0,0,,0,0,300000000,300000000,0,0,0,ok,,
1892,,,,life4__textdistance.c3aca916.func_pm_op_change__un97tc1d.a3h8grjk,11,life4__textdistance.c3aca916.func_pm_op_change__un97tc1d.a3h8grjk,12337,true,318,47,0,0,0,0,0,,0,0,330000000,330000000,0,0,0,ok,,
1893,,,,life4__textdistance.c3aca916.func_pm_op_change__un97tc1d.a3h8grjk,12,life4__textdistance.c3aca916.func_pm_op_change__un97tc1d.a3h8grjk,12702,true,34,62,0,0,0,0,0,,0,0,360000000,360000000,0,0,0,ok,,
1894,,,,life4__textdistance.c3aca916.func_pm_op_change__un97tc1d.a3h8grjk,13,life4__textdistance.c3aca916.func_pm_op_change__un97tc1d.a3h8grjk,12798,true,814,557,0,0,0,0,0,,0,0,390000000,390000000,0,0,0,ok,,
1895,,,,life4__textdistance.c3aca916.func_pm_op_change__un97tc1d.a3h8grjk,14,life4__textdistance.c3aca916.func_pm_op_change__un97tc1d.a3h8grjk,14169,true,398,44,0,0,0,0,0,,0,0,420000000,420000000,0,0,0,ok,,
1896,,,,life4__textdistance.c3aca916.func_pm_op_change__un97tc1d.a3h8grjk,15,life4__textdistance.c3aca916.func_pm_op_change__un97tc1d.a3h8grjk,14611,true,494,50,0,0,0,0,0,,0,0,450000000,450000000,0,0,0,ok,,
1897,,,,life4__textdistance.c3aca916.func_pm_op_change__un97tc1d.a3h8grjk,16,life4__textdistance.c3aca916.func_pm_op_change__un97tc1d.a3h8grjk,15155,true,34,598,0,0,0,0,0,,0,0,480000000,480000000,0,0,0,ok,,
1898,,,,life4__textdistance.c3aca916.func_pm_op_change__un97tc1d.a3h8grjk,17,life4__textdistance.c3aca916.func_pm_op_change__un97tc1d.a3h8grjk,15787,true,23,32,0,0,0,0,0,,0,0,510000000,510000000,0,0,0,ok,,
1899,,,,life4__textdistance.c3aca916.func_pm_op_change__un97tc1d.a3h8grjk,18,life4__textdistance.c3aca916.func_pm_op_change__un97tc1d.a3h8grjk,15842,true,107,499,0,0,0,0,0,,0,0,540000000,540000000,0,0,0,ok,,
1900,,,,life4__textdistance.c3aca916.func_pm_op_change__un97tc1d.a3h8grjk,19,life4__textdistance.c3aca916.func_pm_op_change__un97tc1d.a3h8grjk,16448,true,464,34,0,0,0,0,0,,0,0,570000000,570000000,0,0,0,ok,,
1901,,,,life4__textdistance.c3aca916.func_pm_op_change__un97tc1d.a3h8grjk,20,life4__textdistance.c3aca916.func_pm_op_change__un97tc1d.a3h8grjk,16946,true,107,100,0,0,0,0,0,,0,0,600000000,600000000,0,0,0,ok,,
1902,,,,life4__textdistance.c3aca916.func_pm_op_change__un97tc1d.a3h8grjk,21,life4__textdistance.c3aca916.func_pm_op_change__un97tc1d.a3h8grjk,17153,true,1071,558,0,0,0,0,0,,0,0,630000000,630000000,0,0,0,ok,,
1903,,,,life4__textdistance.c3aca916.func_pm_op_change__un97tc1d.a3h8grjk,22,life4__textdistance.c3aca916.func_pm_op_change__un97tc1d.a3h8grjk,18782,true,554,38,0,0,0,0,0,,0,0,660000000,660000000,0,0,0,ok,,
1904,,,,life4__textdistance.c3aca916.func_pm_op_change__un97tc1d.a3h8grjk,23,life4__textdistance.c3aca916.func_pm_op_change__un97tc1d.a3h8grjk,19374,true,494,50,0,0,0,0,0,,0,0,690000000,690000000,0,0,0,ok,,
1905,,,,life4__textdistance.c3aca916.func_pm_op_change__un97tc1d.a3h8grjk,24,life4__textdistance.c3aca916.func_pm_op_change__un97tc1d.a3h8grjk,19918,true,34,55,0,0,0,0,0,,0,0,720000000,720000000,0,0,0,ok,,
1906,,,,life4__textdistance.c3aca916.func_pm_op_change__un97tc1d.a3h8grjk,25,life4__textdistance.c3aca916.func_pm_op_change__un97tc1d.a3h8grjk,20007,true,107,189,0,0,0,0,0,,0,0,750000000,750000000,0,0,0,ok,,
1907,,,,life4__textdistance.c3aca916.func_pm_op_change__un97tc1d.a3h8grjk,26,life4__textdistance.c3aca916.func_pm_op_change__un97tc1d.a3h8grjk,20303,true,1409,37,0,0,0,0,0,,0,0,780000000,780000000,0,0,0,ok,,
1908,,,,life4__textdistance.c3aca916.func_pm_op_change__un97tc1d.a3h8grjk,27,life4__textdistance.c3aca916.func_pm_op_change__un97tc1d.a3h8grjk,21749,true,20,13,0,0,0,0,0,,0,0,810000000,810000000,0,0,0,ok,,
1909,,,,iterative__dvc.1d6ea681.pr_9212.pv6aoek3,0,swe_smith_system_prompt,978,true,629,77,0,0,0,0,0,,0,0,0,0,0,0,0,ok,,
1910,,,,iterative__dvc.1d6ea681.pr_9212.pv6aoek3,1,iterative__dvc.1d6ea681.pr_9212.pv6aoek3,1684,true,567,121,0,0,0,0,0,,0,0,30000000,30000000,0,0,0,ok,,
1911,,,,iterative__dvc.1d6ea681.pr_9212.pv6aoek3,2,iterative__dvc.1d6ea681.pr_9212.pv6aoek3,2372,true,80,53,0,0,0,0,0,,0,0,60000000,60000000,0,0,0,ok,,
1912,,,,iterative__dvc.1d6ea681.pr_9212.pv6aoek3,3,iterative__dvc.1d6ea681.pr_9212.pv6aoek3,2505,true,2644,55,0,0,0,0,0,,0,0,90000000,90000000,0,0,0,ok,,
1913,,,,iterative__dvc.1d6ea681.pr_9212.pv6aoek3,4,iterative__dvc.1d6ea681.pr_9212.pv6aoek3,5204,true,3436,181,0,0,0,0,0,,0,0,120000000,120000000,0,0,0,ok,,
1914,,,,iterative__dvc.1d6ea681.pr_9212.pv6aoek3,5,iterative__dvc.1d6ea681.pr_9212.pv6aoek3,8821,true,494,45,0,0,0,0,0,,0,0,150000000,150000000,0,0,0,ok,,
1915,,,,iterative__dvc.1d6ea681.pr_9212.pv6aoek3,6,iterative__dvc.1d6ea681.pr_9212.pv6aoek3,9360,true,369,255,0,0,0,0,0,,0,0,180000000,180000000,0,0,0,ok,,
1916,,,,iterative__dvc.1d6ea681.pr_9212.pv6aoek3,7,iterative__dvc.1d6ea681.pr_9212.pv6aoek3,9984,true,21,25,0,0,0,0,0,,0,0,210000000,210000000,0,0,0,ok,,
1917,,,,iterative__dvc.1d6ea681.pr_9212.pv6aoek3,8,iterative__dvc.1d6ea681.pr_9212.pv6aoek3,10030,true,14,901,0,0,0,0,0,,0,0,240000000,240000000,0,0,0,ok,,
1918,,,,iterative__dvc.1d6ea681.pr_9212.pv6aoek3,9,iterative__dvc.1d6ea681.pr_9212.pv6aoek3,10945,true,1009,655,0,0,0,0,0,,0,0,270000000,270000000,0,0,0,ok,,
1919,,,,iterative__dvc.1d6ea681.pr_9212.pv6aoek3,10,iterative__dvc.1d6ea681.pr_9212.pv6aoek3,12609,true,654,435,0,0,0,0,0,,0,0,300000000,300000000,0,0,0,ok,,
1920,,,,iterative__dvc.1d6ea681.pr_9212.pv6aoek3,11,iterative__dvc.1d6ea681.pr_9212.pv6aoek3,13698,true,481,37,0,0,0,0,0,,0,0,330000000,330000000,0,0,0,ok,,
1921,,,,iterative__dvc.1d6ea681.pr_9212.pv6aoek3,12,iterative__dvc.1d6ea681.pr_9212.pv6aoek3,14216,true,14,580,0,0,0,0,0,,0,0,360000000,360000000,0,0,0,ok,,
1922,,,,iterative__dvc.1d6ea681.pr_9212.pv6aoek3,13,iterative__dvc.1d6ea681.pr_9212.pv6aoek3,14810,true,746,28,0,0,0,0,0,,0,0,390000000,390000000,0,0,0,ok,,
1923,,,,iterative__dvc.1d6ea681.pr_9212.pv6aoek3,14,iterative__dvc.1d6ea681.pr_9212.pv6aoek3,15584,true,289,276,0,0,0,0,0,,0,0,420000000,420000000,0,0,0,ok,,
1924,,,,cantools__cantools.0c6a7871.combine_file__1w4tyzon.rbvfrj8m,0,swe_smith_system_prompt,978,true,808,113,0,0,0,0,0,,0,0,0,0,0,0,0,ok,,
1925,,,,cantools__cantools.0c6a7871.combine_file__1w4tyzon.rbvfrj8m,1,cantools__cantools.0c6a7871.combine_file__1w4tyzon.rbvfrj8m,1899,true,1296,81,0,0,0,0,0,,0,0,30000000,30000000,0,0,0,ok,,
1926,,,,cantools__cantools.0c6a7871.combine_file__1w4tyzon.rbvfrj8m,2,cantools__cantools.0c6a7871.combine_file__1w4tyzon.rbvfrj8m,3276,true,1612,66,0,0,0,0,0,,0,0,60000000,60000000,0,0,0,ok,,
1927,,,,cantools__cantools.0c6a7871.combine_file__1w4tyzon.rbvfrj8m,3,cantools__cantools.0c6a7871.combine_file__1w4tyzon.rbvfrj8m,4954,true,1426,51,0,0,0,0,0,,0,0,90000000,90000000,0,0,0,ok,,
1928,,,,cantools__cantools.0c6a7871.combine_file__1w4tyzon.rbvfrj8m,4,cantools__cantools.0c6a7871.combine_file__1w4tyzon.rbvfrj8m,6431,true,2920,69,0,0,0,0,0,,0,0,120000000,120000000,0,0,0,ok,,
1929,,,,cantools__cantools.0c6a7871.combine_file__1w4tyzon.rbvfrj8m,5,cantools__cantools.0c6a7871.combine_file__1w4tyzon.rbvfrj8m,9420,true,530,50,0,0,0,0,0,,0,0,150000000,150000000,0,0,0,ok,,
1930,,,,cantools__cantools.0c6a7871.combine_file__1w4tyzon.rbvfrj8m,6,cantools__cantools.0c6a7871.combine_file__1w4tyzon.rbvfrj8m,10000,true,22,31,0,0,0,0,0,,0,0,180000000,180000000,0,0,0,ok,,
1931,,,,cantools__cantools.0c6a7871.combine_file__1w4tyzon.rbvfrj8m,7,cantools__cantools.0c6a7871.combine_file__1w4tyzon.rbvfrj8m,10053,true,15,55,0,0,0,0,0,,0,0,210000000,210000000,0,0,0,ok,,
1932,,,,cantools__cantools.0c6a7871.combine_file__1w4tyzon.rbvfrj8m,8,cantools__cantools.0c6a7871.combine_file__1w4tyzon.rbvfrj8m,10123,true,637,47,0,0,0,0,0,,0,0,240000000,240000000,0,0,0,ok,,
1933,,,,cantools__cantools.0c6a7871.combine_file__1w4tyzon.rbvfrj8m,9,cantools__cantools.0c6a7871.combine_file__1w4tyzon.rbvfrj8m,10807,true,854,47,0,0,0,0,0,,0,0,270000000,270000000,0,0,0,ok,,
1934,,,,cantools__cantools.0c6a7871.combine_file__1w4tyzon.rbvfrj8m,10,cantools__cantools.0c6a7871.combine_file__1w4tyzon.rbvfrj8m,11708,true,823,47,0,0,0,0,0,,0,0,300000000,300000000,0,0,0,ok,,
1935,,,,cantools__cantools.0c6a7871.combine_file__1w4tyzon.rbvfrj8m,11,cantools__cantools.0c6a7871.combine_file__1w4tyzon.rbvfrj8m,12578,true,707,47,0,0,0,0,0,,0,0,330000000,330000000,0,0,0,ok,,
1936,,,,cantools__cantools.0c6a7871.combine_file__1w4tyzon.rbvfrj8m,12,cantools__cantools.0c6a7871.combine_file__1w4tyzon.rbvfrj8m,13332,true,2169,54,0,0,0,0,0,,0,0,360000000,360000000,0,0,0,ok,,
1937,,,,cantools__cantools.0c6a7871.combine_file__1w4tyzon.rbvfrj8m,13,cantools__cantools.0c6a7871.combine_file__1w4tyzon.rbvfrj8m,15555,true,452,62,0,0,0,0,0,,0,0,390000000,390000000,0,0,0,ok,,
1938,,,,cantools__cantools.0c6a7871.combine_file__1w4tyzon.rbvfrj8m,14,cantools__cantools.0c6a7871.combine_file__1w4tyzon.rbvfrj8m,16069,true,809,478,0,0,0,0,0,,0,0,420000000,420000000,0,0,0,ok,,
1939,,,,cantools__cantools.0c6a7871.combine_file__1w4tyzon.rbvfrj8m,15,cantools__cantools.0c6a7871.combine_file__1w4tyzon.rbvfrj8m,17356,true,23,34,0,0,0,0,0,,0,0,450000000,450000000,0,0,0,ok,,
1940,,,,cantools__cantools.0c6a7871.combine_file__1w4tyzon.rbvfrj8m,16,cantools__cantools.0c6a7871.combine_file__1w4tyzon.rbvfrj8m,17413,true,51,183,0,0,0,0,0,,0,0,480000000,480000000,0,0,0,ok,,
1941,,,,cantools__cantools.0c6a7871.combine_file__1w4tyzon.rbvfrj8m,17,cantools__cantools.0c6a7871.combine_file__1w4tyzon.rbvfrj8m,17647,true,213,255,0,0,0,0,0,,0,0,510000000,510000000,0,0,0,ok,,
1942,,,,cantools__cantools.0c6a7871.combine_file__1w4tyzon.rbvfrj8m,18,cantools__cantools.0c6a7871.combine_file__1w4tyzon.rbvfrj8m,18115,true,332,278,0,0,0,0,0,,0,0,540000000,540000000,0,0,0,ok,,
1943,,,,cantools__cantools.0c6a7871.combine_file__1w4tyzon.rbvfrj8m,19,cantools__cantools.0c6a7871.combine_file__1w4tyzon.rbvfrj8m,18725,true,309,179,0,0,0,0,0,,0,0,570000000,570000000,0,0,0,ok,,
1944,,,,cantools__cantools.0c6a7871.combine_file__1w4tyzon.rbvfrj8m,20,cantools__cantools.0c6a7871.combine_file__1w4tyzon.rbvfrj8m,19213,true,231,52,0,0,0,0,0,,0,0,600000000,600000000,0,0,0,ok,,
1945,,,,cantools__cantools.0c6a7871.combine_file__1w4tyzon.rbvfrj8m,21,cantools__cantools.0c6a7871.combine_file__1w4tyzon.rbvfrj8m,19496,true,153,62,0,0,0,0,0,,0,0,630000000,630000000,0,0,0,ok,,
1946,,,,cantools__cantools.0c6a7871.combine_file__1w4tyzon.rbvfrj8m,22,cantools__cantools.0c6a7871.combine_file__1w4tyzon.rbvfrj8m,19711,true,66,1157,0,0,0,0,0,,0,0,660000000,660000000,0,0,0,ok,,
1947,,,,cantools__cantools.0c6a7871.combine_file__1w4tyzon.rbvfrj8m,23,cantools__cantools.0c6a7871.combine_file__1w4tyzon.rbvfrj8m,20934,true,23,31,0,0,0,0,0,,0,0,690000000,690000000,0,0,0,ok,,
1948,,,,cantools__cantools.0c6a7871.combine_file__1w4tyzon.rbvfrj8m,24,cantools__cantools.0c6a7871.combine_file__1w4tyzon.rbvfrj8m,20988,true,401,1531,0,0,0,0,0,,0,0,720000000,720000000,0,0,0,ok,,
1949,,,,cantools__cantools.0c6a7871.combine_file__1w4tyzon.rbvfrj8m,25,cantools__cantools.0c6a7871.combine_file__1w4tyzon.rbvfrj8m,22920,true,1351,33,0,0,0,0,0,,0,0,750000000,750000000,0,0,0,ok,,
1950,,,,cantools__cantools.0c6a7871.combine_file__1w4tyzon.rbvfrj8m,26,cantools__cantools.0c6a7871.combine_file__1w4tyzon.rbvfrj8m,24304,true,477,326,0,0,0,0,0,,0,0,780000000,780000000,0,0,0,ok,,
1951,,,,cantools__cantools.0c6a7871.combine_file__1w4tyzon.rbvfrj8m,27,cantools__cantools.0c6a7871.combine_file__1w4tyzon.rbvfrj8m,25107,true,3013,40,0,0,0,0,0,,0,0,810000000,810000000,0,0,0,ok,,
1952,,,,cantools__cantools.0c6a7871.combine_file__1w4tyzon.rbvfrj8m,28,cantools__cantools.0c6a7871.combine_file__1w4tyzon.rbvfrj8m,28160,true,20,13,0,0,0,0,0,,0,0,840000000,840000000,0,0,0,ok,,
1953,,,,kurtmckee__feedparser.cad965a3.pr_334.91lr429w,0,swe_smith_system_prompt,978,true,823,112,0,0,0,0,0,,0,0,0,0,0,0,0,ok,,
1954,,,,kurtmckee__feedparser.cad965a3.pr_334.91lr429w,1,kurtmckee__feedparser.cad965a3.pr_334.91lr429w,1913,true,674,67,0,0,0,0,0,,0,0,30000000,30000000,0,0,0,ok,,
1955,,,,kurtmckee__feedparser.cad965a3.pr_334.91lr429w,2,kurtmckee__feedparser.cad965a3.pr_334.91lr429w,2654,true,1113,60,0,0,0,0,0,,0,0,60000000,60000000,0,0,0,ok,,
1956,,,,kurtmckee__feedparser.cad965a3.pr_334.91lr429w,3,kurtmckee__feedparser.cad965a3.pr_334.91lr429w,3827,true,5920,230,0,0,0,0,0,,0,0,90000000,90000000,0,0,0,ok,,
1957,,,,kurtmckee__feedparser.cad965a3.pr_334.91lr429w,4,kurtmckee__feedparser.cad965a3.pr_334.91lr429w,9977,true,23,35,0,0,0,0,0,,0,0,120000000,120000000,0,0,0,ok,,
1958,,,,kurtmckee__feedparser.cad965a3.pr_334.91lr429w,5,kurtmckee__feedparser.cad965a3.pr_334.91lr429w,10035,true,131,210,0,0,0,0,0,,0,0,150000000,150000000,0,0,0,ok,,
1959,,,,kurtmckee__feedparser.cad965a3.pr_334.91lr429w,6,kurtmckee__feedparser.cad965a3.pr_334.91lr429w,10376,true,304,94,0,0,0,0,0,,0,0,180000000,180000000,0,0,0,ok,,
1960,,,,kurtmckee__feedparser.cad965a3.pr_334.91lr429w,7,kurtmckee__feedparser.cad965a3.pr_334.91lr429w,10774,true,6,432,0,0,0,0,0,,0,0,210000000,210000000,0,0,0,ok,,
1961,,,,kurtmckee__feedparser.cad965a3.pr_334.91lr429w,8,kurtmckee__feedparser.cad965a3.pr_334.91lr429w,11212,true,26,32,0,0,0,0,0,,0,0,240000000,240000000,0,0,0,ok,,
1962,,,,kurtmckee__feedparser.cad965a3.pr_334.91lr429w,9,kurtmckee__feedparser.cad965a3.pr_334.91lr429w,11270,true,66,79,0,0,0,0,0,,0,0,270000000,270000000,0,0,0,ok,,
1963,,,,kurtmckee__feedparser.cad965a3.pr_334.91lr429w,10,kurtmckee__feedparser.cad965a3.pr_334.91lr429w,11415,true,221,43,0,0,0,0,0,,0,0,300000000,300000000,0,0,0,ok,,
1964,,,,kurtmckee__feedparser.cad965a3.pr_334.91lr429w,11,kurtmckee__feedparser.cad965a3.pr_334.91lr429w,11679,true,485,60,0,0,0,0,0,,0,0,330000000,330000000,0,0,0,ok,,
1965,,,,kurtmckee__feedparser.cad965a3.pr_334.91lr429w,12,kurtmckee__feedparser.cad965a3.pr_334.91lr429w,12224,true,74,29,0,0,0,0,0,,0,0,360000000,360000000,0,0,0,ok,,
1966,,,,kurtmckee__feedparser.cad965a3.pr_334.91lr429w,13,kurtmckee__feedparser.cad965a3.pr_334.91lr429w,12327,true,53,168,0,0,0,0,0,,0,0,390000000,390000000,0,0,0,ok,,
1967,,,,kurtmckee__feedparser.cad965a3.pr_334.91lr429w,14,kurtmckee__feedparser.cad965a3.pr_334.91lr429w,12548,true,1074,42,0,0,0,0,0,,0,0,420000000,420000000,0,0,0,ok,,
1968,,,,kurtmckee__feedparser.cad965a3.pr_334.91lr429w,15,kurtmckee__feedparser.cad965a3.pr_334.91lr429w,13664,true,20,13,0,0,0,0,0,,0,0,450000000,450000000,0,0,0,ok,,
1969,,,,facebookresearch__fvcore.a491d5b9.func_pm_ctrl_shuffle__qktgu5i3.isczqw0f,0,swe_smith_system_prompt,978,true,820,98,0,0,0,0,0,,0,0,0,0,0,0,0,ok,,
1970,,,,facebookresearch__fvcore.a491d5b9.func_pm_ctrl_shuffle__qktgu5i3.isczqw0f,1,facebookresearch__fvcore.a491d5b9.func_pm_ctrl_shuffle__qktgu5i3.isczqw0f,1896,true,15,68,0,0,0,0,0,,0,0,30000000,30000000,0,0,0,ok,,
1971,,,,facebookresearch__fvcore.a491d5b9.func_pm_ctrl_shuffle__qktgu5i3.isczqw0f,2,facebookresearch__fvcore.a491d5b9.func_pm_ctrl_shuffle__qktgu5i3.isczqw0f,1979,true,3946,50,0,0,0,0,0,,0,0,60000000,60000000,0,0,0,ok,,
1972,,,,facebookresearch__fvcore.a491d5b9.func_pm_ctrl_shuffle__qktgu5i3.isczqw0f,3,facebookresearch__fvcore.a491d5b9.func_pm_ctrl_shuffle__qktgu5i3.isczqw0f,5975,true,30,49,0,0,0,0,0,,0,0,90000000,90000000,0,0,0,ok,,
1973,,,,facebookresearch__fvcore.a491d5b9.func_pm_ctrl_shuffle__qktgu5i3.isczqw0f,4,facebookresearch__fvcore.a491d5b9.func_pm_ctrl_shuffle__qktgu5i3.isczqw0f,6054,true,1897,140,0,0,0,0,0,,0,0,120000000,120000000,0,0,0,ok,,
1974,,,,facebookresearch__fvcore.a491d5b9.func_pm_ctrl_shuffle__qktgu5i3.isczqw0f,5,facebookresearch__fvcore.a491d5b9.func_pm_ctrl_shuffle__qktgu5i3.isczqw0f,8091,true,23,37,0,0,0,0,0,,0,0,150000000,150000000,0,0,0,ok,,
1975,,,,facebookresearch__fvcore.a491d5b9.func_pm_ctrl_shuffle__qktgu5i3.isczqw0f,6,facebookresearch__fvcore.a491d5b9.func_pm_ctrl_shuffle__qktgu5i3.isczqw0f,8151,true,183,392,0,0,0,0,0,,0,0,180000000,180000000,0,0,0,ok,,
1976,,,,facebookresearch__fvcore.a491d5b9.func_pm_ctrl_shuffle__qktgu5i3.isczqw0f,7,facebookresearch__fvcore.a491d5b9.func_pm_ctrl_shuffle__qktgu5i3.isczqw0f,8726,true,333,121,0,0,0,0,0,,0,0,210000000,210000000,0,0,0,ok,,
1977,,,,facebookresearch__fvcore.a491d5b9.func_pm_ctrl_shuffle__qktgu5i3.isczqw0f,8,facebookresearch__fvcore.a491d5b9.func_pm_ctrl_shuffle__qktgu5i3.isczqw0f,9180,true,10,346,0,0,0,0,0,,0,0,240000000,240000000,0,0,0,ok,,
1978,,,,facebookresearch__fvcore.a491d5b9.func_pm_ctrl_shuffle__qktgu5i3.isczqw0f,9,facebookresearch__fvcore.a491d5b9.func_pm_ctrl_shuffle__qktgu5i3.isczqw0f,9536,true,23,24,0,0,0,0,0,,0,0,270000000,270000000,0,0,0,ok,,
1979,,,,facebookresearch__fvcore.a491d5b9.func_pm_ctrl_shuffle__qktgu5i3.isczqw0f,10,facebookresearch__fvcore.a491d5b9.func_pm_ctrl_shuffle__qktgu5i3.isczqw0f,9583,true,34,344,0,0,0,0,0,,0,0,300000000,300000000,0,0,0,ok,,
1980,,,,facebookresearch__fvcore.a491d5b9.func_pm_ctrl_shuffle__qktgu5i3.isczqw0f,11,facebookresearch__fvcore.a491d5b9.func_pm_ctrl_shuffle__qktgu5i3.isczqw0f,9961,true,378,366,0,0,0,0,0,,0,0,330000000,330000000,0,0,0,ok,,
1981,,,,facebookresearch__fvcore.a491d5b9.func_pm_ctrl_shuffle__qktgu5i3.isczqw0f,12,facebookresearch__fvcore.a491d5b9.func_pm_ctrl_shuffle__qktgu5i3.isczqw0f,10705,true,24,25,0,0,0,0,0,,0,0,360000000,360000000,0,0,0,ok,,
1982,,,,facebookresearch__fvcore.a491d5b9.func_pm_ctrl_shuffle__qktgu5i3.isczqw0f,13,facebookresearch__fvcore.a491d5b9.func_pm_ctrl_shuffle__qktgu5i3.isczqw0f,10754,true,1103,257,0,0,0,0,0,,0,0,390000000,390000000,0,0,0,ok,,
1983,,,,facebookresearch__fvcore.a491d5b9.func_pm_ctrl_shuffle__qktgu5i3.isczqw0f,14,facebookresearch__fvcore.a491d5b9.func_pm_ctrl_shuffle__qktgu5i3.isczqw0f,12114,true,285,32,0,0,0,0,0,,0,0,420000000,420000000,0,0,0,ok,,
1984,,,,facebookresearch__fvcore.a491d5b9.func_pm_ctrl_shuffle__qktgu5i3.isczqw0f,15,facebookresearch__fvcore.a491d5b9.func_pm_ctrl_shuffle__qktgu5i3.isczqw0f,12431,true,179,236,0,0,0,0,0,,0,0,450000000,450000000,0,0,0,ok,,
1985,,,,facebookresearch__fvcore.a491d5b9.func_pm_ctrl_shuffle__qktgu5i3.isczqw0f,16,facebookresearch__fvcore.a491d5b9.func_pm_ctrl_shuffle__qktgu5i3.isczqw0f,12846,true,8037,49,0,0,0,0,0,,0,0,480000000,480000000,0,0,0,ok,,
1986,,,,facebookresearch__fvcore.a491d5b9.func_pm_ctrl_shuffle__qktgu5i3.isczqw0f,17,facebookresearch__fvcore.a491d5b9.func_pm_ctrl_shuffle__qktgu5i3.isczqw0f,20932,true,20,7,0,0,0,0,0,,0,0,510000000,510000000,0,0,0,ok,,
1987,,,,seatgeek__thefuzz.8a05a3ee.lm_rewrite__8m940ky9.z4ujoc4e,0,swe_smith_system_prompt,978,true,673,76,0,0,0,0,0,,0,0,0,0,0,0,0,ok,,
1988,,,,seatgeek__thefuzz.8a05a3ee.lm_rewrite__8m940ky9.z4ujoc4e,1,seatgeek__thefuzz.8a05a3ee.lm_rewrite__8m940ky9.z4ujoc4e,1727,true,87,41,0,0,0,0,0,,0,0,30000000,30000000,0,0,0,ok,,
1989,,,,seatgeek__thefuzz.8a05a3ee.lm_rewrite__8m940ky9.z4ujoc4e,2,seatgeek__thefuzz.8a05a3ee.lm_rewrite__8m940ky9.z4ujoc4e,1855,true,197,73,0,0,0,0,0,,0,0,60000000,60000000,0,0,0,ok,,
1990,,,,seatgeek__thefuzz.8a05a3ee.lm_rewrite__8m940ky9.z4ujoc4e,3,seatgeek__thefuzz.8a05a3ee.lm_rewrite__8m940ky9.z4ujoc4e,2125,true,4779,54,0,0,0,0,0,,0,0,90000000,90000000,0,0,0,ok,,
1991,,,,seatgeek__thefuzz.8a05a3ee.lm_rewrite__8m940ky9.z4ujoc4e,4,seatgeek__thefuzz.8a05a3ee.lm_rewrite__8m940ky9.z4ujoc4e,6958,true,257,51,0,0,0,0,0,,0,0,120000000,120000000,0,0,0,ok,,
1992,,,,seatgeek__thefuzz.8a05a3ee.lm_rewrite__8m940ky9.z4ujoc4e,5,seatgeek__thefuzz.8a05a3ee.lm_rewrite__8m940ky9.z4ujoc4e,7266,true,2141,158,0,0,0,0,0,,0,0,150000000,150000000,0,0,0,ok,,
1993,,,,seatgeek__thefuzz.8a05a3ee.lm_rewrite__8m940ky9.z4ujoc4e,6,seatgeek__thefuzz.8a05a3ee.lm_rewrite__8m940ky9.z4ujoc4e,9565,true,23,34,0,0,0,0,0,,0,0,180000000,180000000,0,0,0,ok,,
1994,,,,seatgeek__thefuzz.8a05a3ee.lm_rewrite__8m940ky9.z4ujoc4e,7,seatgeek__thefuzz.8a05a3ee.lm_rewrite__8m940ky9.z4ujoc4e,9622,true,36,523,0,0,0,0,0,,0,0,210000000,210000000,0,0,0,ok,,
1995,,,,seatgeek__thefuzz.8a05a3ee.lm_rewrite__8m940ky9.z4ujoc4e,8,seatgeek__thefuzz.8a05a3ee.lm_rewrite__8m940ky9.z4ujoc4e,10181,true,284,38,0,0,0,0,0,,0,0,240000000,240000000,0,0,0,ok,,
1996,,,,seatgeek__thefuzz.8a05a3ee.lm_rewrite__8m940ky9.z4ujoc4e,9,seatgeek__thefuzz.8a05a3ee.lm_rewrite__8m940ky9.z4ujoc4e,10503,true,33,617,0,0,0,0,0,,0,0,270000000,270000000,0,0,0,ok,,
1997,,,,seatgeek__thefuzz.8a05a3ee.lm_rewrite__8m940ky9.z4ujoc4e,10,seatgeek__thefuzz.8a05a3ee.lm_rewrite__8m940ky9.z4ujoc4e,11153,true,23,31,0,0,0,0,0,,0,0,300000000,300000000,0,0,0,ok,,
1998,,,,seatgeek__thefuzz.8a05a3ee.lm_rewrite__8m940ky9.z4ujoc4e,11,seatgeek__thefuzz.8a05a3ee.lm_rewrite__8m940ky9.z4ujoc4e,11207,true,753,301,0,0,0,0,0,,0,0,330000000,330000000,0,0,0,ok,,
1999,,,,seatgeek__thefuzz.8a05a3ee.lm_rewrite__8m940ky9.z4ujoc4e,12,seatgeek__thefuzz.8a05a3ee.lm_rewrite__8m940ky9.z4ujoc4e,12261,true,1419,40,0,0,0,0,0,,0,0,360000000,360000000,0,0,0,ok,,
2000,,,,seatgeek__thefuzz.8a05a3ee.lm_rewrite__8m940ky9.z4ujoc4e,13,seatgeek__thefuzz.8a05a3ee.lm_rewrite__8m940ky9.z4ujoc4e,13720,true,20,13,0,0,0,0,0,,0,0,390000000,390000000,0,0,0,ok,,
2001,,,,pygments__pygments.27649ebb.lm_rewrite__0qeog39g.sq9az265,0,swe_smith_system_prompt,978,true,1148,89,0,0,0,0,0,,0,0,0,0,0,0,0,ok,,
2002,,,,pygments__pygments.27649ebb.lm_rewrite__0qeog39g.sq9az265,1,pygments__pygments.27649ebb.lm_rewrite__0qeog39g.sq9az265,2215,true,45,66,0,0,0,0,0,,0,0,30000000,30000000,0,0,0,ok,,
2003,,,,pygments__pygments.27649ebb.lm_rewrite__0qeog39g.sq9az265,2,pygments__pygments.27649ebb.lm_rewrite__0qeog39g.sq9az265,2326,true,4453,63,0,0,0,0,0,,0,0,60000000,60000000,0,0,0,ok,,
2004,,,,pygments__pygments.27649ebb.lm_rewrite__0qeog39g.sq9az265,3,pygments__pygments.27649ebb.lm_rewrite__0qeog39g.sq9az265,6842,true,5825,55,0,0,0,0,0,,0,0,90000000,90000000,0,0,0,ok,,
2005,,,,pygments__pygments.27649ebb.lm_rewrite__0qeog39g.sq9az265,4,pygments__pygments.27649ebb.lm_rewrite__0qeog39g.sq9az265,12722,true,12,31,0,0,0,0,0,,0,0,120000000,120000000,0,0,0,ok,,
2006,,,,pygments__pygments.27649ebb.lm_rewrite__0qeog39g.sq9az265,5,pygments__pygments.27649ebb.lm_rewrite__0qeog39g.sq9az265,12765,true,10,32,0,0,0,0,0,,0,0,150000000,150000000,0,0,0,ok,,
2007,,,,pygments__pygments.27649ebb.lm_rewrite__0qeog39g.sq9az265,6,pygments__pygments.27649ebb.lm_rewrite__0qeog39g.sq9az265,12807,true,11,33,0,0,0,0,0,,0,0,180000000,180000000,0,0,0,ok,,
2008,,,,pygments__pygments.27649ebb.lm_rewrite__0qeog39g.sq9az265,7,pygments__pygments.27649ebb.lm_rewrite__0qeog39g.sq9az265,12851,true,12,54,0,0,0,0,0,,0,0,210000000,210000000,0,0,0,ok,,
2009,,,,pygments__pygments.27649ebb.lm_rewrite__0qeog39g.sq9az265,8,pygments__pygments.27649ebb.lm_rewrite__0qeog39g.sq9az265,12917,true,887,240,0,0,0,0,0,,0,0,240000000,240000000,0,0,0,ok,,
2010,,,,pygments__pygments.27649ebb.lm_rewrite__0qeog39g.sq9az265,9,pygments__pygments.27649ebb.lm_rewrite__0qeog39g.sq9az265,14044,true,23,37,0,0,0,0,0,,0,0,270000000,270000000,0,0,0,ok,,
2011,,,,pygments__pygments.27649ebb.lm_rewrite__0qeog39g.sq9az265,10,pygments__pygments.27649ebb.lm_rewrite__0qeog39g.sq9az265,14104,true,947,621,0,0,0,0,0,,0,0,300000000,300000000,0,0,0,ok,,
2012,,,,pygments__pygments.27649ebb.lm_rewrite__0qeog39g.sq9az265,11,pygments__pygments.27649ebb.lm_rewrite__0qeog39g.sq9az265,15672,true,534,46,0,0,0,0,0,,0,0,330000000,330000000,0,0,0,ok,,
2013,,,,pygments__pygments.27649ebb.lm_rewrite__0qeog39g.sq9az265,12,pygments__pygments.27649ebb.lm_rewrite__0qeog39g.sq9az265,16252,true,1595,1305,0,0,0,0,0,,0,0,360000000,360000000,0,0,0,ok,,
2014,,,,pygments__pygments.27649ebb.lm_rewrite__0qeog39g.sq9az265,13,pygments__pygments.27649ebb.lm_rewrite__0qeog39g.sq9az265,19152,true,990,114,0,0,0,0,0,,0,0,390000000,390000000,0,0,0,ok,,
2015,,,,pygments__pygments.27649ebb.lm_rewrite__0qeog39g.sq9az265,14,pygments__pygments.27649ebb.lm_rewrite__0qeog39g.sq9az265,20256,true,1639,484,0,0,0,0,0,,0,0,420000000,420000000,0,0,0,ok,,
2016,,,,pygments__pygments.27649ebb.lm_rewrite__0qeog39g.sq9az265,15,pygments__pygments.27649ebb.lm_rewrite__0qeog39g.sq9az265,22379,true,21,31,0,0,0,0,0,,0,0,450000000,450000000,0,0,0,ok,,
2017,,,,pygments__pygments.27649ebb.lm_rewrite__0qeog39g.sq9az265,16,pygments__pygments.27649ebb.lm_rewrite__0qeog39g.sq9az265,22431,true,1835,368,0,0,0,0,0,,0,0,480000000,480000000,0,0,0,ok,,
2018,,,,pygments__pygments.27649ebb.lm_rewrite__0qeog39g.sq9az265,17,pygments__pygments.27649ebb.lm_rewrite__0qeog39g.sq9az265,24634,true,22,29,0,0,0,0,0,,0,0,510000000,510000000,0,0,0,ok,,
2019,,,,pygments__pygments.27649ebb.lm_rewrite__0qeog39g.sq9az265,18,pygments__pygments.27649ebb.lm_rewrite__0qeog39g.sq9az265,24685,true,978,294,0,0,0,0,0,,0,0,540000000,540000000,0,0,0,ok,,
2020,,,,pygments__pygments.27649ebb.lm_rewrite__0qeog39g.sq9az265,19,pygments__pygments.27649ebb.lm_rewrite__0qeog39g.sq9az265,25957,true,1826,46,0,0,0,0,0,,0,0,570000000,570000000,0,0,0,ok,,
2021,,,,pygments__pygments.27649ebb.lm_rewrite__0qeog39g.sq9az265,20,pygments__pygments.27649ebb.lm_rewrite__0qeog39g.sq9az265,27829,true,20,7,0,0,0,0,0,,0,0,600000000,600000000,0,0,0,ok,,
2022,,,,pandas-dev__pandas.95280573.pr_50331.tlhhsf4k,0,swe_smith_system_prompt,978,true,508,67,0,0,0,0,0,,0,0,0,0,0,0,0,ok,,
2023,,,,pandas-dev__pandas.95280573.pr_50331.tlhhsf4k,1,pandas-dev__pandas.95280573.pr_50331.tlhhsf4k,1553,true,990,69,0,0,0,0,0,,0,0,30000000,30000000,0,0,0,ok,,
2024,,,,pandas-dev__pandas.95280573.pr_50331.tlhhsf4k,2,pandas-dev__pandas.95280573.pr_50331.tlhhsf4k,2612,true,5173,64,0,0,0,0,0,,0,0,60000000,60000000,0,0,0,ok,,
2025,,,,pandas-dev__pandas.95280573.pr_50331.tlhhsf4k,3,pandas-dev__pandas.95280573.pr_50331.tlhhsf4k,7849,true,221,225,0,0,0,0,0,,0,0,90000000,90000000,0,0,0,ok,,
2026,,,,pandas-dev__pandas.95280573.pr_50331.tlhhsf4k,4,pandas-dev__pandas.95280573.pr_50331.tlhhsf4k,8295,true,22,31,0,0,0,0,0,,0,0,120000000,120000000,0,0,0,ok,,
2027,,,,pandas-dev__pandas.95280573.pr_50331.tlhhsf4k,5,pandas-dev__pandas.95280573.pr_50331.tlhhsf4k,8348,true,426,42,0,0,0,0,0,,0,0,150000000,150000000,0,0,0,ok,,
2028,,,,pandas-dev__pandas.95280573.pr_50331.tlhhsf4k,6,pandas-dev__pandas.95280573.pr_50331.tlhhsf4k,8816,true,853,38,0,0,0,0,0,,0,0,180000000,180000000,0,0,0,ok,,
2029,,,,pandas-dev__pandas.95280573.pr_50331.tlhhsf4k,7,pandas-dev__pandas.95280573.pr_50331.tlhhsf4k,9707,true,43,39,0,0,0,0,0,,0,0,210000000,210000000,0,0,0,ok,,
2030,,,,pandas-dev__pandas.95280573.pr_50331.tlhhsf4k,8,pandas-dev__pandas.95280573.pr_50331.tlhhsf4k,9789,true,405,37,0,0,0,0,0,,0,0,240000000,240000000,0,0,0,ok,,
2031,,,,pandas-dev__pandas.95280573.pr_50331.tlhhsf4k,9,pandas-dev__pandas.95280573.pr_50331.tlhhsf4k,10231,true,57,416,0,0,0,0,0,,0,0,270000000,270000000,0,0,0,ok,,
2032,,,,pandas-dev__pandas.95280573.pr_50331.tlhhsf4k,10,pandas-dev__pandas.95280573.pr_50331.tlhhsf4k,10704,true,472,240,0,0,0,0,0,,0,0,300000000,300000000,0,0,0,ok,,
2033,,,,pandas-dev__pandas.95280573.pr_50331.tlhhsf4k,11,pandas-dev__pandas.95280573.pr_50331.tlhhsf4k,11416,true,1609,284,0,0,0,0,0,,0,0,330000000,330000000,0,0,0,ok,,
2034,,,,pandas-dev__pandas.95280573.pr_50331.tlhhsf4k,12,pandas-dev__pandas.95280573.pr_50331.tlhhsf4k,13309,true,21,22,0,0,0,0,0,,0,0,360000000,360000000,0,0,0,ok,,
2035,,,,pandas-dev__pandas.95280573.pr_50331.tlhhsf4k,13,pandas-dev__pandas.95280573.pr_50331.tlhhsf4k,13352,true,29,673,0,0,0,0,0,,0,0,390000000,390000000,0,0,0,ok,,
2036,,,,pandas-dev__pandas.95280573.pr_50331.tlhhsf4k,14,pandas-dev__pandas.95280573.pr_50331.tlhhsf4k,14054,true,717,45,0,0,0,0,0,,0,0,420000000,420000000,0,0,0,ok,,
2037,,,,pandas-dev__pandas.95280573.pr_50331.tlhhsf4k,15,pandas-dev__pandas.95280573.pr_50331.tlhhsf4k,14816,true,42,303,0,0,0,0,0,,0,0,450000000,450000000,0,0,0,ok,,
2038,,,,pandas-dev__pandas.95280573.pr_50331.tlhhsf4k,16,pandas-dev__pandas.95280573.pr_50331.tlhhsf4k,15161,true,420,310,0,0,0,0,0,,0,0,480000000,480000000,0,0,0,ok,,
2039,,,,pandas-dev__pandas.95280573.pr_50331.tlhhsf4k,17,pandas-dev__pandas.95280573.pr_50331.tlhhsf4k,15891,true,346,47,0,0,0,0,0,,0,0,510000000,510000000,0,0,0,ok,,
2040,,,,pandas-dev__pandas.95280573.pr_50331.tlhhsf4k,18,pandas-dev__pandas.95280573.pr_50331.tlhhsf4k,16284,true,45,396,0,0,0,0,0,,0,0,540000000,540000000,0,0,0,ok,,
2041,,,,pyutils__line_profiler.a646bf0f.127.8wrqzpyg,0,swe_smith_system_prompt,978,true,894,70,0,0,0,0,0,,0,0,0,0,0,0,0,ok,,
2042,,,,pyutils__line_profiler.a646bf0f.127.8wrqzpyg,1,pyutils__line_profiler.a646bf0f.127.8wrqzpyg,1942,true,729,70,0,0,0,0,0,,0,0,30000000,30000000,0,0,0,ok,,
2043,,,,pyutils__line_profiler.a646bf0f.127.8wrqzpyg,2,pyutils__line_profiler.a646bf0f.127.8wrqzpyg,2741,true,5433,172,0,0,0,0,0,,0,0,60000000,60000000,0,0,0,ok,,
2044,,,,pyutils__line_profiler.a646bf0f.127.8wrqzpyg,3,pyutils__line_profiler.a646bf0f.127.8wrqzpyg,8346,true,21,31,0,0,0,0,0,,0,0,90000000,90000000,0,0,0,ok,,
2045,,,,pyutils__line_profiler.a646bf0f.127.8wrqzpyg,4,pyutils__line_profiler.a646bf0f.127.8wrqzpyg,8398,true,285,39,0,0,0,0,0,,0,0,120000000,120000000,0,0,0,ok,,
2046,,,,pyutils__line_profiler.a646bf0f.127.8wrqzpyg,5,pyutils__line_profiler.a646bf0f.127.8wrqzpyg,8722,true,467,36,0,0,0,0,0,,0,0,150000000,150000000,0,0,0,ok,,
2047,,,,pyutils__line_profiler.a646bf0f.127.8wrqzpyg,6,pyutils__line_profiler.a646bf0f.127.8wrqzpyg,9225,true,103,331,0,0,0,0,0,,0,0,180000000,180000000,0,0,0,ok,,
2048,,,,pyutils__line_profiler.a646bf0f.127.8wrqzpyg,7,pyutils__line_profiler.a646bf0f.127.8wrqzpyg,9659,true,400,43,0,0,0,0,0,,0,0,210000000,210000000,0,0,0,ok,,
2049,,,,pyutils__line_profiler.a646bf0f.127.8wrqzpyg,8,pyutils__line_profiler.a646bf0f.127.8wrqzpyg,10102,true,103,59,0,0,0,0,0,,0,0,240000000,240000000,0,0,0,ok,,
2050,,,,rubik__radon.54b88e58.lm_rewrite__w9pylnzu.k0b3poyt,0,swe_smith_system_prompt,978,true,865,97,0,0,0,0,0,,0,0,0,0,0,0,0,ok,,
2051,,,,rubik__radon.54b88e58.lm_rewrite__w9pylnzu.k0b3poyt,1,rubik__radon.54b88e58.lm_rewrite__w9pylnzu.k0b3poyt,1940,true,344,88,0,0,0,0,0,,0,0,30000000,30000000,0,0,0,ok,,
2052,,,,rubik__radon.54b88e58.lm_rewrite__w9pylnzu.k0b3poyt,2,rubik__radon.54b88e58.lm_rewrite__w9pylnzu.k0b3poyt,2372,true,2324,55,0,0,0,0,0,,0,0,60000000,60000000,0,0,0,ok,,
2053,,,,rubik__radon.54b88e58.lm_rewrite__w9pylnzu.k0b3poyt,3,rubik__radon.54b88e58.lm_rewrite__w9pylnzu.k0b3poyt,4751,true,6337,59,0,0,0,0,0,,0,0,90000000,90000000,0,0,0,ok,,
2054,,,,rubik__radon.54b88e58.lm_rewrite__w9pylnzu.k0b3poyt,4,rubik__radon.54b88e58.lm_rewrite__w9pylnzu.k0b3poyt,11147,true,880,383,0,0,0,0,0,,0,0,120000000,120000000,0,0,0,ok,,
2055,,,,rubik__radon.54b88e58.lm_rewrite__w9pylnzu.k0b3poyt,5,rubik__radon.54b88e58.lm_rewrite__w9pylnzu.k0b3poyt,12410,true,23,35,0,0,0,0,0,,0,0,150000000,150000000,0,0,0,ok,,
2056,,,,rubik__radon.54b88e58.lm_rewrite__w9pylnzu.k0b3poyt,6,rubik__radon.54b88e58.lm_rewrite__w9pylnzu.k0b3poyt,12468,true,164,836,0,0,0,0,0,,0,0,180000000,180000000,0,0,0,ok,,
2057,,,,rubik__radon.54b88e58.lm_rewrite__w9pylnzu.k0b3poyt,7,rubik__radon.54b88e58.lm_rewrite__w9pylnzu.k0b3poyt,13468,true,715,40,0,0,0,0,0,,0,0,210000000,210000000,0,0,0,ok,,
2058,,,,rubik__radon.54b88e58.lm_rewrite__w9pylnzu.k0b3poyt,8,rubik__radon.54b88e58.lm_rewrite__w9pylnzu.k0b3poyt,14223,true,76,701,0,0,0,0,0,,0,0,240000000,240000000,0,0,0,ok,,
2059,,,,rubik__radon.54b88e58.lm_rewrite__w9pylnzu.k0b3poyt,9,rubik__radon.54b88e58.lm_rewrite__w9pylnzu.k0b3poyt,15000,true,653,32,0,0,0,0,0,,0,0,270000000,270000000,0,0,0,ok,,
2060,,,,rubik__radon.54b88e58.lm_rewrite__w9pylnzu.k0b3poyt,10,rubik__radon.54b88e58.lm_rewrite__w9pylnzu.k0b3poyt,15685,true,195,842,0,0,0,0,0,,0,0,300000000,300000000,0,0,0,ok,,
2061,,,,rubik__radon.54b88e58.lm_rewrite__w9pylnzu.k0b3poyt,11,rubik__radon.54b88e58.lm_rewrite__w9pylnzu.k0b3poyt,16722,true,21,32,0,0,0,0,0,,0,0,330000000,330000000,0,0,0,ok,,
2062,,,,rubik__radon.54b88e58.lm_rewrite__w9pylnzu.k0b3poyt,12,rubik__radon.54b88e58.lm_rewrite__w9pylnzu.k0b3poyt,16775,true,1075,108,0,0,0,0,0,,0,0,360000000,360000000,0,0,0,ok,,
2063,,,,rubik__radon.54b88e58.lm_rewrite__w9pylnzu.k0b3poyt,13,rubik__radon.54b88e58.lm_rewrite__w9pylnzu.k0b3poyt,17958,true,20,272,0,0,0,0,0,,0,0,390000000,390000000,0,0,0,ok,,
2064,,,,rubik__radon.54b88e58.lm_rewrite__w9pylnzu.k0b3poyt,14,rubik__radon.54b88e58.lm_rewrite__w9pylnzu.k0b3poyt,18250,true,2192,42,0,0,0,0,0,,0,0,420000000,420000000,0,0,0,ok,,
2065,,,,rubik__radon.54b88e58.lm_rewrite__w9pylnzu.k0b3poyt,15,rubik__radon.54b88e58.lm_rewrite__w9pylnzu.k0b3poyt,20484,true,20,13,0,0,0,0,0,,0,0,450000000,450000000,0,0,0,ok,,
2066,,,,facebookresearch__fvcore.a491d5b9.func_pm_class_rm_base__8vxbgclf.jqw041ty,0,swe_smith_system_prompt,978,true,912,97,0,0,0,0,0,,0,0,0,0,0,0,0,ok,,
2067,,,,facebookresearch__fvcore.a491d5b9.func_pm_class_rm_base__8vxbgclf.jqw041ty,1,facebookresearch__fvcore.a491d5b9.func_pm_class_rm_base__8vxbgclf.jqw041ty,1987,true,199,73,0,0,0,0,0,,0,0,30000000,30000000,0,0,0,ok,,
2068,,,,facebookresearch__fvcore.a491d5b9.func_pm_class_rm_base__8vxbgclf.jqw041ty,2,facebookresearch__fvcore.a491d5b9.func_pm_class_rm_base__8vxbgclf.jqw041ty,2259,true,5905,68,0,0,0,0,0,,0,0,60000000,60000000,0,0,0,ok,,
2069,,,,facebookresearch__fvcore.a491d5b9.func_pm_class_rm_base__8vxbgclf.jqw041ty,3,facebookresearch__fvcore.a491d5b9.func_pm_class_rm_base__8vxbgclf.jqw041ty,8232,true,2982,362,0,0,0,0,0,,0,0,90000000,90000000,0,0,0,ok,,
2070,,,,facebookresearch__fvcore.a491d5b9.func_pm_class_rm_base__8vxbgclf.jqw041ty,4,facebookresearch__fvcore.a491d5b9.func_pm_class_rm_base__8vxbgclf.jqw041ty,11576,true,23,35,0,0,0,0,0,,0,0,120000000,120000000,0,0,0,ok,,
2071,,,,facebookresearch__fvcore.a491d5b9.func_pm_class_rm_base__8vxbgclf.jqw041ty,5,facebookresearch__fvcore.a491d5b9.func_pm_class_rm_base__8vxbgclf.jqw041ty,11634,true,126,770,0,0,0,0,0,,0,0,150000000,150000000,0,0,0,ok,,
2072,,,,facebookresearch__fvcore.a491d5b9.func_pm_class_rm_base__8vxbgclf.jqw041ty,6,facebookresearch__fvcore.a491d5b9.func_pm_class_rm_base__8vxbgclf.jqw041ty,12530,true,658,53,0,0,0,0,0,,0,0,180000000,180000000,0,0,0,ok,,
2073,,,,facebookresearch__fvcore.a491d5b9.func_pm_class_rm_base__8vxbgclf.jqw041ty,7,facebookresearch__fvcore.a491d5b9.func_pm_class_rm_base__8vxbgclf.jqw041ty,13241,true,13,798,0,0,0,0,0,,0,0,210000000,210000000,0,0,0,ok,,
2074,,,,facebookresearch__fvcore.a491d5b9.func_pm_class_rm_base__8vxbgclf.jqw041ty,8,facebookresearch__fvcore.a491d5b9.func_pm_class_rm_base__8vxbgclf.jqw041ty,14052,true,838,32,0,0,0,0,0,,0,0,240000000,240000000,0,0,0,ok,,
2075,,,,facebookresearch__fvcore.a491d5b9.func_pm_class_rm_base__8vxbgclf.jqw041ty,9,facebookresearch__fvcore.a491d5b9.func_pm_class_rm_base__8vxbgclf.jqw041ty,14922,true,190,110,0,0,0,0,0,,0,0,270000000,270000000,0,0,0,ok,,
2076,,,,facebookresearch__fvcore.a491d5b9.func_pm_class_rm_base__8vxbgclf.jqw041ty,10,facebookresearch__fvcore.a491d5b9.func_pm_class_rm_base__8vxbgclf.jqw041ty,15222,true,322,128,0,0,0,0,0,,0,0,300000000,300000000,0,0,0,ok,,
2077,,,,facebookresearch__fvcore.a491d5b9.func_pm_class_rm_base__8vxbgclf.jqw041ty,11,facebookresearch__fvcore.a491d5b9.func_pm_class_rm_base__8vxbgclf.jqw041ty,15672,true,303,558,0,0,0,0,0,,0,0,330000000,330000000,0,0,0,ok,,
2078,,,,facebookresearch__fvcore.a491d5b9.func_pm_class_rm_base__8vxbgclf.jqw041ty,12,facebookresearch__fvcore.a491d5b9.func_pm_class_rm_base__8vxbgclf.jqw041ty,16533,true,499,77,0,0,0,0,0,,0,0,360000000,360000000,0,0,0,ok,,
2079,,,,facebookresearch__fvcore.a491d5b9.func_pm_class_rm_base__8vxbgclf.jqw041ty,13,facebookresearch__fvcore.a491d5b9.func_pm_class_rm_base__8vxbgclf.jqw041ty,17109,true,168,139,0,0,0,0,0,,0,0,390000000,390000000,0,0,0,ok,,
2080,,,,facebookresearch__fvcore.a491d5b9.func_pm_class_rm_base__8vxbgclf.jqw041ty,14,facebookresearch__fvcore.a491d5b9.func_pm_class_rm_base__8vxbgclf.jqw041ty,17416,true,272,95,0,0,0,0,0,,0,0,420000000,420000000,0,0,0,ok,,
2081,,,,facebookresearch__fvcore.a491d5b9.func_pm_class_rm_base__8vxbgclf.jqw041ty,15,facebookresearch__fvcore.a491d5b9.func_pm_class_rm_base__8vxbgclf.jqw041ty,17783,true,273,147,0,0,0,0,0,,0,0,450000000,450000000,0,0,0,ok,,
2082,,,,facebookresearch__fvcore.a491d5b9.func_pm_class_rm_base__8vxbgclf.jqw041ty,16,facebookresearch__fvcore.a491d5b9.func_pm_class_rm_base__8vxbgclf.jqw041ty,18203,true,229,32,0,0,0,0,0,,0,0,480000000,480000000,0,0,0,ok,,
2083,,,,facebookresearch__fvcore.a491d5b9.func_pm_class_rm_base__8vxbgclf.jqw041ty,17,facebookresearch__fvcore.a491d5b9.func_pm_class_rm_base__8vxbgclf.jqw041ty,18464,true,196,381,0,0,0,0,0,,0,0,510000000,510000000,0,0,0,ok,,
2084,,,,facebookresearch__fvcore.a491d5b9.func_pm_class_rm_base__8vxbgclf.jqw041ty,18,facebookresearch__fvcore.a491d5b9.func_pm_class_rm_base__8vxbgclf.jqw041ty,19041,true,21,32,0,0,0,0,0,,0,0,540000000,540000000,0,0,0,ok,,
2085,,,,facebookresearch__fvcore.a491d5b9.func_pm_class_rm_base__8vxbgclf.jqw041ty,19,facebookresearch__fvcore.a491d5b9.func_pm_class_rm_base__8vxbgclf.jqw041ty,19094,true,45,761,0,0,0,0,0,,0,0,570000000,570000000,0,0,0,ok,,
2086,,,,facebookresearch__fvcore.a491d5b9.func_pm_class_rm_base__8vxbgclf.jqw041ty,20,facebookresearch__fvcore.a491d5b9.func_pm_class_rm_base__8vxbgclf.jqw041ty,19900,true,479,47,0,0,0,0,0,,0,0,600000000,600000000,0,0,0,ok,,
2087,,,,facebookresearch__fvcore.a491d5b9.func_pm_class_rm_base__8vxbgclf.jqw041ty,21,facebookresearch__fvcore.a491d5b9.func_pm_class_rm_base__8vxbgclf.jqw041ty,20426,true,37,50,0,0,0,0,0,,0,0,630000000,630000000,0,0,0,ok,,
2088,,,,facebookresearch__fvcore.a491d5b9.func_pm_class_rm_base__8vxbgclf.jqw041ty,22,facebookresearch__fvcore.a491d5b9.func_pm_class_rm_base__8vxbgclf.jqw041ty,20513,true,39,50,0,0,0,0,0,,0,0,660000000,660000000,0,0,0,ok,,
2089,,,,facebookresearch__fvcore.a491d5b9.func_pm_class_rm_base__8vxbgclf.jqw041ty,23,facebookresearch__fvcore.a491d5b9.func_pm_class_rm_base__8vxbgclf.jqw041ty,20602,true,45,266,0,0,0,0,0,,0,0,690000000,690000000,0,0,0,ok,,
2090,,,,facebookresearch__fvcore.a491d5b9.func_pm_class_rm_base__8vxbgclf.jqw041ty,24,facebookresearch__fvcore.a491d5b9.func_pm_class_rm_base__8vxbgclf.jqw041ty,20913,true,8475,44,0,0,0,0,0,,0,0,720000000,720000000,0,0,0,ok,,
2091,,,,facebookresearch__fvcore.a491d5b9.func_pm_class_rm_base__8vxbgclf.jqw041ty,25,facebookresearch__fvcore.a491d5b9.func_pm_class_rm_base__8vxbgclf.jqw041ty,29432,true,20,7,0,0,0,0,0,,0,0,750000000,750000000,0,0,0,ok,,
2092,,,,lincolnloop__python-qrcode.456b01d4.133.1vzh8oac,0,swe_smith_system_prompt,978,true,838,75,0,0,0,0,0,,0,0,0,0,0,0,0,ok,,
2093,,,,lincolnloop__python-qrcode.456b01d4.133.1vzh8oac,1,lincolnloop__python-qrcode.456b01d4.133.1vzh8oac,1891,true,6917,41,0,0,0,0,0,,0,0,30000000,30000000,0,0,0,ok,,
2094,,,,lincolnloop__python-qrcode.456b01d4.133.1vzh8oac,2,lincolnloop__python-qrcode.456b01d4.133.1vzh8oac,8849,true,10,25,0,0,0,0,0,,0,0,60000000,60000000,0,0,0,ok,,
2095,,,,lincolnloop__python-qrcode.456b01d4.133.1vzh8oac,3,lincolnloop__python-qrcode.456b01d4.133.1vzh8oac,8884,true,23,67,0,0,0,0,0,,0,0,90000000,90000000,0,0,0,ok,,
2096,,,,lincolnloop__python-qrcode.456b01d4.133.1vzh8oac,4,lincolnloop__python-qrcode.456b01d4.133.1vzh8oac,8974,true,763,275,0,0,0,0,0,,0,0,120000000,120000000,0,0,0,ok,,
2097,,,,lincolnloop__python-qrcode.456b01d4.133.1vzh8oac,5,lincolnloop__python-qrcode.456b01d4.133.1vzh8oac,10012,true,21,32,0,0,0,0,0,,0,0,150000000,150000000,0,0,0,ok,,
2098,,,,lincolnloop__python-qrcode.456b01d4.133.1vzh8oac,6,lincolnloop__python-qrcode.456b01d4.133.1vzh8oac,10065,true,33,305,0,0,0,0,0,,0,0,180000000,180000000,0,0,0,ok,,
2099,,,,lincolnloop__python-qrcode.456b01d4.133.1vzh8oac,7,lincolnloop__python-qrcode.456b01d4.133.1vzh8oac,10403,true,404,160,0,0,0,0,0,,0,0,210000000,210000000,0,0,0,ok,,
2100,,,,lincolnloop__python-qrcode.456b01d4.133.1vzh8oac,8,lincolnloop__python-qrcode.456b01d4.133.1vzh8oac,10967,true,59,208,0,0,0,0,0,,0,0,240000000,240000000,0,0,0,ok,,
2101,,,,lincolnloop__python-qrcode.456b01d4.133.1vzh8oac,9,lincolnloop__python-qrcode.456b01d4.133.1vzh8oac,11234,true,21,22,0,0,0,0,0,,0,0,270000000,270000000,0,0,0,ok,,
2102,,,,lincolnloop__python-qrcode.456b01d4.133.1vzh8oac,10,lincolnloop__python-qrcode.456b01d4.133.1vzh8oac,11277,true,83,59,0,0,0,0,0,,0,0,300000000,300000000,0,0,0,ok,,
2103,,,,arrow-py__arrow.1d70d009.lm_rewrite__0oep5tw2.p476hr6b,0,swe_smith_system_prompt,978,true,925,104,0,0,0,0,0,,0,0,0,0,0,0,0,ok,,
2104,,,,arrow-py__arrow.1d70d009.lm_rewrite__0oep5tw2.p476hr6b,1,arrow-py__arrow.1d70d009.lm_rewrite__0oep5tw2.p476hr6b,2007,true,199,62,0,0,0,0,0,,0,0,30000000,30000000,0,0,0,ok,,
2105,,,,arrow-py__arrow.1d70d009.lm_rewrite__0oep5tw2.p476hr6b,2,arrow-py__arrow.1d70d009.lm_rewrite__0oep5tw2.p476hr6b,2268,true,4447,61,0,0,0,0,0,,0,0,60000000,60000000,0,0,0,ok,,
2106,,,,arrow-py__arrow.1d70d009.lm_rewrite__0oep5tw2.p476hr6b,3,arrow-py__arrow.1d70d009.lm_rewrite__0oep5tw2.p476hr6b,6776,true,481,56,0,0,0,0,0,,0,0,90000000,90000000,0,0,0,ok,,
2107,,,,arrow-py__arrow.1d70d009.lm_rewrite__0oep5tw2.p476hr6b,4,arrow-py__arrow.1d70d009.lm_rewrite__0oep5tw2.p476hr6b,7313,true,5455,333,0,0,0,0,0,,0,0,120000000,120000000,0,0,0,ok,,
2108,,,,arrow-py__arrow.1d70d009.lm_rewrite__0oep5tw2.p476hr6b,5,arrow-py__arrow.1d70d009.lm_rewrite__0oep5tw2.p476hr6b,13101,true,23,36,0,0,0,0,0,,0,0,150000000,150000000,0,0,0,ok,,
2109,,,,arrow-py__arrow.1d70d009.lm_rewrite__0oep5tw2.p476hr6b,6,arrow-py__arrow.1d70d009.lm_rewrite__0oep5tw2.p476hr6b,13160,true,80,618,0,0,0,0,0,,0,0,180000000,180000000,0,0,0,ok,,
2110,,,,arrow-py__arrow.1d70d009.lm_rewrite__0oep5tw2.p476hr6b,7,arrow-py__arrow.1d70d009.lm_rewrite__0oep5tw2.p476hr6b,13858,true,310,54,0,0,0,0,0,,0,0,210000000,210000000,0,0,0,ok,,
2111,,,,arrow-py__arrow.1d70d009.lm_rewrite__0oep5tw2.p476hr6b,8,arrow-py__arrow.1d70d009.lm_rewrite__0oep5tw2.p476hr6b,14222,true,277,56,0,0,0,0,0,,0,0,240000000,240000000,0,0,0,ok,,
2112,,,,arrow-py__arrow.1d70d009.lm_rewrite__0oep5tw2.p476hr6b,9,arrow-py__arrow.1d70d009.lm_rewrite__0oep5tw2.p476hr6b,14555,true,334,64,0,0,0,0,0,,0,0,270000000,270000000,0,0,0,ok,,
2113,,,,arrow-py__arrow.1d70d009.lm_rewrite__0oep5tw2.p476hr6b,10,arrow-py__arrow.1d70d009.lm_rewrite__0oep5tw2.p476hr6b,14953,true,305,55,0,0,0,0,0,,0,0,300000000,300000000,0,0,0,ok,,
2114,,,,arrow-py__arrow.1d70d009.lm_rewrite__0oep5tw2.p476hr6b,11,arrow-py__arrow.1d70d009.lm_rewrite__0oep5tw2.p476hr6b,15313,true,234,357,0,0,0,0,0,,0,0,330000000,330000000,0,0,0,ok,,
2115,,,,arrow-py__arrow.1d70d009.lm_rewrite__0oep5tw2.p476hr6b,12,arrow-py__arrow.1d70d009.lm_rewrite__0oep5tw2.p476hr6b,15904,true,438,198,0,0,0,0,0,,0,0,360000000,360000000,0,0,0,ok,,
2116,,,,arrow-py__arrow.1d70d009.lm_rewrite__0oep5tw2.p476hr6b,13,arrow-py__arrow.1d70d009.lm_rewrite__0oep5tw2.p476hr6b,16540,true,261,177,0,0,0,0,0,,0,0,390000000,390000000,0,0,0,ok,,
2117,,,,arrow-py__arrow.1d70d009.lm_rewrite__0oep5tw2.p476hr6b,14,arrow-py__arrow.1d70d009.lm_rewrite__0oep5tw2.p476hr6b,16978,true,277,42,0,0,0,0,0,,0,0,420000000,420000000,0,0,0,ok,,
2118,,,,arrow-py__arrow.1d70d009.lm_rewrite__0oep5tw2.p476hr6b,15,arrow-py__arrow.1d70d009.lm_rewrite__0oep5tw2.p476hr6b,17297,true,102,57,0,0,0,0,0,,0,0,450000000,450000000,0,0,0,ok,,
2119,,,,arrow-py__arrow.1d70d009.lm_rewrite__0oep5tw2.p476hr6b,16,arrow-py__arrow.1d70d009.lm_rewrite__0oep5tw2.p476hr6b,17456,true,472,43,0,0,0,0,0,,0,0,480000000,480000000,0,0,0,ok,,
2120,,,,arrow-py__arrow.1d70d009.lm_rewrite__0oep5tw2.p476hr6b,17,arrow-py__arrow.1d70d009.lm_rewrite__0oep5tw2.p476hr6b,17971,true,182,68,0,0,0,0,0,,0,0,510000000,510000000,0,0,0,ok,,
2121,,,,arrow-py__arrow.1d70d009.lm_rewrite__0oep5tw2.p476hr6b,18,arrow-py__arrow.1d70d009.lm_rewrite__0oep5tw2.p476hr6b,18221,true,67,585,0,0,0,0,0,,0,0,540000000,540000000,0,0,0,ok,,
2122,,,,arrow-py__arrow.1d70d009.lm_rewrite__0oep5tw2.p476hr6b,19,arrow-py__arrow.1d70d009.lm_rewrite__0oep5tw2.p476hr6b,18873,true,23,24,0,0,0,0,0,,0,0,570000000,570000000,0,0,0,ok,,
2123,,,,arrow-py__arrow.1d70d009.lm_rewrite__0oep5tw2.p476hr6b,20,arrow-py__arrow.1d70d009.lm_rewrite__0oep5tw2.p476hr6b,18920,true,159,269,0,0,0,0,0,,0,0,600000000,600000000,0,0,0,ok,,
2124,,,,arrow-py__arrow.1d70d009.lm_rewrite__0oep5tw2.p476hr6b,21,arrow-py__arrow.1d70d009.lm_rewrite__0oep5tw2.p476hr6b,19348,true,1969,41,0,0,0,0,0,,0,0,630000000,630000000,0,0,0,ok,,
2125,,,,arrow-py__arrow.1d70d009.lm_rewrite__0oep5tw2.p476hr6b,22,arrow-py__arrow.1d70d009.lm_rewrite__0oep5tw2.p476hr6b,21358,true,20,7,0,0,0,0,0,,0,0,660000000,660000000,0,0,0,ok,,
2126,,,,marshmallow-code__marshmallow.9716fc62.func_pm_class_rm_base__uxflnl0d.1tby049u,0,swe_smith_system_prompt,978,true,863,74,0,0,0,0,0,,0,0,0,0,0,0,0,ok,,
2127,,,,marshmallow-code__marshmallow.9716fc62.func_pm_class_rm_base__uxflnl0d.1tby049u,1,marshmallow-code__marshmallow.9716fc62.func_pm_class_rm_base__uxflnl0d.1tby049u,1915,true,449,71,0,0,0,0,0,,0,0,30000000,30000000,0,0,0,ok,,
2128,,,,marshmallow-code__marshmallow.9716fc62.func_pm_class_rm_base__uxflnl0d.1tby049u,2,marshmallow-code__marshmallow.9716fc62.func_pm_class_rm_base__uxflnl0d.1tby049u,2435,true,5669,51,0,0,0,0,0,,0,0,60000000,60000000,0,0,0,ok,,
2129,,,,marshmallow-code__marshmallow.9716fc62.func_pm_class_rm_base__uxflnl0d.1tby049u,3,marshmallow-code__marshmallow.9716fc62.func_pm_class_rm_base__uxflnl0d.1tby049u,8155,true,10,60,0,0,0,0,0,,0,0,90000000,90000000,0,0,0,ok,,
2130,,,,marshmallow-code__marshmallow.9716fc62.func_pm_class_rm_base__uxflnl0d.1tby049u,4,marshmallow-code__marshmallow.9716fc62.func_pm_class_rm_base__uxflnl0d.1tby049u,8225,true,993,71,0,0,0,0,0,,0,0,120000000,120000000,0,0,0,ok,,
2131,,,,marshmallow-code__marshmallow.9716fc62.func_pm_class_rm_base__uxflnl0d.1tby049u,5,marshmallow-code__marshmallow.9716fc62.func_pm_class_rm_base__uxflnl0d.1tby049u,9289,true,327,149,0,0,0,0,0,,0,0,150000000,150000000,0,0,0,ok,,
2132,,,,marshmallow-code__marshmallow.9716fc62.func_pm_class_rm_base__uxflnl0d.1tby049u,6,marshmallow-code__marshmallow.9716fc62.func_pm_class_rm_base__uxflnl0d.1tby049u,9765,true,21,34,0,0,0,0,0,,0,0,180000000,180000000,0,0,0,ok,,
2133,,,,marshmallow-code__marshmallow.9716fc62.func_pm_class_rm_base__uxflnl0d.1tby049u,7,marshmallow-code__marshmallow.9716fc62.func_pm_class_rm_base__uxflnl0d.1tby049u,9820,true,22,104,0,0,0,0,0,,0,0,210000000,210000000,0,0,0,ok,,
2134,,,,marshmallow-code__marshmallow.9716fc62.func_pm_class_rm_base__uxflnl0d.1tby049u,8,marshmallow-code__marshmallow.9716fc62.func_pm_class_rm_base__uxflnl0d.1tby049u,9946,true,247,46,0,0,0,0,0,,0,0,240000000,240000000,0,0,0,ok,,
2135,,,,marshmallow-code__marshmallow.9716fc62.func_pm_class_rm_base__uxflnl0d.1tby049u,9,marshmallow-code__marshmallow.9716fc62.func_pm_class_rm_base__uxflnl0d.1tby049u,10239,true,153,452,0,0,0,0,0,,0,0,270000000,270000000,0,0,0,ok,,
2136,,,,marshmallow-code__marshmallow.9716fc62.func_pm_class_rm_base__uxflnl0d.1tby049u,10,marshmallow-code__marshmallow.9716fc62.func_pm_class_rm_base__uxflnl0d.1tby049u,10844,true,429,38,0,0,0,0,0,,0,0,300000000,300000000,0,0,0,ok,,
2137,,,,marshmallow-code__marshmallow.9716fc62.func_pm_class_rm_base__uxflnl0d.1tby049u,11,marshmallow-code__marshmallow.9716fc62.func_pm_class_rm_base__uxflnl0d.1tby049u,11311,true,20,382,0,0,0,0,0,,0,0,330000000,330000000,0,0,0,ok,,
2138,,,,marshmallow-code__marshmallow.9716fc62.func_pm_class_rm_base__uxflnl0d.1tby049u,12,marshmallow-code__marshmallow.9716fc62.func_pm_class_rm_base__uxflnl0d.1tby049u,11713,true,399,37,0,0,0,0,0,,0,0,360000000,360000000,0,0,0,ok,,
2139,,,,marshmallow-code__marshmallow.9716fc62.func_pm_class_rm_base__uxflnl0d.1tby049u,13,marshmallow-code__marshmallow.9716fc62.func_pm_class_rm_base__uxflnl0d.1tby049u,12149,true,89,224,0,0,0,0,0,,0,0,390000000,390000000,0,0,0,ok,,
2140,,,,marshmallow-code__marshmallow.9716fc62.func_pm_class_rm_base__uxflnl0d.1tby049u,14,marshmallow-code__marshmallow.9716fc62.func_pm_class_rm_base__uxflnl0d.1tby049u,12462,true,780,30,0,0,0,0,0,,0,0,420000000,420000000,0,0,0,ok,,
2141,,,,marshmallow-code__marshmallow.9716fc62.func_pm_class_rm_base__uxflnl0d.1tby049u,15,marshmallow-code__marshmallow.9716fc62.func_pm_class_rm_base__uxflnl0d.1tby049u,13272,true,20,13,0,0,0,0,0,,0,0,450000000,450000000,0,0,0,ok,,
2142,,,,paramiko__paramiko.23f92003.lm_rewrite__u92vz6uj.ihrsln4t,0,swe_smith_system_prompt,978,true,820,99,0,0,0,0,0,,0,0,0,0,0,0,0,ok,,
2143,,,,paramiko__paramiko.23f92003.lm_rewrite__u92vz6uj.ihrsln4t,1,paramiko__paramiko.23f92003.lm_rewrite__u92vz6uj.ihrsln4t,1897,true,881,70,0,0,0,0,0,,0,0,30000000,30000000,0,0,0,ok,,
2144,,,,paramiko__paramiko.23f92003.lm_rewrite__u92vz6uj.ihrsln4t,2,paramiko__paramiko.23f92003.lm_rewrite__u92vz6uj.ihrsln4t,2848,true,3390,51,0,0,0,0,0,,0,0,60000000,60000000,0,0,0,ok,,
2145,,,,paramiko__paramiko.23f92003.lm_rewrite__u92vz6uj.ihrsln4t,3,paramiko__paramiko.23f92003.lm_rewrite__u92vz6uj.ihrsln4t,6289,true,3994,64,0,0,0,0,0,,0,0,90000000,90000000,0,0,0,ok,,
2146,,,,paramiko__paramiko.23f92003.lm_rewrite__u92vz6uj.ihrsln4t,4,paramiko__paramiko.23f92003.lm_rewrite__u92vz6uj.ihrsln4t,10347,true,750,242,0,0,0,0,0,,0,0,120000000,120000000,0,0,0,ok,,
2147,,,,paramiko__paramiko.23f92003.lm_rewrite__u92vz6uj.ihrsln4t,5,paramiko__paramiko.23f92003.lm_rewrite__u92vz6uj.ihrsln4t,11339,true,23,35,0,0,0,0,0,,0,0,150000000,150000000,0,0,0,ok,,
2148,,,,paramiko__paramiko.23f92003.lm_rewrite__u92vz6uj.ihrsln4t,6,paramiko__paramiko.23f92003.lm_rewrite__u92vz6uj.ihrsln4t,11397,true,89,733,0,0,0,0,0,,0,0,180000000,180000000,0,0,0,ok,,
2149,,,,paramiko__paramiko.23f92003.lm_rewrite__u92vz6uj.ihrsln4t,7,paramiko__paramiko.23f92003.lm_rewrite__u92vz6uj.ihrsln4t,12219,true,664,56,0,0,0,0,0,,0,0,210000000,210000000,0,0,0,ok,,
2150,,,,paramiko__paramiko.23f92003.lm_rewrite__u92vz6uj.ihrsln4t,8,paramiko__paramiko.23f92003.lm_rewrite__u92vz6uj.ihrsln4t,12939,true,68,412,0,0,0,0,0,,0,0,240000000,240000000,0,0,0,ok,,
2151,,,,paramiko__paramiko.23f92003.lm_rewrite__u92vz6uj.ihrsln4t,9,paramiko__paramiko.23f92003.lm_rewrite__u92vz6uj.ihrsln4t,13419,true,27,33,0,0,0,0,0,,0,0,270000000,270000000,0,0,0,ok,,
2152,,,,paramiko__paramiko.23f92003.lm_rewrite__u92vz6uj.ihrsln4t,10,paramiko__paramiko.23f92003.lm_rewrite__u92vz6uj.ihrsln4t,13479,true,89,231,0,0,0,0,0,,0,0,300000000,300000000,0,0,0,ok,,
2153,,,,paramiko__paramiko.23f92003.lm_rewrite__u92vz6uj.ihrsln4t,11,paramiko__paramiko.23f92003.lm_rewrite__u92vz6uj.ihrsln4t,13799,true,27,33,0,0,0,0,0,,0,0,330000000,330000000,0,0,0,ok,,
2154,,,,paramiko__paramiko.23f92003.lm_rewrite__u92vz6uj.ihrsln4t,12,paramiko__paramiko.23f92003.lm_rewrite__u92vz6uj.ihrsln4t,13859,true,40,99,0,0,0,0,0,,0,0,360000000,360000000,0,0,0,ok,,
2155,,,,paramiko__paramiko.23f92003.lm_rewrite__u92vz6uj.ihrsln4t,13,paramiko__paramiko.23f92003.lm_rewrite__u92vz6uj.ihrsln4t,13998,true,348,572,0,0,0,0,0,,0,0,390000000,390000000,0,0,0,ok,,
2156,,,,paramiko__paramiko.23f92003.lm_rewrite__u92vz6uj.ihrsln4t,14,paramiko__paramiko.23f92003.lm_rewrite__u92vz6uj.ihrsln4t,14918,true,577,35,0,0,0,0,0,,0,0,420000000,420000000,0,0,0,ok,,
2157,,,,paramiko__paramiko.23f92003.lm_rewrite__u92vz6uj.ihrsln4t,15,paramiko__paramiko.23f92003.lm_rewrite__u92vz6uj.ihrsln4t,15530,true,72,383,0,0,0,0,0,,0,0,450000000,450000000,0,0,0,ok,,
2158,,,,paramiko__paramiko.23f92003.lm_rewrite__u92vz6uj.ihrsln4t,16,paramiko__paramiko.23f92003.lm_rewrite__u92vz6uj.ihrsln4t,15985,true,26,32,0,0,0,0,0,,0,0,480000000,480000000,0,0,0,ok,,
2159,,,,paramiko__paramiko.23f92003.lm_rewrite__u92vz6uj.ihrsln4t,17,paramiko__paramiko.23f92003.lm_rewrite__u92vz6uj.ihrsln4t,16043,true,113,289,0,0,0,0,0,,0,0,510000000,510000000,0,0,0,ok,,
2160,,,,paramiko__paramiko.23f92003.lm_rewrite__u92vz6uj.ihrsln4t,18,paramiko__paramiko.23f92003.lm_rewrite__u92vz6uj.ihrsln4t,16445,true,2199,67,0,0,0,0,0,,0,0,540000000,540000000,0,0,0,ok,,
2161,,,,paramiko__paramiko.23f92003.lm_rewrite__u92vz6uj.ihrsln4t,19,paramiko__paramiko.23f92003.lm_rewrite__u92vz6uj.ihrsln4t,18711,true,20,7,0,0,0,0,0,,0,0,570000000,570000000,0,0,0,ok,,
2162,,,,facebookresearch__hydra.0f03eb60.lm_rewrite__gpyz1el7.okv3h4yn,0,swe_smith_system_prompt,978,true,901,78,0,0,0,0,0,,0,0,0,0,0,0,0,ok,,
2163,,,,facebookresearch__hydra.0f03eb60.lm_rewrite__gpyz1el7.okv3h4yn,1,facebookresearch__hydra.0f03eb60.lm_rewrite__gpyz1el7.okv3h4yn,1957,true,5385,53,0,0,0,0,0,,0,0,30000000,30000000,0,0,0,ok,,
2164,,,,facebookresearch__hydra.0f03eb60.lm_rewrite__gpyz1el7.okv3h4yn,2,facebookresearch__hydra.0f03eb60.lm_rewrite__gpyz1el7.okv3h4yn,7395,true,410,56,0,0,0,0,0,,0,0,60000000,60000000,0,0,0,ok,,
2165,,,,facebookresearch__hydra.0f03eb60.lm_rewrite__gpyz1el7.okv3h4yn,3,facebookresearch__hydra.0f03eb60.lm_rewrite__gpyz1el7.okv3h4yn,7861,true,2178,60,0,0,0,0,0,,0,0,90000000,90000000,0,0,0,ok,,
2166,,,,facebookresearch__hydra.0f03eb60.lm_rewrite__gpyz1el7.okv3h4yn,4,facebookresearch__hydra.0f03eb60.lm_rewrite__gpyz1el7.okv3h4yn,10099,true,633,175,0,0,0,0,0,,0,0,120000000,120000000,0,0,0,ok,,
2167,,,,facebookresearch__hydra.0f03eb60.lm_rewrite__gpyz1el7.okv3h4yn,5,facebookresearch__hydra.0f03eb60.lm_rewrite__gpyz1el7.okv3h4yn,10907,true,23,35,0,0,0,0,0,,0,0,150000000,150000000,0,0,0,ok,,
2168,,,,facebookresearch__hydra.0f03eb60.lm_rewrite__gpyz1el7.okv3h4yn,6,facebookresearch__hydra.0f03eb60.lm_rewrite__gpyz1el7.okv3h4yn,10965,true,25,557,0,0,0,0,0,,0,0,180000000,180000000,0,0,0,ok,,
2169,,,,facebookresearch__hydra.0f03eb60.lm_rewrite__gpyz1el7.okv3h4yn,7,facebookresearch__hydra.0f03eb60.lm_rewrite__gpyz1el7.okv3h4yn,11547,true,676,41,0,0,0,0,0,,0,0,210000000,210000000,0,0,0,ok,,
2170,,,,facebookresearch__hydra.0f03eb60.lm_rewrite__gpyz1el7.okv3h4yn,8,facebookresearch__hydra.0f03eb60.lm_rewrite__gpyz1el7.okv3h4yn,12264,true,26,301,0,0,0,0,0,,0,0,240000000,240000000,0,0,0,ok,,
2171,,,,facebookresearch__hydra.0f03eb60.lm_rewrite__gpyz1el7.okv3h4yn,9,facebookresearch__hydra.0f03eb60.lm_rewrite__gpyz1el7.okv3h4yn,12591,true,23,32,0,0,0,0,0,,0,0,270000000,270000000,0,0,0,ok,,
2172,,,,facebookresearch__hydra.0f03eb60.lm_rewrite__gpyz1el7.okv3h4yn,10,facebookresearch__hydra.0f03eb60.lm_rewrite__gpyz1el7.okv3h4yn,12646,true,255,409,0,0,0,0,0,,0,0,300000000,300000000,0,0,0,ok,,
2173,,,,facebookresearch__hydra.0f03eb60.lm_rewrite__gpyz1el7.okv3h4yn,11,facebookresearch__hydra.0f03eb60.lm_rewrite__gpyz1el7.okv3h4yn,13310,true,24,31,0,0,0,0,0,,0,0,330000000,330000000,0,0,0,ok,,
2174,,,,facebookresearch__hydra.0f03eb60.lm_rewrite__gpyz1el7.okv3h4yn,12,facebookresearch__hydra.0f03eb60.lm_rewrite__gpyz1el7.okv3h4yn,13365,true,370,542,0,0,0,0,0,,0,0,360000000,360000000,0,0,0,ok,,
2175,,,,facebookresearch__hydra.0f03eb60.lm_rewrite__gpyz1el7.okv3h4yn,13,facebookresearch__hydra.0f03eb60.lm_rewrite__gpyz1el7.okv3h4yn,14277,true,491,33,0,0,0,0,0,,0,0,390000000,390000000,0,0,0,ok,,
2176,,,,facebookresearch__hydra.0f03eb60.lm_rewrite__gpyz1el7.okv3h4yn,14,facebookresearch__hydra.0f03eb60.lm_rewrite__gpyz1el7.okv3h4yn,14801,true,370,362,0,0,0,0,0,,0,0,420000000,420000000,0,0,0,ok,,
2177,,,,facebookresearch__hydra.0f03eb60.lm_rewrite__gpyz1el7.okv3h4yn,15,facebookresearch__hydra.0f03eb60.lm_rewrite__gpyz1el7.okv3h4yn,15533,true,26,32,0,0,0,0,0,,0,0,450000000,450000000,0,0,0,ok,,
2178,,,,facebookresearch__hydra.0f03eb60.lm_rewrite__gpyz1el7.okv3h4yn,16,facebookresearch__hydra.0f03eb60.lm_rewrite__gpyz1el7.okv3h4yn,15591,true,44,78,0,0,0,0,0,,0,0,480000000,480000000,0,0,0,ok,,
2179,,,,facebookresearch__hydra.0f03eb60.lm_rewrite__gpyz1el7.okv3h4yn,17,facebookresearch__hydra.0f03eb60.lm_rewrite__gpyz1el7.okv3h4yn,15713,true,981,836,0,0,0,0,0,,0,0,510000000,510000000,0,0,0,ok,,
2180,,,,facebookresearch__hydra.0f03eb60.lm_rewrite__gpyz1el7.okv3h4yn,18,facebookresearch__hydra.0f03eb60.lm_rewrite__gpyz1el7.okv3h4yn,17530,true,835,34,0,0,0,0,0,,0,0,540000000,540000000,0,0,0,ok,,
2181,,,,facebookresearch__hydra.0f03eb60.lm_rewrite__gpyz1el7.okv3h4yn,19,facebookresearch__hydra.0f03eb60.lm_rewrite__gpyz1el7.okv3h4yn,18399,true,104,1061,0,0,0,0,0,,0,0,570000000,570000000,0,0,0,ok,,
2182,,,,facebookresearch__hydra.0f03eb60.lm_rewrite__gpyz1el7.okv3h4yn,20,facebookresearch__hydra.0f03eb60.lm_rewrite__gpyz1el7.okv3h4yn,19564,true,881,34,0,0,0,0,0,,0,0,600000000,600000000,0,0,0,ok,,
2183,,,,facebookresearch__hydra.0f03eb60.lm_rewrite__gpyz1el7.okv3h4yn,21,facebookresearch__hydra.0f03eb60.lm_rewrite__gpyz1el7.okv3h4yn,20479,true,121,370,0,0,0,0,0,,0,0,630000000,630000000,0,0,0,ok,,
2184,,,,facebookresearch__hydra.0f03eb60.lm_rewrite__gpyz1el7.okv3h4yn,22,facebookresearch__hydra.0f03eb60.lm_rewrite__gpyz1el7.okv3h4yn,20970,true,24,31,0,0,0,0,0,,0,0,660000000,660000000,0,0,0,ok,,
2185,,,,facebookresearch__hydra.0f03eb60.lm_rewrite__gpyz1el7.okv3h4yn,23,facebookresearch__hydra.0f03eb60.lm_rewrite__gpyz1el7.okv3h4yn,21025,true,371,376,0,0,0,0,0,,0,0,690000000,690000000,0,0,0,ok,,
2186,,,,facebookresearch__hydra.0f03eb60.lm_rewrite__gpyz1el7.okv3h4yn,24,facebookresearch__hydra.0f03eb60.lm_rewrite__gpyz1el7.okv3h4yn,21772,true,24,31,0,0,0,0,0,,0,0,720000000,720000000,0,0,0,ok,,
2187,,,,facebookresearch__hydra.0f03eb60.lm_rewrite__gpyz1el7.okv3h4yn,25,facebookresearch__hydra.0f03eb60.lm_rewrite__gpyz1el7.okv3h4yn,21827,true,105,399,0,0,0,0,0,,0,0,750000000,750000000,0,0,0,ok,,
2188,,,,facebookresearch__hydra.0f03eb60.lm_rewrite__gpyz1el7.okv3h4yn,26,facebookresearch__hydra.0f03eb60.lm_rewrite__gpyz1el7.okv3h4yn,22331,true,26,32,0,0,0,0,0,,0,0,780000000,780000000,0,0,0,ok,,
2189,,,,facebookresearch__hydra.0f03eb60.lm_rewrite__gpyz1el7.okv3h4yn,27,facebookresearch__hydra.0f03eb60.lm_rewrite__gpyz1el7.okv3h4yn,22389,true,182,252,0,0,0,0,0,,0,0,810000000,810000000,0,0,0,ok,,
2190,,,,facebookresearch__hydra.0f03eb60.lm_rewrite__gpyz1el7.okv3h4yn,28,facebookresearch__hydra.0f03eb60.lm_rewrite__gpyz1el7.okv3h4yn,22823,true,3970,83,0,0,0,0,0,,0,0,840000000,840000000,0,0,0,ok,,
2191,,,,facebookresearch__hydra.0f03eb60.lm_rewrite__gpyz1el7.okv3h4yn,29,facebookresearch__hydra.0f03eb60.lm_rewrite__gpyz1el7.okv3h4yn,26876,true,20,7,0,0,0,0,0,,0,0,870000000,870000000,0,0,0,ok,,
2192,,,,oauthlib__oauthlib.1fd52536.combine_file__2nfzwp19.ppfp1zmk,0,swe_smith_system_prompt,978,true,991,96,0,0,0,0,0,,0,0,0,0,0,0,0,ok,,
2193,,,,oauthlib__oauthlib.1fd52536.combine_file__2nfzwp19.ppfp1zmk,1,oauthlib__oauthlib.1fd52536.combine_file__2nfzwp19.ppfp1zmk,2065,true,2775,60,0,0,0,0,0,,0,0,30000000,30000000,0,0,0,ok,,
2194,,,,oauthlib__oauthlib.1fd52536.combine_file__2nfzwp19.ppfp1zmk,2,oauthlib__oauthlib.1fd52536.combine_file__2nfzwp19.ppfp1zmk,4900,true,1133,63,0,0,0,0,0,,0,0,60000000,60000000,0,0,0,ok,,
2195,,,,oauthlib__oauthlib.1fd52536.combine_file__2nfzwp19.ppfp1zmk,3,oauthlib__oauthlib.1fd52536.combine_file__2nfzwp19.ppfp1zmk,6096,true,2182,61,0,0,0,0,0,,0,0,90000000,90000000,0,0,0,ok,,
2196,,,,oauthlib__oauthlib.1fd52536.combine_file__2nfzwp19.ppfp1zmk,4,oauthlib__oauthlib.1fd52536.combine_file__2nfzwp19.ppfp1zmk,8339,true,664,506,0,0,0,0,0,,0,0,120000000,120000000,0,0,0,ok,,
2197,,,,oauthlib__oauthlib.1fd52536.combine_file__2nfzwp19.ppfp1zmk,5,oauthlib__oauthlib.1fd52536.combine_file__2nfzwp19.ppfp1zmk,9509,true,23,36,0,0,0,0,0,,0,0,150000000,150000000,0,0,0,ok,,
2198,,,,oauthlib__oauthlib.1fd52536.combine_file__2nfzwp19.ppfp1zmk,6,oauthlib__oauthlib.1fd52536.combine_file__2nfzwp19.ppfp1zmk,9568,true,126,386,0,0,0,0,0,,0,0,180000000,180000000,0,0,0,ok,,
2199,,,,oauthlib__oauthlib.1fd52536.combine_file__2nfzwp19.ppfp1zmk,7,oauthlib__oauthlib.1fd52536.combine_file__2nfzwp19.ppfp1zmk,10080,true,273,264,0,0,0,0,0,,0,0,210000000,210000000,0,0,0,ok,,
2200,,,,oauthlib__oauthlib.1fd52536.combine_file__2nfzwp19.ppfp1zmk,8,oauthlib__oauthlib.1fd52536.combine_file__2nfzwp19.ppfp1zmk,10617,true,341,230,0,0,0,0,0,,0,0,240000000,240000000,0,0,0,ok,,
2201,,,,oauthlib__oauthlib.1fd52536.combine_file__2nfzwp19.ppfp1zmk,9,oauthlib__oauthlib.1fd52536.combine_file__2nfzwp19.ppfp1zmk,11188,true,262,164,0,0,0,0,0,,0,0,270000000,270000000,0,0,0,ok,,
2202,,,,oauthlib__oauthlib.1fd52536.combine_file__2nfzwp19.ppfp1zmk,10,oauthlib__oauthlib.1fd52536.combine_file__2nfzwp19.ppfp1zmk,11614,true,235,316,0,0,0,0,0,,0,0,300000000,300000000,0,0,0,ok,,
2203,,,,oauthlib__oauthlib.1fd52536.combine_file__2nfzwp19.ppfp1zmk,11,oauthlib__oauthlib.1fd52536.combine_file__2nfzwp19.ppfp1zmk,12165,true,352,54,0,0,0,0,0,,0,0,330000000,330000000,0,0,0,ok,,
2204,,,,oauthlib__oauthlib.1fd52536.combine_file__2nfzwp19.ppfp1zmk,12,oauthlib__oauthlib.1fd52536.combine_file__2nfzwp19.ppfp1zmk,12571,true,170,60,0,0,0,0,0,,0,0,360000000,360000000,0,0,0,ok,,
2205,,,,oauthlib__oauthlib.1fd52536.combine_file__2nfzwp19.ppfp1zmk,13,oauthlib__oauthlib.1fd52536.combine_file__2nfzwp19.ppfp1zmk,12801,true,214,79,0,0,0,0,0,,0,0,390000000,390000000,0,0,0,ok,,
2206,,,,oauthlib__oauthlib.1fd52536.combine_file__2nfzwp19.ppfp1zmk,14,oauthlib__oauthlib.1fd52536.combine_file__2nfzwp19.ppfp1zmk,13094,true,102,367,0,0,0,0,0,,0,0,420000000,420000000,0,0,0,ok,,
2207,,,,oauthlib__oauthlib.1fd52536.combine_file__2nfzwp19.ppfp1zmk,15,oauthlib__oauthlib.1fd52536.combine_file__2nfzwp19.ppfp1zmk,13563,true,409,38,0,0,0,0,0,,0,0,450000000,450000000,0,0,0,ok,,
2208,,,,oauthlib__oauthlib.1fd52536.combine_file__2nfzwp19.ppfp1zmk,16,oauthlib__oauthlib.1fd52536.combine_file__2nfzwp19.ppfp1zmk,14010,true,214,59,0,0,0,0,0,,0,0,480000000,480000000,0,0,0,ok,,
2209,,,,oauthlib__oauthlib.1fd52536.combine_file__2nfzwp19.ppfp1zmk,17,oauthlib__oauthlib.1fd52536.combine_file__2nfzwp19.ppfp1zmk,14283,true,93,490,0,0,0,0,0,,0,0,510000000,510000000,0,0,0,ok,,
2210,,,,oauthlib__oauthlib.1fd52536.combine_file__2nfzwp19.ppfp1zmk,18,oauthlib__oauthlib.1fd52536.combine_file__2nfzwp19.ppfp1zmk,14866,true,546,38,0,0,0,0,0,,0,0,540000000,540000000,0,0,0,ok,,
2211,,,,oauthlib__oauthlib.1fd52536.combine_file__2nfzwp19.ppfp1zmk,19,oauthlib__oauthlib.1fd52536.combine_file__2nfzwp19.ppfp1zmk,15450,true,39,54,0,0,0,0,0,,0,0,570000000,570000000,0,0,0,ok,,
2212,,,,oauthlib__oauthlib.1fd52536.combine_file__2nfzwp19.ppfp1zmk,20,oauthlib__oauthlib.1fd52536.combine_file__2nfzwp19.ppfp1zmk,15543,true,170,939,0,0,0,0,0,,0,0,600000000,600000000,0,0,0,ok,,
2213,,,,oauthlib__oauthlib.1fd52536.combine_file__2nfzwp19.ppfp1zmk,21,oauthlib__oauthlib.1fd52536.combine_file__2nfzwp19.ppfp1zmk,16652,true,21,32,0,0,0,0,0,,0,0,630000000,630000000,0,0,0,ok,,
2214,,,,oauthlib__oauthlib.1fd52536.combine_file__2nfzwp19.ppfp1zmk,22,oauthlib__oauthlib.1fd52536.combine_file__2nfzwp19.ppfp1zmk,16705,true,497,659,0,0,0,0,0,,0,0,660000000,660000000,0,0,0,ok,,
2215,,,,oauthlib__oauthlib.1fd52536.combine_file__2nfzwp19.ppfp1zmk,23,oauthlib__oauthlib.1fd52536.combine_file__2nfzwp19.ppfp1zmk,17861,true,637,39,0,0,0,0,0,,0,0,690000000,690000000,0,0,0,ok,,
2216,,,,oauthlib__oauthlib.1fd52536.combine_file__2nfzwp19.ppfp1zmk,24,oauthlib__oauthlib.1fd52536.combine_file__2nfzwp19.ppfp1zmk,18537,true,500,57,0,0,0,0,0,,0,0,720000000,720000000,0,0,0,ok,,
2217,,,,oauthlib__oauthlib.1fd52536.combine_file__2nfzwp19.ppfp1zmk,25,oauthlib__oauthlib.1fd52536.combine_file__2nfzwp19.ppfp1zmk,19094,true,39,60,0,0,0,0,0,,0,0,750000000,750000000,0,0,0,ok,,
2218,,,,oauthlib__oauthlib.1fd52536.combine_file__2nfzwp19.ppfp1zmk,26,oauthlib__oauthlib.1fd52536.combine_file__2nfzwp19.ppfp1zmk,19193,true,73,398,0,0,0,0,0,,0,0,780000000,780000000,0,0,0,ok,,
2219,,,,oauthlib__oauthlib.1fd52536.combine_file__2nfzwp19.ppfp1zmk,27,oauthlib__oauthlib.1fd52536.combine_file__2nfzwp19.ppfp1zmk,19664,true,3309,40,0,0,0,0,0,,0,0,810000000,810000000,0,0,0,ok,,
2220,,,,oauthlib__oauthlib.1fd52536.combine_file__2nfzwp19.ppfp1zmk,28,oauthlib__oauthlib.1fd52536.combine_file__2nfzwp19.ppfp1zmk,23013,true,20,7,0,0,0,0,0,,0,0,840000000,840000000,0,0,0,ok,,
2221,,,,gruns__furl.da386f68.lm_rewrite__9nb66oj3.pu1l9fkr,0,swe_smith_system_prompt,978,true,764,98,0,0,0,0,0,,0,0,0,0,0,0,0,ok,,
2222,,,,gruns__furl.da386f68.lm_rewrite__9nb66oj3.pu1l9fkr,1,gruns__furl.da386f68.lm_rewrite__9nb66oj3.pu1l9fkr,1840,true,83,70,0,0,0,0,0,,0,0,30000000,30000000,0,0,0,ok,,
2223,,,,gruns__furl.da386f68.lm_rewrite__9nb66oj3.pu1l9fkr,2,gruns__furl.da386f68.lm_rewrite__9nb66oj3.pu1l9fkr,1993,true,5693,45,0,0,0,0,0,,0,0,60000000,60000000,0,0,0,ok,,
2224,,,,gruns__furl.da386f68.lm_rewrite__9nb66oj3.pu1l9fkr,3,gruns__furl.da386f68.lm_rewrite__9nb66oj3.pu1l9fkr,7731,true,28,56,0,0,0,0,0,,0,0,90000000,90000000,0,0,0,ok,,
2225,,,,gruns__furl.da386f68.lm_rewrite__9nb66oj3.pu1l9fkr,4,gruns__furl.da386f68.lm_rewrite__9nb66oj3.pu1l9fkr,7815,true,1459,61,0,0,0,0,0,,0,0,120000000,120000000,0,0,0,ok,,
2226,,,,gruns__furl.da386f68.lm_rewrite__9nb66oj3.pu1l9fkr,5,gruns__furl.da386f68.lm_rewrite__9nb66oj3.pu1l9fkr,9335,true,1391,62,0,0,0,0,0,,0,0,150000000,150000000,0,0,0,ok,,
2227,,,,gruns__furl.da386f68.lm_rewrite__9nb66oj3.pu1l9fkr,6,gruns__furl.da386f68.lm_rewrite__9nb66oj3.pu1l9fkr,10788,true,1537,55,0,0,0,0,0,,0,0,180000000,180000000,0,0,0,ok,,
2228,,,,gruns__furl.da386f68.lm_rewrite__9nb66oj3.pu1l9fkr,7,gruns__furl.da386f68.lm_rewrite__9nb66oj3.pu1l9fkr,12380,true,696,43,0,0,0,0,0,,0,0,210000000,210000000,0,0,0,ok,,
2229,,,,gruns__furl.da386f68.lm_rewrite__9nb66oj3.pu1l9fkr,8,gruns__furl.da386f68.lm_rewrite__9nb66oj3.pu1l9fkr,13119,true,1354,280,0,0,0,0,0,,0,0,240000000,240000000,0,0,0,ok,,
2230,,,,gruns__furl.da386f68.lm_rewrite__9nb66oj3.pu1l9fkr,9,gruns__furl.da386f68.lm_rewrite__9nb66oj3.pu1l9fkr,14753,true,23,34,0,0,0,0,0,,0,0,270000000,270000000,0,0,0,ok,,
2231,,,,gruns__furl.da386f68.lm_rewrite__9nb66oj3.pu1l9fkr,10,gruns__furl.da386f68.lm_rewrite__9nb66oj3.pu1l9fkr,14810,true,103,859,0,0,0,0,0,,0,0,300000000,300000000,0,0,0,ok,,
2232,,,,gruns__furl.da386f68.lm_rewrite__9nb66oj3.pu1l9fkr,11,gruns__furl.da386f68.lm_rewrite__9nb66oj3.pu1l9fkr,15772,true,962,69,0,0,0,0,0,,0,0,330000000,330000000,0,0,0,ok,,
2233,,,,gruns__furl.da386f68.lm_rewrite__9nb66oj3.pu1l9fkr,12,gruns__furl.da386f68.lm_rewrite__9nb66oj3.pu1l9fkr,16803,true,109,75,0,0,0,0,0,,0,0,360000000,360000000,0,0,0,ok,,
2234,,,,gruns__furl.da386f68.lm_rewrite__9nb66oj3.pu1l9fkr,13,gruns__furl.da386f68.lm_rewrite__9nb66oj3.pu1l9fkr,16987,true,531,1187,0,0,0,0,0,,0,0,390000000,390000000,0,0,0,ok,,
2235,,,,gruns__furl.da386f68.lm_rewrite__9nb66oj3.pu1l9fkr,14,gruns__furl.da386f68.lm_rewrite__9nb66oj3.pu1l9fkr,18705,true,1311,38,0,0,0,0,0,,0,0,420000000,420000000,0,0,0,ok,,
2236,,,,gruns__furl.da386f68.lm_rewrite__9nb66oj3.pu1l9fkr,15,gruns__furl.da386f68.lm_rewrite__9nb66oj3.pu1l9fkr,20054,true,99,723,0,0,0,0,0,,0,0,450000000,450000000,0,0,0,ok,,
2237,,,,gruns__furl.da386f68.lm_rewrite__9nb66oj3.pu1l9fkr,16,gruns__furl.da386f68.lm_rewrite__9nb66oj3.pu1l9fkr,20876,true,23,31,0,0,0,0,0,,0,0,480000000,480000000,0,0,0,ok,,
2238,,,,gruns__furl.da386f68.lm_rewrite__9nb66oj3.pu1l9fkr,17,gruns__furl.da386f68.lm_rewrite__9nb66oj3.pu1l9fkr,20930,true,120,1367,0,0,0,0,0,,0,0,510000000,510000000,0,0,0,ok,,
2239,,,,gruns__furl.da386f68.lm_rewrite__9nb66oj3.pu1l9fkr,18,gruns__furl.da386f68.lm_rewrite__9nb66oj3.pu1l9fkr,22417,true,1128,33,0,0,0,0,0,,0,0,540000000,540000000,0,0,0,ok,,
2240,,,,gruns__furl.da386f68.lm_rewrite__9nb66oj3.pu1l9fkr,19,gruns__furl.da386f68.lm_rewrite__9nb66oj3.pu1l9fkr,23578,true,472,279,0,0,0,0,0,,0,0,570000000,570000000,0,0,0,ok,,
2241,,,,gruns__furl.da386f68.lm_rewrite__9nb66oj3.pu1l9fkr,20,gruns__furl.da386f68.lm_rewrite__9nb66oj3.pu1l9fkr,24329,true,3065,40,0,0,0,0,0,,0,0,600000000,600000000,0,0,0,ok,,
2242,,,,gruns__furl.da386f68.lm_rewrite__9nb66oj3.pu1l9fkr,21,gruns__furl.da386f68.lm_rewrite__9nb66oj3.pu1l9fkr,27434,true,20,13,0,0,0,0,0,,0,0,630000000,630000000,0,0,0,ok,,
2243,,,,jawah__charset_normalizer.1fdd6463.lm_rewrite__h2zn5g82.xh3bhvdh,0,swe_smith_system_prompt,978,true,1023,105,0,0,0,0,0,,0,0,0,0,0,0,0,ok,,
2244,,,,jawah__charset_normalizer.1fdd6463.lm_rewrite__h2zn5g82.xh3bhvdh,1,jawah__charset_normalizer.1fdd6463.lm_rewrite__h2zn5g82.xh3bhvdh,2106,true,374,65,0,0,0,0,0,,0,0,30000000,30000000,0,0,0,ok,,
2245,,,,jawah__charset_normalizer.1fdd6463.lm_rewrite__h2zn5g82.xh3bhvdh,2,jawah__charset_normalizer.1fdd6463.lm_rewrite__h2zn5g82.xh3bhvdh,2545,true,3510,60,0,0,0,0,0,,0,0,60000000,60000000,0,0,0,ok,,
2246,,,,jawah__charset_normalizer.1fdd6463.lm_rewrite__h2zn5g82.xh3bhvdh,3,jawah__charset_normalizer.1fdd6463.lm_rewrite__h2zn5g82.xh3bhvdh,6115,true,630,63,0,0,0,0,0,,0,0,90000000,90000000,0,0,0,ok,,
2247,,,,jawah__charset_normalizer.1fdd6463.lm_rewrite__h2zn5g82.xh3bhvdh,4,jawah__charset_normalizer.1fdd6463.lm_rewrite__h2zn5g82.xh3bhvdh,6808,true,1017,63,0,0,0,0,0,,0,0,120000000,120000000,0,0,0,ok,,
2248,,,,jawah__charset_normalizer.1fdd6463.lm_rewrite__h2zn5g82.xh3bhvdh,5,jawah__charset_normalizer.1fdd6463.lm_rewrite__h2zn5g82.xh3bhvdh,7888,true,5107,56,0,0,0,0,0,,0,0,150000000,150000000,0,0,0,ok,,
2249,,,,jawah__charset_normalizer.1fdd6463.lm_rewrite__h2zn5g82.xh3bhvdh,6,jawah__charset_normalizer.1fdd6463.lm_rewrite__h2zn5g82.xh3bhvdh,13051,true,5643,51,0,0,0,0,0,,0,0,180000000,180000000,0,0,0,ok,,
2250,,,,jawah__charset_normalizer.1fdd6463.lm_rewrite__h2zn5g82.xh3bhvdh,7,jawah__charset_normalizer.1fdd6463.lm_rewrite__h2zn5g82.xh3bhvdh,18745,true,21,58,0,0,0,0,0,,0,0,210000000,210000000,0,0,0,ok,,
2251,,,,jawah__charset_normalizer.1fdd6463.lm_rewrite__h2zn5g82.xh3bhvdh,8,jawah__charset_normalizer.1fdd6463.lm_rewrite__h2zn5g82.xh3bhvdh,18824,true,231,231,0,0,0,0,0,,0,0,240000000,240000000,0,0,0,ok,,
2252,,,,jawah__charset_normalizer.1fdd6463.lm_rewrite__h2zn5g82.xh3bhvdh,9,jawah__charset_normalizer.1fdd6463.lm_rewrite__h2zn5g82.xh3bhvdh,19286,true,23,34,0,0,0,0,0,,0,0,270000000,270000000,0,0,0,ok,,
2253,,,,jawah__charset_normalizer.1fdd6463.lm_rewrite__h2zn5g82.xh3bhvdh,10,jawah__charset_normalizer.1fdd6463.lm_rewrite__h2zn5g82.xh3bhvdh,19343,true,55,1500,0,0,0,0,0,,0,0,300000000,300000000,0,0,0,ok,,
2254,,,,jawah__charset_normalizer.1fdd6463.lm_rewrite__h2zn5g82.xh3bhvdh,11,jawah__charset_normalizer.1fdd6463.lm_rewrite__h2zn5g82.xh3bhvdh,20898,true,1320,55,0,0,0,0,0,,0,0,330000000,330000000,0,0,0,ok,,
2255,,,,jawah__charset_normalizer.1fdd6463.lm_rewrite__h2zn5g82.xh3bhvdh,12,jawah__charset_normalizer.1fdd6463.lm_rewrite__h2zn5g82.xh3bhvdh,22273,true,49,554,0,0,0,0,0,,0,0,360000000,360000000,0,0,0,ok,,
2256,,,,jawah__charset_normalizer.1fdd6463.lm_rewrite__h2zn5g82.xh3bhvdh,13,jawah__charset_normalizer.1fdd6463.lm_rewrite__h2zn5g82.xh3bhvdh,22876,true,23,32,0,0,0,0,0,,0,0,390000000,390000000,0,0,0,ok,,
2257,,,,jawah__charset_normalizer.1fdd6463.lm_rewrite__h2zn5g82.xh3bhvdh,14,jawah__charset_normalizer.1fdd6463.lm_rewrite__h2zn5g82.xh3bhvdh,22931,true,716,429,0,0,0,0,0,,0,0,420000000,420000000,0,0,0,ok,,
2258,,,,jawah__charset_normalizer.1fdd6463.lm_rewrite__h2zn5g82.xh3bhvdh,15,jawah__charset_normalizer.1fdd6463.lm_rewrite__h2zn5g82.xh3bhvdh,24076,true,474,44,0,0,0,0,0,,0,0,450000000,450000000,0,0,0,ok,,
2259,,,,jawah__charset_normalizer.1fdd6463.lm_rewrite__h2zn5g82.xh3bhvdh,16,jawah__charset_normalizer.1fdd6463.lm_rewrite__h2zn5g82.xh3bhvdh,24594,true,716,509,0,0,0,0,0,,0,0,480000000,480000000,0,0,0,ok,,
2260,,,,jawah__charset_normalizer.1fdd6463.lm_rewrite__h2zn5g82.xh3bhvdh,17,jawah__charset_normalizer.1fdd6463.lm_rewrite__h2zn5g82.xh3bhvdh,25819,true,24,34,0,0,0,0,0,,0,0,510000000,510000000,0,0,0,ok,,
2261,,,,jawah__charset_normalizer.1fdd6463.lm_rewrite__h2zn5g82.xh3bhvdh,18,jawah__charset_normalizer.1fdd6463.lm_rewrite__h2zn5g82.xh3bhvdh,25877,true,729,405,0,0,0,0,0,,0,0,540000000,540000000,0,0,0,ok,,
2262,,,,jawah__charset_normalizer.1fdd6463.lm_rewrite__h2zn5g82.xh3bhvdh,19,jawah__charset_normalizer.1fdd6463.lm_rewrite__h2zn5g82.xh3bhvdh,27011,true,2273,49,0,0,0,0,0,,0,0,570000000,570000000,0,0,0,ok,,
2263,,,,jawah__charset_normalizer.1fdd6463.lm_rewrite__h2zn5g82.xh3bhvdh,20,jawah__charset_normalizer.1fdd6463.lm_rewrite__h2zn5g82.xh3bhvdh,29333,true,20,7,0,0,0,0,0,,0,0,600000000,600000000,0,0,0,ok,,
2264,,,,chardet__chardet.9630f238.163.ag105xpg,0,swe_smith_system_prompt,978,true,777,75,0,0,0,0,0,,0,0,0,0,0,0,0,ok,,
2265,,,,chardet__chardet.9630f238.163.ag105xpg,1,chardet__chardet.9630f238.163.ag105xpg,1830,true,26,46,0,0,0,0,0,,0,0,30000000,30000000,0,0,0,ok,,
2266,,,,chardet__chardet.9630f238.163.ag105xpg,2,chardet__chardet.9630f238.163.ag105xpg,1902,true,3411,507,0,0,0,0,0,,0,0,60000000,60000000,0,0,0,ok,,
2267,,,,chardet__chardet.9630f238.163.ag105xpg,3,chardet__chardet.9630f238.163.ag105xpg,5820,true,26,35,0,0,0,0,0,,0,0,90000000,90000000,0,0,0,ok,,
2268,,,,chardet__chardet.9630f238.163.ag105xpg,4,chardet__chardet.9630f238.163.ag105xpg,5881,true,112,201,0,0,0,0,0,,0,0,120000000,120000000,0,0,0,ok,,
2269,,,,chardet__chardet.9630f238.163.ag105xpg,5,chardet__chardet.9630f238.163.ag105xpg,6194,true,229,42,0,0,0,0,0,,0,0,150000000,150000000,0,0,0,ok,,
2270,,,,chardet__chardet.9630f238.163.ag105xpg,6,chardet__chardet.9630f238.163.ag105xpg,6465,true,112,439,0,0,0,0,0,,0,0,180000000,180000000,0,0,0,ok,,
2271,,,,pydantic__pydantic.acb0f10f.pr_8018.3xsh2kxo,0,swe_smith_system_prompt,978,true,893,120,0,0,0,0,0,,0,0,0,0,0,0,0,ok,,
2272,,,,pydantic__pydantic.acb0f10f.pr_8018.3xsh2kxo,1,pydantic__pydantic.acb0f10f.pr_8018.3xsh2kxo,1991,true,44,62,0,0,0,0,0,,0,0,30000000,30000000,0,0,0,ok,,
2273,,,,pydantic__pydantic.acb0f10f.pr_8018.3xsh2kxo,2,pydantic__pydantic.acb0f10f.pr_8018.3xsh2kxo,2097,true,5728,301,0,0,0,0,0,,0,0,60000000,60000000,0,0,0,ok,,
2274,,,,pydantic__pydantic.acb0f10f.pr_8018.3xsh2kxo,3,pydantic__pydantic.acb0f10f.pr_8018.3xsh2kxo,8126,true,23,35,0,0,0,0,0,,0,0,90000000,90000000,0,0,0,ok,,
2275,,,,pydantic__pydantic.acb0f10f.pr_8018.3xsh2kxo,4,pydantic__pydantic.acb0f10f.pr_8018.3xsh2kxo,8184,true,193,40,0,0,0,0,0,,0,0,120000000,120000000,0,0,0,ok,,
2276,,,,pydantic__pydantic.acb0f10f.pr_8018.3xsh2kxo,5,pydantic__pydantic.acb0f10f.pr_8018.3xsh2kxo,8417,true,421,34,0,0,0,0,0,,0,0,150000000,150000000,0,0,0,ok,,
2277,,,,pydantic__pydantic.acb0f10f.pr_8018.3xsh2kxo,6,pydantic__pydantic.acb0f10f.pr_8018.3xsh2kxo,8872,true,72,558,0,0,0,0,0,,0,0,180000000,180000000,0,0,0,ok,,
2278,,,,pydantic__pydantic.acb0f10f.pr_8018.3xsh2kxo,7,pydantic__pydantic.acb0f10f.pr_8018.3xsh2kxo,9502,true,550,32,0,0,0,0,0,,0,0,210000000,210000000,0,0,0,ok,,
2279,,,,pydantic__pydantic.acb0f10f.pr_8018.3xsh2kxo,8,pydantic__pydantic.acb0f10f.pr_8018.3xsh2kxo,10084,true,122,544,0,0,0,0,0,,0,0,240000000,240000000,0,0,0,ok,,
2280,,,,pydantic__pydantic.acb0f10f.pr_8018.3xsh2kxo,9,pydantic__pydantic.acb0f10f.pr_8018.3xsh2kxo,10750,true,403,183,0,0,0,0,0,,0,0,270000000,270000000,0,0,0,ok,,
2281,,,,pydantic__pydantic.acb0f10f.pr_8018.3xsh2kxo,10,pydantic__pydantic.acb0f10f.pr_8018.3xsh2kxo,11336,true,122,980,0,0,0,0,0,,0,0,300000000,300000000,0,0,0,ok,,
2282,,,,pydantic__pydantic.acb0f10f.pr_8018.3xsh2kxo,11,pydantic__pydantic.acb0f10f.pr_8018.3xsh2kxo,12438,true,23,32,0,0,0,0,0,,0,0,330000000,330000000,0,0,0,ok,,
2283,,,,pydantic__pydantic.acb0f10f.pr_8018.3xsh2kxo,12,pydantic__pydantic.acb0f10f.pr_8018.3xsh2kxo,12493,true,328,373,0,0,0,0,0,,0,0,360000000,360000000,0,0,0,ok,,
2284,,,,pydantic__pydantic.acb0f10f.pr_8018.3xsh2kxo,13,pydantic__pydantic.acb0f10f.pr_8018.3xsh2kxo,13194,true,1158,43,0,0,0,0,0,,0,0,390000000,390000000,0,0,0,ok,,
2285,,,,pydantic__pydantic.acb0f10f.pr_8018.3xsh2kxo,14,pydantic__pydantic.acb0f10f.pr_8018.3xsh2kxo,14395,true,20,7,0,0,0,0,0,,0,0,420000000,420000000,0,0,0,ok,,
2286,,,,getmoto__moto.694ce1f4.pr_6374.q8pq44eb,0,swe_smith_system_prompt,978,true,997,71,0,0,0,0,0,,0,0,0,0,0,0,0,ok,,
2287,,,,getmoto__moto.694ce1f4.pr_6374.q8pq44eb,1,getmoto__moto.694ce1f4.pr_6374.q8pq44eb,2046,true,3714,73,0,0,0,0,0,,0,0,30000000,30000000,0,0,0,ok,,
2288,,,,getmoto__moto.694ce1f4.pr_6374.q8pq44eb,2,getmoto__moto.694ce1f4.pr_6374.q8pq44eb,5833,true,4573,403,0,0,0,0,0,,0,0,60000000,60000000,0,0,0,ok,,
2289,,,,getmoto__moto.694ce1f4.pr_6374.q8pq44eb,3,getmoto__moto.694ce1f4.pr_6374.q8pq44eb,10809,true,26,36,0,0,0,0,0,,0,0,90000000,90000000,0,0,0,ok,,
2290,,,,getmoto__moto.694ce1f4.pr_6374.q8pq44eb,4,getmoto__moto.694ce1f4.pr_6374.q8pq44eb,10871,true,259,172,0,0,0,0,0,,0,0,120000000,120000000,0,0,0,ok,,
2291,,,,getmoto__moto.694ce1f4.pr_6374.q8pq44eb,5,getmoto__moto.694ce1f4.pr_6374.q8pq44eb,11302,true,173,78,0,0,0,0,0,,0,0,150000000,150000000,0,0,0,ok,,
2292,,,,getmoto__moto.694ce1f4.pr_6374.q8pq44eb,6,getmoto__moto.694ce1f4.pr_6374.q8pq44eb,11553,true,183,33,0,0,0,0,0,,0,0,180000000,180000000,0,0,0,ok,,
2293,,,,getmoto__moto.694ce1f4.pr_6374.q8pq44eb,7,getmoto__moto.694ce1f4.pr_6374.q8pq44eb,11769,true,70,636,0,0,0,0,0,,0,0,210000000,210000000,0,0,0,ok,,
2294,,,,getmoto__moto.694ce1f4.pr_6374.q8pq44eb,8,getmoto__moto.694ce1f4.pr_6374.q8pq44eb,12475,true,645,32,0,0,0,0,0,,0,0,240000000,240000000,0,0,0,ok,,
2295,,,,getmoto__moto.694ce1f4.pr_6374.q8pq44eb,9,getmoto__moto.694ce1f4.pr_6374.q8pq44eb,13152,true,88,31,0,0,0,0,0,,0,0,270000000,270000000,0,0,0,ok,,
2296,,,,getmoto__moto.694ce1f4.pr_6374.q8pq44eb,10,getmoto__moto.694ce1f4.pr_6374.q8pq44eb,13271,true,1130,84,0,0,0,0,0,,0,0,300000000,300000000,0,0,0,ok,,
2297,,,,getmoto__moto.694ce1f4.pr_6374.q8pq44eb,11,getmoto__moto.694ce1f4.pr_6374.q8pq44eb,14485,true,120,61,0,0,0,0,0,,0,0,330000000,330000000,0,0,0,ok,,
2298,,,,getmoto__moto.694ce1f4.pr_6374.q8pq44eb,12,getmoto__moto.694ce1f4.pr_6374.q8pq44eb,14666,true,166,32,0,0,0,0,0,,0,0,360000000,360000000,0,0,0,ok,,
2299,,,,getmoto__moto.694ce1f4.pr_6374.q8pq44eb,13,getmoto__moto.694ce1f4.pr_6374.q8pq44eb,14864,true,81,79,0,0,0,0,0,,0,0,390000000,390000000,0,0,0,ok,,
2300,,,,getmoto__moto.694ce1f4.pr_6374.q8pq44eb,14,getmoto__moto.694ce1f4.pr_6374.q8pq44eb,15024,true,123,32,0,0,0,0,0,,0,0,420000000,420000000,0,0,0,ok,,
2301,,,,getmoto__moto.694ce1f4.pr_6374.q8pq44eb,15,getmoto__moto.694ce1f4.pr_6374.q8pq44eb,15179,true,187,424,0,0,0,0,0,,0,0,450000000,450000000,0,0,0,ok,,
2302,,,,getmoto__moto.694ce1f4.pr_6374.q8pq44eb,16,getmoto__moto.694ce1f4.pr_6374.q8pq44eb,15790,true,313,39,0,0,0,0,0,,0,0,480000000,480000000,0,0,0,ok,,
2303,,,,getmoto__moto.694ce1f4.pr_6374.q8pq44eb,17,getmoto__moto.694ce1f4.pr_6374.q8pq44eb,16142,true,252,327,0,0,0,0,0,,0,0,510000000,510000000,0,0,0,ok,,
2304,,,,getmoto__moto.694ce1f4.pr_8492.uz8ru91h,0,swe_smith_system_prompt,978,true,905,98,0,0,0,0,0,,0,0,0,0,0,0,0,ok,,
2305,,,,getmoto__moto.694ce1f4.pr_8492.uz8ru91h,1,getmoto__moto.694ce1f4.pr_8492.uz8ru91h,1981,true,84,40,0,0,0,0,0,,0,0,30000000,30000000,0,0,0,ok,,
2306,,,,getmoto__moto.694ce1f4.pr_8492.uz8ru91h,2,getmoto__moto.694ce1f4.pr_8492.uz8ru91h,2105,true,250,53,0,0,0,0,0,,0,0,60000000,60000000,0,0,0,ok,,
2307,,,,getmoto__moto.694ce1f4.pr_8492.uz8ru91h,3,getmoto__moto.694ce1f4.pr_8492.uz8ru91h,2408,true,5398,55,0,0,0,0,0,,0,0,90000000,90000000,0,0,0,ok,,
2308,,,,getmoto__moto.694ce1f4.pr_8492.uz8ru91h,4,getmoto__moto.694ce1f4.pr_8492.uz8ru91h,7861,true,2354,566,0,0,0,0,0,,0,0,120000000,120000000,0,0,0,ok,,
2309,,,,getmoto__moto.694ce1f4.pr_8492.uz8ru91h,5,getmoto__moto.694ce1f4.pr_8492.uz8ru91h,10781,true,23,36,0,0,0,0,0,,0,0,150000000,150000000,0,0,0,ok,,
2310,,,,getmoto__moto.694ce1f4.pr_8492.uz8ru91h,6,getmoto__moto.694ce1f4.pr_8492.uz8ru91h,10840,true,905,1222,0,0,0,0,0,,0,0,180000000,180000000,0,0,0,ok,,
2311,,,,getmoto__moto.694ce1f4.pr_8492.uz8ru91h,7,getmoto__moto.694ce1f4.pr_8492.uz8ru91h,12967,true,1164,36,0,0,0,0,0,,0,0,210000000,210000000,0,0,0,ok,,
2312,,,,getmoto__moto.694ce1f4.pr_8492.uz8ru91h,8,getmoto__moto.694ce1f4.pr_8492.uz8ru91h,14167,true,75,91,0,0,0,0,0,,0,0,240000000,240000000,0,0,0,ok,,
2313,,,,getmoto__moto.694ce1f4.pr_8492.uz8ru91h,9,getmoto__moto.694ce1f4.pr_8492.uz8ru91h,14333,true,137,32,0,0,0,0,0,,0,0,270000000,270000000,0,0,0,ok,,
2314,,,,getmoto__moto.694ce1f4.pr_8492.uz8ru91h,10,getmoto__moto.694ce1f4.pr_8492.uz8ru91h,14502,true,81,247,0,0,0,0,0,,0,0,300000000,300000000,0,0,0,ok,,
2315,,,,getmoto__moto.694ce1f4.pr_8492.uz8ru91h,11,getmoto__moto.694ce1f4.pr_8492.uz8ru91h,14830,true,281,32,0,0,0,0,0,,0,0,330000000,330000000,0,0,0,ok,,
2316,,,,getmoto__moto.694ce1f4.pr_8492.uz8ru91h,12,getmoto__moto.694ce1f4.pr_8492.uz8ru91h,15143,true,418,761,0,0,0,0,0,,0,0,360000000,360000000,0,0,0,ok,,
2317,,,,getmoto__moto.694ce1f4.pr_8492.uz8ru91h,13,getmoto__moto.694ce1f4.pr_8492.uz8ru91h,16322,true,799,56,0,0,0,0,0,,0,0,390000000,390000000,0,0,0,ok,,
2318,,,,getmoto__moto.694ce1f4.pr_8492.uz8ru91h,14,getmoto__moto.694ce1f4.pr_8492.uz8ru91h,17177,true,567,1061,0,0,0,0,0,,0,0,420000000,420000000,0,0,0,ok,,
2319,,,,getmoto__moto.694ce1f4.pr_8492.uz8ru91h,15,getmoto__moto.694ce1f4.pr_8492.uz8ru91h,18805,true,23,32,0,0,0,0,0,,0,0,450000000,450000000,0,0,0,ok,,
2320,,,,getmoto__moto.694ce1f4.pr_8492.uz8ru91h,16,getmoto__moto.694ce1f4.pr_8492.uz8ru91h,18860,true,2616,229,0,0,0,0,0,,0,0,480000000,480000000,0,0,0,ok,,
2321,,,,getmoto__moto.694ce1f4.pr_8492.uz8ru91h,17,getmoto__moto.694ce1f4.pr_8492.uz8ru91h,21705,true,327,34,0,0,0,0,0,,0,0,510000000,510000000,0,0,0,ok,,
2322,,,,getmoto__moto.694ce1f4.pr_8492.uz8ru91h,18,getmoto__moto.694ce1f4.pr_8492.uz8ru91h,22066,true,1297,365,0,0,0,0,0,,0,0,540000000,540000000,0,0,0,ok,,
2323,,,,getmoto__moto.694ce1f4.pr_8492.uz8ru91h,19,getmoto__moto.694ce1f4.pr_8492.uz8ru91h,23728,true,3258,41,0,0,0,0,0,,0,0,570000000,570000000,0,0,0,ok,,
2324,,,,getmoto__moto.694ce1f4.pr_8492.uz8ru91h,20,getmoto__moto.694ce1f4.pr_8492.uz8ru91h,27027,true,20,7,0,0,0,0,0,,0,0,600000000,600000000,0,0,0,ok,,
2325,,,,benoitc__gunicorn.bacbf8aa.func_pm_ctrl_invert_if__vsxey1ea.dmb6crem,0,swe_smith_system_prompt,978,true,1132,107,0,0,0,0,0,,0,0,0,0,0,0,0,ok,,
2326,,,,benoitc__gunicorn.bacbf8aa.func_pm_ctrl_invert_if__vsxey1ea.dmb6crem,1,benoitc__gunicorn.bacbf8aa.func_pm_ctrl_invert_if__vsxey1ea.dmb6crem,2217,true,2677,73,0,0,0,0,0,,0,0,30000000,30000000,0,0,0,ok,,
2327,,,,benoitc__gunicorn.bacbf8aa.func_pm_ctrl_invert_if__vsxey1ea.dmb6crem,2,benoitc__gunicorn.bacbf8aa.func_pm_ctrl_invert_if__vsxey1ea.dmb6crem,4967,true,1063,44,0,0,0,0,0,,0,0,60000000,60000000,0,0,0,ok,,
2328,,,,benoitc__gunicorn.bacbf8aa.func_pm_ctrl_invert_if__vsxey1ea.dmb6crem,3,benoitc__gunicorn.bacbf8aa.func_pm_ctrl_invert_if__vsxey1ea.dmb6crem,6074,true,2923,70,0,0,0,0,0,,0,0,90000000,90000000,0,0,0,ok,,
2329,,,,benoitc__gunicorn.bacbf8aa.func_pm_ctrl_invert_if__vsxey1ea.dmb6crem,4,benoitc__gunicorn.bacbf8aa.func_pm_ctrl_invert_if__vsxey1ea.dmb6crem,9067,true,575,57,0,0,0,0,0,,0,0,120000000,120000000,0,0,0,ok,,
2330,,,,benoitc__gunicorn.bacbf8aa.func_pm_ctrl_invert_if__vsxey1ea.dmb6crem,5,benoitc__gunicorn.bacbf8aa.func_pm_ctrl_invert_if__vsxey1ea.dmb6crem,9699,true,156,68,0,0,0,0,0,,0,0,150000000,150000000,0,0,0,ok,,
2331,,,,benoitc__gunicorn.bacbf8aa.func_pm_ctrl_invert_if__vsxey1ea.dmb6crem,6,benoitc__gunicorn.bacbf8aa.func_pm_ctrl_invert_if__vsxey1ea.dmb6crem,9923,true,360,62,0,0,0,0,0,,0,0,180000000,180000000,0,0,0,ok,,
2332,,,,benoitc__gunicorn.bacbf8aa.func_pm_ctrl_invert_if__vsxey1ea.dmb6crem,7,benoitc__gunicorn.bacbf8aa.func_pm_ctrl_invert_if__vsxey1ea.dmb6crem,10345,true,665,363,0,0,0,0,0,,0,0,210000000,210000000,0,0,0,ok,,
2333,,,,benoitc__gunicorn.bacbf8aa.func_pm_ctrl_invert_if__vsxey1ea.dmb6crem,8,benoitc__gunicorn.bacbf8aa.func_pm_ctrl_invert_if__vsxey1ea.dmb6crem,11373,true,23,37,0,0,0,0,0,,0,0,240000000,240000000,0,0,0,ok,,
2334,,,,benoitc__gunicorn.bacbf8aa.func_pm_ctrl_invert_if__vsxey1ea.dmb6crem,9,benoitc__gunicorn.bacbf8aa.func_pm_ctrl_invert_if__vsxey1ea.dmb6crem,11433,true,387,142,0,0,0,0,0,,0,0,270000000,270000000,0,0,0,ok,,
2335,,,,benoitc__gunicorn.bacbf8aa.func_pm_ctrl_invert_if__vsxey1ea.dmb6crem,10,benoitc__gunicorn.bacbf8aa.func_pm_ctrl_invert_if__vsxey1ea.dmb6crem,11962,true,220,44,0,0,0,0,0,,0,0,300000000,300000000,0,0,0,ok,,
2336,,,,benoitc__gunicorn.bacbf8aa.func_pm_ctrl_invert_if__vsxey1ea.dmb6crem,11,benoitc__gunicorn.bacbf8aa.func_pm_ctrl_invert_if__vsxey1ea.dmb6crem,12226,true,275,776,0,0,0,0,0,,0,0,330000000,330000000,0,0,0,ok,,
2337,,,,benoitc__gunicorn.bacbf8aa.func_pm_ctrl_invert_if__vsxey1ea.dmb6crem,12,benoitc__gunicorn.bacbf8aa.func_pm_ctrl_invert_if__vsxey1ea.dmb6crem,13277,true,23,39,0,0,0,0,0,,0,0,360000000,360000000,0,0,0,ok,,
2338,,,,benoitc__gunicorn.bacbf8aa.func_pm_ctrl_invert_if__vsxey1ea.dmb6crem,13,benoitc__gunicorn.bacbf8aa.func_pm_ctrl_invert_if__vsxey1ea.dmb6crem,13339,true,101,347,0,0,0,0,0,,0,0,390000000,390000000,0,0,0,ok,,
2339,,,,benoitc__gunicorn.bacbf8aa.func_pm_ctrl_invert_if__vsxey1ea.dmb6crem,14,benoitc__gunicorn.bacbf8aa.func_pm_ctrl_invert_if__vsxey1ea.dmb6crem,13787,true,249,179,0,0,0,0,0,,0,0,420000000,420000000,0,0,0,ok,,
2340,,,,benoitc__gunicorn.bacbf8aa.func_pm_ctrl_invert_if__vsxey1ea.dmb6crem,15,benoitc__gunicorn.bacbf8aa.func_pm_ctrl_invert_if__vsxey1ea.dmb6crem,14215,true,22,23,0,0,0,0,0,,0,0,450000000,450000000,0,0,0,ok,,
2341,,,,benoitc__gunicorn.bacbf8aa.func_pm_ctrl_invert_if__vsxey1ea.dmb6crem,16,benoitc__gunicorn.bacbf8aa.func_pm_ctrl_invert_if__vsxey1ea.dmb6crem,14260,true,146,203,0,0,0,0,0,,0,0,480000000,480000000,0,0,0,ok,,
2342,,,,benoitc__gunicorn.bacbf8aa.func_pm_ctrl_invert_if__vsxey1ea.dmb6crem,17,benoitc__gunicorn.bacbf8aa.func_pm_ctrl_invert_if__vsxey1ea.dmb6crem,14609,true,261,190,0,0,0,0,0,,0,0,510000000,510000000,0,0,0,ok,,
2343,,,,benoitc__gunicorn.bacbf8aa.func_pm_ctrl_invert_if__vsxey1ea.dmb6crem,18,benoitc__gunicorn.bacbf8aa.func_pm_ctrl_invert_if__vsxey1ea.dmb6crem,15060,true,21,23,0,0,0,0,0,,0,0,540000000,540000000,0,0,0,ok,,
2344,,,,benoitc__gunicorn.bacbf8aa.func_pm_ctrl_invert_if__vsxey1ea.dmb6crem,19,benoitc__gunicorn.bacbf8aa.func_pm_ctrl_invert_if__vsxey1ea.dmb6crem,15104,true,158,1582,0,0,0,0,0,,0,0,570000000,570000000,0,0,0,ok,,
2345,,,,benoitc__gunicorn.bacbf8aa.func_pm_ctrl_invert_if__vsxey1ea.dmb6crem,20,benoitc__gunicorn.bacbf8aa.func_pm_ctrl_invert_if__vsxey1ea.dmb6crem,16844,true,24,34,0,0,0,0,0,,0,0,600000000,600000000,0,0,0,ok,,
2346,,,,benoitc__gunicorn.bacbf8aa.func_pm_ctrl_invert_if__vsxey1ea.dmb6crem,21,benoitc__gunicorn.bacbf8aa.func_pm_ctrl_invert_if__vsxey1ea.dmb6crem,16902,true,185,242,0,0,0,0,0,,0,0,630000000,630000000,0,0,0,ok,,
2347,,,,benoitc__gunicorn.bacbf8aa.func_pm_ctrl_invert_if__vsxey1ea.dmb6crem,22,benoitc__gunicorn.bacbf8aa.func_pm_ctrl_invert_if__vsxey1ea.dmb6crem,17329,true,4309,61,0,0,0,0,0,,0,0,660000000,660000000,0,0,0,ok,,
2348,,,,benoitc__gunicorn.bacbf8aa.func_pm_ctrl_invert_if__vsxey1ea.dmb6crem,23,benoitc__gunicorn.bacbf8aa.func_pm_ctrl_invert_if__vsxey1ea.dmb6crem,21699,true,20,7,0,0,0,0,0,,0,0,690000000,690000000,0,0,0,ok,,
2349,,,,pyasn1__pyasn1.0f07d724.lm_rewrite__rli42acr.82pjat6u,0,swe_smith_system_prompt,978,true,910,103,0,0,0,0,0,,0,0,0,0,0,0,0,ok,,
2350,,,,pyasn1__pyasn1.0f07d724.lm_rewrite__rli42acr.82pjat6u,1,pyasn1__pyasn1.0f07d724.lm_rewrite__rli42acr.82pjat6u,1991,true,29,67,0,0,0,0,0,,0,0,30000000,30000000,0,0,0,ok,,
2351,,,,pyasn1__pyasn1.0f07d724.lm_rewrite__rli42acr.82pjat6u,2,pyasn1__pyasn1.0f07d724.lm_rewrite__rli42acr.82pjat6u,2087,true,5684,49,0,0,0,0,0,,0,0,60000000,60000000,0,0,0,ok,,
2352,,,,pyasn1__pyasn1.0f07d724.lm_rewrite__rli42acr.82pjat6u,3,pyasn1__pyasn1.0f07d724.lm_rewrite__rli42acr.82pjat6u,7820,true,36,56,0,0,0,0,0,,0,0,90000000,90000000,0,0,0,ok,,
2353,,,,pyasn1__pyasn1.0f07d724.lm_rewrite__rli42acr.82pjat6u,4,pyasn1__pyasn1.0f07d724.lm_rewrite__rli42acr.82pjat6u,7912,true,268,125,0,0,0,0,0,,0,0,120000000,120000000,0,0,0,ok,,
2354,,,,pyasn1__pyasn1.0f07d724.lm_rewrite__rli42acr.82pjat6u,5,pyasn1__pyasn1.0f07d724.lm_rewrite__rli42acr.82pjat6u,8305,true,57,185,0,0,0,0,0,,0,0,150000000,150000000,0,0,0,ok,,
2355,,,,pyasn1__pyasn1.0f07d724.lm_rewrite__rli42acr.82pjat6u,6,pyasn1__pyasn1.0f07d724.lm_rewrite__rli42acr.82pjat6u,8547,true,23,35,0,0,0,0,0,,0,0,180000000,180000000,0,0,0,ok,,
2356,,,,pyasn1__pyasn1.0f07d724.lm_rewrite__rli42acr.82pjat6u,7,pyasn1__pyasn1.0f07d724.lm_rewrite__rli42acr.82pjat6u,8605,true,22,308,0,0,0,0,0,,0,0,210000000,210000000,0,0,0,ok,,
2357,,,,pyasn1__pyasn1.0f07d724.lm_rewrite__rli42acr.82pjat6u,8,pyasn1__pyasn1.0f07d724.lm_rewrite__rli42acr.82pjat6u,8935,true,291,176,0,0,0,0,0,,0,0,240000000,240000000,0,0,0,ok,,
2358,,,,pyasn1__pyasn1.0f07d724.lm_rewrite__rli42acr.82pjat6u,9,pyasn1__pyasn1.0f07d724.lm_rewrite__rli42acr.82pjat6u,9402,true,294,54,0,0,0,0,0,,0,0,270000000,270000000,0,0,0,ok,,
2359,,,,pyasn1__pyasn1.0f07d724.lm_rewrite__rli42acr.82pjat6u,10,pyasn1__pyasn1.0f07d724.lm_rewrite__rli42acr.82pjat6u,9750,true,22,112,0,0,0,0,0,,0,0,300000000,300000000,0,0,0,ok,,
2360,,,,pyasn1__pyasn1.0f07d724.lm_rewrite__rli42acr.82pjat6u,11,pyasn1__pyasn1.0f07d724.lm_rewrite__rli42acr.82pjat6u,9884,true,745,87,0,0,0,0,0,,0,0,330000000,330000000,0,0,0,ok,,
2361,,,,pyasn1__pyasn1.0f07d724.lm_rewrite__rli42acr.82pjat6u,12,pyasn1__pyasn1.0f07d724.lm_rewrite__rli42acr.82pjat6u,10716,true,155,291,0,0,0,0,0,,0,0,360000000,360000000,0,0,0,ok,,
2362,,,,pyasn1__pyasn1.0f07d724.lm_rewrite__rli42acr.82pjat6u,13,pyasn1__pyasn1.0f07d724.lm_rewrite__rli42acr.82pjat6u,11162,true,272,149,0,0,0,0,0,,0,0,390000000,390000000,0,0,0,ok,,
2363,,,,pyasn1__pyasn1.0f07d724.lm_rewrite__rli42acr.82pjat6u,14,pyasn1__pyasn1.0f07d724.lm_rewrite__rli42acr.82pjat6u,11583,true,268,1146,0,0,0,0,0,,0,0,420000000,420000000,0,0,0,ok,,
2364,,,,pyasn1__pyasn1.0f07d724.lm_rewrite__rli42acr.82pjat6u,15,pyasn1__pyasn1.0f07d724.lm_rewrite__rli42acr.82pjat6u,12997,true,1232,41,0,0,0,0,0,,0,0,450000000,450000000,0,0,0,ok,,
2365,,,,pyasn1__pyasn1.0f07d724.lm_rewrite__rli42acr.82pjat6u,16,pyasn1__pyasn1.0f07d724.lm_rewrite__rli42acr.82pjat6u,14270,true,21,561,0,0,0,0,0,,0,0,480000000,480000000,0,0,0,ok,,
2366,,,,pyasn1__pyasn1.0f07d724.lm_rewrite__rli42acr.82pjat6u,17,pyasn1__pyasn1.0f07d724.lm_rewrite__rli42acr.82pjat6u,14852,true,23,31,0,0,0,0,0,,0,0,510000000,510000000,0,0,0,ok,,
2367,,,,pyasn1__pyasn1.0f07d724.lm_rewrite__rli42acr.82pjat6u,18,pyasn1__pyasn1.0f07d724.lm_rewrite__rli42acr.82pjat6u,14906,true,189,211,0,0,0,0,0,,0,0,540000000,540000000,0,0,0,ok,,
2368,,,,pyasn1__pyasn1.0f07d724.lm_rewrite__rli42acr.82pjat6u,19,pyasn1__pyasn1.0f07d724.lm_rewrite__rli42acr.82pjat6u,15306,true,1920,41,0,0,0,0,0,,0,0,570000000,570000000,0,0,0,ok,,
2369,,,,pyasn1__pyasn1.0f07d724.lm_rewrite__rli42acr.82pjat6u,20,pyasn1__pyasn1.0f07d724.lm_rewrite__rli42acr.82pjat6u,17267,true,20,7,0,0,0,0,0,,0,0,600000000,600000000,0,0,0,ok,,
2370,,,,seperman__deepdiff.ed252022.lm_rewrite__8antbd9j.63okxalb,0,swe_smith_system_prompt,978,true,902,74,0,0,0,0,0,,0,0,0,0,0,0,0,ok,,
2371,,,,seperman__deepdiff.ed252022.lm_rewrite__8antbd9j.63okxalb,1,seperman__deepdiff.ed252022.lm_rewrite__8antbd9j.63okxalb,1954,true,425,59,0,0,0,0,0,,0,0,30000000,30000000,0,0,0,ok,,
2372,,,,seperman__deepdiff.ed252022.lm_rewrite__8antbd9j.63okxalb,2,seperman__deepdiff.ed252022.lm_rewrite__8antbd9j.63okxalb,2438,true,5649,40,0,0,0,0,0,,0,0,60000000,60000000,0,0,0,ok,,
2373,,,,seperman__deepdiff.ed252022.lm_rewrite__8antbd9j.63okxalb,3,seperman__deepdiff.ed252022.lm_rewrite__8antbd9j.63okxalb,8127,true,20,72,0,0,0,0,0,,0,0,90000000,90000000,0,0,0,ok,,
2374,,,,seperman__deepdiff.ed252022.lm_rewrite__8antbd9j.63okxalb,4,seperman__deepdiff.ed252022.lm_rewrite__8antbd9j.63okxalb,8219,true,2840,69,0,0,0,0,0,,0,0,120000000,120000000,0,0,0,ok,,
2375,,,,seperman__deepdiff.ed252022.lm_rewrite__8antbd9j.63okxalb,5,seperman__deepdiff.ed252022.lm_rewrite__8antbd9j.63okxalb,11128,true,777,46,0,0,0,0,0,,0,0,150000000,150000000,0,0,0,ok,,
2376,,,,seperman__deepdiff.ed252022.lm_rewrite__8antbd9j.63okxalb,6,seperman__deepdiff.ed252022.lm_rewrite__8antbd9j.63okxalb,11951,true,383,274,0,0,0,0,0,,0,0,180000000,180000000,0,0,0,ok,,
2377,,,,seperman__deepdiff.ed252022.lm_rewrite__8antbd9j.63okxalb,7,seperman__deepdiff.ed252022.lm_rewrite__8antbd9j.63okxalb,12608,true,23,35,0,0,0,0,0,,0,0,210000000,210000000,0,0,0,ok,,
2378,,,,seperman__deepdiff.ed252022.lm_rewrite__8antbd9j.63okxalb,8,seperman__deepdiff.ed252022.lm_rewrite__8antbd9j.63okxalb,12666,true,69,307,0,0,0,0,0,,0,0,240000000,240000000,0,0,0,ok,,
2379,,,,seperman__deepdiff.ed252022.lm_rewrite__8antbd9j.63okxalb,9,seperman__deepdiff.ed252022.lm_rewrite__8antbd9j.63okxalb,13042,true,28,28,0,0,0,0,0,,0,0,270000000,270000000,0,0,0,ok,,
2380,,,,seperman__deepdiff.ed252022.lm_rewrite__8antbd9j.63okxalb,10,seperman__deepdiff.ed252022.lm_rewrite__8antbd9j.63okxalb,13098,true,231,693,0,0,0,0,0,,0,0,300000000,300000000,0,0,0,ok,,
2381,,,,seperman__deepdiff.ed252022.lm_rewrite__8antbd9j.63okxalb,11,seperman__deepdiff.ed252022.lm_rewrite__8antbd9j.63okxalb,14022,true,631,40,0,0,0,0,0,,0,0,330000000,330000000,0,0,0,ok,,
2382,,,,seperman__deepdiff.ed252022.lm_rewrite__8antbd9j.63okxalb,12,seperman__deepdiff.ed252022.lm_rewrite__8antbd9j.63okxalb,14693,true,273,92,0,0,0,0,0,,0,0,360000000,360000000,0,0,0,ok,,
2383,,,,seperman__deepdiff.ed252022.lm_rewrite__8antbd9j.63okxalb,13,seperman__deepdiff.ed252022.lm_rewrite__8antbd9j.63okxalb,15058,true,112,59,0,0,0,0,0,,0,0,390000000,390000000,0,0,0,ok,,
2384,,,,seperman__deepdiff.ed252022.lm_rewrite__8antbd9j.63okxalb,14,seperman__deepdiff.ed252022.lm_rewrite__8antbd9j.63okxalb,15229,true,61,34,0,0,0,0,0,,0,0,420000000,420000000,0,0,0,ok,,
2385,,,,seperman__deepdiff.ed252022.lm_rewrite__8antbd9j.63okxalb,15,seperman__deepdiff.ed252022.lm_rewrite__8antbd9j.63okxalb,15324,true,181,343,0,0,0,0,0,,0,0,450000000,450000000,0,0,0,ok,,
2386,,,,seperman__deepdiff.ed252022.lm_rewrite__8antbd9j.63okxalb,16,seperman__deepdiff.ed252022.lm_rewrite__8antbd9j.63okxalb,15848,true,25,26,0,0,0,0,0,,0,0,480000000,480000000,0,0,0,ok,,
2387,,,,seperman__deepdiff.ed252022.lm_rewrite__8antbd9j.63okxalb,17,seperman__deepdiff.ed252022.lm_rewrite__8antbd9j.63okxalb,15899,true,193,801,0,0,0,0,0,,0,0,510000000,510000000,0,0,0,ok,,
2388,,,,seperman__deepdiff.ed252022.lm_rewrite__8antbd9j.63okxalb,18,seperman__deepdiff.ed252022.lm_rewrite__8antbd9j.63okxalb,16893,true,794,243,0,0,0,0,0,,0,0,540000000,540000000,0,0,0,ok,,
2389,,,,seperman__deepdiff.ed252022.lm_rewrite__8antbd9j.63okxalb,19,seperman__deepdiff.ed252022.lm_rewrite__8antbd9j.63okxalb,17930,true,25,26,0,0,0,0,0,,0,0,570000000,570000000,0,0,0,ok,,
2390,,,,seperman__deepdiff.ed252022.lm_rewrite__8antbd9j.63okxalb,20,seperman__deepdiff.ed252022.lm_rewrite__8antbd9j.63okxalb,17981,true,124,298,0,0,0,0,0,,0,0,600000000,600000000,0,0,0,ok,,
2391,,,,seperman__deepdiff.ed252022.lm_rewrite__8antbd9j.63okxalb,21,seperman__deepdiff.ed252022.lm_rewrite__8antbd9j.63okxalb,18403,true,23,24,0,0,0,0,0,,0,0,630000000,630000000,0,0,0,ok,,
2392,,,,seperman__deepdiff.ed252022.lm_rewrite__8antbd9j.63okxalb,22,seperman__deepdiff.ed252022.lm_rewrite__8antbd9j.63okxalb,18450,true,103,275,0,0,0,0,0,,0,0,660000000,660000000,0,0,0,ok,,
2393,,,,seperman__deepdiff.ed252022.lm_rewrite__8antbd9j.63okxalb,23,seperman__deepdiff.ed252022.lm_rewrite__8antbd9j.63okxalb,18828,true,2461,70,0,0,0,0,0,,0,0,690000000,690000000,0,0,0,ok,,
2394,,,,seperman__deepdiff.ed252022.lm_rewrite__8antbd9j.63okxalb,24,seperman__deepdiff.ed252022.lm_rewrite__8antbd9j.63okxalb,21359,true,20,16,0,0,0,0,0,,0,0,720000000,720000000,0,0,0,ok,,
2395,,,,iterative__dvc.1d6ea681.pr_7899.68tpylhg,0,swe_smith_system_prompt,978,true,880,127,0,0,0,0,0,,0,0,0,0,0,0,0,ok,,
2396,,,,iterative__dvc.1d6ea681.pr_7899.68tpylhg,1,iterative__dvc.1d6ea681.pr_7899.68tpylhg,1985,true,36,60,0,0,0,0,0,,0,0,30000000,30000000,0,0,0,ok,,
2397,,,,iterative__dvc.1d6ea681.pr_7899.68tpylhg,2,iterative__dvc.1d6ea681.pr_7899.68tpylhg,2081,true,2202,125,0,0,0,0,0,,0,0,60000000,60000000,0,0,0,ok,,
2398,,,,iterative__dvc.1d6ea681.pr_7899.68tpylhg,3,iterative__dvc.1d6ea681.pr_7899.68tpylhg,4408,true,3061,75,0,0,0,0,0,,0,0,90000000,90000000,0,0,0,ok,,
2399,,,,iterative__dvc.1d6ea681.pr_7899.68tpylhg,4,iterative__dvc.1d6ea681.pr_7899.68tpylhg,7544,true,9,304,0,0,0,0,0,,0,0,120000000,120000000,0,0,0,ok,,
2400,,,,iterative__dvc.1d6ea681.pr_7899.68tpylhg,5,iterative__dvc.1d6ea681.pr_7899.68tpylhg,7857,true,23,36,0,0,0,0,0,,0,0,150000000,150000000,0,0,0,ok,,
2401,,,,iterative__dvc.1d6ea681.pr_7899.68tpylhg,6,iterative__dvc.1d6ea681.pr_7899.68tpylhg,7916,true,969,551,0,0,0,0,0,,0,0,180000000,180000000,0,0,0,ok,,
2402,,,,iterative__dvc.1d6ea681.pr_7899.68tpylhg,7,iterative__dvc.1d6ea681.pr_7899.68tpylhg,9436,true,512,32,0,0,0,0,0,,0,0,210000000,210000000,0,0,0,ok,,
2403,,,,iterative__dvc.1d6ea681.pr_7899.68tpylhg,8,iterative__dvc.1d6ea681.pr_7899.68tpylhg,9980,true,1020,99,0,0,0,0,0,,0,0,240000000,240000000,0,0,0,ok,,
2404,,,,iterative__dvc.1d6ea681.pr_7899.68tpylhg,9,iterative__dvc.1d6ea681.pr_7899.68tpylhg,11099,true,26,59,0,0,0,0,0,,0,0,270000000,270000000,0,0,0,ok,,
2405,,,,iterative__dvc.1d6ea681.pr_7899.68tpylhg,10,iterative__dvc.1d6ea681.pr_7899.68tpylhg,11184,true,467,62,0,0,0,0,0,,0,0,300000000,300000000,0,0,0,ok,,
2406,,,,iterative__dvc.1d6ea681.pr_7899.68tpylhg,11,iterative__dvc.1d6ea681.pr_7899.68tpylhg,11713,true,966,479,0,0,0,0,0,,0,0,330000000,330000000,0,0,0,ok,,
2407,,,,iterative__dvc.1d6ea681.pr_7899.68tpylhg,12,iterative__dvc.1d6ea681.pr_7899.68tpylhg,13158,true,630,40,0,0,0,0,0,,0,0,360000000,360000000,0,0,0,ok,,
2408,,,,iterative__dvc.1d6ea681.pr_7899.68tpylhg,13,iterative__dvc.1d6ea681.pr_7899.68tpylhg,13828,true,156,107,0,0,0,0,0,,0,0,390000000,390000000,0,0,0,ok,,
2409,,,,iterative__dvc.1d6ea681.pr_7899.68tpylhg,14,iterative__dvc.1d6ea681.pr_7899.68tpylhg,14091,true,192,32,0,0,0,0,0,,0,0,420000000,420000000,0,0,0,ok,,
2410,,,,iterative__dvc.1d6ea681.pr_7899.68tpylhg,15,iterative__dvc.1d6ea681.pr_7899.68tpylhg,14315,true,894,424,0,0,0,0,0,,0,0,450000000,450000000,0,0,0,ok,,
2411,,,,iterative__dvc.1d6ea681.pr_7899.68tpylhg,16,iterative__dvc.1d6ea681.pr_7899.68tpylhg,15633,true,23,33,0,0,0,0,0,,0,0,480000000,480000000,0,0,0,ok,,
2412,,,,iterative__dvc.1d6ea681.pr_7899.68tpylhg,17,iterative__dvc.1d6ea681.pr_7899.68tpylhg,15689,true,2925,469,0,0,0,0,0,,0,0,510000000,510000000,0,0,0,ok,,
2413,,,,iterative__dvc.1d6ea681.pr_7899.68tpylhg,18,iterative__dvc.1d6ea681.pr_7899.68tpylhg,19083,true,24,35,0,0,0,0,0,,0,0,540000000,540000000,0,0,0,ok,,
2414,,,,iterative__dvc.1d6ea681.pr_7899.68tpylhg,19,iterative__dvc.1d6ea681.pr_7899.68tpylhg,19142,true,3867,274,0,0,0,0,0,,0,0,570000000,570000000,0,0,0,ok,,
2415,,,,iterative__dvc.1d6ea681.pr_7899.68tpylhg,20,iterative__dvc.1d6ea681.pr_7899.68tpylhg,23283,true,9491,48,0,0,0,0,0,,0,0,600000000,600000000,0,0,0,ok,,
2416,,,,iterative__dvc.1d6ea681.pr_7899.68tpylhg,21,iterative__dvc.1d6ea681.pr_7899.68tpylhg,32822,true,20,7,0,0,0,0,0,,0,0,630000000,630000000,0,0,0,ok,,
2417,,,,pygments__pygments.27649ebb.pr_2474.5fyjc736,0,swe_smith_system_prompt,978,true,1097,108,0,0,0,0,0,,0,0,0,0,0,0,0,ok,,
2418,,,,pygments__pygments.27649ebb.pr_2474.5fyjc736,1,pygments__pygments.27649ebb.pr_2474.5fyjc736,2183,true,591,57,0,0,0,0,0,,0,0,30000000,30000000,0,0,0,ok,,
2419,,,,pygments__pygments.27649ebb.pr_2474.5fyjc736,2,pygments__pygments.27649ebb.pr_2474.5fyjc736,2831,true,861,53,0,0,0,0,0,,0,0,60000000,60000000,0,0,0,ok,,
2420,,,,pygments__pygments.27649ebb.pr_2474.5fyjc736,3,pygments__pygments.27649ebb.pr_2474.5fyjc736,3745,true,1281,77,0,0,0,0,0,,0,0,90000000,90000000,0,0,0,ok,,
2421,,,,pygments__pygments.27649ebb.pr_2474.5fyjc736,4,pygments__pygments.27649ebb.pr_2474.5fyjc736,5103,true,20,71,0,0,0,0,0,,0,0,120000000,120000000,0,0,0,ok,,
2422,,,,pygments__pygments.27649ebb.pr_2474.5fyjc736,5,pygments__pygments.27649ebb.pr_2474.5fyjc736,5194,true,1000,45,0,0,0,0,0,,0,0,150000000,150000000,0,0,0,ok,,
2423,,,,pygments__pygments.27649ebb.pr_2474.5fyjc736,6,pygments__pygments.27649ebb.pr_2474.5fyjc736,6239,true,2059,52,0,0,0,0,0,,0,0,180000000,180000000,0,0,0,ok,,
2424,,,,pygments__pygments.27649ebb.pr_2474.5fyjc736,7,pygments__pygments.27649ebb.pr_2474.5fyjc736,8350,true,2707,56,0,0,0,0,0,,0,0,210000000,210000000,0,0,0,ok,,
2425,,,,pygments__pygments.27649ebb.pr_2474.5fyjc736,8,pygments__pygments.27649ebb.pr_2474.5fyjc736,11113,true,61,58,0,0,0,0,0,,0,0,240000000,240000000,0,0,0,ok,,
2426,,,,pygments__pygments.27649ebb.pr_2474.5fyjc736,9,pygments__pygments.27649ebb.pr_2474.5fyjc736,11232,true,476,44,0,0,0,0,0,,0,0,270000000,270000000,0,0,0,ok,,
2427,,,,pygments__pygments.27649ebb.pr_2474.5fyjc736,10,pygments__pygments.27649ebb.pr_2474.5fyjc736,11752,true,25,150,0,0,0,0,0,,0,0,300000000,300000000,0,0,0,ok,,
2428,,,,pygments__pygments.27649ebb.pr_2474.5fyjc736,11,pygments__pygments.27649ebb.pr_2474.5fyjc736,11927,true,23,36,0,0,0,0,0,,0,0,330000000,330000000,0,0,0,ok,,
2429,,,,pygments__pygments.27649ebb.pr_2474.5fyjc736,12,pygments__pygments.27649ebb.pr_2474.5fyjc736,11986,true,243,1195,0,0,0,0,0,,0,0,360000000,360000000,0,0,0,ok,,
2430,,,,pygments__pygments.27649ebb.pr_2474.5fyjc736,13,pygments__pygments.27649ebb.pr_2474.5fyjc736,13424,true,26,53,0,0,0,0,0,,0,0,390000000,390000000,0,0,0,ok,,
2431,,,,pygments__pygments.27649ebb.pr_2474.5fyjc736,14,pygments__pygments.27649ebb.pr_2474.5fyjc736,13503,true,233,557,0,0,0,0,0,,0,0,420000000,420000000,0,0,0,ok,,
2432,,,,pygments__pygments.27649ebb.pr_2474.5fyjc736,15,pygments__pygments.27649ebb.pr_2474.5fyjc736,14293,true,25,36,0,0,0,0,0,,0,0,450000000,450000000,0,0,0,ok,,
2433,,,,pygments__pygments.27649ebb.pr_2474.5fyjc736,16,pygments__pygments.27649ebb.pr_2474.5fyjc736,14354,true,407,566,0,0,0,0,0,,0,0,480000000,480000000,0,0,0,ok,,
2434,,,,pygments__pygments.27649ebb.pr_2474.5fyjc736,17,pygments__pygments.27649ebb.pr_2474.5fyjc736,15327,true,22,31,0,0,0,0,0,,0,0,510000000,510000000,0,0,0,ok,,
2435,,,,pygments__pygments.27649ebb.pr_2474.5fyjc736,18,pygments__pygments.27649ebb.pr_2474.5fyjc736,15380,true,1510,130,0,0,0,0,0,,0,0,540000000,540000000,0,0,0,ok,,
2436,,,,pygments__pygments.27649ebb.pr_2474.5fyjc736,19,pygments__pygments.27649ebb.pr_2474.5fyjc736,17020,true,189,40,0,0,0,0,0,,0,0,570000000,570000000,0,0,0,ok,,
2437,,,,pygments__pygments.27649ebb.pr_2474.5fyjc736,20,pygments__pygments.27649ebb.pr_2474.5fyjc736,17249,true,1509,89,0,0,0,0,0,,0,0,600000000,600000000,0,0,0,ok,,
2438,,,,pygments__pygments.27649ebb.pr_2474.5fyjc736,21,pygments__pygments.27649ebb.pr_2474.5fyjc736,18847,true,407,238,0,0,0,0,0,,0,0,630000000,630000000,0,0,0,ok,,
2439,,,,pygments__pygments.27649ebb.pr_2474.5fyjc736,22,pygments__pygments.27649ebb.pr_2474.5fyjc736,19492,true,3385,47,0,0,0,0,0,,0,0,660000000,660000000,0,0,0,ok,,
2440,,,,pygments__pygments.27649ebb.pr_2474.5fyjc736,23,pygments__pygments.27649ebb.pr_2474.5fyjc736,22924,true,20,13,0,0,0,0,0,,0,0,690000000,690000000,0,0,0,ok,,
2441,,,,lepture__mistune.bf54ef67.lm_rewrite__bwo2to9m.b1q5dsis,0,swe_smith_system_prompt,978,true,927,82,0,0,0,0,0,,0,0,0,0,0,0,0,ok,,
2442,,,,lepture__mistune.bf54ef67.lm_rewrite__bwo2to9m.b1q5dsis,1,lepture__mistune.bf54ef67.lm_rewrite__bwo2to9m.b1q5dsis,1987,true,591,91,0,0,0,0,0,,0,0,30000000,30000000,0,0,0,ok,,
2443,,,,lepture__mistune.bf54ef67.lm_rewrite__bwo2to9m.b1q5dsis,2,lepture__mistune.bf54ef67.lm_rewrite__bwo2to9m.b1q5dsis,2669,true,1932,55,0,0,0,0,0,,0,0,60000000,60000000,0,0,0,ok,,
2444,,,,lepture__mistune.bf54ef67.lm_rewrite__bwo2to9m.b1q5dsis,3,lepture__mistune.bf54ef67.lm_rewrite__bwo2to9m.b1q5dsis,4656,true,5347,53,0,0,0,0,0,,0,0,90000000,90000000,0,0,0,ok,,
2445,,,,lepture__mistune.bf54ef67.lm_rewrite__bwo2to9m.b1q5dsis,4,lepture__mistune.bf54ef67.lm_rewrite__bwo2to9m.b1q5dsis,10056,true,1810,51,0,0,0,0,0,,0,0,120000000,120000000,0,0,0,ok,,
2446,,,,lepture__mistune.bf54ef67.lm_rewrite__bwo2to9m.b1q5dsis,5,lepture__mistune.bf54ef67.lm_rewrite__bwo2to9m.b1q5dsis,11917,true,914,353,0,0,0,0,0,,0,0,150000000,150000000,0,0,0,ok,,
2447,,,,lepture__mistune.bf54ef67.lm_rewrite__bwo2to9m.b1q5dsis,6,lepture__mistune.bf54ef67.lm_rewrite__bwo2to9m.b1q5dsis,13184,true,21,36,0,0,0,0,0,,0,0,180000000,180000000,0,0,0,ok,,
2448,,,,lepture__mistune.bf54ef67.lm_rewrite__bwo2to9m.b1q5dsis,7,lepture__mistune.bf54ef67.lm_rewrite__bwo2to9m.b1q5dsis,13241,true,258,586,0,0,0,0,0,,0,0,210000000,210000000,0,0,0,ok,,
2449,,,,lepture__mistune.bf54ef67.lm_rewrite__bwo2to9m.b1q5dsis,8,lepture__mistune.bf54ef67.lm_rewrite__bwo2to9m.b1q5dsis,14085,true,662,41,0,0,0,0,0,,0,0,240000000,240000000,0,0,0,ok,,
2450,,,,lepture__mistune.bf54ef67.lm_rewrite__bwo2to9m.b1q5dsis,9,lepture__mistune.bf54ef67.lm_rewrite__bwo2to9m.b1q5dsis,14788,true,237,686,0,0,0,0,0,,0,0,270000000,270000000,0,0,0,ok,,
2451,,,,lepture__mistune.bf54ef67.lm_rewrite__bwo2to9m.b1q5dsis,10,lepture__mistune.bf54ef67.lm_rewrite__bwo2to9m.b1q5dsis,15711,true,583,39,0,0,0,0,0,,0,0,300000000,300000000,0,0,0,ok,,
2452,,,,lepture__mistune.bf54ef67.lm_rewrite__bwo2to9m.b1q5dsis,11,lepture__mistune.bf54ef67.lm_rewrite__bwo2to9m.b1q5dsis,16333,true,237,638,0,0,0,0,0,,0,0,330000000,330000000,0,0,0,ok,,
2453,,,,lepture__mistune.bf54ef67.lm_rewrite__bwo2to9m.b1q5dsis,12,lepture__mistune.bf54ef67.lm_rewrite__bwo2to9m.b1q5dsis,17208,true,21,31,0,0,0,0,0,,0,0,360000000,360000000,0,0,0,ok,,
2454,,,,lepture__mistune.bf54ef67.lm_rewrite__bwo2to9m.b1q5dsis,13,lepture__mistune.bf54ef67.lm_rewrite__bwo2to9m.b1q5dsis,17260,true,808,110,0,0,0,0,0,,0,0,390000000,390000000,0,0,0,ok,,
2455,,,,lepture__mistune.bf54ef67.lm_rewrite__bwo2to9m.b1q5dsis,14,lepture__mistune.bf54ef67.lm_rewrite__bwo2to9m.b1q5dsis,18178,true,2073,34,0,0,0,0,0,,0,0,420000000,420000000,0,0,0,ok,,
2456,,,,lepture__mistune.bf54ef67.lm_rewrite__bwo2to9m.b1q5dsis,15,lepture__mistune.bf54ef67.lm_rewrite__bwo2to9m.b1q5dsis,20285,true,20,13,0,0,0,0,0,,0,0,450000000,450000000,0,0,0,ok,,
2457,,,,conan-io__conan.86f29e13.lm_rewrite__bpnk34rf.5u0vfu9z,0,swe_smith_system_prompt,978,true,660,74,0,0,0,0,0,,0,0,0,0,0,0,0,ok,,
2458,,,,conan-io__conan.86f29e13.lm_rewrite__bpnk34rf.5u0vfu9z,1,conan-io__conan.86f29e13.lm_rewrite__bpnk34rf.5u0vfu9z,1712,true,18522,55,0,0,0,0,0,,0,0,30000000,30000000,0,0,0,ok,,
2459,,,,conan-io__conan.86f29e13.lm_rewrite__bpnk34rf.5u0vfu9z,2,conan-io__conan.86f29e13.lm_rewrite__bpnk34rf.5u0vfu9z,20289,true,78,54,0,0,0,0,0,,0,0,60000000,60000000,0,0,0,ok,,
2460,,,,conan-io__conan.86f29e13.lm_rewrite__bpnk34rf.5u0vfu9z,3,conan-io__conan.86f29e13.lm_rewrite__bpnk34rf.5u0vfu9z,20421,true,4138,49,0,0,0,0,0,,0,0,90000000,90000000,0,0,0,ok,,
2461,,,,conan-io__conan.86f29e13.lm_rewrite__bpnk34rf.5u0vfu9z,4,conan-io__conan.86f29e13.lm_rewrite__bpnk34rf.5u0vfu9z,24608,true,1519,62,0,0,0,0,0,,0,0,120000000,120000000,0,0,0,ok,,
2462,,,,conan-io__conan.86f29e13.lm_rewrite__bpnk34rf.5u0vfu9z,5,conan-io__conan.86f29e13.lm_rewrite__bpnk34rf.5u0vfu9z,26189,true,43,46,0,0,0,0,0,,0,0,150000000,150000000,0,0,0,ok,,
2463,,,,conan-io__conan.86f29e13.lm_rewrite__bpnk34rf.5u0vfu9z,6,conan-io__conan.86f29e13.lm_rewrite__bpnk34rf.5u0vfu9z,26278,true,1459,197,0,0,0,0,0,,0,0,180000000,180000000,0,0,0,ok,,
2464,,,,conan-io__conan.86f29e13.lm_rewrite__bpnk34rf.5u0vfu9z,7,conan-io__conan.86f29e13.lm_rewrite__bpnk34rf.5u0vfu9z,27934,true,23,35,0,0,0,0,0,,0,0,210000000,210000000,0,0,0,ok,,
2465,,,,conan-io__conan.86f29e13.lm_rewrite__bpnk34rf.5u0vfu9z,8,conan-io__conan.86f29e13.lm_rewrite__bpnk34rf.5u0vfu9z,27992,true,30,361,0,0,0,0,0,,0,0,240000000,240000000,0,0,0,ok,,
2466,,,,conan-io__conan.86f29e13.lm_rewrite__bpnk34rf.5u0vfu9z,9,conan-io__conan.86f29e13.lm_rewrite__bpnk34rf.5u0vfu9z,28383,true,377,41,0,0,0,0,0,,0,0,270000000,270000000,0,0,0,ok,,
2467,,,,conan-io__conan.86f29e13.lm_rewrite__bpnk34rf.5u0vfu9z,10,conan-io__conan.86f29e13.lm_rewrite__bpnk34rf.5u0vfu9z,28801,true,32,139,0,0,0,0,0,,0,0,300000000,300000000,0,0,0,ok,,
2468,,,,conan-io__conan.86f29e13.lm_rewrite__bpnk34rf.5u0vfu9z,11,conan-io__conan.86f29e13.lm_rewrite__bpnk34rf.5u0vfu9z,28972,true,126,59,0,0,0,0,0,,0,0,330000000,330000000,0,0,0,ok,,
2469,,,,conan-io__conan.86f29e13.lm_rewrite__bpnk34rf.5u0vfu9z,12,conan-io__conan.86f29e13.lm_rewrite__bpnk34rf.5u0vfu9z,29157,true,1178,50,0,0,0,0,0,,0,0,360000000,360000000,0,0,0,ok,,
2470,,,,conan-io__conan.86f29e13.lm_rewrite__bpnk34rf.5u0vfu9z,13,conan-io__conan.86f29e13.lm_rewrite__bpnk34rf.5u0vfu9z,30385,true,2294,48,0,0,0,0,0,,0,0,390000000,390000000,0,0,0,ok,,
2471,,,,conan-io__conan.86f29e13.lm_rewrite__bpnk34rf.5u0vfu9z,14,conan-io__conan.86f29e13.lm_rewrite__bpnk34rf.5u0vfu9z,32727,true,1082,126,0,0,0,0,0,,0,0,420000000,420000000,0,0,0,ok,,
2472,,,,conan-io__conan.86f29e13.lm_rewrite__bpnk34rf.5u0vfu9z,15,conan-io__conan.86f29e13.lm_rewrite__bpnk34rf.5u0vfu9z,33935,true,874,59,0,0,0,0,0,,0,0,450000000,450000000,0,0,0,ok,,
2473,,,,conan-io__conan.86f29e13.lm_rewrite__bpnk34rf.5u0vfu9z,16,conan-io__conan.86f29e13.lm_rewrite__bpnk34rf.5u0vfu9z,34868,true,957,64,0,0,0,0,0,,0,0,480000000,480000000,0,0,0,ok,,
2474,,,,conan-io__conan.86f29e13.lm_rewrite__bpnk34rf.5u0vfu9z,17,conan-io__conan.86f29e13.lm_rewrite__bpnk34rf.5u0vfu9z,35889,true,978,58,0,0,0,0,0,,0,0,510000000,510000000,0,0,0,ok,,
2475,,,,conan-io__conan.86f29e13.lm_rewrite__bpnk34rf.5u0vfu9z,18,conan-io__conan.86f29e13.lm_rewrite__bpnk34rf.5u0vfu9z,36925,true,875,119,0,0,0,0,0,,0,0,540000000,540000000,0,0,0,ok,,
2476,,,,conan-io__conan.86f29e13.lm_rewrite__bpnk34rf.5u0vfu9z,19,conan-io__conan.86f29e13.lm_rewrite__bpnk34rf.5u0vfu9z,37919,true,32,283,0,0,0,0,0,,0,0,570000000,570000000,0,0,0,ok,,
2477,,,,conan-io__conan.86f29e13.lm_rewrite__bpnk34rf.5u0vfu9z,20,conan-io__conan.86f29e13.lm_rewrite__bpnk34rf.5u0vfu9z,38234,true,330,14,0,0,0,0,0,,0,0,600000000,600000000,0,0,0,ok,,
2478,,,,conan-io__conan.86f29e13.lm_rewrite__bpnk34rf.5u0vfu9z,21,conan-io__conan.86f29e13.lm_rewrite__bpnk34rf.5u0vfu9z,38578,true,844,36,0,0,0,0,0,,0,0,630000000,630000000,0,0,0,ok,,
2479,,,,conan-io__conan.86f29e13.lm_rewrite__bpnk34rf.5u0vfu9z,22,conan-io__conan.86f29e13.lm_rewrite__bpnk34rf.5u0vfu9z,39458,true,20,7,0,0,0,0,0,,0,0,660000000,660000000,0,0,0,ok,,
2480,,,,conan-io__conan.86f29e13.pr_14643.vv9pmkbc,0,swe_smith_system_prompt,978,true,791,110,0,0,0,0,0,,0,0,0,0,0,0,0,ok,,
2481,,,,conan-io__conan.86f29e13.pr_14643.vv9pmkbc,1,conan-io__conan.86f29e13.pr_14643.vv9pmkbc,1879,true,349,51,0,0,0,0,0,,0,0,30000000,30000000,0,0,0,ok,,
2482,,,,conan-io__conan.86f29e13.pr_14643.vv9pmkbc,2,conan-io__conan.86f29e13.pr_14643.vv9pmkbc,2279,true,4814,57,0,0,0,0,0,,0,0,60000000,60000000,0,0,0,ok,,
2483,,,,conan-io__conan.86f29e13.pr_14643.vv9pmkbc,3,conan-io__conan.86f29e13.pr_14643.vv9pmkbc,7150,true,4749,525,0,0,0,0,0,,0,0,90000000,90000000,0,0,0,ok,,
2484,,,,conan-io__conan.86f29e13.pr_14643.vv9pmkbc,4,conan-io__conan.86f29e13.pr_14643.vv9pmkbc,12424,true,23,35,0,0,0,0,0,,0,0,120000000,120000000,0,0,0,ok,,
2485,,,,conan-io__conan.86f29e13.pr_14643.vv9pmkbc,5,conan-io__conan.86f29e13.pr_14643.vv9pmkbc,12482,true,36,286,0,0,0,0,0,,0,0,150000000,150000000,0,0,0,ok,,
2486,,,,conan-io__conan.86f29e13.pr_14643.vv9pmkbc,6,conan-io__conan.86f29e13.pr_14643.vv9pmkbc,12804,true,37,271,0,0,0,0,0,,0,0,180000000,180000000,0,0,0,ok,,
2487,,,,conan-io__conan.86f29e13.pr_14643.vv9pmkbc,7,conan-io__conan.86f29e13.pr_14643.vv9pmkbc,13112,true,23,25,0,0,0,0,0,,0,0,210000000,210000000,0,0,0,ok,,
2488,,,,conan-io__conan.86f29e13.pr_14643.vv9pmkbc,8,conan-io__conan.86f29e13.pr_14643.vv9pmkbc,13160,true,253,739,0,0,0,0,0,,0,0,240000000,240000000,0,0,0,ok,,
2489,,,,conan-io__conan.86f29e13.pr_14643.vv9pmkbc,9,conan-io__conan.86f29e13.pr_14643.vv9pmkbc,14152,true,637,320,0,0,0,0,0,,0,0,270000000,270000000,0,0,0,ok,,
2490,,,,conan-io__conan.86f29e13.pr_14643.vv9pmkbc,10,conan-io__conan.86f29e13.pr_14643.vv9pmkbc,15109,true,348,695,0,0,0,0,0,,0,0,300000000,300000000,0,0,0,ok,,
2491,,,,conan-io__conan.86f29e13.pr_14643.vv9pmkbc,11,conan-io__conan.86f29e13.pr_14643.vv9pmkbc,16152,true,21,32,0,0,0,0,0,,0,0,330000000,330000000,0,0,0,ok,,
2492,,,,conan-io__conan.86f29e13.pr_14643.vv9pmkbc,12,conan-io__conan.86f29e13.pr_14643.vv9pmkbc,16205,true,71,165,0,0,0,0,0,,0,0,360000000,360000000,0,0,0,ok,,
2493,,,,conan-io__conan.86f29e13.pr_14643.vv9pmkbc,13,conan-io__conan.86f29e13.pr_14643.vv9pmkbc,16441,true,708,65,0,0,0,0,0,,0,0,390000000,390000000,0,0,0,ok,,
2494,,,,conan-io__conan.86f29e13.pr_14643.vv9pmkbc,14,conan-io__conan.86f29e13.pr_14643.vv9pmkbc,17214,true,815,47,0,0,0,0,0,,0,0,420000000,420000000,0,0,0,ok,,
2495,,,,conan-io__conan.86f29e13.pr_14643.vv9pmkbc,15,conan-io__conan.86f29e13.pr_14643.vv9pmkbc,18076,true,939,58,0,0,0,0,0,,0,0,450000000,450000000,0,0,0,ok,,
2496,,,,conan-io__conan.86f29e13.pr_14643.vv9pmkbc,16,conan-io__conan.86f29e13.pr_14643.vv9pmkbc,19073,true,204,47,0,0,0,0,0,,0,0,480000000,480000000,0,0,0,ok,,
2497,,,,conan-io__conan.86f29e13.pr_14643.vv9pmkbc,17,conan-io__conan.86f29e13.pr_14643.vv9pmkbc,19324,true,468,39,0,0,0,0,0,,0,0,510000000,510000000,0,0,0,ok,,
2498,,,,conan-io__conan.86f29e13.pr_14643.vv9pmkbc,18,conan-io__conan.86f29e13.pr_14643.vv9pmkbc,19831,true,242,39,0,0,0,0,0,,0,0,540000000,540000000,0,0,0,ok,,
2499,,,,conan-io__conan.86f29e13.pr_14643.vv9pmkbc,19,conan-io__conan.86f29e13.pr_14643.vv9pmkbc,20112,true,1074,233,0,0,0,0,0,,0,0,570000000,570000000,0,0,0,ok,,
2500,,,,conan-io__conan.86f29e13.pr_14643.vv9pmkbc,20,conan-io__conan.86f29e13.pr_14643.vv9pmkbc,21419,true,327,320,0,0,0,0,0,,0,0,600000000,600000000,0,0,0,ok,,
2501,,,,conan-io__conan.86f29e13.pr_14643.vv9pmkbc,21,conan-io__conan.86f29e13.pr_14643.vv9pmkbc,22066,true,348,679,0,0,0,0,0,,0,0,630000000,630000000,0,0,0,ok,,
2502,,,,conan-io__conan.86f29e13.pr_14643.vv9pmkbc,22,conan-io__conan.86f29e13.pr_14643.vv9pmkbc,23093,true,26,27,0,0,0,0,0,,0,0,660000000,660000000,0,0,0,ok,,
2503,,,,conan-io__conan.86f29e13.pr_14643.vv9pmkbc,23,conan-io__conan.86f29e13.pr_14643.vv9pmkbc,23146,true,161,272,0,0,0,0,0,,0,0,690000000,690000000,0,0,0,ok,,
2504,,,,conan-io__conan.86f29e13.pr_14643.vv9pmkbc,24,conan-io__conan.86f29e13.pr_14643.vv9pmkbc,23579,true,3310,52,0,0,0,0,0,,0,0,720000000,720000000,0,0,0,ok,,
2505,,,,conan-io__conan.86f29e13.pr_14643.vv9pmkbc,25,conan-io__conan.86f29e13.pr_14643.vv9pmkbc,26941,true,20,13,0,0,0,0,0,,0,0,750000000,750000000,0,0,0,ok,,
2506,,,,luozhouyang__python-string-similarity.115acaac.lm_rewrite__fhcm2miv.9kxj2bcw,0,swe_smith_system_prompt,978,true,741,97,0,0,0,0,0,,0,0,0,0,0,0,0,ok,,
2507,,,,luozhouyang__python-string-similarity.115acaac.lm_rewrite__fhcm2miv.9kxj2bcw,1,luozhouyang__python-string-similarity.115acaac.lm_rewrite__fhcm2miv.9kxj2bcw,1816,true,441,47,0,0,0,0,0,,0,0,30000000,30000000,0,0,0,ok,,
2508,,,,luozhouyang__python-string-similarity.115acaac.lm_rewrite__fhcm2miv.9kxj2bcw,2,luozhouyang__python-string-similarity.115acaac.lm_rewrite__fhcm2miv.9kxj2bcw,2304,true,1616,59,0,0,0,0,0,,0,0,60000000,60000000,0,0,0,ok,,
2509,,,,luozhouyang__python-string-similarity.115acaac.lm_rewrite__fhcm2miv.9kxj2bcw,3,luozhouyang__python-string-similarity.115acaac.lm_rewrite__fhcm2miv.9kxj2bcw,3979,true,966,52,0,0,0,0,0,,0,0,90000000,90000000,0,0,0,ok,,
2510,,,,luozhouyang__python-string-similarity.115acaac.lm_rewrite__fhcm2miv.9kxj2bcw,4,luozhouyang__python-string-similarity.115acaac.lm_rewrite__fhcm2miv.9kxj2bcw,4997,true,604,36,0,0,0,0,0,,0,0,120000000,120000000,0,0,0,ok,,
2511,,,,luozhouyang__python-string-similarity.115acaac.lm_rewrite__fhcm2miv.9kxj2bcw,5,luozhouyang__python-string-similarity.115acaac.lm_rewrite__fhcm2miv.9kxj2bcw,5637,true,553,121,0,0,0,0,0,,0,0,150000000,150000000,0,0,0,ok,,
2512,,,,luozhouyang__python-string-similarity.115acaac.lm_rewrite__fhcm2miv.9kxj2bcw,6,luozhouyang__python-string-similarity.115acaac.lm_rewrite__fhcm2miv.9kxj2bcw,6311,true,23,36,0,0,0,0,0,,0,0,180000000,180000000,0,0,0,ok,,
2513,,,,luozhouyang__python-string-similarity.115acaac.lm_rewrite__fhcm2miv.9kxj2bcw,7,luozhouyang__python-string-similarity.115acaac.lm_rewrite__fhcm2miv.9kxj2bcw,6370,true,108,1135,0,0,0,0,0,,0,0,210000000,210000000,0,0,0,ok,,
2514,,,,luozhouyang__python-string-similarity.115acaac.lm_rewrite__fhcm2miv.9kxj2bcw,8,luozhouyang__python-string-similarity.115acaac.lm_rewrite__fhcm2miv.9kxj2bcw,7613,true,913,52,0,0,0,0,0,,0,0,240000000,240000000,0,0,0,ok,,
2515,,,,luozhouyang__python-string-similarity.115acaac.lm_rewrite__fhcm2miv.9kxj2bcw,9,luozhouyang__python-string-similarity.115acaac.lm_rewrite__fhcm2miv.9kxj2bcw,8578,true,12,587,0,0,0,0,0,,0,0,270000000,270000000,0,0,0,ok,,
2516,,,,luozhouyang__python-string-similarity.115acaac.lm_rewrite__fhcm2miv.9kxj2bcw,10,luozhouyang__python-string-similarity.115acaac.lm_rewrite__fhcm2miv.9kxj2bcw,9177,true,23,34,0,0,0,0,0,,0,0,300000000,300000000,0,0,0,ok,,
2517,,,,luozhouyang__python-string-similarity.115acaac.lm_rewrite__fhcm2miv.9kxj2bcw,11,luozhouyang__python-string-similarity.115acaac.lm_rewrite__fhcm2miv.9kxj2bcw,9234,true,1211,309,0,0,0,0,0,,0,0,330000000,330000000,0,0,0,ok,,
2518,,,,luozhouyang__python-string-similarity.115acaac.lm_rewrite__fhcm2miv.9kxj2bcw,12,luozhouyang__python-string-similarity.115acaac.lm_rewrite__fhcm2miv.9kxj2bcw,10754,true,1452,40,0,0,0,0,0,,0,0,360000000,360000000,0,0,0,ok,,
2519,,,,luozhouyang__python-string-similarity.115acaac.lm_rewrite__fhcm2miv.9kxj2bcw,13,luozhouyang__python-string-similarity.115acaac.lm_rewrite__fhcm2miv.9kxj2bcw,12246,true,20,13,0,0,0,0,0,,0,0,390000000,390000000,0,0,0,ok,,
2520,,,,buriy__python-readability.40256f40.func_pm_op_swap__6qaf1vop.yxq655kj,0,swe_smith_system_prompt,978,true,808,113,0,0,0,0,0,,0,0,0,0,0,0,0,ok,,
2521,,,,buriy__python-readability.40256f40.func_pm_op_swap__6qaf1vop.yxq655kj,1,buriy__python-readability.40256f40.func_pm_op_swap__6qaf1vop.yxq655kj,1899,true,14,68,0,0,0,0,0,,0,0,30000000,30000000,0,0,0,ok,,
2522,,,,buriy__python-readability.40256f40.func_pm_op_swap__6qaf1vop.yxq655kj,2,buriy__python-readability.40256f40.func_pm_op_swap__6qaf1vop.yxq655kj,1981,true,600,192,0,0,0,0,0,,0,0,60000000,60000000,0,0,0,ok,,
2523,,,,buriy__python-readability.40256f40.func_pm_op_swap__6qaf1vop.yxq655kj,3,buriy__python-readability.40256f40.func_pm_op_swap__6qaf1vop.yxq655kj,2773,true,20,32,0,0,0,0,0,,0,0,90000000,90000000,0,0,0,ok,,
2524,,,,buriy__python-readability.40256f40.func_pm_op_swap__6qaf1vop.yxq655kj,4,buriy__python-readability.40256f40.func_pm_op_swap__6qaf1vop.yxq655kj,2825,true,310,35,0,0,0,0,0,,0,0,120000000,120000000,0,0,0,ok,,
2525,,,,buriy__python-readability.40256f40.func_pm_op_swap__6qaf1vop.yxq655kj,5,buriy__python-readability.40256f40.func_pm_op_swap__6qaf1vop.yxq655kj,3170,true,164,57,0,0,0,0,0,,0,0,150000000,150000000,0,0,0,ok,,
2526,,,,buriy__python-readability.40256f40.func_pm_op_swap__6qaf1vop.yxq655kj,6,buriy__python-readability.40256f40.func_pm_op_swap__6qaf1vop.yxq655kj,3391,true,58,56,0,0,0,0,0,,0,0,180000000,180000000,0,0,0,ok,,
2527,,,,buriy__python-readability.40256f40.func_pm_op_swap__6qaf1vop.yxq655kj,7,buriy__python-readability.40256f40.func_pm_op_swap__6qaf1vop.yxq655kj,3505,true,399,295,0,0,0,0,0,,0,0,210000000,210000000,0,0,0,ok,,
2528,,,,buriy__python-readability.40256f40.func_pm_op_swap__6qaf1vop.yxq655kj,8,buriy__python-readability.40256f40.func_pm_op_swap__6qaf1vop.yxq655kj,4199,true,22,34,0,0,0,0,0,,0,0,240000000,240000000,0,0,0,ok,,
2529,,,,buriy__python-readability.40256f40.func_pm_op_swap__6qaf1vop.yxq655kj,9,buriy__python-readability.40256f40.func_pm_op_swap__6qaf1vop.yxq655kj,4255,true,65,191,0,0,0,0,0,,0,0,270000000,270000000,0,0,0,ok,,
2530,,,,buriy__python-readability.40256f40.func_pm_op_swap__6qaf1vop.yxq655kj,10,buriy__python-readability.40256f40.func_pm_op_swap__6qaf1vop.yxq655kj,4511,true,224,132,0,0,0,0,0,,0,0,300000000,300000000,0,0,0,ok,,
2531,,,,buriy__python-readability.40256f40.func_pm_op_swap__6qaf1vop.yxq655kj,11,buriy__python-readability.40256f40.func_pm_op_swap__6qaf1vop.yxq655kj,4867,true,64,543,0,0,0,0,0,,0,0,330000000,330000000,0,0,0,ok,,
2532,,,,buriy__python-readability.40256f40.func_pm_op_swap__6qaf1vop.yxq655kj,12,buriy__python-readability.40256f40.func_pm_op_swap__6qaf1vop.yxq655kj,5474,true,23,32,0,0,0,0,0,,0,0,360000000,360000000,0,0,0,ok,,
2533,,,,buriy__python-readability.40256f40.func_pm_op_swap__6qaf1vop.yxq655kj,13,buriy__python-readability.40256f40.func_pm_op_swap__6qaf1vop.yxq655kj,5529,true,169,59,0,0,0,0,0,,0,0,390000000,390000000,0,0,0,ok,,
2534,,,,buriy__python-readability.40256f40.func_pm_op_swap__6qaf1vop.yxq655kj,14,buriy__python-readability.40256f40.func_pm_op_swap__6qaf1vop.yxq655kj,5757,true,131,853,0,0,0,0,0,,0,0,420000000,420000000,0,0,0,ok,,
2535,,,,buriy__python-readability.40256f40.func_pm_op_swap__6qaf1vop.yxq655kj,15,buriy__python-readability.40256f40.func_pm_op_swap__6qaf1vop.yxq655kj,6741,true,796,33,0,0,0,0,0,,0,0,450000000,450000000,0,0,0,ok,,
2536,,,,buriy__python-readability.40256f40.func_pm_op_swap__6qaf1vop.yxq655kj,16,buriy__python-readability.40256f40.func_pm_op_swap__6qaf1vop.yxq655kj,7570,true,172,142,0,0,0,0,0,,0,0,480000000,480000000,0,0,0,ok,,
2537,,,,buriy__python-readability.40256f40.func_pm_op_swap__6qaf1vop.yxq655kj,17,buriy__python-readability.40256f40.func_pm_op_swap__6qaf1vop.yxq655kj,7884,true,237,32,0,0,0,0,0,,0,0,510000000,510000000,0,0,0,ok,,
2538,,,,buriy__python-readability.40256f40.func_pm_op_swap__6qaf1vop.yxq655kj,18,buriy__python-readability.40256f40.func_pm_op_swap__6qaf1vop.yxq655kj,8153,true,333,50,0,0,0,0,0,,0,0,540000000,540000000,0,0,0,ok,,
2539,,,,buriy__python-readability.40256f40.func_pm_op_swap__6qaf1vop.yxq655kj,19,buriy__python-readability.40256f40.func_pm_op_swap__6qaf1vop.yxq655kj,8536,true,64,295,0,0,0,0,0,,0,0,570000000,570000000,0,0,0,ok,,
2540,,,,buriy__python-readability.40256f40.func_pm_op_swap__6qaf1vop.yxq655kj,20,buriy__python-readability.40256f40.func_pm_op_swap__6qaf1vop.yxq655kj,8895,true,1512,39,0,0,0,0,0,,0,0,600000000,600000000,0,0,0,ok,,
2541,,,,buriy__python-readability.40256f40.func_pm_op_swap__6qaf1vop.yxq655kj,21,buriy__python-readability.40256f40.func_pm_op_swap__6qaf1vop.yxq655kj,10446,true,20,13,0,0,0,0,0,,0,0,630000000,630000000,0,0,0,ok,,
2542,,,,sunpy__sunpy.f8edfd5c.lm_rewrite__kcbvs8ti.2rh9axxn,0,swe_smith_system_prompt,978,true,867,74,0,0,0,0,0,,0,0,0,0,0,0,0,ok,,
2543,,,,sunpy__sunpy.f8edfd5c.lm_rewrite__kcbvs8ti.2rh9axxn,1,sunpy__sunpy.f8edfd5c.lm_rewrite__kcbvs8ti.2rh9axxn,1919,true,6992,76,0,0,0,0,0,,0,0,30000000,30000000,0,0,0,ok,,
2544,,,,sunpy__sunpy.f8edfd5c.lm_rewrite__kcbvs8ti.2rh9axxn,2,sunpy__sunpy.f8edfd5c.lm_rewrite__kcbvs8ti.2rh9axxn,8987,true,750,62,0,0,0,0,0,,0,0,60000000,60000000,0,0,0,ok,,
2545,,,,sunpy__sunpy.f8edfd5c.lm_rewrite__kcbvs8ti.2rh9axxn,3,sunpy__sunpy.f8edfd5c.lm_rewrite__kcbvs8ti.2rh9axxn,9799,true,2011,57,0,0,0,0,0,,0,0,90000000,90000000,0,0,0,ok,,
2546,,,,sunpy__sunpy.f8edfd5c.lm_rewrite__kcbvs8ti.2rh9axxn,4,sunpy__sunpy.f8edfd5c.lm_rewrite__kcbvs8ti.2rh9axxn,11867,true,1372,60,0,0,0,0,0,,0,0,120000000,120000000,0,0,0,ok,,
2547,,,,sunpy__sunpy.f8edfd5c.lm_rewrite__kcbvs8ti.2rh9axxn,5,sunpy__sunpy.f8edfd5c.lm_rewrite__kcbvs8ti.2rh9axxn,13299,true,44,57,0,0,0,0,0,,0,0,150000000,150000000,0,0,0,ok,,
2548,,,,sunpy__sunpy.f8edfd5c.lm_rewrite__kcbvs8ti.2rh9axxn,6,sunpy__sunpy.f8edfd5c.lm_rewrite__kcbvs8ti.2rh9axxn,13400,true,703,58,0,0,0,0,0,,0,0,180000000,180000000,0,0,0,ok,,
2549,,,,sunpy__sunpy.f8edfd5c.lm_rewrite__kcbvs8ti.2rh9axxn,7,sunpy__sunpy.f8edfd5c.lm_rewrite__kcbvs8ti.2rh9axxn,14161,true,3120,288,0,0,0,0,0,,0,0,210000000,210000000,0,0,0,ok,,
2550,,,,sunpy__sunpy.f8edfd5c.lm_rewrite__kcbvs8ti.2rh9axxn,8,sunpy__sunpy.f8edfd5c.lm_rewrite__kcbvs8ti.2rh9axxn,17569,true,23,37,0,0,0,0,0,,0,0,240000000,240000000,0,0,0,ok,,
2551,,,,sunpy__sunpy.f8edfd5c.lm_rewrite__kcbvs8ti.2rh9axxn,9,sunpy__sunpy.f8edfd5c.lm_rewrite__kcbvs8ti.2rh9axxn,17629,true,65,594,0,0,0,0,0,,0,0,270000000,270000000,0,0,0,ok,,
2552,,,,sunpy__sunpy.f8edfd5c.lm_rewrite__kcbvs8ti.2rh9axxn,10,sunpy__sunpy.f8edfd5c.lm_rewrite__kcbvs8ti.2rh9axxn,18288,true,579,290,0,0,0,0,0,,0,0,300000000,300000000,0,0,0,ok,,
2553,,,,sunpy__sunpy.f8edfd5c.lm_rewrite__kcbvs8ti.2rh9axxn,11,sunpy__sunpy.f8edfd5c.lm_rewrite__kcbvs8ti.2rh9axxn,19157,true,401,41,0,0,0,0,0,,0,0,330000000,330000000,0,0,0,ok,,
2554,,,,sunpy__sunpy.f8edfd5c.lm_rewrite__kcbvs8ti.2rh9axxn,12,sunpy__sunpy.f8edfd5c.lm_rewrite__kcbvs8ti.2rh9axxn,19599,true,74,298,0,0,0,0,0,,0,0,360000000,360000000,0,0,0,ok,,
2555,,,,sunpy__sunpy.f8edfd5c.lm_rewrite__kcbvs8ti.2rh9axxn,13,sunpy__sunpy.f8edfd5c.lm_rewrite__kcbvs8ti.2rh9axxn,19971,true,334,40,0,0,0,0,0,,0,0,390000000,390000000,0,0,0,ok,,
2556,,,,sunpy__sunpy.f8edfd5c.lm_rewrite__kcbvs8ti.2rh9axxn,14,sunpy__sunpy.f8edfd5c.lm_rewrite__kcbvs8ti.2rh9axxn,20345,true,100,59,0,0,0,0,0,,0,0,420000000,420000000,0,0,0,ok,,
2557,,,,sunpy__sunpy.f8edfd5c.lm_rewrite__kcbvs8ti.2rh9axxn,15,sunpy__sunpy.f8edfd5c.lm_rewrite__kcbvs8ti.2rh9axxn,20504,true,1096,639,0,0,0,0,0,,0,0,450000000,450000000,0,0,0,ok,,
2558,,,,sunpy__sunpy.f8edfd5c.lm_rewrite__kcbvs8ti.2rh9axxn,16,sunpy__sunpy.f8edfd5c.lm_rewrite__kcbvs8ti.2rh9axxn,22239,true,21,34,0,0,0,0,0,,0,0,480000000,480000000,0,0,0,ok,,
2559,,,,sunpy__sunpy.f8edfd5c.lm_rewrite__kcbvs8ti.2rh9axxn,17,sunpy__sunpy.f8edfd5c.lm_rewrite__kcbvs8ti.2rh9axxn,22294,true,220,197,0,0,0,0,0,,0,0,510000000,510000000,0,0,0,ok,,
2560,,,,sunpy__sunpy.f8edfd5c.lm_rewrite__kcbvs8ti.2rh9axxn,18,sunpy__sunpy.f8edfd5c.lm_rewrite__kcbvs8ti.2rh9axxn,22711,true,1888,40,0,0,0,0,0,,0,0,540000000,540000000,0,0,0,ok,,
2561,,,,sunpy__sunpy.f8edfd5c.lm_rewrite__kcbvs8ti.2rh9axxn,19,sunpy__sunpy.f8edfd5c.lm_rewrite__kcbvs8ti.2rh9axxn,24639,true,20,7,0,0,0,0,0,,0,0,570000000,570000000,0,0,0,ok,,
2562,,,,theskumar__python-dotenv.2b8635b7.combine_module__uvqxiubw.4up0txkr,0,swe_smith_system_prompt,978,true,817,113,0,0,0,0,0,,0,0,0,0,0,0,0,ok,,
2563,,,,theskumar__python-dotenv.2b8635b7.combine_module__uvqxiubw.4up0txkr,1,theskumar__python-dotenv.2b8635b7.combine_module__uvqxiubw.4up0txkr,1908,true,186,83,0,0,0,0,0,,0,0,30000000,30000000,0,0,0,ok,,
2564,,,,theskumar__python-dotenv.2b8635b7.combine_module__uvqxiubw.4up0txkr,2,theskumar__python-dotenv.2b8635b7.combine_module__uvqxiubw.4up0txkr,2177,true,2455,47,0,0,0,0,0,,0,0,60000000,60000000,0,0,0,ok,,
2565,,,,theskumar__python-dotenv.2b8635b7.combine_module__uvqxiubw.4up0txkr,3,theskumar__python-dotenv.2b8635b7.combine_module__uvqxiubw.4up0txkr,4679,true,5184,56,0,0,0,0,0,,0,0,90000000,90000000,0,0,0,ok,,
2566,,,,theskumar__python-dotenv.2b8635b7.combine_module__uvqxiubw.4up0txkr,4,theskumar__python-dotenv.2b8635b7.combine_module__uvqxiubw.4up0txkr,9919,true,592,219,0,0,0,0,0,,0,0,120000000,120000000,0,0,0,ok,,
2567,,,,theskumar__python-dotenv.2b8635b7.combine_module__uvqxiubw.4up0txkr,5,theskumar__python-dotenv.2b8635b7.combine_module__uvqxiubw.4up0txkr,10730,true,21,34,0,0,0,0,0,,0,0,150000000,150000000,0,0,0,ok,,
2568,,,,theskumar__python-dotenv.2b8635b7.combine_module__uvqxiubw.4up0txkr,6,theskumar__python-dotenv.2b8635b7.combine_module__uvqxiubw.4up0txkr,10785,true,7,248,0,0,0,0,0,,0,0,180000000,180000000,0,0,0,ok,,
2569,,,,theskumar__python-dotenv.2b8635b7.combine_module__uvqxiubw.4up0txkr,7,theskumar__python-dotenv.2b8635b7.combine_module__uvqxiubw.4up0txkr,11040,true,259,236,0,0,0,0,0,,0,0,210000000,210000000,0,0,0,ok,,
2570,,,,theskumar__python-dotenv.2b8635b7.combine_module__uvqxiubw.4up0txkr,8,theskumar__python-dotenv.2b8635b7.combine_module__uvqxiubw.4up0txkr,11535,true,281,230,0,0,0,0,0,,0,0,240000000,240000000,0,0,0,ok,,
2571,,,,theskumar__python-dotenv.2b8635b7.combine_module__uvqxiubw.4up0txkr,9,theskumar__python-dotenv.2b8635b7.combine_module__uvqxiubw.4up0txkr,12046,true,280,55,0,0,0,0,0,,0,0,270000000,270000000,0,0,0,ok,,
2572,,,,theskumar__python-dotenv.2b8635b7.combine_module__uvqxiubw.4up0txkr,10,theskumar__python-dotenv.2b8635b7.combine_module__uvqxiubw.4up0txkr,12381,true,8,431,0,0,0,0,0,,0,0,300000000,300000000,0,0,0,ok,,
2573,,,,theskumar__python-dotenv.2b8635b7.combine_module__uvqxiubw.4up0txkr,11,theskumar__python-dotenv.2b8635b7.combine_module__uvqxiubw.4up0txkr,12820,true,21,32,0,0,0,0,0,,0,0,330000000,330000000,0,0,0,ok,,
2574,,,,theskumar__python-dotenv.2b8635b7.combine_module__uvqxiubw.4up0txkr,12,theskumar__python-dotenv.2b8635b7.combine_module__uvqxiubw.4up0txkr,12873,true,77,148,0,0,0,0,0,,0,0,360000000,360000000,0,0,0,ok,,
2575,,,,theskumar__python-dotenv.2b8635b7.combine_module__uvqxiubw.4up0txkr,13,theskumar__python-dotenv.2b8635b7.combine_module__uvqxiubw.4up0txkr,13098,true,8,43,0,0,0,0,0,,0,0,390000000,390000000,0,0,0,ok,,
2576,,,,theskumar__python-dotenv.2b8635b7.combine_module__uvqxiubw.4up0txkr,14,theskumar__python-dotenv.2b8635b7.combine_module__uvqxiubw.4up0txkr,13149,true,1290,39,0,0,0,0,0,,0,0,420000000,420000000,0,0,0,ok,,
2577,,,,theskumar__python-dotenv.2b8635b7.combine_module__uvqxiubw.4up0txkr,15,theskumar__python-dotenv.2b8635b7.combine_module__uvqxiubw.4up0txkr,14478,true,20,7,0,0,0,0,0,,0,0,450000000,450000000,0,0,0,ok,,
2578,,,,jawah__charset_normalizer.1fdd6463.104.wxxb1qme,0,swe_smith_system_prompt,978,true,995,75,0,0,0,0,0,,0,0,0,0,0,0,0,ok,,
2579,,,,jawah__charset_normalizer.1fdd6463.104.wxxb1qme,1,jawah__charset_normalizer.1fdd6463.104.wxxb1qme,2048,true,789,68,0,0,0,0,0,,0,0,30000000,30000000,0,0,0,ok,,
2580,,,,jawah__charset_normalizer.1fdd6463.104.wxxb1qme,2,jawah__charset_normalizer.1fdd6463.104.wxxb1qme,2905,true,6789,46,0,0,0,0,0,,0,0,60000000,60000000,0,0,0,ok,,
2581,,,,jawah__charset_normalizer.1fdd6463.104.wxxb1qme,3,jawah__charset_normalizer.1fdd6463.104.wxxb1qme,9740,true,46,56,0,0,0,0,0,,0,0,90000000,90000000,0,0,0,ok,,
2582,,,,jawah__charset_normalizer.1fdd6463.104.wxxb1qme,4,jawah__charset_normalizer.1fdd6463.104.wxxb1qme,9842,true,259,55,0,0,0,0,0,,0,0,120000000,120000000,0,0,0,ok,,
2583,,,,jawah__charset_normalizer.1fdd6463.104.wxxb1qme,5,jawah__charset_normalizer.1fdd6463.104.wxxb1qme,10156,true,298,46,0,0,0,0,0,,0,0,150000000,150000000,0,0,0,ok,,
2584,,,,jawah__charset_normalizer.1fdd6463.104.wxxb1qme,6,jawah__charset_normalizer.1fdd6463.104.wxxb1qme,10500,true,320,46,0,0,0,0,0,,0,0,180000000,180000000,0,0,0,ok,,
2585,,,,jawah__charset_normalizer.1fdd6463.104.wxxb1qme,7,jawah__charset_normalizer.1fdd6463.104.wxxb1qme,10866,true,365,54,0,0,0,0,0,,0,0,210000000,210000000,0,0,0,ok,,
2586,,,,jawah__charset_normalizer.1fdd6463.104.wxxb1qme,8,jawah__charset_normalizer.1fdd6463.104.wxxb1qme,11285,true,128,56,0,0,0,0,0,,0,0,240000000,240000000,0,0,0,ok,,
2587,,,,jawah__charset_normalizer.1fdd6463.104.wxxb1qme,9,jawah__charset_normalizer.1fdd6463.104.wxxb1qme,11469,true,332,47,0,0,0,0,0,,0,0,270000000,270000000,0,0,0,ok,,
2588,,,,jawah__charset_normalizer.1fdd6463.104.wxxb1qme,10,jawah__charset_normalizer.1fdd6463.104.wxxb1qme,11848,true,20,47,0,0,0,0,0,,0,0,300000000,300000000,0,0,0,ok,,
2589,,,,jawah__charset_normalizer.1fdd6463.104.wxxb1qme,11,jawah__charset_normalizer.1fdd6463.104.wxxb1qme,11915,true,376,419,0,0,0,0,0,,0,0,330000000,330000000,0,0,0,ok,,
2590,,,,jawah__charset_normalizer.1fdd6463.104.wxxb1qme,12,jawah__charset_normalizer.1fdd6463.104.wxxb1qme,12710,true,21,30,0,0,0,0,0,,0,0,360000000,360000000,0,0,0,ok,,
2591,,,,jawah__charset_normalizer.1fdd6463.104.wxxb1qme,13,jawah__charset_normalizer.1fdd6463.104.wxxb1qme,12761,true,138,322,0,0,0,0,0,,0,0,390000000,390000000,0,0,0,ok,,
2592,,,,jawah__charset_normalizer.1fdd6463.104.wxxb1qme,14,jawah__charset_normalizer.1fdd6463.104.wxxb1qme,13221,true,354,172,0,0,0,0,0,,0,0,420000000,420000000,0,0,0,ok,,
2593,,,,jawah__charset_normalizer.1fdd6463.104.wxxb1qme,15,jawah__charset_normalizer.1fdd6463.104.wxxb1qme,13747,true,33,391,0,0,0,0,0,,0,0,450000000,450000000,0,0,0,ok,,
2594,,,,python-openxml__python-docx.0cf6d71f.func_pm_ctrl_shuffle__b1e5b0xm.2qfbqllq,0,swe_smith_system_prompt,978,true,920,98,0,0,0,0,0,,0,0,0,0,0,0,0,ok,,
2595,,,,python-openxml__python-docx.0cf6d71f.func_pm_ctrl_shuffle__b1e5b0xm.2qfbqllq,1,python-openxml__python-docx.0cf6d71f.func_pm_ctrl_shuffle__b1e5b0xm.2qfbqllq,1996,true,1687,75,0,0,0,0,0,,0,0,30000000,30000000,0,0,0,ok,,
2596,,,,python-openxml__python-docx.0cf6d71f.func_pm_ctrl_shuffle__b1e5b0xm.2qfbqllq,2,python-openxml__python-docx.0cf6d71f.func_pm_ctrl_shuffle__b1e5b0xm.2qfbqllq,3758,true,5678,51,0,0,0,0,0,,0,0,60000000,60000000,0,0,0,ok,,
2597,,,,python-openxml__python-docx.0cf6d71f.func_pm_ctrl_shuffle__b1e5b0xm.2qfbqllq,3,python-openxml__python-docx.0cf6d71f.func_pm_ctrl_shuffle__b1e5b0xm.2qfbqllq,9487,true,41,69,0,0,0,0,0,,0,0,90000000,90000000,0,0,0,ok,,
2598,,,,python-openxml__python-docx.0cf6d71f.func_pm_ctrl_shuffle__b1e5b0xm.2qfbqllq,4,python-openxml__python-docx.0cf6d71f.func_pm_ctrl_shuffle__b1e5b0xm.2qfbqllq,9597,true,386,49,0,0,0,0,0,,0,0,120000000,120000000,0,0,0,ok,,
2599,,,,python-openxml__python-docx.0cf6d71f.func_pm_ctrl_shuffle__b1e5b0xm.2qfbqllq,5,python-openxml__python-docx.0cf6d71f.func_pm_ctrl_shuffle__b1e5b0xm.2qfbqllq,10032,true,146,44,0,0,0,0,0,,0,0,150000000,150000000,0,0,0,ok,,
2600,,,,python-openxml__python-docx.0cf6d71f.func_pm_ctrl_shuffle__b1e5b0xm.2qfbqllq,6,python-openxml__python-docx.0cf6d71f.func_pm_ctrl_shuffle__b1e5b0xm.2qfbqllq,10222,true,230,46,0,0,0,0,0,,0,0,180000000,180000000,0,0,0,ok,,
2601,,,,python-openxml__python-docx.0cf6d71f.func_pm_ctrl_shuffle__b1e5b0xm.2qfbqllq,7,python-openxml__python-docx.0cf6d71f.func_pm_ctrl_shuffle__b1e5b0xm.2qfbqllq,10498,true,73,59,0,0,0,0,0,,0,0,210000000,210000000,0,0,0,ok,,
2602,,,,python-openxml__python-docx.0cf6d71f.func_pm_ctrl_shuffle__b1e5b0xm.2qfbqllq,8,python-openxml__python-docx.0cf6d71f.func_pm_ctrl_shuffle__b1e5b0xm.2qfbqllq,10630,true,246,207,0,0,0,0,0,,0,0,240000000,240000000,0,0,0,ok,,
2603,,,,python-openxml__python-docx.0cf6d71f.func_pm_ctrl_shuffle__b1e5b0xm.2qfbqllq,9,python-openxml__python-docx.0cf6d71f.func_pm_ctrl_shuffle__b1e5b0xm.2qfbqllq,11083,true,23,34,0,0,0,0,0,,0,0,270000000,270000000,0,0,0,ok,,
2604,,,,python-openxml__python-docx.0cf6d71f.func_pm_ctrl_shuffle__b1e5b0xm.2qfbqllq,10,python-openxml__python-docx.0cf6d71f.func_pm_ctrl_shuffle__b1e5b0xm.2qfbqllq,11140,true,151,299,0,0,0,0,0,,0,0,300000000,300000000,0,0,0,ok,,
2605,,,,python-openxml__python-docx.0cf6d71f.func_pm_ctrl_shuffle__b1e5b0xm.2qfbqllq,11,python-openxml__python-docx.0cf6d71f.func_pm_ctrl_shuffle__b1e5b0xm.2qfbqllq,11590,true,338,51,0,0,0,0,0,,0,0,330000000,330000000,0,0,0,ok,,
2606,,,,python-openxml__python-docx.0cf6d71f.func_pm_ctrl_shuffle__b1e5b0xm.2qfbqllq,12,python-openxml__python-docx.0cf6d71f.func_pm_ctrl_shuffle__b1e5b0xm.2qfbqllq,11979,true,14,349,0,0,0,0,0,,0,0,360000000,360000000,0,0,0,ok,,
2607,,,,python-openxml__python-docx.0cf6d71f.func_pm_ctrl_shuffle__b1e5b0xm.2qfbqllq,13,python-openxml__python-docx.0cf6d71f.func_pm_ctrl_shuffle__b1e5b0xm.2qfbqllq,12342,true,23,30,0,0,0,0,0,,0,0,390000000,390000000,0,0,0,ok,,
2608,,,,python-openxml__python-docx.0cf6d71f.func_pm_ctrl_shuffle__b1e5b0xm.2qfbqllq,14,python-openxml__python-docx.0cf6d71f.func_pm_ctrl_shuffle__b1e5b0xm.2qfbqllq,12395,true,28,258,0,0,0,0,0,,0,0,420000000,420000000,0,0,0,ok,,
2609,,,,python-openxml__python-docx.0cf6d71f.func_pm_ctrl_shuffle__b1e5b0xm.2qfbqllq,15,python-openxml__python-docx.0cf6d71f.func_pm_ctrl_shuffle__b1e5b0xm.2qfbqllq,12681,true,24,31,0,0,0,0,0,,0,0,450000000,450000000,0,0,0,ok,,
2610,,,,python-openxml__python-docx.0cf6d71f.func_pm_ctrl_shuffle__b1e5b0xm.2qfbqllq,16,python-openxml__python-docx.0cf6d71f.func_pm_ctrl_shuffle__b1e5b0xm.2qfbqllq,12736,true,18,231,0,0,0,0,0,,0,0,480000000,480000000,0,0,0,ok,,
2611,,,,python-openxml__python-docx.0cf6d71f.func_pm_ctrl_shuffle__b1e5b0xm.2qfbqllq,17,python-openxml__python-docx.0cf6d71f.func_pm_ctrl_shuffle__b1e5b0xm.2qfbqllq,12985,true,1439,47,0,0,0,0,0,,0,0,510000000,510000000,0,0,0,ok,,
2612,,,,python-openxml__python-docx.0cf6d71f.func_pm_ctrl_shuffle__b1e5b0xm.2qfbqllq,18,python-openxml__python-docx.0cf6d71f.func_pm_ctrl_shuffle__b1e5b0xm.2qfbqllq,14471,true,20,13,0,0,0,0,0,,0,0,540000000,540000000,0,0,0,ok,,
2613,,,,pyutils__line_profiler.a646bf0f.121.f5rjpwkg,0,swe_smith_system_prompt,978,true,697,79,0,0,0,0,0,,0,0,0,0,0,0,0,ok,,
2614,,,,pyutils__line_profiler.a646bf0f.121.f5rjpwkg,1,pyutils__line_profiler.a646bf0f.121.f5rjpwkg,1754,true,729,92,0,0,0,0,0,,0,0,30000000,30000000,0,0,0,ok,,
2615,,,,pyutils__line_profiler.a646bf0f.121.f5rjpwkg,2,pyutils__line_profiler.a646bf0f.121.f5rjpwkg,2575,true,6711,194,0,0,0,0,0,,0,0,60000000,60000000,0,0,0,ok,,
2616,,,,pyutils__line_profiler.a646bf0f.121.f5rjpwkg,3,pyutils__line_profiler.a646bf0f.121.f5rjpwkg,9480,true,23,31,0,0,0,0,0,,0,0,90000000,90000000,0,0,0,ok,,
2617,,,,pyutils__line_profiler.a646bf0f.121.f5rjpwkg,4,pyutils__line_profiler.a646bf0f.121.f5rjpwkg,9534,true,289,35,0,0,0,0,0,,0,0,120000000,120000000,0,0,0,ok,,
2618,,,,pyutils__line_profiler.a646bf0f.121.f5rjpwkg,5,pyutils__line_profiler.a646bf0f.121.f5rjpwkg,9858,true,468,33,0,0,0,0,0,,0,0,150000000,150000000,0,0,0,ok,,
2619,,,,pyutils__line_profiler.a646bf0f.121.f5rjpwkg,6,pyutils__line_profiler.a646bf0f.121.f5rjpwkg,10359,true,8,340,0,0,0,0,0,,0,0,180000000,180000000,0,0,0,ok,,
2620,,,,pyutils__line_profiler.a646bf0f.121.f5rjpwkg,7,pyutils__line_profiler.a646bf0f.121.f5rjpwkg,10707,true,302,264,0,0,0,0,0,,0,0,210000000,210000000,0,0,0,ok,,
2621,,,,pyutils__line_profiler.a646bf0f.121.f5rjpwkg,8,pyutils__line_profiler.a646bf0f.121.f5rjpwkg,11273,true,16,163,0,0,0,0,0,,0,0,240000000,240000000,0,0,0,ok,,
2622,,,,pyutils__line_profiler.a646bf0f.121.f5rjpwkg,9,pyutils__line_profiler.a646bf0f.121.f5rjpwkg,11452,true,23,179,0,0,0,0,0,,0,0,270000000,270000000,0,0,0,ok,,
2623,,,,pyutils__line_profiler.a646bf0f.121.f5rjpwkg,10,pyutils__line_profiler.a646bf0f.121.f5rjpwkg,11654,true,22,150,0,0,0,0,0,,0,0,300000000,300000000,0,0,0,ok,,
2624,,,,pyutils__line_profiler.a646bf0f.121.f5rjpwkg,11,pyutils__line_profiler.a646bf0f.121.f5rjpwkg,11826,true,23,50,0,0,0,0,0,,0,0,330000000,330000000,0,0,0,ok,,
2625,,,,pyutils__line_profiler.a646bf0f.121.f5rjpwkg,12,pyutils__line_profiler.a646bf0f.121.f5rjpwkg,11899,true,99,45,0,0,0,0,0,,0,0,360000000,360000000,0,0,0,ok,,
2626,,,,tox-dev__pipdeptree.c31b6418.func_pm_ctrl_shuffle__ravg2zmp.mjsk20mr,0,swe_smith_system_prompt,978,true,705,99,0,0,0,0,0,,0,0,0,0,0,0,0,ok,,
2627,,,,tox-dev__pipdeptree.c31b6418.func_pm_ctrl_shuffle__ravg2zmp.mjsk20mr,1,tox-dev__pipdeptree.c31b6418.func_pm_ctrl_shuffle__ravg2zmp.mjsk20mr,1782,true,450,72,0,0,0,0,0,,0,0,30000000,30000000,0,0,0,ok,,
2628,,,,tox-dev__pipdeptree.c31b6418.func_pm_ctrl_shuffle__ravg2zmp.mjsk20mr,2,tox-dev__pipdeptree.c31b6418.func_pm_ctrl_shuffle__ravg2zmp.mjsk20mr,2304,true,3489,60,0,0,0,0,0,,0,0,60000000,60000000,0,0,0,ok,,
2629,,,,tox-dev__pipdeptree.c31b6418.func_pm_ctrl_shuffle__ravg2zmp.mjsk20mr,3,tox-dev__pipdeptree.c31b6418.func_pm_ctrl_shuffle__ravg2zmp.mjsk20mr,5853,true,1227,55,0,0,0,0,0,,0,0,90000000,90000000,0,0,0,ok,,
2630,,,,tox-dev__pipdeptree.c31b6418.func_pm_ctrl_shuffle__ravg2zmp.mjsk20mr,4,tox-dev__pipdeptree.c31b6418.func_pm_ctrl_shuffle__ravg2zmp.mjsk20mr,7135,true,3199,203,0,0,0,0,0,,0,0,120000000,120000000,0,0,0,ok,,
2631,,,,tox-dev__pipdeptree.c31b6418.func_pm_ctrl_shuffle__ravg2zmp.mjsk20mr,5,tox-dev__pipdeptree.c31b6418.func_pm_ctrl_shuffle__ravg2zmp.mjsk20mr,10537,true,23,36,0,0,0,0,0,,0,0,150000000,150000000,0,0,0,ok,,
2632,,,,tox-dev__pipdeptree.c31b6418.func_pm_ctrl_shuffle__ravg2zmp.mjsk20mr,6,tox-dev__pipdeptree.c31b6418.func_pm_ctrl_shuffle__ravg2zmp.mjsk20mr,10596,true,15,280,0,0,0,0,0,,0,0,180000000,180000000,0,0,0,ok,,
2633,,,,tox-dev__pipdeptree.c31b6418.func_pm_ctrl_shuffle__ravg2zmp.mjsk20mr,7,tox-dev__pipdeptree.c31b6418.func_pm_ctrl_shuffle__ravg2zmp.mjsk20mr,10891,true,312,55,0,0,0,0,0,,0,0,210000000,210000000,0,0,0,ok,,
2634,,,,tox-dev__pipdeptree.c31b6418.func_pm_ctrl_shuffle__ravg2zmp.mjsk20mr,8,tox-dev__pipdeptree.c31b6418.func_pm_ctrl_shuffle__ravg2zmp.mjsk20mr,11258,true,489,385,0,0,0,0,0,,0,0,240000000,240000000,0,0,0,ok,,
2635,,,,tox-dev__pipdeptree.c31b6418.func_pm_ctrl_shuffle__ravg2zmp.mjsk20mr,9,tox-dev__pipdeptree.c31b6418.func_pm_ctrl_shuffle__ravg2zmp.mjsk20mr,12132,true,359,33,0,0,0,0,0,,0,0,270000000,270000000,0,0,0,ok,,
2636,,,,tox-dev__pipdeptree.c31b6418.func_pm_ctrl_shuffle__ravg2zmp.mjsk20mr,10,tox-dev__pipdeptree.c31b6418.func_pm_ctrl_shuffle__ravg2zmp.mjsk20mr,12524,true,17,737,0,0,0,0,0,,0,0,300000000,300000000,0,0,0,ok,,
2637,,,,tox-dev__pipdeptree.c31b6418.func_pm_ctrl_shuffle__ravg2zmp.mjsk20mr,11,tox-dev__pipdeptree.c31b6418.func_pm_ctrl_shuffle__ravg2zmp.mjsk20mr,13278,true,23,32,0,0,0,0,0,,0,0,330000000,330000000,0,0,0,ok,,
2638,,,,tox-dev__pipdeptree.c31b6418.func_pm_ctrl_shuffle__ravg2zmp.mjsk20mr,12,tox-dev__pipdeptree.c31b6418.func_pm_ctrl_shuffle__ravg2zmp.mjsk20mr,13333,true,139,234,0,0,0,0,0,,0,0,360000000,360000000,0,0,0,ok,,
2639,,,,tox-dev__pipdeptree.c31b6418.func_pm_ctrl_shuffle__ravg2zmp.mjsk20mr,13,tox-dev__pipdeptree.c31b6418.func_pm_ctrl_shuffle__ravg2zmp.mjsk20mr,13706,true,201,262,0,0,0,0,0,,0,0,390000000,390000000,0,0,0,ok,,
2640,,,,tox-dev__pipdeptree.c31b6418.func_pm_ctrl_shuffle__ravg2zmp.mjsk20mr,14,tox-dev__pipdeptree.c31b6418.func_pm_ctrl_shuffle__ravg2zmp.mjsk20mr,14169,true,1590,41,0,0,0,0,0,,0,0,420000000,420000000,0,0,0,ok,,
2641,,,,tox-dev__pipdeptree.c31b6418.func_pm_ctrl_shuffle__ravg2zmp.mjsk20mr,15,tox-dev__pipdeptree.c31b6418.func_pm_ctrl_shuffle__ravg2zmp.mjsk20mr,15800,true,20,7,0,0,0,0,0,,0,0,450000000,450000000,0,0,0,ok,,
2642,,,,pydicom__pydicom.7d361b3d.func_pm_remove_cond__wbfeq52x.npv6db2j,0,swe_smith_system_prompt,978,true,943,93,0,0,0,0,0,,0,0,0,0,0,0,0,ok,,
2643,,,,pydicom__pydicom.7d361b3d.func_pm_remove_cond__wbfeq52x.npv6db2j,1,pydicom__pydicom.7d361b3d.func_pm_remove_cond__wbfeq52x.npv6db2j,2014,true,28,70,0,0,0,0,0,,0,0,30000000,30000000,0,0,0,ok,,
2644,,,,pydicom__pydicom.7d361b3d.func_pm_remove_cond__wbfeq52x.npv6db2j,2,pydicom__pydicom.7d361b3d.func_pm_remove_cond__wbfeq52x.npv6db2j,2112,true,1536,77,0,0,0,0,0,,0,0,60000000,60000000,0,0,0,ok,,
2645,,,,pydicom__pydicom.7d361b3d.func_pm_remove_cond__wbfeq52x.npv6db2j,3,pydicom__pydicom.7d361b3d.func_pm_remove_cond__wbfeq52x.npv6db2j,3725,true,642,58,0,0,0,0,0,,0,0,90000000,90000000,0,0,0,ok,,
2646,,,,pydicom__pydicom.7d361b3d.func_pm_remove_cond__wbfeq52x.npv6db2j,4,pydicom__pydicom.7d361b3d.func_pm_remove_cond__wbfeq52x.npv6db2j,4425,true,396,58,0,0,0,0,0,,0,0,120000000,120000000,0,0,0,ok,,
2647,,,,pydicom__pydicom.7d361b3d.func_pm_remove_cond__wbfeq52x.npv6db2j,5,pydicom__pydicom.7d361b3d.func_pm_remove_cond__wbfeq52x.npv6db2j,4879,true,447,60,0,0,0,0,0,,0,0,150000000,150000000,0,0,0,ok,,
2648,,,,pydicom__pydicom.7d361b3d.func_pm_remove_cond__wbfeq52x.npv6db2j,6,pydicom__pydicom.7d361b3d.func_pm_remove_cond__wbfeq52x.npv6db2j,5386,true,497,60,0,0,0,0,0,,0,0,180000000,180000000,0,0,0,ok,,
2649,,,,pydicom__pydicom.7d361b3d.func_pm_remove_cond__wbfeq52x.npv6db2j,7,pydicom__pydicom.7d361b3d.func_pm_remove_cond__wbfeq52x.npv6db2j,5943,true,520,67,0,0,0,0,0,,0,0,210000000,210000000,0,0,0,ok,,
2650,,,,pydicom__pydicom.7d361b3d.func_pm_remove_cond__wbfeq52x.npv6db2j,8,pydicom__pydicom.7d361b3d.func_pm_remove_cond__wbfeq52x.npv6db2j,6530,true,107,269,0,0,0,0,0,,0,0,240000000,240000000,0,0,0,ok,,
2651,,,,pydicom__pydicom.7d361b3d.func_pm_remove_cond__wbfeq52x.npv6db2j,9,pydicom__pydicom.7d361b3d.func_pm_remove_cond__wbfeq52x.npv6db2j,6906,true,23,37,0,0,0,0,0,,0,0,270000000,270000000,0,0,0,ok,,
2652,,,,pydicom__pydicom.7d361b3d.func_pm_remove_cond__wbfeq52x.npv6db2j,10,pydicom__pydicom.7d361b3d.func_pm_remove_cond__wbfeq52x.npv6db2j,6966,true,110,55,0,0,0,0,0,,0,0,300000000,300000000,0,0,0,ok,,
2653,,,,pydicom__pydicom.7d361b3d.func_pm_remove_cond__wbfeq52x.npv6db2j,11,pydicom__pydicom.7d361b3d.func_pm_remove_cond__wbfeq52x.npv6db2j,7131,true,249,139,0,0,0,0,0,,0,0,330000000,330000000,0,0,0,ok,,
2654,,,,pydicom__pydicom.7d361b3d.func_pm_remove_cond__wbfeq52x.npv6db2j,12,pydicom__pydicom.7d361b3d.func_pm_remove_cond__wbfeq52x.npv6db2j,7519,true,217,32,0,0,0,0,0,,0,0,360000000,360000000,0,0,0,ok,,
2655,,,,pydicom__pydicom.7d361b3d.func_pm_remove_cond__wbfeq52x.npv6db2j,13,pydicom__pydicom.7d361b3d.func_pm_remove_cond__wbfeq52x.npv6db2j,7768,true,24,417,0,0,0,0,0,,0,0,390000000,390000000,0,0,0,ok,,
2656,,,,pydicom__pydicom.7d361b3d.func_pm_remove_cond__wbfeq52x.npv6db2j,14,pydicom__pydicom.7d361b3d.func_pm_remove_cond__wbfeq52x.npv6db2j,8209,true,514,44,0,0,0,0,0,,0,0,420000000,420000000,0,0,0,ok,,
2657,,,,pydicom__pydicom.7d361b3d.func_pm_remove_cond__wbfeq52x.npv6db2j,15,pydicom__pydicom.7d361b3d.func_pm_remove_cond__wbfeq52x.npv6db2j,8767,true,79,432,0,0,0,0,0,,0,0,450000000,450000000,0,0,0,ok,,
2658,,,,pydicom__pydicom.7d361b3d.func_pm_remove_cond__wbfeq52x.npv6db2j,16,pydicom__pydicom.7d361b3d.func_pm_remove_cond__wbfeq52x.npv6db2j,9278,true,25,35,0,0,0,0,0,,0,0,480000000,480000000,0,0,0,ok,,
2659,,,,pydicom__pydicom.7d361b3d.func_pm_remove_cond__wbfeq52x.npv6db2j,17,pydicom__pydicom.7d361b3d.func_pm_remove_cond__wbfeq52x.npv6db2j,9338,true,765,176,0,0,0,0,0,,0,0,510000000,510000000,0,0,0,ok,,
2660,,,,pydicom__pydicom.7d361b3d.func_pm_remove_cond__wbfeq52x.npv6db2j,18,pydicom__pydicom.7d361b3d.func_pm_remove_cond__wbfeq52x.npv6db2j,10279,true,200,236,0,0,0,0,0,,0,0,540000000,540000000,0,0,0,ok,,
2661,,,,pydicom__pydicom.7d361b3d.func_pm_remove_cond__wbfeq52x.npv6db2j,19,pydicom__pydicom.7d361b3d.func_pm_remove_cond__wbfeq52x.npv6db2j,10715,true,17,40,0,0,0,0,0,,0,0,570000000,570000000,0,0,0,ok,,
2662,,,,pydicom__pydicom.7d361b3d.func_pm_remove_cond__wbfeq52x.npv6db2j,20,pydicom__pydicom.7d361b3d.func_pm_remove_cond__wbfeq52x.npv6db2j,10772,true,47,47,0,0,0,0,0,,0,0,600000000,600000000,0,0,0,ok,,
2663,,,,pydicom__pydicom.7d361b3d.func_pm_remove_cond__wbfeq52x.npv6db2j,21,pydicom__pydicom.7d361b3d.func_pm_remove_cond__wbfeq52x.npv6db2j,10866,true,15,37,0,0,0,0,0,,0,0,630000000,630000000,0,0,0,ok,,
2664,,,,pydicom__pydicom.7d361b3d.func_pm_remove_cond__wbfeq52x.npv6db2j,22,pydicom__pydicom.7d361b3d.func_pm_remove_cond__wbfeq52x.npv6db2j,10918,true,39,44,0,0,0,0,0,,0,0,660000000,660000000,0,0,0,ok,,
2665,,,,pydicom__pydicom.7d361b3d.func_pm_remove_cond__wbfeq52x.npv6db2j,23,pydicom__pydicom.7d361b3d.func_pm_remove_cond__wbfeq52x.npv6db2j,11001,true,3192,44,0,0,0,0,0,,0,0,690000000,690000000,0,0,0,ok,,
2666,,,,pydicom__pydicom.7d361b3d.func_pm_remove_cond__wbfeq52x.npv6db2j,24,pydicom__pydicom.7d361b3d.func_pm_remove_cond__wbfeq52x.npv6db2j,14237,true,438,62,0,0,0,0,0,,0,0,720000000,720000000,0,0,0,ok,,
2667,,,,pydicom__pydicom.7d361b3d.func_pm_remove_cond__wbfeq52x.npv6db2j,25,pydicom__pydicom.7d361b3d.func_pm_remove_cond__wbfeq52x.npv6db2j,14737,true,299,265,0,0,0,0,0,,0,0,750000000,750000000,0,0,0,ok,,
2668,,,,pydicom__pydicom.7d361b3d.func_pm_remove_cond__wbfeq52x.npv6db2j,26,pydicom__pydicom.7d361b3d.func_pm_remove_cond__wbfeq52x.npv6db2j,15301,true,1458,41,0,0,0,0,0,,0,0,780000000,780000000,0,0,0,ok,,
2669,,,,pydicom__pydicom.7d361b3d.func_pm_remove_cond__wbfeq52x.npv6db2j,27,pydicom__pydicom.7d361b3d.func_pm_remove_cond__wbfeq52x.npv6db2j,16800,true,20,13,0,0,0,0,0,,0,0,810000000,810000000,0,0,0,ok,,
2670,,,,getmoto__moto.694ce1f4.pr_7905.98om7l73,0,swe_smith_system_prompt,978,true,983,100,0,0,0,0,0,,0,0,0,0,0,0,0,ok,,
2671,,,,getmoto__moto.694ce1f4.pr_7905.98om7l73,1,getmoto__moto.694ce1f4.pr_7905.98om7l73,2061,true,869,51,0,0,0,0,0,,0,0,30000000,30000000,0,0,0,ok,,
2672,,,,getmoto__moto.694ce1f4.pr_7905.98om7l73,2,getmoto__moto.694ce1f4.pr_7905.98om7l73,2981,true,652,47,0,0,0,0,0,,0,0,60000000,60000000,0,0,0,ok,,
2673,,,,getmoto__moto.694ce1f4.pr_7905.98om7l73,3,getmoto__moto.694ce1f4.pr_7905.98om7l73,3680,true,24,52,0,0,0,0,0,,0,0,90000000,90000000,0,0,0,ok,,
2674,,,,getmoto__moto.694ce1f4.pr_7905.98om7l73,4,getmoto__moto.694ce1f4.pr_7905.98om7l73,3756,true,1755,37,0,0,0,0,0,,0,0,120000000,120000000,0,0,0,ok,,
2675,,,,getmoto__moto.694ce1f4.pr_7905.98om7l73,5,getmoto__moto.694ce1f4.pr_7905.98om7l73,5548,true,948,62,0,0,0,0,0,,0,0,150000000,150000000,0,0,0,ok,,
2676,,,,getmoto__moto.694ce1f4.pr_7905.98om7l73,6,getmoto__moto.694ce1f4.pr_7905.98om7l73,6558,true,843,50,0,0,0,0,0,,0,0,180000000,180000000,0,0,0,ok,,
2677,,,,getmoto__moto.694ce1f4.pr_7905.98om7l73,7,getmoto__moto.694ce1f4.pr_7905.98om7l73,7451,true,5177,49,0,0,0,0,0,,0,0,210000000,210000000,0,0,0,ok,,
2678,,,,getmoto__moto.694ce1f4.pr_7905.98om7l73,8,getmoto__moto.694ce1f4.pr_7905.98om7l73,12677,true,2447,54,0,0,0,0,0,,0,0,240000000,240000000,0,0,0,ok,,
2679,,,,getmoto__moto.694ce1f4.pr_7905.98om7l73,9,getmoto__moto.694ce1f4.pr_7905.98om7l73,15178,true,24,65,0,0,0,0,0,,0,0,270000000,270000000,0,0,0,ok,,
2680,,,,getmoto__moto.694ce1f4.pr_7905.98om7l73,10,getmoto__moto.694ce1f4.pr_7905.98om7l73,15267,true,2050,406,0,0,0,0,0,,0,0,300000000,300000000,0,0,0,ok,,
2681,,,,getmoto__moto.694ce1f4.pr_7905.98om7l73,11,getmoto__moto.694ce1f4.pr_7905.98om7l73,17723,true,23,36,0,0,0,0,0,,0,0,330000000,330000000,0,0,0,ok,,
2682,,,,getmoto__moto.694ce1f4.pr_7905.98om7l73,12,getmoto__moto.694ce1f4.pr_7905.98om7l73,17782,true,1674,751,0,0,0,0,0,,0,0,360000000,360000000,0,0,0,ok,,
2683,,,,getmoto__moto.694ce1f4.pr_7905.98om7l73,13,getmoto__moto.694ce1f4.pr_7905.98om7l73,20207,true,738,32,0,0,0,0,0,,0,0,390000000,390000000,0,0,0,ok,,
2684,,,,getmoto__moto.694ce1f4.pr_7905.98om7l73,14,getmoto__moto.694ce1f4.pr_7905.98om7l73,20977,true,265,305,0,0,0,0,0,,0,0,420000000,420000000,0,0,0,ok,,
2685,,,,getmoto__moto.694ce1f4.pr_7905.98om7l73,15,getmoto__moto.694ce1f4.pr_7905.98om7l73,21547,true,483,748,0,0,0,0,0,,0,0,450000000,450000000,0,0,0,ok,,
2686,,,,getmoto__moto.694ce1f4.pr_7905.98om7l73,16,getmoto__moto.694ce1f4.pr_7905.98om7l73,22778,true,888,385,0,0,0,0,0,,0,0,480000000,480000000,0,0,0,ok,,
2687,,,,getmoto__moto.694ce1f4.pr_7905.98om7l73,17,getmoto__moto.694ce1f4.pr_7905.98om7l73,24051,true,520,312,0,0,0,0,0,,0,0,510000000,510000000,0,0,0,ok,,
2688,,,,getmoto__moto.694ce1f4.pr_7905.98om7l73,18,getmoto__moto.694ce1f4.pr_7905.98om7l73,24883,true,381,1422,0,0,0,0,0,,0,0,540000000,540000000,0,0,0,ok,,
2689,,,,getmoto__moto.694ce1f4.pr_7905.98om7l73,19,getmoto__moto.694ce1f4.pr_7905.98om7l73,26686,true,1722,522,0,0,0,0,0,,0,0,570000000,570000000,0,0,0,ok,,
2690,,,,getmoto__moto.694ce1f4.pr_7905.98om7l73,20,getmoto__moto.694ce1f4.pr_7905.98om7l73,28930,true,635,1374,0,0,0,0,0,,0,0,600000000,600000000,0,0,0,ok,,
2691,,,,getmoto__moto.694ce1f4.pr_7905.98om7l73,21,getmoto__moto.694ce1f4.pr_7905.98om7l73,30939,true,1527,36,0,0,0,0,0,,0,0,630000000,630000000,0,0,0,ok,,
2692,,,,getmoto__moto.694ce1f4.pr_7905.98om7l73,22,getmoto__moto.694ce1f4.pr_7905.98om7l73,32502,true,608,63,0,0,0,0,0,,0,0,660000000,660000000,0,0,0,ok,,
2693,,,,getmoto__moto.694ce1f4.pr_7905.98om7l73,23,getmoto__moto.694ce1f4.pr_7905.98om7l73,33173,true,311,319,0,0,0,0,0,,0,0,690000000,690000000,0,0,0,ok,,
2694,,,,getmoto__moto.694ce1f4.pr_7905.98om7l73,24,getmoto__moto.694ce1f4.pr_7905.98om7l73,33803,true,4935,36,0,0,0,0,0,,0,0,720000000,720000000,0,0,0,ok,,
2695,,,,getmoto__moto.694ce1f4.pr_7905.98om7l73,25,getmoto__moto.694ce1f4.pr_7905.98om7l73,38774,true,20,7,0,0,0,0,0,,0,0,750000000,750000000,0,0,0,ok,,
2696,,,,Project-MONAI__MONAI.a09c1f08.func_pm_class_rm_base__jhh5qtvj.iu2kkc8f,0,swe_smith_system_prompt,978,true,828,112,0,0,0,0,0,,0,0,0,0,0,0,0,ok,,
2697,,,,Project-MONAI__MONAI.a09c1f08.func_pm_class_rm_base__jhh5qtvj.iu2kkc8f,1,Project-MONAI__MONAI.a09c1f08.func_pm_class_rm_base__jhh5qtvj.iu2kkc8f,1918,true,24,72,0,0,0,0,0,,0,0,30000000,30000000,0,0,0,ok,,
2698,,,,Project-MONAI__MONAI.a09c1f08.func_pm_class_rm_base__jhh5qtvj.iu2kkc8f,2,Project-MONAI__MONAI.a09c1f08.func_pm_class_rm_base__jhh5qtvj.iu2kkc8f,2014,true,5632,56,0,0,0,0,0,,0,0,60000000,60000000,0,0,0,ok,,
2699,,,,Project-MONAI__MONAI.a09c1f08.func_pm_class_rm_base__jhh5qtvj.iu2kkc8f,3,Project-MONAI__MONAI.a09c1f08.func_pm_class_rm_base__jhh5qtvj.iu2kkc8f,7702,true,14,69,0,0,0,0,0,,0,0,90000000,90000000,0,0,0,ok,,
2700,,,,Project-MONAI__MONAI.a09c1f08.func_pm_class_rm_base__jhh5qtvj.iu2kkc8f,4,Project-MONAI__MONAI.a09c1f08.func_pm_class_rm_base__jhh5qtvj.iu2kkc8f,7785,true,2918,63,0,0,0,0,0,,0,0,120000000,120000000,0,0,0,ok,,
2701,,,,Project-MONAI__MONAI.a09c1f08.func_pm_class_rm_base__jhh5qtvj.iu2kkc8f,5,Project-MONAI__MONAI.a09c1f08.func_pm_class_rm_base__jhh5qtvj.iu2kkc8f,10766,true,352,66,0,0,0,0,0,,0,0,150000000,150000000,0,0,0,ok,,
2702,,,,Project-MONAI__MONAI.a09c1f08.func_pm_class_rm_base__jhh5qtvj.iu2kkc8f,6,Project-MONAI__MONAI.a09c1f08.func_pm_class_rm_base__jhh5qtvj.iu2kkc8f,11184,true,522,63,0,0,0,0,0,,0,0,180000000,180000000,0,0,0,ok,,
2703,,,,Project-MONAI__MONAI.a09c1f08.func_pm_class_rm_base__jhh5qtvj.iu2kkc8f,7,Project-MONAI__MONAI.a09c1f08.func_pm_class_rm_base__jhh5qtvj.iu2kkc8f,11769,true,1086,68,0,0,0,0,0,,0,0,210000000,210000000,0,0,0,ok,,
2704,,,,Project-MONAI__MONAI.a09c1f08.func_pm_class_rm_base__jhh5qtvj.iu2kkc8f,8,Project-MONAI__MONAI.a09c1f08.func_pm_class_rm_base__jhh5qtvj.iu2kkc8f,12923,true,734,189,0,0,0,0,0,,0,0,240000000,240000000,0,0,0,ok,,
2705,,,,Project-MONAI__MONAI.a09c1f08.func_pm_class_rm_base__jhh5qtvj.iu2kkc8f,9,Project-MONAI__MONAI.a09c1f08.func_pm_class_rm_base__jhh5qtvj.iu2kkc8f,13846,true,23,34,0,0,0,0,0,,0,0,270000000,270000000,0,0,0,ok,,
2706,,,,Project-MONAI__MONAI.a09c1f08.func_pm_class_rm_base__jhh5qtvj.iu2kkc8f,10,Project-MONAI__MONAI.a09c1f08.func_pm_class_rm_base__jhh5qtvj.iu2kkc8f,13903,true,89,366,0,0,0,0,0,,0,0,300000000,300000000,0,0,0,ok,,
2707,,,,Project-MONAI__MONAI.a09c1f08.func_pm_class_rm_base__jhh5qtvj.iu2kkc8f,11,Project-MONAI__MONAI.a09c1f08.func_pm_class_rm_base__jhh5qtvj.iu2kkc8f,14358,true,360,718,0,0,0,0,0,,0,0,330000000,330000000,0,0,0,ok,,
2708,,,,Project-MONAI__MONAI.a09c1f08.func_pm_class_rm_base__jhh5qtvj.iu2kkc8f,12,Project-MONAI__MONAI.a09c1f08.func_pm_class_rm_base__jhh5qtvj.iu2kkc8f,15436,true,929,38,0,0,0,0,0,,0,0,360000000,360000000,0,0,0,ok,,
2709,,,,Project-MONAI__MONAI.a09c1f08.func_pm_class_rm_base__jhh5qtvj.iu2kkc8f,13,Project-MONAI__MONAI.a09c1f08.func_pm_class_rm_base__jhh5qtvj.iu2kkc8f,16403,true,133,640,0,0,0,0,0,,0,0,390000000,390000000,0,0,0,ok,,
2710,,,,Project-MONAI__MONAI.a09c1f08.func_pm_class_rm_base__jhh5qtvj.iu2kkc8f,14,Project-MONAI__MONAI.a09c1f08.func_pm_class_rm_base__jhh5qtvj.iu2kkc8f,17176,true,625,32,0,0,0,0,0,,0,0,420000000,420000000,0,0,0,ok,,
2711,,,,Project-MONAI__MONAI.a09c1f08.func_pm_class_rm_base__jhh5qtvj.iu2kkc8f,15,Project-MONAI__MONAI.a09c1f08.func_pm_class_rm_base__jhh5qtvj.iu2kkc8f,17833,true,73,307,0,0,0,0,0,,0,0,450000000,450000000,0,0,0,ok,,
2712,,,,Project-MONAI__MONAI.a09c1f08.func_pm_class_rm_base__jhh5qtvj.iu2kkc8f,16,Project-MONAI__MONAI.a09c1f08.func_pm_class_rm_base__jhh5qtvj.iu2kkc8f,18213,true,312,31,0,0,0,0,0,,0,0,480000000,480000000,0,0,0,ok,,
2713,,,,Project-MONAI__MONAI.a09c1f08.func_pm_class_rm_base__jhh5qtvj.iu2kkc8f,17,Project-MONAI__MONAI.a09c1f08.func_pm_class_rm_base__jhh5qtvj.iu2kkc8f,18556,true,70,333,0,0,0,0,0,,0,0,510000000,510000000,0,0,0,ok,,
2714,,,,Project-MONAI__MONAI.a09c1f08.func_pm_class_rm_base__jhh5qtvj.iu2kkc8f,18,Project-MONAI__MONAI.a09c1f08.func_pm_class_rm_base__jhh5qtvj.iu2kkc8f,18959,true,384,31,0,0,0,0,0,,0,0,540000000,540000000,0,0,0,ok,,
2715,,,,Project-MONAI__MONAI.a09c1f08.func_pm_class_rm_base__jhh5qtvj.iu2kkc8f,19,Project-MONAI__MONAI.a09c1f08.func_pm_class_rm_base__jhh5qtvj.iu2kkc8f,19374,true,70,1108,0,0,0,0,0,,0,0,570000000,570000000,0,0,0,ok,,
2716,,,,Project-MONAI__MONAI.a09c1f08.func_pm_class_rm_base__jhh5qtvj.iu2kkc8f,20,Project-MONAI__MONAI.a09c1f08.func_pm_class_rm_base__jhh5qtvj.iu2kkc8f,20552,true,24,32,0,0,0,0,0,,0,0,600000000,600000000,0,0,0,ok,,
2717,,,,Project-MONAI__MONAI.a09c1f08.func_pm_class_rm_base__jhh5qtvj.iu2kkc8f,21,Project-MONAI__MONAI.a09c1f08.func_pm_class_rm_base__jhh5qtvj.iu2kkc8f,20608,true,459,297,0,0,0,0,0,,0,0,630000000,630000000,0,0,0,ok,,
2718,,,,Project-MONAI__MONAI.a09c1f08.func_pm_class_rm_base__jhh5qtvj.iu2kkc8f,22,Project-MONAI__MONAI.a09c1f08.func_pm_class_rm_base__jhh5qtvj.iu2kkc8f,21364,true,2672,42,0,0,0,0,0,,0,0,660000000,660000000,0,0,0,ok,,
2719,,,,Project-MONAI__MONAI.a09c1f08.func_pm_class_rm_base__jhh5qtvj.iu2kkc8f,23,Project-MONAI__MONAI.a09c1f08.func_pm_class_rm_base__jhh5qtvj.iu2kkc8f,24078,true,20,7,0,0,0,0,0,,0,0,690000000,690000000,0,0,0,ok,,
2720,,,,iterative__dvc.1d6ea681.func_pm_ctrl_invert_if__ntv844lr.qevj6bvk,0,swe_smith_system_prompt,978,true,713,88,0,0,0,0,0,,0,0,0,0,0,0,0,ok,,
2721,,,,iterative__dvc.1d6ea681.func_pm_ctrl_invert_if__ntv844lr.qevj6bvk,1,iterative__dvc.1d6ea681.func_pm_ctrl_invert_if__ntv844lr.qevj6bvk,1779,true,12,53,0,0,0,0,0,,0,0,30000000,30000000,0,0,0,ok,,
2722,,,,iterative__dvc.1d6ea681.func_pm_ctrl_invert_if__ntv844lr.qevj6bvk,2,iterative__dvc.1d6ea681.func_pm_ctrl_invert_if__ntv844lr.qevj6bvk,1844,true,932,325,0,0,0,0,0,,0,0,60000000,60000000,0,0,0,ok,,
2723,,,,iterative__dvc.1d6ea681.func_pm_ctrl_invert_if__ntv844lr.qevj6bvk,3,iterative__dvc.1d6ea681.func_pm_ctrl_invert_if__ntv844lr.qevj6bvk,3101,true,23,36,0,0,0,0,0,,0,0,90000000,90000000,0,0,0,ok,,
2724,,,,iterative__dvc.1d6ea681.func_pm_ctrl_invert_if__ntv844lr.qevj6bvk,4,iterative__dvc.1d6ea681.func_pm_ctrl_invert_if__ntv844lr.qevj6bvk,3160,true,48,254,0,0,0,0,0,,0,0,120000000,120000000,0,0,0,ok,,
2725,,,,iterative__dvc.1d6ea681.func_pm_ctrl_invert_if__ntv844lr.qevj6bvk,5,iterative__dvc.1d6ea681.func_pm_ctrl_invert_if__ntv844lr.qevj6bvk,3462,true,292,126,0,0,0,0,0,,0,0,150000000,150000000,0,0,0,ok,,
2726,,,,iterative__dvc.1d6ea681.func_pm_ctrl_invert_if__ntv844lr.qevj6bvk,6,iterative__dvc.1d6ea681.func_pm_ctrl_invert_if__ntv844lr.qevj6bvk,3880,true,35,858,0,0,0,0,0,,0,0,180000000,180000000,0,0,0,ok,,
2727,,,,iterative__dvc.1d6ea681.func_pm_ctrl_invert_if__ntv844lr.qevj6bvk,7,iterative__dvc.1d6ea681.func_pm_ctrl_invert_if__ntv844lr.qevj6bvk,4773,true,23,36,0,0,0,0,0,,0,0,210000000,210000000,0,0,0,ok,,
2728,,,,iterative__dvc.1d6ea681.func_pm_ctrl_invert_if__ntv844lr.qevj6bvk,8,iterative__dvc.1d6ea681.func_pm_ctrl_invert_if__ntv844lr.qevj6bvk,4832,true,252,35,0,0,0,0,0,,0,0,240000000,240000000,0,0,0,ok,,
2729,,,,iterative__dvc.1d6ea681.func_pm_ctrl_invert_if__ntv844lr.qevj6bvk,9,iterative__dvc.1d6ea681.func_pm_ctrl_invert_if__ntv844lr.qevj6bvk,5119,true,1853,50,0,0,0,0,0,,0,0,270000000,270000000,0,0,0,ok,,
2730,,,,iterative__dvc.1d6ea681.func_pm_ctrl_invert_if__ntv844lr.qevj6bvk,10,iterative__dvc.1d6ea681.func_pm_ctrl_invert_if__ntv844lr.qevj6bvk,7022,true,20,13,0,0,0,0,0,,0,0,300000000,300000000,0,0,0,ok,,
2731,,,,pyca__pyopenssl.04766a49.func_pm_remove_assign__2j27akkq.w24c0l1f,0,swe_smith_system_prompt,978,true,1013,74,0,0,0,0,0,,0,0,0,0,0,0,0,ok,,
2732,,,,pyca__pyopenssl.04766a49.func_pm_remove_assign__2j27akkq.w24c0l1f,1,pyca__pyopenssl.04766a49.func_pm_remove_assign__2j27akkq.w24c0l1f,2065,true,166,68,0,0,0,0,0,,0,0,30000000,30000000,0,0,0,ok,,
2733,,,,pyca__pyopenssl.04766a49.func_pm_remove_assign__2j27akkq.w24c0l1f,2,pyca__pyopenssl.04766a49.func_pm_remove_assign__2j27akkq.w24c0l1f,2299,true,5707,49,0,0,0,0,0,,0,0,60000000,60000000,0,0,0,ok,,
2734,,,,pyca__pyopenssl.04766a49.func_pm_remove_assign__2j27akkq.w24c0l1f,3,pyca__pyopenssl.04766a49.func_pm_remove_assign__2j27akkq.w24c0l1f,8055,true,12,60,0,0,0,0,0,,0,0,90000000,90000000,0,0,0,ok,,
2735,,,,pyca__pyopenssl.04766a49.func_pm_remove_assign__2j27akkq.w24c0l1f,4,pyca__pyopenssl.04766a49.func_pm_remove_assign__2j27akkq.w24c0l1f,8127,true,1225,435,0,0,0,0,0,,0,0,120000000,120000000,0,0,0,ok,,
2736,,,,pyca__pyopenssl.04766a49.func_pm_remove_assign__2j27akkq.w24c0l1f,5,pyca__pyopenssl.04766a49.func_pm_remove_assign__2j27akkq.w24c0l1f,9787,true,23,37,0,0,0,0,0,,0,0,150000000,150000000,0,0,0,ok,,
2737,,,,pyca__pyopenssl.04766a49.func_pm_remove_assign__2j27akkq.w24c0l1f,6,pyca__pyopenssl.04766a49.func_pm_remove_assign__2j27akkq.w24c0l1f,9847,true,259,400,0,0,0,0,0,,0,0,180000000,180000000,0,0,0,ok,,
2738,,,,pyca__pyopenssl.04766a49.func_pm_remove_assign__2j27akkq.w24c0l1f,7,pyca__pyopenssl.04766a49.func_pm_remove_assign__2j27akkq.w24c0l1f,10506,true,428,79,0,0,0,0,0,,0,0,210000000,210000000,0,0,0,ok,,
2739,,,,pyca__pyopenssl.04766a49.func_pm_remove_assign__2j27akkq.w24c0l1f,8,pyca__pyopenssl.04766a49.func_pm_remove_assign__2j27akkq.w24c0l1f,11013,true,1095,1245,0,0,0,0,0,,0,0,240000000,240000000,0,0,0,ok,,
2740,,,,pyca__pyopenssl.04766a49.func_pm_remove_assign__2j27akkq.w24c0l1f,9,pyca__pyopenssl.04766a49.func_pm_remove_assign__2j27akkq.w24c0l1f,13353,true,23,32,0,0,0,0,0,,0,0,270000000,270000000,0,0,0,ok,,
2741,,,,pyca__pyopenssl.04766a49.func_pm_remove_assign__2j27akkq.w24c0l1f,10,pyca__pyopenssl.04766a49.func_pm_remove_assign__2j27akkq.w24c0l1f,13408,true,2379,271,0,0,0,0,0,,0,0,300000000,300000000,0,0,0,ok,,
2742,,,,pyca__pyopenssl.04766a49.func_pm_remove_assign__2j27akkq.w24c0l1f,11,pyca__pyopenssl.04766a49.func_pm_remove_assign__2j27akkq.w24c0l1f,16058,true,2505,48,0,0,0,0,0,,0,0,330000000,330000000,0,0,0,ok,,
2743,,,,pyca__pyopenssl.04766a49.func_pm_remove_assign__2j27akkq.w24c0l1f,12,pyca__pyopenssl.04766a49.func_pm_remove_assign__2j27akkq.w24c0l1f,18611,true,20,13,0,0,0,0,0,,0,0,360000000,360000000,0,0,0,ok,,
2744,,,,scrapy__scrapy.35212ec5.pr_5705.h1s6dyem,0,swe_smith_system_prompt,978,true,2786,73,0,0,0,0,0,,0,0,0,0,0,0,0,ok,,
2745,,,,scrapy__scrapy.35212ec5.pr_5705.h1s6dyem,1,scrapy__scrapy.35212ec5.pr_5705.h1s6dyem,3837,true,2727,121,0,0,0,0,0,,0,0,30000000,30000000,0,0,0,ok,,
2746,,,,scrapy__scrapy.35212ec5.pr_5705.h1s6dyem,2,scrapy__scrapy.35212ec5.pr_5705.h1s6dyem,6685,true,5589,36,0,0,0,0,0,,0,0,60000000,60000000,0,0,0,ok,,
2747,,,,scrapy__scrapy.35212ec5.pr_5705.h1s6dyem,3,scrapy__scrapy.35212ec5.pr_5705.h1s6dyem,12310,true,4825,456,0,0,0,0,0,,0,0,90000000,90000000,0,0,0,ok,,
2748,,,,scrapy__scrapy.35212ec5.pr_5705.h1s6dyem,4,scrapy__scrapy.35212ec5.pr_5705.h1s6dyem,17591,true,25,25,0,0,0,0,0,,0,0,120000000,120000000,0,0,0,ok,,
2749,,,,scrapy__scrapy.35212ec5.pr_5705.h1s6dyem,5,scrapy__scrapy.35212ec5.pr_5705.h1s6dyem,17641,true,194,616,0,0,0,0,0,,0,0,150000000,150000000,0,0,0,ok,,
2750,,,,scrapy__scrapy.35212ec5.pr_5705.h1s6dyem,6,scrapy__scrapy.35212ec5.pr_5705.h1s6dyem,18451,true,558,158,0,0,0,0,0,,0,0,180000000,180000000,0,0,0,ok,,
2751,,,,scrapy__scrapy.35212ec5.pr_5705.h1s6dyem,7,scrapy__scrapy.35212ec5.pr_5705.h1s6dyem,19167,true,280,274,0,0,0,0,0,,0,0,210000000,210000000,0,0,0,ok,,
2752,,,,scrapy__scrapy.35212ec5.pr_5705.h1s6dyem,8,scrapy__scrapy.35212ec5.pr_5705.h1s6dyem,19721,true,395,353,0,0,0,0,0,,0,0,240000000,240000000,0,0,0,ok,,
2753,,,,scrapy__scrapy.35212ec5.pr_5705.h1s6dyem,9,scrapy__scrapy.35212ec5.pr_5705.h1s6dyem,20469,true,443,25,0,0,0,0,0,,0,0,270000000,270000000,0,0,0,ok,,
2754,,,,scrapy__scrapy.35212ec5.pr_5705.h1s6dyem,10,scrapy__scrapy.35212ec5.pr_5705.h1s6dyem,20937,true,194,38,0,0,0,0,0,,0,0,300000000,300000000,0,0,0,ok,,
2755,,,,life4__textdistance.c3aca916.lm_rewrite__9v6u6jmp.85nuqi8m,0,swe_smith_system_prompt,978,true,895,94,0,0,0,0,0,,0,0,0,0,0,0,0,ok,,
2756,,,,life4__textdistance.c3aca916.lm_rewrite__9v6u6jmp.85nuqi8m,1,life4__textdistance.c3aca916.lm_rewrite__9v6u6jmp.85nuqi8m,1967,true,22,65,0,0,0,0,0,,0,0,30000000,30000000,0,0,0,ok,,
2757,,,,life4__textdistance.c3aca916.lm_rewrite__9v6u6jmp.85nuqi8m,2,life4__textdistance.c3aca916.lm_rewrite__9v6u6jmp.85nuqi8m,2054,true,3794,56,0,0,0,0,0,,0,0,60000000,60000000,0,0,0,ok,,
2758,,,,life4__textdistance.c3aca916.lm_rewrite__9v6u6jmp.85nuqi8m,3,life4__textdistance.c3aca916.lm_rewrite__9v6u6jmp.85nuqi8m,5904,true,2654,55,0,0,0,0,0,,0,0,90000000,90000000,0,0,0,ok,,
2759,,,,life4__textdistance.c3aca916.lm_rewrite__9v6u6jmp.85nuqi8m,4,life4__textdistance.c3aca916.lm_rewrite__9v6u6jmp.85nuqi8m,8613,true,203,56,0,0,0,0,0,,0,0,120000000,120000000,0,0,0,ok,,
2760,,,,life4__textdistance.c3aca916.lm_rewrite__9v6u6jmp.85nuqi8m,5,life4__textdistance.c3aca916.lm_rewrite__9v6u6jmp.85nuqi8m,8872,true,129,198,0,0,0,0,0,,0,0,150000000,150000000,0,0,0,ok,,
2761,,,,life4__textdistance.c3aca916.lm_rewrite__9v6u6jmp.85nuqi8m,6,life4__textdistance.c3aca916.lm_rewrite__9v6u6jmp.85nuqi8m,9199,true,24,36,0,0,0,0,0,,0,0,180000000,180000000,0,0,0,ok,,
2762,,,,life4__textdistance.c3aca916.lm_rewrite__9v6u6jmp.85nuqi8m,7,life4__textdistance.c3aca916.lm_rewrite__9v6u6jmp.85nuqi8m,9259,true,79,669,0,0,0,0,0,,0,0,210000000,210000000,0,0,0,ok,,
2763,,,,life4__textdistance.c3aca916.lm_rewrite__9v6u6jmp.85nuqi8m,8,life4__textdistance.c3aca916.lm_rewrite__9v6u6jmp.85nuqi8m,10007,true,818,45,0,0,0,0,0,,0,0,240000000,240000000,0,0,0,ok,,
2764,,,,life4__textdistance.c3aca916.lm_rewrite__9v6u6jmp.85nuqi8m,9,life4__textdistance.c3aca916.lm_rewrite__9v6u6jmp.85nuqi8m,10870,true,176,1046,0,0,0,0,0,,0,0,270000000,270000000,0,0,0,ok,,
2765,,,,life4__textdistance.c3aca916.lm_rewrite__9v6u6jmp.85nuqi8m,10,life4__textdistance.c3aca916.lm_rewrite__9v6u6jmp.85nuqi8m,12092,true,916,42,0,0,0,0,0,,0,0,300000000,300000000,0,0,0,ok,,
2766,,,,life4__textdistance.c3aca916.lm_rewrite__9v6u6jmp.85nuqi8m,11,life4__textdistance.c3aca916.lm_rewrite__9v6u6jmp.85nuqi8m,13050,true,540,1317,0,0,0,0,0,,0,0,330000000,330000000,0,0,0,ok,,
2767,,,,life4__textdistance.c3aca916.lm_rewrite__9v6u6jmp.85nuqi8m,12,life4__textdistance.c3aca916.lm_rewrite__9v6u6jmp.85nuqi8m,14907,true,1218,364,0,0,0,0,0,,0,0,360000000,360000000,0,0,0,ok,,
2768,,,,life4__textdistance.c3aca916.lm_rewrite__9v6u6jmp.85nuqi8m,13,life4__textdistance.c3aca916.lm_rewrite__9v6u6jmp.85nuqi8m,16489,true,386,33,0,0,0,0,0,,0,0,390000000,390000000,0,0,0,ok,,
2769,,,,life4__textdistance.c3aca916.lm_rewrite__9v6u6jmp.85nuqi8m,14,life4__textdistance.c3aca916.lm_rewrite__9v6u6jmp.85nuqi8m,16908,true,428,1024,0,0,0,0,0,,0,0,420000000,420000000,0,0,0,ok,,
2770,,,,life4__textdistance.c3aca916.lm_rewrite__9v6u6jmp.85nuqi8m,15,life4__textdistance.c3aca916.lm_rewrite__9v6u6jmp.85nuqi8m,18360,true,24,33,0,0,0,0,0,,0,0,450000000,450000000,0,0,0,ok,,
2771,,,,life4__textdistance.c3aca916.lm_rewrite__9v6u6jmp.85nuqi8m,16,life4__textdistance.c3aca916.lm_rewrite__9v6u6jmp.85nuqi8m,18417,true,2018,1588,0,0,0,0,0,,0,0,480000000,480000000,0,0,0,ok,,
2772,,,,life4__textdistance.c3aca916.lm_rewrite__9v6u6jmp.85nuqi8m,17,life4__textdistance.c3aca916.lm_rewrite__9v6u6jmp.85nuqi8m,22023,true,853,62,0,0,0,0,0,,0,0,510000000,510000000,0,0,0,ok,,
2773,,,,life4__textdistance.c3aca916.lm_rewrite__9v6u6jmp.85nuqi8m,18,life4__textdistance.c3aca916.lm_rewrite__9v6u6jmp.85nuqi8m,22938,true,2018,463,0,0,0,0,0,,0,0,540000000,540000000,0,0,0,ok,,
2774,,,,life4__textdistance.c3aca916.lm_rewrite__9v6u6jmp.85nuqi8m,19,life4__textdistance.c3aca916.lm_rewrite__9v6u6jmp.85nuqi8m,25419,true,24,39,0,0,0,0,0,,0,0,570000000,570000000,0,0,0,ok,,
2775,,,,life4__textdistance.c3aca916.lm_rewrite__9v6u6jmp.85nuqi8m,20,life4__textdistance.c3aca916.lm_rewrite__9v6u6jmp.85nuqi8m,25482,true,112,753,0,0,0,0,0,,0,0,600000000,600000000,0,0,0,ok,,
2776,,,,life4__textdistance.c3aca916.lm_rewrite__9v6u6jmp.85nuqi8m,21,life4__textdistance.c3aca916.lm_rewrite__9v6u6jmp.85nuqi8m,26347,true,23,36,0,0,0,0,0,,0,0,630000000,630000000,0,0,0,ok,,
2777,,,,life4__textdistance.c3aca916.lm_rewrite__9v6u6jmp.85nuqi8m,22,life4__textdistance.c3aca916.lm_rewrite__9v6u6jmp.85nuqi8m,26406,true,644,1089,0,0,0,0,0,,0,0,660000000,660000000,0,0,0,ok,,
2778,,,,life4__textdistance.c3aca916.lm_rewrite__9v6u6jmp.85nuqi8m,23,life4__textdistance.c3aca916.lm_rewrite__9v6u6jmp.85nuqi8m,28139,true,942,46,0,0,0,0,0,,0,0,690000000,690000000,0,0,0,ok,,
2779,,,,life4__textdistance.c3aca916.lm_rewrite__9v6u6jmp.85nuqi8m,24,life4__textdistance.c3aca916.lm_rewrite__9v6u6jmp.85nuqi8m,29127,true,643,77,0,0,0,0,0,,0,0,720000000,720000000,0,0,0,ok,,
2780,,,,life4__textdistance.c3aca916.lm_rewrite__9v6u6jmp.85nuqi8m,25,life4__textdistance.c3aca916.lm_rewrite__9v6u6jmp.85nuqi8m,29847,true,112,269,0,0,0,0,0,,0,0,750000000,750000000,0,0,0,ok,,
2781,,,,life4__textdistance.c3aca916.lm_rewrite__9v6u6jmp.85nuqi8m,26,life4__textdistance.c3aca916.lm_rewrite__9v6u6jmp.85nuqi8m,30228,true,4570,56,0,0,0,0,0,,0,0,780000000,780000000,0,0,0,ok,,
2782,,,,life4__textdistance.c3aca916.lm_rewrite__9v6u6jmp.85nuqi8m,27,life4__textdistance.c3aca916.lm_rewrite__9v6u6jmp.85nuqi8m,34854,true,20,7,0,0,0,0,0,,0,0,810000000,810000000,0,0,0,ok,,
2783,,,,tox-dev__pipdeptree.c31b6418.86.2s12i3oe,0,swe_smith_system_prompt,978,true,948,94,0,0,0,0,0,,0,0,0,0,0,0,0,ok,,
2784,,,,tox-dev__pipdeptree.c31b6418.86.2s12i3oe,1,tox-dev__pipdeptree.c31b6418.86.2s12i3oe,2020,true,16,47,0,0,0,0,0,,0,0,30000000,30000000,0,0,0,ok,,
2785,,,,tox-dev__pipdeptree.c31b6418.86.2s12i3oe,2,tox-dev__pipdeptree.c31b6418.86.2s12i3oe,2083,true,2007,481,0,0,0,0,0,,0,0,60000000,60000000,0,0,0,ok,,
2786,,,,tox-dev__pipdeptree.c31b6418.86.2s12i3oe,3,tox-dev__pipdeptree.c31b6418.86.2s12i3oe,4571,true,21,36,0,0,0,0,0,,0,0,90000000,90000000,0,0,0,ok,,
2787,,,,tox-dev__pipdeptree.c31b6418.86.2s12i3oe,4,tox-dev__pipdeptree.c31b6418.86.2s12i3oe,4628,true,163,912,0,0,0,0,0,,0,0,120000000,120000000,0,0,0,ok,,
2788,,,,tox-dev__pipdeptree.c31b6418.86.2s12i3oe,5,tox-dev__pipdeptree.c31b6418.86.2s12i3oe,5703,true,779,154,0,0,0,0,0,,0,0,150000000,150000000,0,0,0,ok,,
2789,,,,tox-dev__pipdeptree.c31b6418.86.2s12i3oe,6,tox-dev__pipdeptree.c31b6418.86.2s12i3oe,6636,true,183,364,0,0,0,0,0,,0,0,180000000,180000000,0,0,0,ok,,
2790,,,,mahmoud__glom.fb3c4e76.lm_rewrite__c2jyxhuv.0bb11ym7,0,swe_smith_system_prompt,978,true,748,99,0,0,0,0,0,,0,0,0,0,0,0,0,ok,,
2791,,,,mahmoud__glom.fb3c4e76.lm_rewrite__c2jyxhuv.0bb11ym7,1,mahmoud__glom.fb3c4e76.lm_rewrite__c2jyxhuv.0bb11ym7,1825,true,329,48,0,0,0,0,0,,0,0,30000000,30000000,0,0,0,ok,,
2792,,,,mahmoud__glom.fb3c4e76.lm_rewrite__c2jyxhuv.0bb11ym7,2,mahmoud__glom.fb3c4e76.lm_rewrite__c2jyxhuv.0bb11ym7,2202,true,123,63,0,0,0,0,0,,0,0,60000000,60000000,0,0,0,ok,,
2793,,,,mahmoud__glom.fb3c4e76.lm_rewrite__c2jyxhuv.0bb11ym7,3,mahmoud__glom.fb3c4e76.lm_rewrite__c2jyxhuv.0bb11ym7,2388,true,5672,42,0,0,0,0,0,,0,0,90000000,90000000,0,0,0,ok,,
2794,,,,mahmoud__glom.fb3c4e76.lm_rewrite__c2jyxhuv.0bb11ym7,4,mahmoud__glom.fb3c4e76.lm_rewrite__c2jyxhuv.0bb11ym7,8102,true,99,55,0,0,0,0,0,,0,0,120000000,120000000,0,0,0,ok,,
2795,,,,mahmoud__glom.fb3c4e76.lm_rewrite__c2jyxhuv.0bb11ym7,5,mahmoud__glom.fb3c4e76.lm_rewrite__c2jyxhuv.0bb11ym7,8256,true,577,158,0,0,0,0,0,,0,0,150000000,150000000,0,0,0,ok,,
2796,,,,mahmoud__glom.fb3c4e76.lm_rewrite__c2jyxhuv.0bb11ym7,6,mahmoud__glom.fb3c4e76.lm_rewrite__c2jyxhuv.0bb11ym7,8991,true,23,37,0,0,0,0,0,,0,0,180000000,180000000,0,0,0,ok,,
2797,,,,mahmoud__glom.fb3c4e76.lm_rewrite__c2jyxhuv.0bb11ym7,7,mahmoud__glom.fb3c4e76.lm_rewrite__c2jyxhuv.0bb11ym7,9051,true,406,113,0,0,0,0,0,,0,0,210000000,210000000,0,0,0,ok,,
2798,,,,mahmoud__glom.fb3c4e76.lm_rewrite__c2jyxhuv.0bb11ym7,8,mahmoud__glom.fb3c4e76.lm_rewrite__c2jyxhuv.0bb11ym7,9570,true,408,65,0,0,0,0,0,,0,0,240000000,240000000,0,0,0,ok,,
2799,,,,mahmoud__glom.fb3c4e76.lm_rewrite__c2jyxhuv.0bb11ym7,9,mahmoud__glom.fb3c4e76.lm_rewrite__c2jyxhuv.0bb11ym7,10043,true,349,68,0,0,0,0,0,,0,0,270000000,270000000,0,0,0,ok,,
2800,,,,mahmoud__glom.fb3c4e76.lm_rewrite__c2jyxhuv.0bb11ym7,10,mahmoud__glom.fb3c4e76.lm_rewrite__c2jyxhuv.0bb11ym7,10460,true,330,864,0,0,0,0,0,,0,0,300000000,300000000,0,0,0,ok,,
2801,,,,mahmoud__glom.fb3c4e76.lm_rewrite__c2jyxhuv.0bb11ym7,11,mahmoud__glom.fb3c4e76.lm_rewrite__c2jyxhuv.0bb11ym7,11654,true,826,50,0,0,0,0,0,,0,0,330000000,330000000,0,0,0,ok,,
2802,,,,mahmoud__glom.fb3c4e76.lm_rewrite__c2jyxhuv.0bb11ym7,12,mahmoud__glom.fb3c4e76.lm_rewrite__c2jyxhuv.0bb11ym7,12530,true,357,100,0,0,0,0,0,,0,0,360000000,360000000,0,0,0,ok,,
2803,,,,mahmoud__glom.fb3c4e76.lm_rewrite__c2jyxhuv.0bb11ym7,13,mahmoud__glom.fb3c4e76.lm_rewrite__c2jyxhuv.0bb11ym7,12987,true,819,1054,0,0,0,0,0,,0,0,390000000,390000000,0,0,0,ok,,
2804,,,,mahmoud__glom.fb3c4e76.lm_rewrite__c2jyxhuv.0bb11ym7,14,mahmoud__glom.fb3c4e76.lm_rewrite__c2jyxhuv.0bb11ym7,14860,true,1005,31,0,0,0,0,0,,0,0,420000000,420000000,0,0,0,ok,,
2805,,,,mahmoud__glom.fb3c4e76.lm_rewrite__c2jyxhuv.0bb11ym7,15,mahmoud__glom.fb3c4e76.lm_rewrite__c2jyxhuv.0bb11ym7,15896,true,116,381,0,0,0,0,0,,0,0,450000000,450000000,0,0,0,ok,,
2806,,,,mahmoud__glom.fb3c4e76.lm_rewrite__c2jyxhuv.0bb11ym7,16,mahmoud__glom.fb3c4e76.lm_rewrite__c2jyxhuv.0bb11ym7,16393,true,23,24,0,0,0,0,0,,0,0,480000000,480000000,0,0,0,ok,,
2807,,,,mahmoud__glom.fb3c4e76.lm_rewrite__c2jyxhuv.0bb11ym7,17,mahmoud__glom.fb3c4e76.lm_rewrite__c2jyxhuv.0bb11ym7,16440,true,321,239,0,0,0,0,0,,0,0,510000000,510000000,0,0,0,ok,,
2808,,,,mahmoud__glom.fb3c4e76.lm_rewrite__c2jyxhuv.0bb11ym7,18,mahmoud__glom.fb3c4e76.lm_rewrite__c2jyxhuv.0bb11ym7,17000,true,1979,41,0,0,0,0,0,,0,0,540000000,540000000,0,0,0,ok,,
2809,,,,mahmoud__glom.fb3c4e76.lm_rewrite__c2jyxhuv.0bb11ym7,19,mahmoud__glom.fb3c4e76.lm_rewrite__c2jyxhuv.0bb11ym7,19020,true,20,7,0,0,0,0,0,,0,0,570000000,570000000,0,0,0,ok,,
2810,,,,luozhouyang__python-string-similarity.115acaac.func_pm_ctrl_shuffle__llhbww8d.jp4fdvha,0,swe_smith_system_prompt,978,true,732,97,0,0,0,0,0,,0,0,0,0,0,0,0,ok,,
2811,,,,luozhouyang__python-string-similarity.115acaac.func_pm_ctrl_shuffle__llhbww8d.jp4fdvha,1,luozhouyang__python-string-similarity.115acaac.func_pm_ctrl_shuffle__llhbww8d.jp4fdvha,1807,true,441,63,0,0,0,0,0,,0,0,30000000,30000000,0,0,0,ok,,
2812,,,,luozhouyang__python-string-similarity.115acaac.func_pm_ctrl_shuffle__llhbww8d.jp4fdvha,2,luozhouyang__python-string-similarity.115acaac.func_pm_ctrl_shuffle__llhbww8d.jp4fdvha,2311,true,893,55,0,0,0,0,0,,0,0,60000000,60000000,0,0,0,ok,,
2813,,,,luozhouyang__python-string-similarity.115acaac.func_pm_ctrl_shuffle__llhbww8d.jp4fdvha,3,luozhouyang__python-string-similarity.115acaac.func_pm_ctrl_shuffle__llhbww8d.jp4fdvha,3259,true,707,54,0,0,0,0,0,,0,0,90000000,90000000,0,0,0,ok,,
2814,,,,luozhouyang__python-string-similarity.115acaac.func_pm_ctrl_shuffle__llhbww8d.jp4fdvha,4,luozhouyang__python-string-similarity.115acaac.func_pm_ctrl_shuffle__llhbww8d.jp4fdvha,4020,true,761,145,0,0,0,0,0,,0,0,120000000,120000000,0,0,0,ok,,
2815,,,,luozhouyang__python-string-similarity.115acaac.func_pm_ctrl_shuffle__llhbww8d.jp4fdvha,5,luozhouyang__python-string-similarity.115acaac.func_pm_ctrl_shuffle__llhbww8d.jp4fdvha,4926,true,23,36,0,0,0,0,0,,0,0,150000000,150000000,0,0,0,ok,,
2816,,,,luozhouyang__python-string-similarity.115acaac.func_pm_ctrl_shuffle__llhbww8d.jp4fdvha,6,luozhouyang__python-string-similarity.115acaac.func_pm_ctrl_shuffle__llhbww8d.jp4fdvha,4985,true,31,342,0,0,0,0,0,,0,0,180000000,180000000,0,0,0,ok,,
2817,,,,luozhouyang__python-string-similarity.115acaac.func_pm_ctrl_shuffle__llhbww8d.jp4fdvha,7,luozhouyang__python-string-similarity.115acaac.func_pm_ctrl_shuffle__llhbww8d.jp4fdvha,5358,true,320,144,0,0,0,0,0,,0,0,210000000,210000000,0,0,0,ok,,
2818,,,,luozhouyang__python-string-similarity.115acaac.func_pm_ctrl_shuffle__llhbww8d.jp4fdvha,8,luozhouyang__python-string-similarity.115acaac.func_pm_ctrl_shuffle__llhbww8d.jp4fdvha,5822,true,17,588,0,0,0,0,0,,0,0,240000000,240000000,0,0,0,ok,,
2819,,,,luozhouyang__python-string-similarity.115acaac.func_pm_ctrl_shuffle__llhbww8d.jp4fdvha,9,luozhouyang__python-string-similarity.115acaac.func_pm_ctrl_shuffle__llhbww8d.jp4fdvha,6427,true,23,32,0,0,0,0,0,,0,0,270000000,270000000,0,0,0,ok,,
2820,,,,luozhouyang__python-string-similarity.115acaac.func_pm_ctrl_shuffle__llhbww8d.jp4fdvha,10,luozhouyang__python-string-similarity.115acaac.func_pm_ctrl_shuffle__llhbww8d.jp4fdvha,6482,true,123,139,0,0,0,0,0,,0,0,300000000,300000000,0,0,0,ok,,
2821,,,,luozhouyang__python-string-similarity.115acaac.func_pm_ctrl_shuffle__llhbww8d.jp4fdvha,11,luozhouyang__python-string-similarity.115acaac.func_pm_ctrl_shuffle__llhbww8d.jp4fdvha,6744,true,109,282,0,0,0,0,0,,0,0,330000000,330000000,0,0,0,ok,,
2822,,,,luozhouyang__python-string-similarity.115acaac.func_pm_ctrl_shuffle__llhbww8d.jp4fdvha,12,luozhouyang__python-string-similarity.115acaac.func_pm_ctrl_shuffle__llhbww8d.jp4fdvha,7135,true,1464,50,0,0,0,0,0,,0,0,360000000,360000000,0,0,0,ok,,
2823,,,,luozhouyang__python-string-similarity.115acaac.func_pm_ctrl_shuffle__llhbww8d.jp4fdvha,13,luozhouyang__python-string-similarity.115acaac.func_pm_ctrl_shuffle__llhbww8d.jp4fdvha,8649,true,20,13,0,0,0,0,0,,0,0,390000000,390000000,0,0,0,ok,,
2824,,,,marshmallow-code__marshmallow.9716fc62.lm_rewrite__zlhsjbno.ssn48dpy,0,swe_smith_system_prompt,978,true,652,104,0,0,0,0,0,,0,0,0,0,0,0,0,ok,,
2825,,,,marshmallow-code__marshmallow.9716fc62.lm_rewrite__zlhsjbno.ssn48dpy,1,marshmallow-code__marshmallow.9716fc62.lm_rewrite__zlhsjbno.ssn48dpy,1734,true,449,64,0,0,0,0,0,,0,0,30000000,30000000,0,0,0,ok,,
2826,,,,marshmallow-code__marshmallow.9716fc62.lm_rewrite__zlhsjbno.ssn48dpy,2,marshmallow-code__marshmallow.9716fc62.lm_rewrite__zlhsjbno.ssn48dpy,2247,true,5668,62,0,0,0,0,0,,0,0,60000000,60000000,0,0,0,ok,,
2827,,,,marshmallow-code__marshmallow.9716fc62.lm_rewrite__zlhsjbno.ssn48dpy,3,marshmallow-code__marshmallow.9716fc62.lm_rewrite__zlhsjbno.ssn48dpy,7977,true,46,57,0,0,0,0,0,,0,0,90000000,90000000,0,0,0,ok,,
2828,,,,marshmallow-code__marshmallow.9716fc62.lm_rewrite__zlhsjbno.ssn48dpy,4,marshmallow-code__marshmallow.9716fc62.lm_rewrite__zlhsjbno.ssn48dpy,8080,true,196,63,0,0,0,0,0,,0,0,120000000,120000000,0,0,0,ok,,
2829,,,,marshmallow-code__marshmallow.9716fc62.lm_rewrite__zlhsjbno.ssn48dpy,5,marshmallow-code__marshmallow.9716fc62.lm_rewrite__zlhsjbno.ssn48dpy,8339,true,210,64,0,0,0,0,0,,0,0,150000000,150000000,0,0,0,ok,,
2830,,,,marshmallow-code__marshmallow.9716fc62.lm_rewrite__zlhsjbno.ssn48dpy,6,marshmallow-code__marshmallow.9716fc62.lm_rewrite__zlhsjbno.ssn48dpy,8613,true,66,74,0,0,0,0,0,,0,0,180000000,180000000,0,0,0,ok,,
2831,,,,marshmallow-code__marshmallow.9716fc62.lm_rewrite__zlhsjbno.ssn48dpy,7,marshmallow-code__marshmallow.9716fc62.lm_rewrite__zlhsjbno.ssn48dpy,8753,true,302,229,0,0,0,0,0,,0,0,210000000,210000000,0,0,0,ok,,
2832,,,,marshmallow-code__marshmallow.9716fc62.lm_rewrite__zlhsjbno.ssn48dpy,8,marshmallow-code__marshmallow.9716fc62.lm_rewrite__zlhsjbno.ssn48dpy,9284,true,23,35,0,0,0,0,0,,0,0,240000000,240000000,0,0,0,ok,,
2833,,,,marshmallow-code__marshmallow.9716fc62.lm_rewrite__zlhsjbno.ssn48dpy,9,marshmallow-code__marshmallow.9716fc62.lm_rewrite__zlhsjbno.ssn48dpy,9342,true,52,199,0,0,0,0,0,,0,0,270000000,270000000,0,0,0,ok,,
2834,,,,marshmallow-code__marshmallow.9716fc62.lm_rewrite__zlhsjbno.ssn48dpy,10,marshmallow-code__marshmallow.9716fc62.lm_rewrite__zlhsjbno.ssn48dpy,9593,true,255,53,0,0,0,0,0,,0,0,300000000,300000000,0,0,0,ok,,
2835,,,,marshmallow-code__marshmallow.9716fc62.lm_rewrite__zlhsjbno.ssn48dpy,11,marshmallow-code__marshmallow.9716fc62.lm_rewrite__zlhsjbno.ssn48dpy,9901,true,23,473,0,0,0,0,0,,0,0,330000000,330000000,0,0,0,ok,,
2836,,,,marshmallow-code__marshmallow.9716fc62.lm_rewrite__zlhsjbno.ssn48dpy,12,marshmallow-code__marshmallow.9716fc62.lm_rewrite__zlhsjbno.ssn48dpy,10397,true,23,32,0,0,0,0,0,,0,0,360000000,360000000,0,0,0,ok,,
2837,,,,marshmallow-code__marshmallow.9716fc62.lm_rewrite__zlhsjbno.ssn48dpy,13,marshmallow-code__marshmallow.9716fc62.lm_rewrite__zlhsjbno.ssn48dpy,10452,true,120,148,0,0,0,0,0,,0,0,390000000,390000000,0,0,0,ok,,
2838,,,,marshmallow-code__marshmallow.9716fc62.lm_rewrite__zlhsjbno.ssn48dpy,14,marshmallow-code__marshmallow.9716fc62.lm_rewrite__zlhsjbno.ssn48dpy,10720,true,62,55,0,0,0,0,0,,0,0,420000000,420000000,0,0,0,ok,,
2839,,,,marshmallow-code__marshmallow.9716fc62.lm_rewrite__zlhsjbno.ssn48dpy,15,marshmallow-code__marshmallow.9716fc62.lm_rewrite__zlhsjbno.ssn48dpy,10837,true,176,57,0,0,0,0,0,,0,0,450000000,450000000,0,0,0,ok,,
2840,,,,marshmallow-code__marshmallow.9716fc62.lm_rewrite__zlhsjbno.ssn48dpy,16,marshmallow-code__marshmallow.9716fc62.lm_rewrite__zlhsjbno.ssn48dpy,11070,true,303,96,0,0,0,0,0,,0,0,480000000,480000000,0,0,0,ok,,
2841,,,,marshmallow-code__marshmallow.9716fc62.lm_rewrite__zlhsjbno.ssn48dpy,17,marshmallow-code__marshmallow.9716fc62.lm_rewrite__zlhsjbno.ssn48dpy,11469,true,15,45,0,0,0,0,0,,0,0,510000000,510000000,0,0,0,ok,,
2842,,,,marshmallow-code__marshmallow.9716fc62.lm_rewrite__zlhsjbno.ssn48dpy,18,marshmallow-code__marshmallow.9716fc62.lm_rewrite__zlhsjbno.ssn48dpy,11529,true,222,48,0,0,0,0,0,,0,0,540000000,540000000,0,0,0,ok,,
2843,,,,marshmallow-code__marshmallow.9716fc62.lm_rewrite__zlhsjbno.ssn48dpy,19,marshmallow-code__marshmallow.9716fc62.lm_rewrite__zlhsjbno.ssn48dpy,11799,true,20,45,0,0,0,0,0,,0,0,570000000,570000000,0,0,0,ok,,
2844,,,,marshmallow-code__marshmallow.9716fc62.lm_rewrite__zlhsjbno.ssn48dpy,20,marshmallow-code__marshmallow.9716fc62.lm_rewrite__zlhsjbno.ssn48dpy,11864,true,126,249,0,0,0,0,0,,0,0,600000000,600000000,0,0,0,ok,,
2845,,,,marshmallow-code__marshmallow.9716fc62.lm_rewrite__zlhsjbno.ssn48dpy,21,marshmallow-code__marshmallow.9716fc62.lm_rewrite__zlhsjbno.ssn48dpy,12239,true,1157,41,0,0,0,0,0,,0,0,630000000,630000000,0,0,0,ok,,
2846,,,,marshmallow-code__marshmallow.9716fc62.lm_rewrite__zlhsjbno.ssn48dpy,22,marshmallow-code__marshmallow.9716fc62.lm_rewrite__zlhsjbno.ssn48dpy,13437,true,20,7,0,0,0,0,0,,0,0,660000000,660000000,0,0,0,ok,,
2847,,,,mahmoud__boltons.3bfcfdd0.func_pm_ctrl_invert_if__548m4o51.efjijkl1,0,swe_smith_system_prompt,978,true,636,107,0,0,0,0,0,,0,0,0,0,0,0,0,ok,,
2848,,,,mahmoud__boltons.3bfcfdd0.func_pm_ctrl_invert_if__548m4o51.efjijkl1,1,mahmoud__boltons.3bfcfdd0.func_pm_ctrl_invert_if__548m4o51.efjijkl1,1721,true,708,69,0,0,0,0,0,,0,0,30000000,30000000,0,0,0,ok,,
2849,,,,mahmoud__boltons.3bfcfdd0.func_pm_ctrl_invert_if__548m4o51.efjijkl1,2,mahmoud__boltons.3bfcfdd0.func_pm_ctrl_invert_if__548m4o51.efjijkl1,2498,true,4940,61,0,0,0,0,0,,0,0,60000000,60000000,0,0,0,ok,,
2850,,,,mahmoud__boltons.3bfcfdd0.func_pm_ctrl_invert_if__548m4o51.efjijkl1,3,mahmoud__boltons.3bfcfdd0.func_pm_ctrl_invert_if__548m4o51.efjijkl1,7499,true,438,68,0,0,0,0,0,,0,0,90000000,90000000,0,0,0,ok,,
2851,,,,mahmoud__boltons.3bfcfdd0.func_pm_ctrl_invert_if__548m4o51.efjijkl1,4,mahmoud__boltons.3bfcfdd0.func_pm_ctrl_invert_if__548m4o51.efjijkl1,8005,true,1012,187,0,0,0,0,0,,0,0,120000000,120000000,0,0,0,ok,,
2852,,,,mahmoud__boltons.3bfcfdd0.func_pm_ctrl_invert_if__548m4o51.efjijkl1,5,mahmoud__boltons.3bfcfdd0.func_pm_ctrl_invert_if__548m4o51.efjijkl1,9204,true,23,35,0,0,0,0,0,,0,0,150000000,150000000,0,0,0,ok,,
2853,,,,mahmoud__boltons.3bfcfdd0.func_pm_ctrl_invert_if__548m4o51.efjijkl1,6,mahmoud__boltons.3bfcfdd0.func_pm_ctrl_invert_if__548m4o51.efjijkl1,9262,true,181,399,0,0,0,0,0,,0,0,180000000,180000000,0,0,0,ok,,
2854,,,,mahmoud__boltons.3bfcfdd0.func_pm_ctrl_invert_if__548m4o51.efjijkl1,7,mahmoud__boltons.3bfcfdd0.func_pm_ctrl_invert_if__548m4o51.efjijkl1,9842,true,278,52,0,0,0,0,0,,0,0,210000000,210000000,0,0,0,ok,,
2855,,,,mahmoud__boltons.3bfcfdd0.func_pm_ctrl_invert_if__548m4o51.efjijkl1,8,mahmoud__boltons.3bfcfdd0.func_pm_ctrl_invert_if__548m4o51.efjijkl1,10172,true,34,379,0,0,0,0,0,,0,0,240000000,240000000,0,0,0,ok,,
2856,,,,mahmoud__boltons.3bfcfdd0.func_pm_ctrl_invert_if__548m4o51.efjijkl1,9,mahmoud__boltons.3bfcfdd0.func_pm_ctrl_invert_if__548m4o51.efjijkl1,10585,true,23,32,0,0,0,0,0,,0,0,270000000,270000000,0,0,0,ok,,
2857,,,,mahmoud__boltons.3bfcfdd0.func_pm_ctrl_invert_if__548m4o51.efjijkl1,10,mahmoud__boltons.3bfcfdd0.func_pm_ctrl_invert_if__548m4o51.efjijkl1,10640,true,168,378,0,0,0,0,0,,0,0,300000000,300000000,0,0,0,ok,,
2858,,,,mahmoud__boltons.3bfcfdd0.func_pm_ctrl_invert_if__548m4o51.efjijkl1,11,mahmoud__boltons.3bfcfdd0.func_pm_ctrl_invert_if__548m4o51.efjijkl1,11186,true,304,131,0,0,0,0,0,,0,0,330000000,330000000,0,0,0,ok,,
2859,,,,mahmoud__boltons.3bfcfdd0.func_pm_ctrl_invert_if__548m4o51.efjijkl1,12,mahmoud__boltons.3bfcfdd0.func_pm_ctrl_invert_if__548m4o51.efjijkl1,11621,true,34,258,0,0,0,0,0,,0,0,360000000,360000000,0,0,0,ok,,
2860,,,,mahmoud__boltons.3bfcfdd0.func_pm_ctrl_invert_if__548m4o51.efjijkl1,13,mahmoud__boltons.3bfcfdd0.func_pm_ctrl_invert_if__548m4o51.efjijkl1,11913,true,1092,40,0,0,0,0,0,,0,0,390000000,390000000,0,0,0,ok,,
2861,,,,mahmoud__boltons.3bfcfdd0.func_pm_ctrl_invert_if__548m4o51.efjijkl1,14,mahmoud__boltons.3bfcfdd0.func_pm_ctrl_invert_if__548m4o51.efjijkl1,13045,true,20,13,0,0,0,0,0,,0,0,420000000,420000000,0,0,0,ok,,
2862,,,,PyCQA__flake8.cf1542ce.lm_rewrite__3y6aw3tc.caqi0fgi,0,swe_smith_system_prompt,978,true,816,115,0,0,0,0,0,,0,0,0,0,0,0,0,ok,,
2863,,,,PyCQA__flake8.cf1542ce.lm_rewrite__3y6aw3tc.caqi0fgi,1,PyCQA__flake8.cf1542ce.lm_rewrite__3y6aw3tc.caqi0fgi,1909,true,155,69,0,0,0,0,0,,0,0,30000000,30000000,0,0,0,ok,,
2864,,,,PyCQA__flake8.cf1542ce.lm_rewrite__3y6aw3tc.caqi0fgi,2,PyCQA__flake8.cf1542ce.lm_rewrite__3y6aw3tc.caqi0fgi,2133,true,4403,61,0,0,0,0,0,,0,0,60000000,60000000,0,0,0,ok,,
2865,,,,PyCQA__flake8.cf1542ce.lm_rewrite__3y6aw3tc.caqi0fgi,3,PyCQA__flake8.cf1542ce.lm_rewrite__3y6aw3tc.caqi0fgi,6597,true,755,209,0,0,0,0,0,,0,0,90000000,90000000,0,0,0,ok,,
2866,,,,PyCQA__flake8.cf1542ce.lm_rewrite__3y6aw3tc.caqi0fgi,4,PyCQA__flake8.cf1542ce.lm_rewrite__3y6aw3tc.caqi0fgi,7561,true,23,35,0,0,0,0,0,,0,0,120000000,120000000,0,0,0,ok,,
2867,,,,PyCQA__flake8.cf1542ce.lm_rewrite__3y6aw3tc.caqi0fgi,5,PyCQA__flake8.cf1542ce.lm_rewrite__3y6aw3tc.caqi0fgi,7619,true,12,499,0,0,0,0,0,,0,0,150000000,150000000,0,0,0,ok,,
2868,,,,PyCQA__flake8.cf1542ce.lm_rewrite__3y6aw3tc.caqi0fgi,6,PyCQA__flake8.cf1542ce.lm_rewrite__3y6aw3tc.caqi0fgi,8130,true,338,53,0,0,0,0,0,,0,0,180000000,180000000,0,0,0,ok,,
2869,,,,PyCQA__flake8.cf1542ce.lm_rewrite__3y6aw3tc.caqi0fgi,7,PyCQA__flake8.cf1542ce.lm_rewrite__3y6aw3tc.caqi0fgi,8521,true,11,497,0,0,0,0,0,,0,0,210000000,210000000,0,0,0,ok,,
2870,,,,PyCQA__flake8.cf1542ce.lm_rewrite__3y6aw3tc.caqi0fgi,8,PyCQA__flake8.cf1542ce.lm_rewrite__3y6aw3tc.caqi0fgi,9029,true,23,33,0,0,0,0,0,,0,0,240000000,240000000,0,0,0,ok,,
2871,,,,PyCQA__flake8.cf1542ce.lm_rewrite__3y6aw3tc.caqi0fgi,9,PyCQA__flake8.cf1542ce.lm_rewrite__3y6aw3tc.caqi0fgi,9085,true,124,355,0,0,0,0,0,,0,0,270000000,270000000,0,0,0,ok,,
2872,,,,PyCQA__flake8.cf1542ce.lm_rewrite__3y6aw3tc.caqi0fgi,10,PyCQA__flake8.cf1542ce.lm_rewrite__3y6aw3tc.caqi0fgi,9564,true,401,44,0,0,0,0,0,,0,0,300000000,300000000,0,0,0,ok,,
2873,,,,PyCQA__flake8.cf1542ce.lm_rewrite__3y6aw3tc.caqi0fgi,11,PyCQA__flake8.cf1542ce.lm_rewrite__3y6aw3tc.caqi0fgi,10009,true,143,166,0,0,0,0,0,,0,0,330000000,330000000,0,0,0,ok,,
2874,,,,PyCQA__flake8.cf1542ce.lm_rewrite__3y6aw3tc.caqi0fgi,12,PyCQA__flake8.cf1542ce.lm_rewrite__3y6aw3tc.caqi0fgi,10318,true,803,125,0,0,0,0,0,,0,0,360000000,360000000,0,0,0,ok,,
2875,,,,PyCQA__flake8.cf1542ce.lm_rewrite__3y6aw3tc.caqi0fgi,13,PyCQA__flake8.cf1542ce.lm_rewrite__3y6aw3tc.caqi0fgi,11246,true,1561,394,0,0,0,0,0,,0,0,390000000,390000000,0,0,0,ok,,
2876,,,,PyCQA__flake8.cf1542ce.lm_rewrite__3y6aw3tc.caqi0fgi,14,PyCQA__flake8.cf1542ce.lm_rewrite__3y6aw3tc.caqi0fgi,13201,true,349,238,0,0,0,0,0,,0,0,420000000,420000000,0,0,0,ok,,
2877,,,,PyCQA__flake8.cf1542ce.lm_rewrite__3y6aw3tc.caqi0fgi,15,PyCQA__flake8.cf1542ce.lm_rewrite__3y6aw3tc.caqi0fgi,13788,true,382,46,0,0,0,0,0,,0,0,450000000,450000000,0,0,0,ok,,
2878,,,,PyCQA__flake8.cf1542ce.lm_rewrite__3y6aw3tc.caqi0fgi,16,PyCQA__flake8.cf1542ce.lm_rewrite__3y6aw3tc.caqi0fgi,14216,true,660,84,0,0,0,0,0,,0,0,480000000,480000000,0,0,0,ok,,
2879,,,,PyCQA__flake8.cf1542ce.lm_rewrite__3y6aw3tc.caqi0fgi,17,PyCQA__flake8.cf1542ce.lm_rewrite__3y6aw3tc.caqi0fgi,14960,true,249,453,0,0,0,0,0,,0,0,510000000,510000000,0,0,0,ok,,
2880,,,,PyCQA__flake8.cf1542ce.lm_rewrite__3y6aw3tc.caqi0fgi,18,PyCQA__flake8.cf1542ce.lm_rewrite__3y6aw3tc.caqi0fgi,15662,true,488,46,0,0,0,0,0,,0,0,540000000,540000000,0,0,0,ok,,
2881,,,,PyCQA__flake8.cf1542ce.lm_rewrite__3y6aw3tc.caqi0fgi,19,PyCQA__flake8.cf1542ce.lm_rewrite__3y6aw3tc.caqi0fgi,16196,true,288,52,0,0,0,0,0,,0,0,570000000,570000000,0,0,0,ok,,
2882,,,,PyCQA__flake8.cf1542ce.lm_rewrite__3y6aw3tc.caqi0fgi,20,PyCQA__flake8.cf1542ce.lm_rewrite__3y6aw3tc.caqi0fgi,16536,true,143,38,0,0,0,0,0,,0,0,600000000,600000000,0,0,0,ok,,
2883,,,,PyCQA__flake8.cf1542ce.lm_rewrite__3y6aw3tc.caqi0fgi,21,PyCQA__flake8.cf1542ce.lm_rewrite__3y6aw3tc.caqi0fgi,16717,true,11,51,0,0,0,0,0,,0,0,630000000,630000000,0,0,0,ok,,
2884,,,,PyCQA__flake8.cf1542ce.lm_rewrite__3y6aw3tc.caqi0fgi,22,PyCQA__flake8.cf1542ce.lm_rewrite__3y6aw3tc.caqi0fgi,16779,true,33422,72,0,0,0,0,0,,0,0,660000000,660000000,0,0,0,ok,,
2885,,,,PyCQA__flake8.cf1542ce.lm_rewrite__3y6aw3tc.caqi0fgi,23,PyCQA__flake8.cf1542ce.lm_rewrite__3y6aw3tc.caqi0fgi,50273,true,2036,40,0,0,0,0,0,,0,0,690000000,690000000,0,0,0,ok,,
2886,,,,PyCQA__flake8.cf1542ce.lm_rewrite__3y6aw3tc.caqi0fgi,24,PyCQA__flake8.cf1542ce.lm_rewrite__3y6aw3tc.caqi0fgi,52349,true,20,13,0,0,0,0,0,,0,0,720000000,720000000,0,0,0,ok,,
2887,,,,oauthlib__oauthlib.1fd52536.lm_rewrite__1zoa1aes.u3fasg1o,0,swe_smith_system_prompt,978,true,1111,93,0,0,0,0,0,,0,0,0,0,0,0,0,ok,,
2888,,,,oauthlib__oauthlib.1fd52536.lm_rewrite__1zoa1aes.u3fasg1o,1,oauthlib__oauthlib.1fd52536.lm_rewrite__1zoa1aes.u3fasg1o,2182,true,2775,76,0,0,0,0,0,,0,0,30000000,30000000,0,0,0,ok,,
2889,,,,oauthlib__oauthlib.1fd52536.lm_rewrite__1zoa1aes.u3fasg1o,2,oauthlib__oauthlib.1fd52536.lm_rewrite__1zoa1aes.u3fasg1o,5033,true,4364,69,0,0,0,0,0,,0,0,60000000,60000000,0,0,0,ok,,
2890,,,,oauthlib__oauthlib.1fd52536.lm_rewrite__1zoa1aes.u3fasg1o,3,oauthlib__oauthlib.1fd52536.lm_rewrite__1zoa1aes.u3fasg1o,9466,true,1429,69,0,0,0,0,0,,0,0,90000000,90000000,0,0,0,ok,,
2891,,,,oauthlib__oauthlib.1fd52536.lm_rewrite__1zoa1aes.u3fasg1o,4,oauthlib__oauthlib.1fd52536.lm_rewrite__1zoa1aes.u3fasg1o,10964,true,436,72,0,0,0,0,0,,0,0,120000000,120000000,0,0,0,ok,,
2892,,,,oauthlib__oauthlib.1fd52536.lm_rewrite__1zoa1aes.u3fasg1o,5,oauthlib__oauthlib.1fd52536.lm_rewrite__1zoa1aes.u3fasg1o,11472,true,44,59,0,0,0,0,0,,0,0,150000000,150000000,0,0,0,ok,,
2893,,,,oauthlib__oauthlib.1fd52536.lm_rewrite__1zoa1aes.u3fasg1o,6,oauthlib__oauthlib.1fd52536.lm_rewrite__1zoa1aes.u3fasg1o,11575,true,48,59,0,0,0,0,0,,0,0,180000000,180000000,0,0,0,ok,,
2894,,,,oauthlib__oauthlib.1fd52536.lm_rewrite__1zoa1aes.u3fasg1o,7,oauthlib__oauthlib.1fd52536.lm_rewrite__1zoa1aes.u3fasg1o,11682,true,991,384,0,0,0,0,0,,0,0,210000000,210000000,0,0,0,ok,,
2895,,,,oauthlib__oauthlib.1fd52536.lm_rewrite__1zoa1aes.u3fasg1o,8,oauthlib__oauthlib.1fd52536.lm_rewrite__1zoa1aes.u3fasg1o,13057,true,25,37,0,0,0,0,0,,0,0,240000000,240000000,0,0,0,ok,,
2896,,,,oauthlib__oauthlib.1fd52536.lm_rewrite__1zoa1aes.u3fasg1o,9,oauthlib__oauthlib.1fd52536.lm_rewrite__1zoa1aes.u3fasg1o,13119,true,19,601,0,0,0,0,0,,0,0,270000000,270000000,0,0,0,ok,,
2897,,,,oauthlib__oauthlib.1fd52536.lm_rewrite__1zoa1aes.u3fasg1o,10,oauthlib__oauthlib.1fd52536.lm_rewrite__1zoa1aes.u3fasg1o,13739,true,482,55,0,0,0,0,0,,0,0,300000000,300000000,0,0,0,ok,,
2898,,,,oauthlib__oauthlib.1fd52536.lm_rewrite__1zoa1aes.u3fasg1o,11,oauthlib__oauthlib.1fd52536.lm_rewrite__1zoa1aes.u3fasg1o,14276,true,19,799,0,0,0,0,0,,0,0,330000000,330000000,0,0,0,ok,,
2899,,,,oauthlib__oauthlib.1fd52536.lm_rewrite__1zoa1aes.u3fasg1o,12,oauthlib__oauthlib.1fd52536.lm_rewrite__1zoa1aes.u3fasg1o,15094,true,707,33,0,0,0,0,0,,0,0,360000000,360000000,0,0,0,ok,,
2900,,,,oauthlib__oauthlib.1fd52536.lm_rewrite__1zoa1aes.u3fasg1o,13,oauthlib__oauthlib.1fd52536.lm_rewrite__1zoa1aes.u3fasg1o,15834,true,60,886,0,0,0,0,0,,0,0,390000000,390000000,0,0,0,ok,,
2901,,,,oauthlib__oauthlib.1fd52536.lm_rewrite__1zoa1aes.u3fasg1o,14,oauthlib__oauthlib.1fd52536.lm_rewrite__1zoa1aes.u3fasg1o,16780,true,738,33,0,0,0,0,0,,0,0,420000000,420000000,0,0,0,ok,,
2902,,,,oauthlib__oauthlib.1fd52536.lm_rewrite__1zoa1aes.u3fasg1o,15,oauthlib__oauthlib.1fd52536.lm_rewrite__1zoa1aes.u3fasg1o,17551,true,104,827,0,0,0,0,0,,0,0,450000000,450000000,0,0,0,ok,,
2903,,,,oauthlib__oauthlib.1fd52536.lm_rewrite__1zoa1aes.u3fasg1o,16,oauthlib__oauthlib.1fd52536.lm_rewrite__1zoa1aes.u3fasg1o,18482,true,25,34,0,0,0,0,0,,0,0,480000000,480000000,0,0,0,ok,,
2904,,,,oauthlib__oauthlib.1fd52536.lm_rewrite__1zoa1aes.u3fasg1o,17,oauthlib__oauthlib.1fd52536.lm_rewrite__1zoa1aes.u3fasg1o,18541,true,376,409,0,0,0,0,0,,0,0,510000000,510000000,0,0,0,ok,,
2905,,,,oauthlib__oauthlib.1fd52536.lm_rewrite__1zoa1aes.u3fasg1o,18,oauthlib__oauthlib.1fd52536.lm_rewrite__1zoa1aes.u3fasg1o,19326,true,2430,44,0,0,0,0,0,,0,0,540000000,540000000,0,0,0,ok,,
2906,,,,oauthlib__oauthlib.1fd52536.lm_rewrite__1zoa1aes.u3fasg1o,19,oauthlib__oauthlib.1fd52536.lm_rewrite__1zoa1aes.u3fasg1o,21800,true,20,7,0,0,0,0,0,,0,0,570000000,570000000,0,0,0,ok,,
2907,,,,getmoto__moto.694ce1f4.pr_6387.u9uo2usf,0,swe_smith_system_prompt,978,true,992,72,0,0,0,0,0,,0,0,0,0,0,0,0,ok,,
2908,,,,getmoto__moto.694ce1f4.pr_6387.u9uo2usf,1,getmoto__moto.694ce1f4.pr_6387.u9uo2usf,2042,true,3714,54,0,0,0,0,0,,0,0,30000000,30000000,0,0,0,ok,,
2909,,,,getmoto__moto.694ce1f4.pr_6387.u9uo2usf,2,getmoto__moto.694ce1f4.pr_6387.u9uo2usf,5810,true,220,63,0,0,0,0,0,,0,0,60000000,60000000,0,0,0,ok,,
2910,,,,getmoto__moto.694ce1f4.pr_6387.u9uo2usf,3,getmoto__moto.694ce1f4.pr_6387.u9uo2usf,6093,true,2218,45,0,0,0,0,0,,0,0,90000000,90000000,0,0,0,ok,,
2911,,,,getmoto__moto.694ce1f4.pr_6387.u9uo2usf,4,getmoto__moto.694ce1f4.pr_6387.u9uo2usf,8356,true,110,65,0,0,0,0,0,,0,0,120000000,120000000,0,0,0,ok,,
2912,,,,getmoto__moto.694ce1f4.pr_6387.u9uo2usf,5,getmoto__moto.694ce1f4.pr_6387.u9uo2usf,8531,true,5635,45,0,0,0,0,0,,0,0,150000000,150000000,0,0,0,ok,,
2913,,,,getmoto__moto.694ce1f4.pr_6387.u9uo2usf,6,getmoto__moto.694ce1f4.pr_6387.u9uo2usf,14211,true,70,59,0,0,0,0,0,,0,0,180000000,180000000,0,0,0,ok,,
2914,,,,getmoto__moto.694ce1f4.pr_6387.u9uo2usf,7,getmoto__moto.694ce1f4.pr_6387.u9uo2usf,14340,true,280,50,0,0,0,0,0,,0,0,210000000,210000000,0,0,0,ok,,
2915,,,,getmoto__moto.694ce1f4.pr_6387.u9uo2usf,8,getmoto__moto.694ce1f4.pr_6387.u9uo2usf,14670,true,3772,59,0,0,0,0,0,,0,0,240000000,240000000,0,0,0,ok,,
2916,,,,getmoto__moto.694ce1f4.pr_6387.u9uo2usf,9,getmoto__moto.694ce1f4.pr_6387.u9uo2usf,18501,true,187,59,0,0,0,0,0,,0,0,270000000,270000000,0,0,0,ok,,
2917,,,,getmoto__moto.694ce1f4.pr_6387.u9uo2usf,10,getmoto__moto.694ce1f4.pr_6387.u9uo2usf,18747,true,197,721,0,0,0,0,0,,0,0,300000000,300000000,0,0,0,ok,,
2918,,,,getmoto__moto.694ce1f4.pr_6387.u9uo2usf,11,getmoto__moto.694ce1f4.pr_6387.u9uo2usf,19665,true,21,31,0,0,0,0,0,,0,0,330000000,330000000,0,0,0,ok,,
2919,,,,getmoto__moto.694ce1f4.pr_6387.u9uo2usf,12,getmoto__moto.694ce1f4.pr_6387.u9uo2usf,19717,true,594,681,0,0,0,0,0,,0,0,360000000,360000000,0,0,0,ok,,
2920,,,,getmoto__moto.694ce1f4.pr_6387.u9uo2usf,13,getmoto__moto.694ce1f4.pr_6387.u9uo2usf,20992,true,35,20,0,0,0,0,0,,0,0,390000000,390000000,0,0,0,ok,,
2921,,,,getmoto__moto.694ce1f4.pr_6387.u9uo2usf,14,getmoto__moto.694ce1f4.pr_6387.u9uo2usf,21047,true,20,660,0,0,0,0,0,,0,0,420000000,420000000,0,0,0,ok,,
2922,,,,getmoto__moto.694ce1f4.pr_6387.u9uo2usf,15,getmoto__moto.694ce1f4.pr_6387.u9uo2usf,21727,true,21,23,0,0,0,0,0,,0,0,450000000,450000000,0,0,0,ok,,
2923,,,,getmoto__moto.694ce1f4.pr_6387.u9uo2usf,16,getmoto__moto.694ce1f4.pr_6387.u9uo2usf,21771,true,228,251,0,0,0,0,0,,0,0,480000000,480000000,0,0,0,ok,,
2924,,,,getmoto__moto.694ce1f4.pr_6387.u9uo2usf,17,getmoto__moto.694ce1f4.pr_6387.u9uo2usf,22250,true,331,168,0,0,0,0,0,,0,0,510000000,510000000,0,0,0,ok,,
2925,,,,getmoto__moto.694ce1f4.pr_6387.u9uo2usf,18,getmoto__moto.694ce1f4.pr_6387.u9uo2usf,22749,true,158,76,0,0,0,0,0,,0,0,540000000,540000000,0,0,0,ok,,
2926,,,,getmoto__moto.694ce1f4.pr_6387.u9uo2usf,19,getmoto__moto.694ce1f4.pr_6387.u9uo2usf,22983,true,209,79,0,0,0,0,0,,0,0,570000000,570000000,0,0,0,ok,,
2927,,,,getmoto__moto.694ce1f4.pr_6387.u9uo2usf,20,getmoto__moto.694ce1f4.pr_6387.u9uo2usf,23271,true,242,360,0,0,0,0,0,,0,0,600000000,600000000,0,0,0,ok,,
2928,,,,getmoto__moto.694ce1f4.pr_6387.u9uo2usf,21,getmoto__moto.694ce1f4.pr_6387.u9uo2usf,23873,true,487,28,0,0,0,0,0,,0,0,630000000,630000000,0,0,0,ok,,
2929,,,,getmoto__moto.694ce1f4.pr_6387.u9uo2usf,22,getmoto__moto.694ce1f4.pr_6387.u9uo2usf,24388,true,26,1146,0,0,0,0,0,,0,0,660000000,660000000,0,0,0,ok,,
2930,,,,getmoto__moto.694ce1f4.pr_6387.u9uo2usf,23,getmoto__moto.694ce1f4.pr_6387.u9uo2usf,25560,true,23,24,0,0,0,0,0,,0,0,690000000,690000000,0,0,0,ok,,
2931,,,,getmoto__moto.694ce1f4.pr_6387.u9uo2usf,24,getmoto__moto.694ce1f4.pr_6387.u9uo2usf,25607,true,29,31,0,0,0,0,0,,0,0,720000000,720000000,0,0,0,ok,,
2932,,,,conan-io__conan.86f29e13.pr_17500.h2mu7zio,0,swe_smith_system_prompt,978,true,998,125,0,0,0,0,0,,0,0,0,0,0,0,0,ok,,
2933,,,,conan-io__conan.86f29e13.pr_17500.h2mu7zio,1,conan-io__conan.86f29e13.pr_17500.h2mu7zio,2101,true,454,45,0,0,0,0,0,,0,0,30000000,30000000,0,0,0,ok,,
2934,,,,conan-io__conan.86f29e13.pr_17500.h2mu7zio,2,conan-io__conan.86f29e13.pr_17500.h2mu7zio,2600,true,100,68,0,0,0,0,0,,0,0,60000000,60000000,0,0,0,ok,,
2935,,,,conan-io__conan.86f29e13.pr_17500.h2mu7zio,3,conan-io__conan.86f29e13.pr_17500.h2mu7zio,2768,true,4349,53,0,0,0,0,0,,0,0,90000000,90000000,0,0,0,ok,,
2936,,,,conan-io__conan.86f29e13.pr_17500.h2mu7zio,4,conan-io__conan.86f29e13.pr_17500.h2mu7zio,7170,true,161,64,0,0,0,0,0,,0,0,120000000,120000000,0,0,0,ok,,
2937,,,,conan-io__conan.86f29e13.pr_17500.h2mu7zio,5,conan-io__conan.86f29e13.pr_17500.h2mu7zio,7395,true,2750,75,0,0,0,0,0,,0,0,150000000,150000000,0,0,0,ok,,
2938,,,,conan-io__conan.86f29e13.pr_17500.h2mu7zio,6,conan-io__conan.86f29e13.pr_17500.h2mu7zio,10220,true,981,73,0,0,0,0,0,,0,0,180000000,180000000,0,0,0,ok,,
2939,,,,conan-io__conan.86f29e13.pr_17500.h2mu7zio,7,conan-io__conan.86f29e13.pr_17500.h2mu7zio,11274,true,1041,63,0,0,0,0,0,,0,0,210000000,210000000,0,0,0,ok,,
2940,,,,conan-io__conan.86f29e13.pr_17500.h2mu7zio,8,conan-io__conan.86f29e13.pr_17500.h2mu7zio,12378,true,5595,51,0,0,0,0,0,,0,0,240000000,240000000,0,0,0,ok,,
2941,,,,conan-io__conan.86f29e13.pr_17500.h2mu7zio,9,conan-io__conan.86f29e13.pr_17500.h2mu7zio,18024,true,95,51,0,0,0,0,0,,0,0,270000000,270000000,0,0,0,ok,,
2942,,,,conan-io__conan.86f29e13.pr_17500.h2mu7zio,10,conan-io__conan.86f29e13.pr_17500.h2mu7zio,18170,true,206,66,0,0,0,0,0,,0,0,300000000,300000000,0,0,0,ok,,
2943,,,,conan-io__conan.86f29e13.pr_17500.h2mu7zio,11,conan-io__conan.86f29e13.pr_17500.h2mu7zio,18442,true,401,56,0,0,0,0,0,,0,0,330000000,330000000,0,0,0,ok,,
2944,,,,conan-io__conan.86f29e13.pr_17500.h2mu7zio,12,conan-io__conan.86f29e13.pr_17500.h2mu7zio,18899,true,401,135,0,0,0,0,0,,0,0,360000000,360000000,0,0,0,ok,,
2945,,,,conan-io__conan.86f29e13.pr_17500.h2mu7zio,13,conan-io__conan.86f29e13.pr_17500.h2mu7zio,19435,true,23,39,0,0,0,0,0,,0,0,390000000,390000000,0,0,0,ok,,
2946,,,,conan-io__conan.86f29e13.pr_17500.h2mu7zio,14,conan-io__conan.86f29e13.pr_17500.h2mu7zio,19497,true,21,77,0,0,0,0,0,,0,0,420000000,420000000,0,0,0,ok,,
2947,,,,conan-io__conan.86f29e13.pr_17500.h2mu7zio,15,conan-io__conan.86f29e13.pr_17500.h2mu7zio,19595,true,21,22,0,0,0,0,0,,0,0,450000000,450000000,0,0,0,ok,,
2948,,,,conan-io__conan.86f29e13.pr_17500.h2mu7zio,16,conan-io__conan.86f29e13.pr_17500.h2mu7zio,19638,true,77,31,0,0,0,0,0,,0,0,480000000,480000000,0,0,0,ok,,
2949,,,,conan-io__conan.86f29e13.pr_17500.h2mu7zio,17,conan-io__conan.86f29e13.pr_17500.h2mu7zio,19746,true,197,27,0,0,0,0,0,,0,0,510000000,510000000,0,0,0,ok,,
2950,,,,conan-io__conan.86f29e13.pr_17500.h2mu7zio,18,conan-io__conan.86f29e13.pr_17500.h2mu7zio,19970,true,486,708,0,0,0,0,0,,0,0,540000000,540000000,0,0,0,ok,,
2951,,,,conan-io__conan.86f29e13.pr_17500.h2mu7zio,19,conan-io__conan.86f29e13.pr_17500.h2mu7zio,21164,true,686,607,0,0,0,0,0,,0,0,570000000,570000000,0,0,0,ok,,
2952,,,,conan-io__conan.86f29e13.pr_17500.h2mu7zio,20,conan-io__conan.86f29e13.pr_17500.h2mu7zio,22457,true,752,49,0,0,0,0,0,,0,0,600000000,600000000,0,0,0,ok,,
2953,,,,conan-io__conan.86f29e13.pr_17500.h2mu7zio,21,conan-io__conan.86f29e13.pr_17500.h2mu7zio,23258,true,268,76,0,0,0,0,0,,0,0,630000000,630000000,0,0,0,ok,,
2954,,,,conan-io__conan.86f29e13.pr_17500.h2mu7zio,22,conan-io__conan.86f29e13.pr_17500.h2mu7zio,23602,true,502,54,0,0,0,0,0,,0,0,660000000,660000000,0,0,0,ok,,
2955,,,,conan-io__conan.86f29e13.pr_17500.h2mu7zio,23,conan-io__conan.86f29e13.pr_17500.h2mu7zio,24158,true,287,62,0,0,0,0,0,,0,0,690000000,690000000,0,0,0,ok,,
2956,,,,conan-io__conan.86f29e13.pr_17500.h2mu7zio,24,conan-io__conan.86f29e13.pr_17500.h2mu7zio,24507,true,502,54,0,0,0,0,0,,0,0,720000000,720000000,0,0,0,ok,,
2957,,,,conan-io__conan.86f29e13.pr_17500.h2mu7zio,25,conan-io__conan.86f29e13.pr_17500.h2mu7zio,25063,true,282,271,0,0,0,0,0,,0,0,750000000,750000000,0,0,0,ok,,
2958,,,,conan-io__conan.86f29e13.pr_17500.h2mu7zio,26,conan-io__conan.86f29e13.pr_17500.h2mu7zio,25616,true,3263,60,0,0,0,0,0,,0,0,780000000,780000000,0,0,0,ok,,
2959,,,,conan-io__conan.86f29e13.pr_17500.h2mu7zio,27,conan-io__conan.86f29e13.pr_17500.h2mu7zio,28939,true,20,13,0,0,0,0,0,,0,0,810000000,810000000,0,0,0,ok,,
2960,,,,pyutils__line_profiler.a646bf0f.combine_file__bumhrrob.jp7vexl7,0,swe_smith_system_prompt,978,true,1072,78,0,0,0,0,0,,0,0,0,0,0,0,0,ok,,
2961,,,,pyutils__line_profiler.a646bf0f.combine_file__bumhrrob.jp7vexl7,1,pyutils__line_profiler.a646bf0f.combine_file__bumhrrob.jp7vexl7,2128,true,374,71,0,0,0,0,0,,0,0,30000000,30000000,0,0,0,ok,,
2962,,,,pyutils__line_profiler.a646bf0f.combine_file__bumhrrob.jp7vexl7,2,pyutils__line_profiler.a646bf0f.combine_file__bumhrrob.jp7vexl7,2573,true,2534,79,0,0,0,0,0,,0,0,60000000,60000000,0,0,0,ok,,
2963,,,,pyutils__line_profiler.a646bf0f.combine_file__bumhrrob.jp7vexl7,3,pyutils__line_profiler.a646bf0f.combine_file__bumhrrob.jp7vexl7,5186,true,594,50,0,0,0,0,0,,0,0,90000000,90000000,0,0,0,ok,,
2964,,,,pyutils__line_profiler.a646bf0f.combine_file__bumhrrob.jp7vexl7,4,pyutils__line_profiler.a646bf0f.combine_file__bumhrrob.jp7vexl7,5830,true,138,42,0,0,0,0,0,,0,0,120000000,120000000,0,0,0,ok,,
2965,,,,pyutils__line_profiler.a646bf0f.combine_file__bumhrrob.jp7vexl7,5,pyutils__line_profiler.a646bf0f.combine_file__bumhrrob.jp7vexl7,6010,true,667,40,0,0,0,0,0,,0,0,150000000,150000000,0,0,0,ok,,
2966,,,,pyutils__line_profiler.a646bf0f.combine_file__bumhrrob.jp7vexl7,6,pyutils__line_profiler.a646bf0f.combine_file__bumhrrob.jp7vexl7,6717,true,329,74,0,0,0,0,0,,0,0,180000000,180000000,0,0,0,ok,,
2967,,,,pyutils__line_profiler.a646bf0f.combine_file__bumhrrob.jp7vexl7,7,pyutils__line_profiler.a646bf0f.combine_file__bumhrrob.jp7vexl7,7120,true,1543,71,0,0,0,0,0,,0,0,210000000,210000000,0,0,0,ok,,
2968,,,,pyutils__line_profiler.a646bf0f.combine_file__bumhrrob.jp7vexl7,8,pyutils__line_profiler.a646bf0f.combine_file__bumhrrob.jp7vexl7,8734,true,949,528,0,0,0,0,0,,0,0,240000000,240000000,0,0,0,ok,,
2969,,,,pyutils__line_profiler.a646bf0f.combine_file__bumhrrob.jp7vexl7,9,pyutils__line_profiler.a646bf0f.combine_file__bumhrrob.jp7vexl7,10211,true,23,36,0,0,0,0,0,,0,0,270000000,270000000,0,0,0,ok,,
2970,,,,pyutils__line_profiler.a646bf0f.combine_file__bumhrrob.jp7vexl7,10,pyutils__line_profiler.a646bf0f.combine_file__bumhrrob.jp7vexl7,10270,true,765,956,0,0,0,0,0,,0,0,300000000,300000000,0,0,0,ok,,
2971,,,,pyutils__line_profiler.a646bf0f.combine_file__bumhrrob.jp7vexl7,11,pyutils__line_profiler.a646bf0f.combine_file__bumhrrob.jp7vexl7,11991,true,720,679,0,0,0,0,0,,0,0,330000000,330000000,0,0,0,ok,,
2972,,,,pyutils__line_profiler.a646bf0f.combine_file__bumhrrob.jp7vexl7,12,pyutils__line_profiler.a646bf0f.combine_file__bumhrrob.jp7vexl7,13390,true,709,398,0,0,0,0,0,,0,0,360000000,360000000,0,0,0,ok,,
2973,,,,pyutils__line_profiler.a646bf0f.combine_file__bumhrrob.jp7vexl7,13,pyutils__line_profiler.a646bf0f.combine_file__bumhrrob.jp7vexl7,14497,true,450,384,0,0,0,0,0,,0,0,390000000,390000000,0,0,0,ok,,
2974,,,,pyutils__line_profiler.a646bf0f.combine_file__bumhrrob.jp7vexl7,14,pyutils__line_profiler.a646bf0f.combine_file__bumhrrob.jp7vexl7,15331,true,410,40,0,0,0,0,0,,0,0,420000000,420000000,0,0,0,ok,,
2975,,,,pyutils__line_profiler.a646bf0f.combine_file__bumhrrob.jp7vexl7,15,pyutils__line_profiler.a646bf0f.combine_file__bumhrrob.jp7vexl7,15781,true,392,316,0,0,0,0,0,,0,0,450000000,450000000,0,0,0,ok,,
2976,,,,pyutils__line_profiler.a646bf0f.combine_file__bumhrrob.jp7vexl7,16,pyutils__line_profiler.a646bf0f.combine_file__bumhrrob.jp7vexl7,16489,true,315,39,0,0,0,0,0,,0,0,480000000,480000000,0,0,0,ok,,
2977,,,,pyutils__line_profiler.a646bf0f.combine_file__bumhrrob.jp7vexl7,17,pyutils__line_profiler.a646bf0f.combine_file__bumhrrob.jp7vexl7,16843,true,136,73,0,0,0,0,0,,0,0,510000000,510000000,0,0,0,ok,,
2978,,,,pyutils__line_profiler.a646bf0f.combine_file__bumhrrob.jp7vexl7,18,pyutils__line_profiler.a646bf0f.combine_file__bumhrrob.jp7vexl7,17052,true,492,972,0,0,0,0,0,,0,0,540000000,540000000,0,0,0,ok,,
2979,,,,pyutils__line_profiler.a646bf0f.combine_file__bumhrrob.jp7vexl7,19,pyutils__line_profiler.a646bf0f.combine_file__bumhrrob.jp7vexl7,18516,true,22,43,0,0,0,0,0,,0,0,570000000,570000000,0,0,0,ok,,
2980,,,,pyutils__line_profiler.a646bf0f.combine_file__bumhrrob.jp7vexl7,20,pyutils__line_profiler.a646bf0f.combine_file__bumhrrob.jp7vexl7,18581,true,147,55,0,0,0,0,0,,0,0,600000000,600000000,0,0,0,ok,,
2981,,,,pyutils__line_profiler.a646bf0f.combine_file__bumhrrob.jp7vexl7,21,pyutils__line_profiler.a646bf0f.combine_file__bumhrrob.jp7vexl7,18783,true,705,143,0,0,0,0,0,,0,0,630000000,630000000,0,0,0,ok,,
2982,,,,pyutils__line_profiler.a646bf0f.combine_file__bumhrrob.jp7vexl7,22,pyutils__line_profiler.a646bf0f.combine_file__bumhrrob.jp7vexl7,19631,true,2930,36,0,0,0,0,0,,0,0,660000000,660000000,0,0,0,ok,,
2983,,,,pyutils__line_profiler.a646bf0f.combine_file__bumhrrob.jp7vexl7,23,pyutils__line_profiler.a646bf0f.combine_file__bumhrrob.jp7vexl7,22597,true,20,13,0,0,0,0,0,,0,0,690000000,690000000,0,0,0,ok,,
2984,,,,scanny__python-pptx.278b47b1.func_pm_ctrl_shuffle__vba0ufyh.jflrqw7m,0,swe_smith_system_prompt,978,true,824,100,0,0,0,0,0,,0,0,0,0,0,0,0,ok,,
2985,,,,scanny__python-pptx.278b47b1.func_pm_ctrl_shuffle__vba0ufyh.jflrqw7m,1,scanny__python-pptx.278b47b1.func_pm_ctrl_shuffle__vba0ufyh.jflrqw7m,1902,true,2656,49,0,0,0,0,0,,0,0,30000000,30000000,0,0,0,ok,,
2986,,,,scanny__python-pptx.278b47b1.func_pm_ctrl_shuffle__vba0ufyh.jflrqw7m,2,scanny__python-pptx.278b47b1.func_pm_ctrl_shuffle__vba0ufyh.jflrqw7m,4607,true,1286,54,0,0,0,0,0,,0,0,60000000,60000000,0,0,0,ok,,
2987,,,,scanny__python-pptx.278b47b1.func_pm_ctrl_shuffle__vba0ufyh.jflrqw7m,3,scanny__python-pptx.278b47b1.func_pm_ctrl_shuffle__vba0ufyh.jflrqw7m,5947,true,5669,53,0,0,0,0,0,,0,0,90000000,90000000,0,0,0,ok,,
2988,,,,scanny__python-pptx.278b47b1.func_pm_ctrl_shuffle__vba0ufyh.jflrqw7m,4,scanny__python-pptx.278b47b1.func_pm_ctrl_shuffle__vba0ufyh.jflrqw7m,11669,true,32,65,0,0,0,0,0,,0,0,120000000,120000000,0,0,0,ok,,
2989,,,,scanny__python-pptx.278b47b1.func_pm_ctrl_shuffle__vba0ufyh.jflrqw7m,5,scanny__python-pptx.278b47b1.func_pm_ctrl_shuffle__vba0ufyh.jflrqw7m,11766,true,859,63,0,0,0,0,0,,0,0,150000000,150000000,0,0,0,ok,,
2990,,,,scanny__python-pptx.278b47b1.func_pm_ctrl_shuffle__vba0ufyh.jflrqw7m,6,scanny__python-pptx.278b47b1.func_pm_ctrl_shuffle__vba0ufyh.jflrqw7m,12688,true,540,96,0,0,0,0,0,,0,0,180000000,180000000,0,0,0,ok,,
2991,,,,scanny__python-pptx.278b47b1.func_pm_ctrl_shuffle__vba0ufyh.jflrqw7m,7,scanny__python-pptx.278b47b1.func_pm_ctrl_shuffle__vba0ufyh.jflrqw7m,13324,true,291,241,0,0,0,0,0,,0,0,210000000,210000000,0,0,0,ok,,
2992,,,,scanny__python-pptx.278b47b1.func_pm_ctrl_shuffle__vba0ufyh.jflrqw7m,8,scanny__python-pptx.278b47b1.func_pm_ctrl_shuffle__vba0ufyh.jflrqw7m,13856,true,23,34,0,0,0,0,0,,0,0,240000000,240000000,0,0,0,ok,,
2993,,,,scanny__python-pptx.278b47b1.func_pm_ctrl_shuffle__vba0ufyh.jflrqw7m,9,scanny__python-pptx.278b47b1.func_pm_ctrl_shuffle__vba0ufyh.jflrqw7m,13913,true,242,461,0,0,0,0,0,,0,0,270000000,270000000,0,0,0,ok,,
2994,,,,scanny__python-pptx.278b47b1.func_pm_ctrl_shuffle__vba0ufyh.jflrqw7m,10,scanny__python-pptx.278b47b1.func_pm_ctrl_shuffle__vba0ufyh.jflrqw7m,14616,true,468,137,0,0,0,0,0,,0,0,300000000,300000000,0,0,0,ok,,
2995,,,,scanny__python-pptx.278b47b1.func_pm_ctrl_shuffle__vba0ufyh.jflrqw7m,11,scanny__python-pptx.278b47b1.func_pm_ctrl_shuffle__vba0ufyh.jflrqw7m,15221,true,241,778,0,0,0,0,0,,0,0,330000000,330000000,0,0,0,ok,,
2996,,,,scanny__python-pptx.278b47b1.func_pm_ctrl_shuffle__vba0ufyh.jflrqw7m,12,scanny__python-pptx.278b47b1.func_pm_ctrl_shuffle__vba0ufyh.jflrqw7m,16240,true,23,34,0,0,0,0,0,,0,0,360000000,360000000,0,0,0,ok,,
2997,,,,scanny__python-pptx.278b47b1.func_pm_ctrl_shuffle__vba0ufyh.jflrqw7m,13,scanny__python-pptx.278b47b1.func_pm_ctrl_shuffle__vba0ufyh.jflrqw7m,16297,true,221,62,0,0,0,0,0,,0,0,390000000,390000000,0,0,0,ok,,
2998,,,,scanny__python-pptx.278b47b1.func_pm_ctrl_shuffle__vba0ufyh.jflrqw7m,14,scanny__python-pptx.278b47b1.func_pm_ctrl_shuffle__vba0ufyh.jflrqw7m,16580,true,5676,101,0,0,0,0,0,,0,0,420000000,420000000,0,0,0,ok,,
2999,,,,scanny__python-pptx.278b47b1.func_pm_ctrl_shuffle__vba0ufyh.jflrqw7m,15,scanny__python-pptx.278b47b1.func_pm_ctrl_shuffle__vba0ufyh.jflrqw7m,22357,true,249,34,0,0,0,0,0,,0,0,450000000,450000000,0,0,0,ok,,
3000,,,,scanny__python-pptx.278b47b1.func_pm_ctrl_shuffle__vba0ufyh.jflrqw7m,16,scanny__python-pptx.278b47b1.func_pm_ctrl_shuffle__vba0ufyh.jflrqw7m,22640,true,187,35,0,0,0,0,0,,0,0,480000000,480000000,0,0,0,ok,,
3001,,,,scanny__python-pptx.278b47b1.func_pm_ctrl_shuffle__vba0ufyh.jflrqw7m,17,scanny__python-pptx.278b47b1.func_pm_ctrl_shuffle__vba0ufyh.jflrqw7m,22862,true,1978,45,0,0,0,0,0,,0,0,510000000,510000000,0,0,0,ok,,
3002,,,,scanny__python-pptx.278b47b1.func_pm_ctrl_shuffle__vba0ufyh.jflrqw7m,18,scanny__python-pptx.278b47b1.func_pm_ctrl_shuffle__vba0ufyh.jflrqw7m,24885,true,20,13,0,0,0,0,0,,0,0,540000000,540000000,0,0,0,ok,,
3003,,,,marshmallow-code__apispec.8b421526.61.i01ciz1e,0,swe_smith_system_prompt,978,true,916,124,0,0,0,0,0,,0,0,0,0,0,0,0,ok,,
3004,,,,marshmallow-code__apispec.8b421526.61.i01ciz1e,1,marshmallow-code__apispec.8b421526.61.i01ciz1e,2018,true,423,54,0,0,0,0,0,,0,0,30000000,30000000,0,0,0,ok,,
3005,,,,marshmallow-code__apispec.8b421526.61.i01ciz1e,2,marshmallow-code__apispec.8b421526.61.i01ciz1e,2495,true,156,56,0,0,0,0,0,,0,0,60000000,60000000,0,0,0,ok,,
3006,,,,marshmallow-code__apispec.8b421526.61.i01ciz1e,3,marshmallow-code__apispec.8b421526.61.i01ciz1e,2707,true,6577,43,0,0,0,0,0,,0,0,90000000,90000000,0,0,0,ok,,
3007,,,,marshmallow-code__apispec.8b421526.61.i01ciz1e,4,marshmallow-code__apispec.8b421526.61.i01ciz1e,9327,true,151,67,0,0,0,0,0,,0,0,120000000,120000000,0,0,0,ok,,
3008,,,,marshmallow-code__apispec.8b421526.61.i01ciz1e,5,marshmallow-code__apispec.8b421526.61.i01ciz1e,9545,true,162,392,0,0,0,0,0,,0,0,150000000,150000000,0,0,0,ok,,
3009,,,,marshmallow-code__apispec.8b421526.61.i01ciz1e,6,marshmallow-code__apispec.8b421526.61.i01ciz1e,10099,true,21,27,0,0,0,0,0,,0,0,180000000,180000000,0,0,0,ok,,
3010,,,,marshmallow-code__apispec.8b421526.61.i01ciz1e,7,marshmallow-code__apispec.8b421526.61.i01ciz1e,10147,true,40,314,0,0,0,0,0,,0,0,210000000,210000000,0,0,0,ok,,
3011,,,,marshmallow-code__apispec.8b421526.61.i01ciz1e,8,marshmallow-code__apispec.8b421526.61.i01ciz1e,10501,true,354,91,0,0,0,0,0,,0,0,240000000,240000000,0,0,0,ok,,
3012,,,,marshmallow-code__apispec.8b421526.61.i01ciz1e,9,marshmallow-code__apispec.8b421526.61.i01ciz1e,10946,true,50,385,0,0,0,0,0,,0,0,270000000,270000000,0,0,0,ok,,
3013,,,,marshmallow-code__apispec.8b421526.61.i01ciz1e,10,marshmallow-code__apispec.8b421526.61.i01ciz1e,11381,true,24,25,0,0,0,0,0,,0,0,300000000,300000000,0,0,0,ok,,
3014,,,,marshmallow-code__apispec.8b421526.61.i01ciz1e,11,marshmallow-code__apispec.8b421526.61.i01ciz1e,11430,true,76,313,0,0,0,0,0,,0,0,330000000,330000000,0,0,0,ok,,
3015,,,,marshmallow-code__apispec.8b421526.61.i01ciz1e,12,marshmallow-code__apispec.8b421526.61.i01ciz1e,11819,true,23,24,0,0,0,0,0,,0,0,360000000,360000000,0,0,0,ok,,
3016,,,,marshmallow-code__apispec.8b421526.61.i01ciz1e,13,marshmallow-code__apispec.8b421526.61.i01ciz1e,11866,true,72,35,0,0,0,0,0,,0,0,390000000,390000000,0,0,0,ok,,
3017,,,,weaveworks__grafanalib.5c3b17ed.19.eul9grrw,0,swe_smith_system_prompt,978,true,840,68,0,0,0,0,0,,0,0,0,0,0,0,0,ok,,
3018,,,,weaveworks__grafanalib.5c3b17ed.19.eul9grrw,1,weaveworks__grafanalib.5c3b17ed.19.eul9grrw,1886,true,1212,45,0,0,0,0,0,,0,0,30000000,30000000,0,0,0,ok,,
3019,,,,weaveworks__grafanalib.5c3b17ed.19.eul9grrw,2,weaveworks__grafanalib.5c3b17ed.19.eul9grrw,3143,true,672,171,0,0,0,0,0,,0,0,60000000,60000000,0,0,0,ok,,
3020,,,,weaveworks__grafanalib.5c3b17ed.19.eul9grrw,3,weaveworks__grafanalib.5c3b17ed.19.eul9grrw,3986,true,21,30,0,0,0,0,0,,0,0,90000000,90000000,0,0,0,ok,,
3021,,,,weaveworks__grafanalib.5c3b17ed.19.eul9grrw,4,weaveworks__grafanalib.5c3b17ed.19.eul9grrw,4037,true,146,444,0,0,0,0,0,,0,0,120000000,120000000,0,0,0,ok,,
3022,,,,weaveworks__grafanalib.5c3b17ed.19.eul9grrw,5,weaveworks__grafanalib.5c3b17ed.19.eul9grrw,4627,true,21,30,0,0,0,0,0,,0,0,150000000,150000000,0,0,0,ok,,
3023,,,,weaveworks__grafanalib.5c3b17ed.19.eul9grrw,6,weaveworks__grafanalib.5c3b17ed.19.eul9grrw,4678,true,20,17,0,0,0,0,0,,0,0,180000000,180000000,0,0,0,ok,,
3024,,,,weaveworks__grafanalib.5c3b17ed.19.eul9grrw,7,weaveworks__grafanalib.5c3b17ed.19.eul9grrw,4715,true,807,46,0,0,0,0,0,,0,0,210000000,210000000,0,0,0,ok,,
3025,,,,pydata__patsy.a5d16484.func_pm_ctrl_shuffle__sat9xuvf.xy8f2n7e,0,swe_smith_system_prompt,978,true,691,92,0,0,0,0,0,,0,0,0,0,0,0,0,ok,,
3026,,,,pydata__patsy.a5d16484.func_pm_ctrl_shuffle__sat9xuvf.xy8f2n7e,1,pydata__patsy.a5d16484.func_pm_ctrl_shuffle__sat9xuvf.xy8f2n7e,1761,true,14,54,0,0,0,0,0,,0,0,30000000,30000000,0,0,0,ok,,
3027,,,,pydata__patsy.a5d16484.func_pm_ctrl_shuffle__sat9xuvf.xy8f2n7e,2,pydata__patsy.a5d16484.func_pm_ctrl_shuffle__sat9xuvf.xy8f2n7e,1829,true,3885,58,0,0,0,0,0,,0,0,60000000,60000000,0,0,0,ok,,
3028,,,,pydata__patsy.a5d16484.func_pm_ctrl_shuffle__sat9xuvf.xy8f2n7e,3,pydata__patsy.a5d16484.func_pm_ctrl_shuffle__sat9xuvf.xy8f2n7e,5772,true,621,133,0,0,0,0,0,,0,0,90000000,90000000,0,0,0,ok,,
3029,,,,pydata__patsy.a5d16484.func_pm_ctrl_shuffle__sat9xuvf.xy8f2n7e,4,pydata__patsy.a5d16484.func_pm_ctrl_shuffle__sat9xuvf.xy8f2n7e,6526,true,577,135,0,0,0,0,0,,0,0,120000000,120000000,0,0,0,ok,,
3030,,,,pydata__patsy.a5d16484.func_pm_ctrl_shuffle__sat9xuvf.xy8f2n7e,5,pydata__patsy.a5d16484.func_pm_ctrl_shuffle__sat9xuvf.xy8f2n7e,7238,true,23,35,0,0,0,0,0,,0,0,150000000,150000000,0,0,0,ok,,
3031,,,,pydata__patsy.a5d16484.func_pm_ctrl_shuffle__sat9xuvf.xy8f2n7e,6,pydata__patsy.a5d16484.func_pm_ctrl_shuffle__sat9xuvf.xy8f2n7e,7296,true,30,929,0,0,0,0,0,,0,0,180000000,180000000,0,0,0,ok,,
3032,,,,pydata__patsy.a5d16484.func_pm_ctrl_shuffle__sat9xuvf.xy8f2n7e,7,pydata__patsy.a5d16484.func_pm_ctrl_shuffle__sat9xuvf.xy8f2n7e,8255,true,775,138,0,0,0,0,0,,0,0,210000000,210000000,0,0,0,ok,,
3033,,,,pydata__patsy.a5d16484.func_pm_ctrl_shuffle__sat9xuvf.xy8f2n7e,8,pydata__patsy.a5d16484.func_pm_ctrl_shuffle__sat9xuvf.xy8f2n7e,9168,true,17,562,0,0,0,0,0,,0,0,240000000,240000000,0,0,0,ok,,
3034,,,,pydata__patsy.a5d16484.func_pm_ctrl_shuffle__sat9xuvf.xy8f2n7e,9,pydata__patsy.a5d16484.func_pm_ctrl_shuffle__sat9xuvf.xy8f2n7e,9747,true,23,33,0,0,0,0,0,,0,0,270000000,270000000,0,0,0,ok,,
3035,,,,pydata__patsy.a5d16484.func_pm_ctrl_shuffle__sat9xuvf.xy8f2n7e,10,pydata__patsy.a5d16484.func_pm_ctrl_shuffle__sat9xuvf.xy8f2n7e,9803,true,111,86,0,0,0,0,0,,0,0,300000000,300000000,0,0,0,ok,,
3036,,,,pydata__patsy.a5d16484.func_pm_ctrl_shuffle__sat9xuvf.xy8f2n7e,11,pydata__patsy.a5d16484.func_pm_ctrl_shuffle__sat9xuvf.xy8f2n7e,10000,true,20,275,0,0,0,0,0,,0,0,330000000,330000000,0,0,0,ok,,
3037,,,,pydata__patsy.a5d16484.func_pm_ctrl_shuffle__sat9xuvf.xy8f2n7e,12,pydata__patsy.a5d16484.func_pm_ctrl_shuffle__sat9xuvf.xy8f2n7e,10295,true,1835,40,0,0,0,0,0,,0,0,360000000,360000000,0,0,0,ok,,
3038,,,,pydata__patsy.a5d16484.func_pm_ctrl_shuffle__sat9xuvf.xy8f2n7e,13,pydata__patsy.a5d16484.func_pm_ctrl_shuffle__sat9xuvf.xy8f2n7e,12170,true,20,13,0,0,0,0,0,,0,0,390000000,390000000,0,0,0,ok,,
3039,,,,tobymao__sqlglot.036601ba.lm_rewrite__f4qftn3p.zhp6bexp,0,swe_smith_system_prompt,978,true,685,115,0,0,0,0,0,,0,0,0,0,0,0,0,ok,,
3040,,,,tobymao__sqlglot.036601ba.lm_rewrite__f4qftn3p.zhp6bexp,1,tobymao__sqlglot.036601ba.lm_rewrite__f4qftn3p.zhp6bexp,1778,true,29,43,0,0,0,0,0,,0,0,30000000,30000000,0,0,0,ok,,
3041,,,,tobymao__sqlglot.036601ba.lm_rewrite__f4qftn3p.zhp6bexp,2,tobymao__sqlglot.036601ba.lm_rewrite__f4qftn3p.zhp6bexp,1850,true,20,38,0,0,0,0,0,,0,0,60000000,60000000,0,0,0,ok,,
3042,,,,tobymao__sqlglot.036601ba.lm_rewrite__f4qftn3p.zhp6bexp,3,tobymao__sqlglot.036601ba.lm_rewrite__f4qftn3p.zhp6bexp,1908,true,1082,48,0,0,0,0,0,,0,0,90000000,90000000,0,0,0,ok,,
3043,,,,tobymao__sqlglot.036601ba.lm_rewrite__f4qftn3p.zhp6bexp,4,tobymao__sqlglot.036601ba.lm_rewrite__f4qftn3p.zhp6bexp,3038,true,2625,62,0,0,0,0,0,,0,0,120000000,120000000,0,0,0,ok,,
3044,,,,tobymao__sqlglot.036601ba.lm_rewrite__f4qftn3p.zhp6bexp,5,tobymao__sqlglot.036601ba.lm_rewrite__f4qftn3p.zhp6bexp,5725,true,4510,65,0,0,0,0,0,,0,0,150000000,150000000,0,0,0,ok,,
3045,,,,tobymao__sqlglot.036601ba.lm_rewrite__f4qftn3p.zhp6bexp,6,tobymao__sqlglot.036601ba.lm_rewrite__f4qftn3p.zhp6bexp,10300,true,547,46,0,0,0,0,0,,0,0,180000000,180000000,0,0,0,ok,,
3046,,,,tobymao__sqlglot.036601ba.lm_rewrite__f4qftn3p.zhp6bexp,7,tobymao__sqlglot.036601ba.lm_rewrite__f4qftn3p.zhp6bexp,10893,true,149,59,0,0,0,0,0,,0,0,210000000,210000000,0,0,0,ok,,
3047,,,,tobymao__sqlglot.036601ba.lm_rewrite__f4qftn3p.zhp6bexp,8,tobymao__sqlglot.036601ba.lm_rewrite__f4qftn3p.zhp6bexp,11101,true,867,578,0,0,0,0,0,,0,0,240000000,240000000,0,0,0,ok,,
3048,,,,tobymao__sqlglot.036601ba.lm_rewrite__f4qftn3p.zhp6bexp,9,tobymao__sqlglot.036601ba.lm_rewrite__f4qftn3p.zhp6bexp,12546,true,23,33,0,0,0,0,0,,0,0,270000000,270000000,0,0,0,ok,,
3049,,,,tobymao__sqlglot.036601ba.lm_rewrite__f4qftn3p.zhp6bexp,10,tobymao__sqlglot.036601ba.lm_rewrite__f4qftn3p.zhp6bexp,12602,true,193,594,0,0,0,0,0,,0,0,300000000,300000000,0,0,0,ok,,
3050,,,,tobymao__sqlglot.036601ba.lm_rewrite__f4qftn3p.zhp6bexp,11,tobymao__sqlglot.036601ba.lm_rewrite__f4qftn3p.zhp6bexp,13389,true,616,38,0,0,0,0,0,,0,0,330000000,330000000,0,0,0,ok,,
3051,,,,tobymao__sqlglot.036601ba.lm_rewrite__f4qftn3p.zhp6bexp,12,tobymao__sqlglot.036601ba.lm_rewrite__f4qftn3p.zhp6bexp,14043,true,192,1035,0,0,0,0,0,,0,0,360000000,360000000,0,0,0,ok,,
3052,,,,tobymao__sqlglot.036601ba.lm_rewrite__f4qftn3p.zhp6bexp,13,tobymao__sqlglot.036601ba.lm_rewrite__f4qftn3p.zhp6bexp,15270,true,944,38,0,0,0,0,0,,0,0,390000000,390000000,0,0,0,ok,,
3053,,,,tobymao__sqlglot.036601ba.lm_rewrite__f4qftn3p.zhp6bexp,14,tobymao__sqlglot.036601ba.lm_rewrite__f4qftn3p.zhp6bexp,16252,true,336,697,0,0,0,0,0,,0,0,420000000,420000000,0,0,0,ok,,
3054,,,,tobymao__sqlglot.036601ba.lm_rewrite__f4qftn3p.zhp6bexp,15,tobymao__sqlglot.036601ba.lm_rewrite__f4qftn3p.zhp6bexp,17285,true,657,37,0,0,0,0,0,,0,0,450000000,450000000,0,0,0,ok,,
3055,,,,tobymao__sqlglot.036601ba.lm_rewrite__f4qftn3p.zhp6bexp,16,tobymao__sqlglot.036601ba.lm_rewrite__f4qftn3p.zhp6bexp,17979,true,348,821,0,0,0,0,0,,0,0,480000000,480000000,0,0,0,ok,,
3056,,,,tobymao__sqlglot.036601ba.lm_rewrite__f4qftn3p.zhp6bexp,17,tobymao__sqlglot.036601ba.lm_rewrite__f4qftn3p.zhp6bexp,19148,true,802,37,0,0,0,0,0,,0,0,510000000,510000000,0,0,0,ok,,
3057,,,,tobymao__sqlglot.036601ba.lm_rewrite__f4qftn3p.zhp6bexp,18,tobymao__sqlglot.036601ba.lm_rewrite__f4qftn3p.zhp6bexp,19987,true,346,1234,0,0,0,0,0,,0,0,540000000,540000000,0,0,0,ok,,
3058,,,,tobymao__sqlglot.036601ba.lm_rewrite__f4qftn3p.zhp6bexp,19,tobymao__sqlglot.036601ba.lm_rewrite__f4qftn3p.zhp6bexp,21567,true,23,31,0,0,0,0,0,,0,0,570000000,570000000,0,0,0,ok,,
3059,,,,tobymao__sqlglot.036601ba.lm_rewrite__f4qftn3p.zhp6bexp,20,tobymao__sqlglot.036601ba.lm_rewrite__f4qftn3p.zhp6bexp,21621,true,355,2392,0,0,0,0,0,,0,0,600000000,600000000,0,0,0,ok,,
3060,,,,tobymao__sqlglot.036601ba.lm_rewrite__f4qftn3p.zhp6bexp,21,tobymao__sqlglot.036601ba.lm_rewrite__f4qftn3p.zhp6bexp,24368,true,1990,32,0,0,0,0,0,,0,0,630000000,630000000,0,0,0,ok,,
3061,,,,tobymao__sqlglot.036601ba.lm_rewrite__f4qftn3p.zhp6bexp,22,tobymao__sqlglot.036601ba.lm_rewrite__f4qftn3p.zhp6bexp,26390,true,607,956,0,0,0,0,0,,0,0,660000000,660000000,0,0,0,ok,,
3062,,,,tobymao__sqlglot.036601ba.lm_rewrite__f4qftn3p.zhp6bexp,23,tobymao__sqlglot.036601ba.lm_rewrite__f4qftn3p.zhp6bexp,27953,true,868,32,0,0,0,0,0,,0,0,690000000,690000000,0,0,0,ok,,
3063,,,,tobymao__sqlglot.036601ba.lm_rewrite__f4qftn3p.zhp6bexp,24,tobymao__sqlglot.036601ba.lm_rewrite__f4qftn3p.zhp6bexp,28853,true,610,49,0,0,0,0,0,,0,0,720000000,720000000,0,0,0,ok,,
3064,,,,tobymao__sqlglot.036601ba.lm_rewrite__f4qftn3p.zhp6bexp,25,tobymao__sqlglot.036601ba.lm_rewrite__f4qftn3p.zhp6bexp,29512,true,346,247,0,0,0,0,0,,0,0,750000000,750000000,0,0,0,ok,,
3065,,,,tobymao__sqlglot.036601ba.lm_rewrite__f4qftn3p.zhp6bexp,26,tobymao__sqlglot.036601ba.lm_rewrite__f4qftn3p.zhp6bexp,30105,true,3644,40,0,0,0,0,0,,0,0,780000000,780000000,0,0,0,ok,,
3066,,,,tobymao__sqlglot.036601ba.lm_rewrite__f4qftn3p.zhp6bexp,27,tobymao__sqlglot.036601ba.lm_rewrite__f4qftn3p.zhp6bexp,33789,true,20,7,0,0,0,0,0,,0,0,810000000,810000000,0,0,0,ok,,
3067,,,,encode__starlette.db5063c2.lm_rewrite__pev8qvgw.53i3bpoh,0,swe_smith_system_prompt,978,true,669,94,0,0,0,0,0,,0,0,0,0,0,0,0,ok,,
3068,,,,encode__starlette.db5063c2.lm_rewrite__pev8qvgw.53i3bpoh,1,encode__starlette.db5063c2.lm_rewrite__pev8qvgw.53i3bpoh,1741,true,35,53,0,0,0,0,0,,0,0,30000000,30000000,0,0,0,ok,,
3069,,,,encode__starlette.db5063c2.lm_rewrite__pev8qvgw.53i3bpoh,2,encode__starlette.db5063c2.lm_rewrite__pev8qvgw.53i3bpoh,1829,true,1017,60,0,0,0,0,0,,0,0,60000000,60000000,0,0,0,ok,,
3070,,,,encode__starlette.db5063c2.lm_rewrite__pev8qvgw.53i3bpoh,3,encode__starlette.db5063c2.lm_rewrite__pev8qvgw.53i3bpoh,2906,true,769,187,0,0,0,0,0,,0,0,90000000,90000000,0,0,0,ok,,
3071,,,,encode__starlette.db5063c2.lm_rewrite__pev8qvgw.53i3bpoh,4,encode__starlette.db5063c2.lm_rewrite__pev8qvgw.53i3bpoh,3862,true,23,36,0,0,0,0,0,,0,0,120000000,120000000,0,0,0,ok,,
3072,,,,encode__starlette.db5063c2.lm_rewrite__pev8qvgw.53i3bpoh,5,encode__starlette.db5063c2.lm_rewrite__pev8qvgw.53i3bpoh,3921,true,35,677,0,0,0,0,0,,0,0,150000000,150000000,0,0,0,ok,,
3073,,,,encode__starlette.db5063c2.lm_rewrite__pev8qvgw.53i3bpoh,6,encode__starlette.db5063c2.lm_rewrite__pev8qvgw.53i3bpoh,4633,true,680,37,0,0,0,0,0,,0,0,180000000,180000000,0,0,0,ok,,
3074,,,,encode__starlette.db5063c2.lm_rewrite__pev8qvgw.53i3bpoh,7,encode__starlette.db5063c2.lm_rewrite__pev8qvgw.53i3bpoh,5350,true,173,863,0,0,0,0,0,,0,0,210000000,210000000,0,0,0,ok,,
3075,,,,encode__starlette.db5063c2.lm_rewrite__pev8qvgw.53i3bpoh,8,encode__starlette.db5063c2.lm_rewrite__pev8qvgw.53i3bpoh,6386,true,25,42,0,0,0,0,0,,0,0,240000000,240000000,0,0,0,ok,,
3076,,,,encode__starlette.db5063c2.lm_rewrite__pev8qvgw.53i3bpoh,9,encode__starlette.db5063c2.lm_rewrite__pev8qvgw.53i3bpoh,6453,true,24,1208,0,0,0,0,0,,0,0,270000000,270000000,0,0,0,ok,,
3077,,,,encode__starlette.db5063c2.lm_rewrite__pev8qvgw.53i3bpoh,10,encode__starlette.db5063c2.lm_rewrite__pev8qvgw.53i3bpoh,7685,true,1037,33,0,0,0,0,0,,0,0,300000000,300000000,0,0,0,ok,,
3078,,,,encode__starlette.db5063c2.lm_rewrite__pev8qvgw.53i3bpoh,11,encode__starlette.db5063c2.lm_rewrite__pev8qvgw.53i3bpoh,8755,true,177,359,0,0,0,0,0,,0,0,330000000,330000000,0,0,0,ok,,
3079,,,,encode__starlette.db5063c2.lm_rewrite__pev8qvgw.53i3bpoh,12,encode__starlette.db5063c2.lm_rewrite__pev8qvgw.53i3bpoh,9291,true,299,154,0,0,0,0,0,,0,0,360000000,360000000,0,0,0,ok,,
3080,,,,encode__starlette.db5063c2.lm_rewrite__pev8qvgw.53i3bpoh,13,encode__starlette.db5063c2.lm_rewrite__pev8qvgw.53i3bpoh,9744,true,177,408,0,0,0,0,0,,0,0,390000000,390000000,0,0,0,ok,,
3081,,,,encode__starlette.db5063c2.lm_rewrite__pev8qvgw.53i3bpoh,14,encode__starlette.db5063c2.lm_rewrite__pev8qvgw.53i3bpoh,10329,true,407,41,0,0,0,0,0,,0,0,420000000,420000000,0,0,0,ok,,
3082,,,,encode__starlette.db5063c2.lm_rewrite__pev8qvgw.53i3bpoh,15,encode__starlette.db5063c2.lm_rewrite__pev8qvgw.53i3bpoh,10777,true,177,632,0,0,0,0,0,,0,0,450000000,450000000,0,0,0,ok,,
3083,,,,encode__starlette.db5063c2.lm_rewrite__pev8qvgw.53i3bpoh,16,encode__starlette.db5063c2.lm_rewrite__pev8qvgw.53i3bpoh,11586,true,677,347,0,0,0,0,0,,0,0,480000000,480000000,0,0,0,ok,,
3084,,,,encode__starlette.db5063c2.lm_rewrite__pev8qvgw.53i3bpoh,17,encode__starlette.db5063c2.lm_rewrite__pev8qvgw.53i3bpoh,12610,true,415,34,0,0,0,0,0,,0,0,510000000,510000000,0,0,0,ok,,
3085,,,,encode__starlette.db5063c2.lm_rewrite__pev8qvgw.53i3bpoh,18,encode__starlette.db5063c2.lm_rewrite__pev8qvgw.53i3bpoh,13059,true,285,951,0,0,0,0,0,,0,0,540000000,540000000,0,0,0,ok,,
3086,,,,encode__starlette.db5063c2.lm_rewrite__pev8qvgw.53i3bpoh,19,encode__starlette.db5063c2.lm_rewrite__pev8qvgw.53i3bpoh,14295,true,31,751,0,0,0,0,0,,0,0,570000000,570000000,0,0,0,ok,,
3087,,,,encode__starlette.db5063c2.lm_rewrite__pev8qvgw.53i3bpoh,20,encode__starlette.db5063c2.lm_rewrite__pev8qvgw.53i3bpoh,15077,true,23,32,0,0,0,0,0,,0,0,600000000,600000000,0,0,0,ok,,
3088,,,,encode__starlette.db5063c2.lm_rewrite__pev8qvgw.53i3bpoh,21,encode__starlette.db5063c2.lm_rewrite__pev8qvgw.53i3bpoh,15132,true,206,177,0,0,0,0,0,,0,0,630000000,630000000,0,0,0,ok,,
3089,,,,encode__starlette.db5063c2.lm_rewrite__pev8qvgw.53i3bpoh,22,encode__starlette.db5063c2.lm_rewrite__pev8qvgw.53i3bpoh,15515,true,298,34,0,0,0,0,0,,0,0,660000000,660000000,0,0,0,ok,,
3090,,,,encode__starlette.db5063c2.lm_rewrite__pev8qvgw.53i3bpoh,23,encode__starlette.db5063c2.lm_rewrite__pev8qvgw.53i3bpoh,15847,true,218,146,0,0,0,0,0,,0,0,690000000,690000000,0,0,0,ok,,
3091,,,,encode__starlette.db5063c2.lm_rewrite__pev8qvgw.53i3bpoh,24,encode__starlette.db5063c2.lm_rewrite__pev8qvgw.53i3bpoh,16211,true,173,287,0,0,0,0,0,,0,0,720000000,720000000,0,0,0,ok,,
3092,,,,encode__starlette.db5063c2.lm_rewrite__pev8qvgw.53i3bpoh,25,encode__starlette.db5063c2.lm_rewrite__pev8qvgw.53i3bpoh,16671,true,3476,45,0,0,0,0,0,,0,0,750000000,750000000,0,0,0,ok,,
3093,,,,encode__starlette.db5063c2.lm_rewrite__pev8qvgw.53i3bpoh,26,encode__starlette.db5063c2.lm_rewrite__pev8qvgw.53i3bpoh,20192,true,20,13,0,0,0,0,0,,0,0,780000000,780000000,0,0,0,ok,,
3094,,,,spulec__freezegun.5f171db0.77.zrfil5kb,0,swe_smith_system_prompt,978,true,817,74,0,0,0,0,0,,0,0,0,0,0,0,0,ok,,
3095,,,,spulec__freezegun.5f171db0.77.zrfil5kb,1,spulec__freezegun.5f171db0.77.zrfil5kb,1869,true,372,51,0,0,0,0,0,,0,0,30000000,30000000,0,0,0,ok,,
3096,,,,spulec__freezegun.5f171db0.77.zrfil5kb,2,spulec__freezegun.5f171db0.77.zrfil5kb,2292,true,6781,40,0,0,0,0,0,,0,0,60000000,60000000,0,0,0,ok,,
3097,,,,spulec__freezegun.5f171db0.77.zrfil5kb,3,spulec__freezegun.5f171db0.77.zrfil5kb,9113,true,204,59,0,0,0,0,0,,0,0,90000000,90000000,0,0,0,ok,,
3098,,,,spulec__freezegun.5f171db0.77.zrfil5kb,4,spulec__freezegun.5f171db0.77.zrfil5kb,9376,true,96,275,0,0,0,0,0,,0,0,120000000,120000000,0,0,0,ok,,
3099,,,,spulec__freezegun.5f171db0.77.zrfil5kb,5,spulec__freezegun.5f171db0.77.zrfil5kb,9747,true,21,30,0,0,0,0,0,,0,0,150000000,150000000,0,0,0,ok,,
3100,,,,spulec__freezegun.5f171db0.77.zrfil5kb,6,spulec__freezegun.5f171db0.77.zrfil5kb,9798,true,137,370,0,0,0,0,0,,0,0,180000000,180000000,0,0,0,ok,,
3101,,,,spulec__freezegun.5f171db0.77.zrfil5kb,7,spulec__freezegun.5f171db0.77.zrfil5kb,10305,true,320,199,0,0,0,0,0,,0,0,210000000,210000000,0,0,0,ok,,
3102,,,,spulec__freezegun.5f171db0.77.zrfil5kb,8,spulec__freezegun.5f171db0.77.zrfil5kb,10824,true,266,164,0,0,0,0,0,,0,0,240000000,240000000,0,0,0,ok,,
3103,,,,spulec__freezegun.5f171db0.77.zrfil5kb,9,spulec__freezegun.5f171db0.77.zrfil5kb,11254,true,58,311,0,0,0,0,0,,0,0,270000000,270000000,0,0,0,ok,,
3104,,,,un33k__python-slugify.872b3750.85.d5qfrh0v,0,swe_smith_system_prompt,978,true,834,66,0,0,0,0,0,,0,0,0,0,0,0,0,ok,,
3105,,,,un33k__python-slugify.872b3750.85.d5qfrh0v,1,un33k__python-slugify.872b3750.85.d5qfrh0v,1878,true,240,50,0,0,0,0,0,,0,0,30000000,30000000,0,0,0,ok,,
3106,,,,un33k__python-slugify.872b3750.85.d5qfrh0v,2,un33k__python-slugify.872b3750.85.d5qfrh0v,2168,true,166,43,0,0,0,0,0,,0,0,60000000,60000000,0,0,0,ok,,
3107,,,,un33k__python-slugify.872b3750.85.d5qfrh0v,3,un33k__python-slugify.872b3750.85.d5qfrh0v,2377,true,5705,38,0,0,0,0,0,,0,0,90000000,90000000,0,0,0,ok,,
3108,,,,un33k__python-slugify.872b3750.85.d5qfrh0v,4,un33k__python-slugify.872b3750.85.d5qfrh0v,8120,true,34,49,0,0,0,0,0,,0,0,120000000,120000000,0,0,0,ok,,
3109,,,,un33k__python-slugify.872b3750.85.d5qfrh0v,5,un33k__python-slugify.872b3750.85.d5qfrh0v,8203,true,193,52,0,0,0,0,0,,0,0,150000000,150000000,0,0,0,ok,,
3110,,,,un33k__python-slugify.872b3750.85.d5qfrh0v,6,un33k__python-slugify.872b3750.85.d5qfrh0v,8448,true,92,159,0,0,0,0,0,,0,0,180000000,180000000,0,0,0,ok,,
3111,,,,un33k__python-slugify.872b3750.85.d5qfrh0v,7,un33k__python-slugify.872b3750.85.d5qfrh0v,8699,true,21,30,0,0,0,0,0,,0,0,210000000,210000000,0,0,0,ok,,
3112,,,,un33k__python-slugify.872b3750.85.d5qfrh0v,8,un33k__python-slugify.872b3750.85.d5qfrh0v,8750,true,54,381,0,0,0,0,0,,0,0,240000000,240000000,0,0,0,ok,,
3113,,,,un33k__python-slugify.872b3750.85.d5qfrh0v,9,un33k__python-slugify.872b3750.85.d5qfrh0v,9185,true,21,31,0,0,0,0,0,,0,0,270000000,270000000,0,0,0,ok,,
3114,,,,un33k__python-slugify.872b3750.85.d5qfrh0v,10,un33k__python-slugify.872b3750.85.d5qfrh0v,9237,true,20,13,0,0,0,0,0,,0,0,300000000,300000000,0,0,0,ok,,
3115,,,,un33k__python-slugify.872b3750.85.d5qfrh0v,11,un33k__python-slugify.872b3750.85.d5qfrh0v,9270,true,713,39,0,0,0,0,0,,0,0,330000000,330000000,0,0,0,ok,,
3116,,,,marshmallow-code__apispec.8b421526.lm_rewrite__3ifk7v2p.qtym2reo,0,swe_smith_system_prompt,978,true,943,99,0,0,0,0,0,,0,0,0,0,0,0,0,ok,,
3117,,,,marshmallow-code__apispec.8b421526.lm_rewrite__3ifk7v2p.qtym2reo,1,marshmallow-code__apispec.8b421526.lm_rewrite__3ifk7v2p.qtym2reo,2020,true,305,77,0,0,0,0,0,,0,0,30000000,30000000,0,0,0,ok,,
3118,,,,marshmallow-code__apispec.8b421526.lm_rewrite__3ifk7v2p.qtym2reo,2,marshmallow-code__apispec.8b421526.lm_rewrite__3ifk7v2p.qtym2reo,2402,true,3689,62,0,0,0,0,0,,0,0,60000000,60000000,0,0,0,ok,,
3119,,,,marshmallow-code__apispec.8b421526.lm_rewrite__3ifk7v2p.qtym2reo,3,marshmallow-code__apispec.8b421526.lm_rewrite__3ifk7v2p.qtym2reo,6153,true,4781,107,0,0,0,0,0,,0,0,90000000,90000000,0,0,0,ok,,
3120,,,,marshmallow-code__apispec.8b421526.lm_rewrite__3ifk7v2p.qtym2reo,4,marshmallow-code__apispec.8b421526.lm_rewrite__3ifk7v2p.qtym2reo,11041,true,877,65,0,0,0,0,0,,0,0,120000000,120000000,0,0,0,ok,,
3121,,,,marshmallow-code__apispec.8b421526.lm_rewrite__3ifk7v2p.qtym2reo,5,marshmallow-code__apispec.8b421526.lm_rewrite__3ifk7v2p.qtym2reo,11983,true,732,49,0,0,0,0,0,,0,0,150000000,150000000,0,0,0,ok,,
3122,,,,marshmallow-code__apispec.8b421526.lm_rewrite__3ifk7v2p.qtym2reo,6,marshmallow-code__apispec.8b421526.lm_rewrite__3ifk7v2p.qtym2reo,12764,true,847,75,0,0,0,0,0,,0,0,180000000,180000000,0,0,0,ok,,
3123,,,,marshmallow-code__apispec.8b421526.lm_rewrite__3ifk7v2p.qtym2reo,7,marshmallow-code__apispec.8b421526.lm_rewrite__3ifk7v2p.qtym2reo,13686,true,799,72,0,0,0,0,0,,0,0,210000000,210000000,0,0,0,ok,,
3124,,,,marshmallow-code__apispec.8b421526.lm_rewrite__3ifk7v2p.qtym2reo,8,marshmallow-code__apispec.8b421526.lm_rewrite__3ifk7v2p.qtym2reo,14557,true,808,71,0,0,0,0,0,,0,0,240000000,240000000,0,0,0,ok,,
3125,,,,marshmallow-code__apispec.8b421526.lm_rewrite__3ifk7v2p.qtym2reo,9,marshmallow-code__apispec.8b421526.lm_rewrite__3ifk7v2p.qtym2reo,15436,true,704,302,0,0,0,0,0,,0,0,270000000,270000000,0,0,0,ok,,
3126,,,,marshmallow-code__apispec.8b421526.lm_rewrite__3ifk7v2p.qtym2reo,10,marshmallow-code__apispec.8b421526.lm_rewrite__3ifk7v2p.qtym2reo,16442,true,23,35,0,0,0,0,0,,0,0,300000000,300000000,0,0,0,ok,,
3127,,,,marshmallow-code__apispec.8b421526.lm_rewrite__3ifk7v2p.qtym2reo,11,marshmallow-code__apispec.8b421526.lm_rewrite__3ifk7v2p.qtym2reo,16500,true,94,473,0,0,0,0,0,,0,0,330000000,330000000,0,0,0,ok,,
3128,,,,marshmallow-code__apispec.8b421526.lm_rewrite__3ifk7v2p.qtym2reo,12,marshmallow-code__apispec.8b421526.lm_rewrite__3ifk7v2p.qtym2reo,17067,true,462,32,0,0,0,0,0,,0,0,360000000,360000000,0,0,0,ok,,
3129,,,,marshmallow-code__apispec.8b421526.lm_rewrite__3ifk7v2p.qtym2reo,13,marshmallow-code__apispec.8b421526.lm_rewrite__3ifk7v2p.qtym2reo,17561,true,74,1181,0,0,0,0,0,,0,0,390000000,390000000,0,0,0,ok,,
3130,,,,marshmallow-code__apispec.8b421526.lm_rewrite__3ifk7v2p.qtym2reo,14,marshmallow-code__apispec.8b421526.lm_rewrite__3ifk7v2p.qtym2reo,18816,true,1132,125,0,0,0,0,0,,0,0,420000000,420000000,0,0,0,ok,,
3131,,,,marshmallow-code__apispec.8b421526.lm_rewrite__3ifk7v2p.qtym2reo,15,marshmallow-code__apispec.8b421526.lm_rewrite__3ifk7v2p.qtym2reo,20073,true,43,336,0,0,0,0,0,,0,0,450000000,450000000,0,0,0,ok,,
3132,,,,marshmallow-code__apispec.8b421526.lm_rewrite__3ifk7v2p.qtym2reo,16,marshmallow-code__apispec.8b421526.lm_rewrite__3ifk7v2p.qtym2reo,20452,true,23,39,0,0,0,0,0,,0,0,480000000,480000000,0,0,0,ok,,
3133,,,,marshmallow-code__apispec.8b421526.lm_rewrite__3ifk7v2p.qtym2reo,17,marshmallow-code__apispec.8b421526.lm_rewrite__3ifk7v2p.qtym2reo,20514,true,84,66,0,0,0,0,0,,0,0,510000000,510000000,0,0,0,ok,,
3134,,,,marshmallow-code__apispec.8b421526.lm_rewrite__3ifk7v2p.qtym2reo,18,marshmallow-code__apispec.8b421526.lm_rewrite__3ifk7v2p.qtym2reo,20664,true,4677,1197,0,0,0,0,0,,0,0,540000000,540000000,0,0,0,ok,,
3135,,,,marshmallow-code__apispec.8b421526.lm_rewrite__3ifk7v2p.qtym2reo,19,marshmallow-code__apispec.8b421526.lm_rewrite__3ifk7v2p.qtym2reo,26538,true,1089,90,0,0,0,0,0,,0,0,570000000,570000000,0,0,0,ok,,
3136,,,,marshmallow-code__apispec.8b421526.lm_rewrite__3ifk7v2p.qtym2reo,20,marshmallow-code__apispec.8b421526.lm_rewrite__3ifk7v2p.qtym2reo,27717,true,4292,50,0,0,0,0,0,,0,0,600000000,600000000,0,0,0,ok,,
3137,,,,marshmallow-code__apispec.8b421526.lm_rewrite__3ifk7v2p.qtym2reo,21,marshmallow-code__apispec.8b421526.lm_rewrite__3ifk7v2p.qtym2reo,32059,true,713,273,0,0,0,0,0,,0,0,630000000,630000000,0,0,0,ok,,
3138,,,,marshmallow-code__apispec.8b421526.lm_rewrite__3ifk7v2p.qtym2reo,22,marshmallow-code__apispec.8b421526.lm_rewrite__3ifk7v2p.qtym2reo,33045,true,1688,41,0,0,0,0,0,,0,0,660000000,660000000,0,0,0,ok,,
3139,,,,marshmallow-code__apispec.8b421526.lm_rewrite__3ifk7v2p.qtym2reo,23,marshmallow-code__apispec.8b421526.lm_rewrite__3ifk7v2p.qtym2reo,34774,true,20,7,0,0,0,0,0,,0,0,690000000,690000000,0,0,0,ok,,
3140,,,,jawah__charset_normalizer.1fdd6463.func_pm_remove_cond__1kxdv091.fcwep0gk,0,swe_smith_system_prompt,978,true,895,92,0,0,0,0,0,,0,0,0,0,0,0,0,ok,,
3141,,,,jawah__charset_normalizer.1fdd6463.func_pm_remove_cond__1kxdv091.fcwep0gk,1,jawah__charset_normalizer.1fdd6463.func_pm_remove_cond__1kxdv091.fcwep0gk,1965,true,15,59,0,0,0,0,0,,0,0,30000000,30000000,0,0,0,ok,,
3142,,,,jawah__charset_normalizer.1fdd6463.func_pm_remove_cond__1kxdv091.fcwep0gk,2,jawah__charset_normalizer.1fdd6463.func_pm_remove_cond__1kxdv091.fcwep0gk,2039,true,5171,55,0,0,0,0,0,,0,0,60000000,60000000,0,0,0,ok,,
3143,,,,jawah__charset_normalizer.1fdd6463.func_pm_remove_cond__1kxdv091.fcwep0gk,3,jawah__charset_normalizer.1fdd6463.func_pm_remove_cond__1kxdv091.fcwep0gk,7265,true,5107,56,0,0,0,0,0,,0,0,90000000,90000000,0,0,0,ok,,
3144,,,,jawah__charset_normalizer.1fdd6463.func_pm_remove_cond__1kxdv091.fcwep0gk,4,jawah__charset_normalizer.1fdd6463.func_pm_remove_cond__1kxdv091.fcwep0gk,12428,true,3513,351,0,0,0,0,0,,0,0,120000000,120000000,0,0,0,ok,,
3145,,,,jawah__charset_normalizer.1fdd6463.func_pm_remove_cond__1kxdv091.fcwep0gk,5,jawah__charset_normalizer.1fdd6463.func_pm_remove_cond__1kxdv091.fcwep0gk,16292,true,23,36,0,0,0,0,0,,0,0,150000000,150000000,0,0,0,ok,,
3146,,,,jawah__charset_normalizer.1fdd6463.func_pm_remove_cond__1kxdv091.fcwep0gk,6,jawah__charset_normalizer.1fdd6463.func_pm_remove_cond__1kxdv091.fcwep0gk,16351,true,103,51,0,0,0,0,0,,0,0,180000000,180000000,0,0,0,ok,,
3147,,,,jawah__charset_normalizer.1fdd6463.func_pm_remove_cond__1kxdv091.fcwep0gk,7,jawah__charset_normalizer.1fdd6463.func_pm_remove_cond__1kxdv091.fcwep0gk,16505,true,365,162,0,0,0,0,0,,0,0,210000000,210000000,0,0,0,ok,,
3148,,,,jawah__charset_normalizer.1fdd6463.func_pm_remove_cond__1kxdv091.fcwep0gk,8,jawah__charset_normalizer.1fdd6463.func_pm_remove_cond__1kxdv091.fcwep0gk,17032,true,180,32,0,0,0,0,0,,0,0,240000000,240000000,0,0,0,ok,,
3149,,,,jawah__charset_normalizer.1fdd6463.func_pm_remove_cond__1kxdv091.fcwep0gk,9,jawah__charset_normalizer.1fdd6463.func_pm_remove_cond__1kxdv091.fcwep0gk,17244,true,196,120,0,0,0,0,0,,0,0,270000000,270000000,0,0,0,ok,,
3150,,,,jawah__charset_normalizer.1fdd6463.func_pm_remove_cond__1kxdv091.fcwep0gk,10,jawah__charset_normalizer.1fdd6463.func_pm_remove_cond__1kxdv091.fcwep0gk,17560,true,416,60,0,0,0,0,0,,0,0,300000000,300000000,0,0,0,ok,,
3151,,,,jawah__charset_normalizer.1fdd6463.func_pm_remove_cond__1kxdv091.fcwep0gk,11,jawah__charset_normalizer.1fdd6463.func_pm_remove_cond__1kxdv091.fcwep0gk,18036,true,291,754,0,0,0,0,0,,0,0,330000000,330000000,0,0,0,ok,,
3152,,,,jawah__charset_normalizer.1fdd6463.func_pm_remove_cond__1kxdv091.fcwep0gk,12,jawah__charset_normalizer.1fdd6463.func_pm_remove_cond__1kxdv091.fcwep0gk,19081,true,680,542,0,0,0,0,0,,0,0,360000000,360000000,0,0,0,ok,,
3153,,,,jawah__charset_normalizer.1fdd6463.func_pm_remove_cond__1kxdv091.fcwep0gk,13,jawah__charset_normalizer.1fdd6463.func_pm_remove_cond__1kxdv091.fcwep0gk,20303,true,559,36,0,0,0,0,0,,0,0,390000000,390000000,0,0,0,ok,,
3154,,,,jawah__charset_normalizer.1fdd6463.func_pm_remove_cond__1kxdv091.fcwep0gk,14,jawah__charset_normalizer.1fdd6463.func_pm_remove_cond__1kxdv091.fcwep0gk,20898,true,419,267,0,0,0,0,0,,0,0,420000000,420000000,0,0,0,ok,,
3155,,,,jawah__charset_normalizer.1fdd6463.func_pm_remove_cond__1kxdv091.fcwep0gk,15,jawah__charset_normalizer.1fdd6463.func_pm_remove_cond__1kxdv091.fcwep0gk,21584,true,1136,32,0,0,0,0,0,,0,0,450000000,450000000,0,0,0,ok,,
3156,,,,jawah__charset_normalizer.1fdd6463.func_pm_remove_cond__1kxdv091.fcwep0gk,16,jawah__charset_normalizer.1fdd6463.func_pm_remove_cond__1kxdv091.fcwep0gk,22752,true,20,16,0,0,0,0,0,,0,0,480000000,480000000,0,0,0,ok,,
3157,,,,tobymao__sqlglot.036601ba.func_pm_remove_assign__4k7my5vm.c5an44i2,0,swe_smith_system_prompt,978,true,821,108,0,0,0,0,0,,0,0,0,0,0,0,0,ok,,
3158,,,,tobymao__sqlglot.036601ba.func_pm_remove_assign__4k7my5vm.c5an44i2,1,tobymao__sqlglot.036601ba.func_pm_remove_assign__4k7my5vm.c5an44i2,1907,true,321,64,0,0,0,0,0,,0,0,30000000,30000000,0,0,0,ok,,
3159,,,,tobymao__sqlglot.036601ba.func_pm_remove_assign__4k7my5vm.c5an44i2,2,tobymao__sqlglot.036601ba.func_pm_remove_assign__4k7my5vm.c5an44i2,2292,true,5701,55,0,0,0,0,0,,0,0,60000000,60000000,0,0,0,ok,,
3160,,,,tobymao__sqlglot.036601ba.func_pm_remove_assign__4k7my5vm.c5an44i2,3,tobymao__sqlglot.036601ba.func_pm_remove_assign__4k7my5vm.c5an44i2,8048,true,16,65,0,0,0,0,0,,0,0,90000000,90000000,0,0,0,ok,,
3161,,,,tobymao__sqlglot.036601ba.func_pm_remove_assign__4k7my5vm.c5an44i2,4,tobymao__sqlglot.036601ba.func_pm_remove_assign__4k7my5vm.c5an44i2,8129,true,617,70,0,0,0,0,0,,0,0,120000000,120000000,0,0,0,ok,,
3162,,,,tobymao__sqlglot.036601ba.func_pm_remove_assign__4k7my5vm.c5an44i2,5,tobymao__sqlglot.036601ba.func_pm_remove_assign__4k7my5vm.c5an44i2,8816,true,361,59,0,0,0,0,0,,0,0,150000000,150000000,0,0,0,ok,,
3163,,,,tobymao__sqlglot.036601ba.func_pm_remove_assign__4k7my5vm.c5an44i2,6,tobymao__sqlglot.036601ba.func_pm_remove_assign__4k7my5vm.c5an44i2,9236,true,992,62,0,0,0,0,0,,0,0,180000000,180000000,0,0,0,ok,,
3164,,,,tobymao__sqlglot.036601ba.func_pm_remove_assign__4k7my5vm.c5an44i2,7,tobymao__sqlglot.036601ba.func_pm_remove_assign__4k7my5vm.c5an44i2,10290,true,16,118,0,0,0,0,0,,0,0,210000000,210000000,0,0,0,ok,,
3165,,,,tobymao__sqlglot.036601ba.func_pm_remove_assign__4k7my5vm.c5an44i2,8,tobymao__sqlglot.036601ba.func_pm_remove_assign__4k7my5vm.c5an44i2,10424,true,222,247,0,0,0,0,0,,0,0,240000000,240000000,0,0,0,ok,,
3166,,,,tobymao__sqlglot.036601ba.func_pm_remove_assign__4k7my5vm.c5an44i2,9,tobymao__sqlglot.036601ba.func_pm_remove_assign__4k7my5vm.c5an44i2,10893,true,23,35,0,0,0,0,0,,0,0,270000000,270000000,0,0,0,ok,,
3167,,,,tobymao__sqlglot.036601ba.func_pm_remove_assign__4k7my5vm.c5an44i2,10,tobymao__sqlglot.036601ba.func_pm_remove_assign__4k7my5vm.c5an44i2,10951,true,64,448,0,0,0,0,0,,0,0,300000000,300000000,0,0,0,ok,,
3168,,,,tobymao__sqlglot.036601ba.func_pm_remove_assign__4k7my5vm.c5an44i2,11,tobymao__sqlglot.036601ba.func_pm_remove_assign__4k7my5vm.c5an44i2,11463,true,380,32,0,0,0,0,0,,0,0,330000000,330000000,0,0,0,ok,,
3169,,,,tobymao__sqlglot.036601ba.func_pm_remove_assign__4k7my5vm.c5an44i2,12,tobymao__sqlglot.036601ba.func_pm_remove_assign__4k7my5vm.c5an44i2,11875,true,66,95,0,0,0,0,0,,0,0,360000000,360000000,0,0,0,ok,,
3170,,,,tobymao__sqlglot.036601ba.func_pm_remove_assign__4k7my5vm.c5an44i2,13,tobymao__sqlglot.036601ba.func_pm_remove_assign__4k7my5vm.c5an44i2,12036,true,177,56,0,0,0,0,0,,0,0,390000000,390000000,0,0,0,ok,,
3171,,,,tobymao__sqlglot.036601ba.func_pm_remove_assign__4k7my5vm.c5an44i2,14,tobymao__sqlglot.036601ba.func_pm_remove_assign__4k7my5vm.c5an44i2,12269,true,1462,383,0,0,0,0,0,,0,0,420000000,420000000,0,0,0,ok,,
3172,,,,tobymao__sqlglot.036601ba.func_pm_remove_assign__4k7my5vm.c5an44i2,15,tobymao__sqlglot.036601ba.func_pm_remove_assign__4k7my5vm.c5an44i2,14114,true,403,40,0,0,0,0,0,,0,0,450000000,450000000,0,0,0,ok,,
3173,,,,tobymao__sqlglot.036601ba.func_pm_remove_assign__4k7my5vm.c5an44i2,16,tobymao__sqlglot.036601ba.func_pm_remove_assign__4k7my5vm.c5an44i2,14557,true,63,453,0,0,0,0,0,,0,0,480000000,480000000,0,0,0,ok,,
3174,,,,tobymao__sqlglot.036601ba.func_pm_remove_assign__4k7my5vm.c5an44i2,17,tobymao__sqlglot.036601ba.func_pm_remove_assign__4k7my5vm.c5an44i2,15073,true,23,32,0,0,0,0,0,,0,0,510000000,510000000,0,0,0,ok,,
3175,,,,tobymao__sqlglot.036601ba.func_pm_remove_assign__4k7my5vm.c5an44i2,18,tobymao__sqlglot.036601ba.func_pm_remove_assign__4k7my5vm.c5an44i2,15128,true,175,373,0,0,0,0,0,,0,0,540000000,540000000,0,0,0,ok,,
3176,,,,tobymao__sqlglot.036601ba.func_pm_remove_assign__4k7my5vm.c5an44i2,19,tobymao__sqlglot.036601ba.func_pm_remove_assign__4k7my5vm.c5an44i2,15676,true,23,32,0,0,0,0,0,,0,0,570000000,570000000,0,0,0,ok,,
3177,,,,tobymao__sqlglot.036601ba.func_pm_remove_assign__4k7my5vm.c5an44i2,20,tobymao__sqlglot.036601ba.func_pm_remove_assign__4k7my5vm.c5an44i2,15731,true,101,113,0,0,0,0,0,,0,0,600000000,600000000,0,0,0,ok,,
3178,,,,tobymao__sqlglot.036601ba.func_pm_remove_assign__4k7my5vm.c5an44i2,21,tobymao__sqlglot.036601ba.func_pm_remove_assign__4k7my5vm.c5an44i2,15945,true,63,224,0,0,0,0,0,,0,0,630000000,630000000,0,0,0,ok,,
3179,,,,tobymao__sqlglot.036601ba.func_pm_remove_assign__4k7my5vm.c5an44i2,22,tobymao__sqlglot.036601ba.func_pm_remove_assign__4k7my5vm.c5an44i2,16232,true,1651,46,0,0,0,0,0,,0,0,660000000,660000000,0,0,0,ok,,
3180,,,,tobymao__sqlglot.036601ba.func_pm_remove_assign__4k7my5vm.c5an44i2,23,tobymao__sqlglot.036601ba.func_pm_remove_assign__4k7my5vm.c5an44i2,17929,true,20,13,0,0,0,0,0,,0,0,690000000,690000000,0,0,0,ok,,
3181,,,,pyutils__line_profiler.a646bf0f.90.d5x7mem0,0,swe_smith_system_prompt,978,true,755,79,0,0,0,0,0,,0,0,0,0,0,0,0,ok,,
3182,,,,pyutils__line_profiler.a646bf0f.90.d5x7mem0,1,pyutils__line_profiler.a646bf0f.90.d5x7mem0,1812,true,729,51,0,0,0,0,0,,0,0,30000000,30000000,0,0,0,ok,,
3183,,,,pyutils__line_profiler.a646bf0f.90.d5x7mem0,2,pyutils__line_profiler.a646bf0f.90.d5x7mem0,2592,true,6133,420,0,0,0,0,0,,0,0,60000000,60000000,0,0,0,ok,,
3184,,,,pyutils__line_profiler.a646bf0f.90.d5x7mem0,3,pyutils__line_profiler.a646bf0f.90.d5x7mem0,9145,true,23,33,0,0,0,0,0,,0,0,90000000,90000000,0,0,0,ok,,
3185,,,,pyutils__line_profiler.a646bf0f.90.d5x7mem0,4,pyutils__line_profiler.a646bf0f.90.d5x7mem0,9201,true,67,196,0,0,0,0,0,,0,0,120000000,120000000,0,0,0,ok,,
3186,,,,pyutils__line_profiler.a646bf0f.90.d5x7mem0,5,pyutils__line_profiler.a646bf0f.90.d5x7mem0,9464,true,234,37,0,0,0,0,0,,0,0,150000000,150000000,0,0,0,ok,,
3187,,,,pyutils__line_profiler.a646bf0f.90.d5x7mem0,6,pyutils__line_profiler.a646bf0f.90.d5x7mem0,9735,true,67,479,0,0,0,0,0,,0,0,180000000,180000000,0,0,0,ok,,
3188,,,,pyutils__line_profiler.a646bf0f.90.d5x7mem0,7,pyutils__line_profiler.a646bf0f.90.d5x7mem0,10281,true,23,31,0,0,0,0,0,,0,0,210000000,210000000,0,0,0,ok,,
3189,,,,pyutils__line_profiler.a646bf0f.90.d5x7mem0,8,pyutils__line_profiler.a646bf0f.90.d5x7mem0,10335,true,121,35,0,0,0,0,0,,0,0,240000000,240000000,0,0,0,ok,,
3190,,,,getmoto__moto.694ce1f4.func_pm_remove_assign__jkmemb9w.onp94ne8,0,swe_smith_system_prompt,978,true,810,114,0,0,0,0,0,,0,0,0,0,0,0,0,ok,,
3191,,,,getmoto__moto.694ce1f4.func_pm_remove_assign__jkmemb9w.onp94ne8,1,getmoto__moto.694ce1f4.func_pm_remove_assign__jkmemb9w.onp94ne8,1902,true,14,58,0,0,0,0,0,,0,0,30000000,30000000,0,0,0,ok,,
3192,,,,getmoto__moto.694ce1f4.func_pm_remove_assign__jkmemb9w.onp94ne8,2,getmoto__moto.694ce1f4.func_pm_remove_assign__jkmemb9w.onp94ne8,1974,true,4515,74,0,0,0,0,0,,0,0,60000000,60000000,0,0,0,ok,,
3193,,,,getmoto__moto.694ce1f4.func_pm_remove_assign__jkmemb9w.onp94ne8,3,getmoto__moto.694ce1f4.func_pm_remove_assign__jkmemb9w.onp94ne8,6563,true,107,59,0,0,0,0,0,,0,0,90000000,90000000,0,0,0,ok,,
3194,,,,getmoto__moto.694ce1f4.func_pm_remove_assign__jkmemb9w.onp94ne8,4,getmoto__moto.694ce1f4.func_pm_remove_assign__jkmemb9w.onp94ne8,6729,true,1052,58,0,0,0,0,0,,0,0,120000000,120000000,0,0,0,ok,,
3195,,,,getmoto__moto.694ce1f4.func_pm_remove_assign__jkmemb9w.onp94ne8,5,getmoto__moto.694ce1f4.func_pm_remove_assign__jkmemb9w.onp94ne8,7839,true,362,216,0,0,0,0,0,,0,0,150000000,150000000,0,0,0,ok,,
3196,,,,getmoto__moto.694ce1f4.func_pm_remove_assign__jkmemb9w.onp94ne8,6,getmoto__moto.694ce1f4.func_pm_remove_assign__jkmemb9w.onp94ne8,8417,true,23,36,0,0,0,0,0,,0,0,180000000,180000000,0,0,0,ok,,
3197,,,,getmoto__moto.694ce1f4.func_pm_remove_assign__jkmemb9w.onp94ne8,7,getmoto__moto.694ce1f4.func_pm_remove_assign__jkmemb9w.onp94ne8,8476,true,8,406,0,0,0,0,0,,0,0,210000000,210000000,0,0,0,ok,,
3198,,,,getmoto__moto.694ce1f4.func_pm_remove_assign__jkmemb9w.onp94ne8,8,getmoto__moto.694ce1f4.func_pm_remove_assign__jkmemb9w.onp94ne8,8890,true,366,53,0,0,0,0,0,,0,0,240000000,240000000,0,0,0,ok,,
3199,,,,getmoto__moto.694ce1f4.func_pm_remove_assign__jkmemb9w.onp94ne8,9,getmoto__moto.694ce1f4.func_pm_remove_assign__jkmemb9w.onp94ne8,9309,true,25,671,0,0,0,0,0,,0,0,270000000,270000000,0,0,0,ok,,
3200,,,,getmoto__moto.694ce1f4.func_pm_remove_assign__jkmemb9w.onp94ne8,10,getmoto__moto.694ce1f4.func_pm_remove_assign__jkmemb9w.onp94ne8,10005,true,23,32,0,0,0,0,0,,0,0,300000000,300000000,0,0,0,ok,,
3201,,,,getmoto__moto.694ce1f4.func_pm_remove_assign__jkmemb9w.onp94ne8,11,getmoto__moto.694ce1f4.func_pm_remove_assign__jkmemb9w.onp94ne8,10060,true,152,427,0,0,0,0,0,,0,0,330000000,330000000,0,0,0,ok,,
3202,,,,getmoto__moto.694ce1f4.func_pm_remove_assign__jkmemb9w.onp94ne8,12,getmoto__moto.694ce1f4.func_pm_remove_assign__jkmemb9w.onp94ne8,10639,true,24,25,0,0,0,0,0,,0,0,360000000,360000000,0,0,0,ok,,
3203,,,,getmoto__moto.694ce1f4.func_pm_remove_assign__jkmemb9w.onp94ne8,13,getmoto__moto.694ce1f4.func_pm_remove_assign__jkmemb9w.onp94ne8,10688,true,238,263,0,0,0,0,0,,0,0,390000000,390000000,0,0,0,ok,,
3204,,,,getmoto__moto.694ce1f4.func_pm_remove_assign__jkmemb9w.onp94ne8,14,getmoto__moto.694ce1f4.func_pm_remove_assign__jkmemb9w.onp94ne8,11189,true,1968,49,0,0,0,0,0,,0,0,420000000,420000000,0,0,0,ok,,
3205,,,,getmoto__moto.694ce1f4.func_pm_remove_assign__jkmemb9w.onp94ne8,15,getmoto__moto.694ce1f4.func_pm_remove_assign__jkmemb9w.onp94ne8,13206,true,20,7,0,0,0,0,0,,0,0,450000000,450000000,0,0,0,ok,,
3206,,,,pyupio__safety.7654596b.lm_rewrite__rhy4jpfw.7qw19e5w,0,swe_smith_system_prompt,978,true,926,102,0,0,0,0,0,,0,0,0,0,0,0,0,ok,,
3207,,,,pyupio__safety.7654596b.lm_rewrite__rhy4jpfw.7qw19e5w,1,pyupio__safety.7654596b.lm_rewrite__rhy4jpfw.7qw19e5w,2006,true,940,47,0,0,0,0,0,,0,0,30000000,30000000,0,0,0,ok,,
3208,,,,pyupio__safety.7654596b.lm_rewrite__rhy4jpfw.7qw19e5w,2,pyupio__safety.7654596b.lm_rewrite__rhy4jpfw.7qw19e5w,2993,true,5287,56,0,0,0,0,0,,0,0,60000000,60000000,0,0,0,ok,,
3209,,,,pyupio__safety.7654596b.lm_rewrite__rhy4jpfw.7qw19e5w,3,pyupio__safety.7654596b.lm_rewrite__rhy4jpfw.7qw19e5w,8336,true,704,44,0,0,0,0,0,,0,0,90000000,90000000,0,0,0,ok,,
3210,,,,pyupio__safety.7654596b.lm_rewrite__rhy4jpfw.7qw19e5w,4,pyupio__safety.7654596b.lm_rewrite__rhy4jpfw.7qw19e5w,9084,true,3571,59,0,0,0,0,0,,0,0,120000000,120000000,0,0,0,ok,,
3211,,,,pyupio__safety.7654596b.lm_rewrite__rhy4jpfw.7qw19e5w,5,pyupio__safety.7654596b.lm_rewrite__rhy4jpfw.7qw19e5w,12714,true,3255,49,0,0,0,0,0,,0,0,150000000,150000000,0,0,0,ok,,
3212,,,,pyupio__safety.7654596b.lm_rewrite__rhy4jpfw.7qw19e5w,6,pyupio__safety.7654596b.lm_rewrite__rhy4jpfw.7qw19e5w,16018,true,20,40,0,0,0,0,0,,0,0,180000000,180000000,0,0,0,ok,,
3213,,,,pyupio__safety.7654596b.lm_rewrite__rhy4jpfw.7qw19e5w,7,pyupio__safety.7654596b.lm_rewrite__rhy4jpfw.7qw19e5w,16078,true,85,31,0,0,0,0,0,,0,0,210000000,210000000,0,0,0,ok,,
3214,,,,pyupio__safety.7654596b.lm_rewrite__rhy4jpfw.7qw19e5w,8,pyupio__safety.7654596b.lm_rewrite__rhy4jpfw.7qw19e5w,16194,true,128,43,0,0,0,0,0,,0,0,240000000,240000000,0,0,0,ok,,
3215,,,,pyupio__safety.7654596b.lm_rewrite__rhy4jpfw.7qw19e5w,9,pyupio__safety.7654596b.lm_rewrite__rhy4jpfw.7qw19e5w,16365,true,72,44,0,0,0,0,0,,0,0,270000000,270000000,0,0,0,ok,,
3216,,,,pyupio__safety.7654596b.lm_rewrite__rhy4jpfw.7qw19e5w,10,pyupio__safety.7654596b.lm_rewrite__rhy4jpfw.7qw19e5w,16481,true,5,58,0,0,0,0,0,,0,0,300000000,300000000,0,0,0,ok,,
3217,,,,pyupio__safety.7654596b.lm_rewrite__rhy4jpfw.7qw19e5w,11,pyupio__safety.7654596b.lm_rewrite__rhy4jpfw.7qw19e5w,16544,true,32,65,0,0,0,0,0,,0,0,330000000,330000000,0,0,0,ok,,
3218,,,,pyupio__safety.7654596b.lm_rewrite__rhy4jpfw.7qw19e5w,12,pyupio__safety.7654596b.lm_rewrite__rhy4jpfw.7qw19e5w,16641,true,6,88,0,0,0,0,0,,0,0,360000000,360000000,0,0,0,ok,,
3219,,,,pyupio__safety.7654596b.lm_rewrite__rhy4jpfw.7qw19e5w,13,pyupio__safety.7654596b.lm_rewrite__rhy4jpfw.7qw19e5w,16735,true,5,668,0,0,0,0,0,,0,0,390000000,390000000,0,0,0,ok,,
3220,,,,pyupio__safety.7654596b.lm_rewrite__rhy4jpfw.7qw19e5w,14,pyupio__safety.7654596b.lm_rewrite__rhy4jpfw.7qw19e5w,17408,true,23,35,0,0,0,0,0,,0,0,420000000,420000000,0,0,0,ok,,
3221,,,,pyupio__safety.7654596b.lm_rewrite__rhy4jpfw.7qw19e5w,15,pyupio__safety.7654596b.lm_rewrite__rhy4jpfw.7qw19e5w,17466,true,373,1281,0,0,0,0,0,,0,0,450000000,450000000,0,0,0,ok,,
3222,,,,pyupio__safety.7654596b.lm_rewrite__rhy4jpfw.7qw19e5w,16,pyupio__safety.7654596b.lm_rewrite__rhy4jpfw.7qw19e5w,19120,true,1199,54,0,0,0,0,0,,0,0,480000000,480000000,0,0,0,ok,,
3223,,,,pyupio__safety.7654596b.lm_rewrite__rhy4jpfw.7qw19e5w,17,pyupio__safety.7654596b.lm_rewrite__rhy4jpfw.7qw19e5w,20373,true,296,621,0,0,0,0,0,,0,0,510000000,510000000,0,0,0,ok,,
3224,,,,pyupio__safety.7654596b.lm_rewrite__rhy4jpfw.7qw19e5w,18,pyupio__safety.7654596b.lm_rewrite__rhy4jpfw.7qw19e5w,21290,true,23,32,0,0,0,0,0,,0,0,540000000,540000000,0,0,0,ok,,
3225,,,,pyupio__safety.7654596b.lm_rewrite__rhy4jpfw.7qw19e5w,19,pyupio__safety.7654596b.lm_rewrite__rhy4jpfw.7qw19e5w,21345,true,644,2004,0,0,0,0,0,,0,0,570000000,570000000,0,0,0,ok,,
3226,,,,pyupio__safety.7654596b.lm_rewrite__rhy4jpfw.7qw19e5w,20,pyupio__safety.7654596b.lm_rewrite__rhy4jpfw.7qw19e5w,23993,true,2027,524,0,0,0,0,0,,0,0,600000000,600000000,0,0,0,ok,,
3227,,,,pyupio__safety.7654596b.lm_rewrite__rhy4jpfw.7qw19e5w,21,pyupio__safety.7654596b.lm_rewrite__rhy4jpfw.7qw19e5w,26544,true,616,41,0,0,0,0,0,,0,0,630000000,630000000,0,0,0,ok,,
3228,,,,pyupio__safety.7654596b.lm_rewrite__rhy4jpfw.7qw19e5w,22,pyupio__safety.7654596b.lm_rewrite__rhy4jpfw.7qw19e5w,27201,true,662,146,0,0,0,0,0,,0,0,660000000,660000000,0,0,0,ok,,
3229,,,,pyupio__safety.7654596b.lm_rewrite__rhy4jpfw.7qw19e5w,23,pyupio__safety.7654596b.lm_rewrite__rhy4jpfw.7qw19e5w,28009,true,296,28,0,0,0,0,0,,0,0,690000000,690000000,0,0,0,ok,,
3230,,,,pyupio__safety.7654596b.lm_rewrite__rhy4jpfw.7qw19e5w,24,pyupio__safety.7654596b.lm_rewrite__rhy4jpfw.7qw19e5w,28333,true,3882,41,0,0,0,0,0,,0,0,720000000,720000000,0,0,0,ok,,
3231,,,,pyupio__safety.7654596b.lm_rewrite__rhy4jpfw.7qw19e5w,25,pyupio__safety.7654596b.lm_rewrite__rhy4jpfw.7qw19e5w,32256,true,20,7,0,0,0,0,0,,0,0,750000000,750000000,0,0,0,ok,,
3232,,,,oauthlib__oauthlib.1fd52536.lm_rewrite__1oh6objh.5939iaz8,0,swe_smith_system_prompt,978,true,874,107,0,0,0,0,0,,0,0,0,0,0,0,0,ok,,
3233,,,,oauthlib__oauthlib.1fd52536.lm_rewrite__1oh6objh.5939iaz8,1,oauthlib__oauthlib.1fd52536.lm_rewrite__1oh6objh.5939iaz8,1959,true,2775,73,0,0,0,0,0,,0,0,30000000,30000000,0,0,0,ok,,
3234,,,,oauthlib__oauthlib.1fd52536.lm_rewrite__1oh6objh.5939iaz8,2,oauthlib__oauthlib.1fd52536.lm_rewrite__1oh6objh.5939iaz8,4807,true,4376,100,0,0,0,0,0,,0,0,60000000,60000000,0,0,0,ok,,
3235,,,,oauthlib__oauthlib.1fd52536.lm_rewrite__1oh6objh.5939iaz8,3,oauthlib__oauthlib.1fd52536.lm_rewrite__1oh6objh.5939iaz8,9283,true,2626,75,0,0,0,0,0,,0,0,90000000,90000000,0,0,0,ok,,
3236,,,,oauthlib__oauthlib.1fd52536.lm_rewrite__1oh6objh.5939iaz8,4,oauthlib__oauthlib.1fd52536.lm_rewrite__1oh6objh.5939iaz8,11984,true,6529,119,0,0,0,0,0,,0,0,120000000,120000000,0,0,0,ok,,
3237,,,,oauthlib__oauthlib.1fd52536.lm_rewrite__1oh6objh.5939iaz8,5,oauthlib__oauthlib.1fd52536.lm_rewrite__1oh6objh.5939iaz8,18632,true,31,301,0,0,0,0,0,,0,0,150000000,150000000,0,0,0,ok,,
3238,,,,oauthlib__oauthlib.1fd52536.lm_rewrite__1oh6objh.5939iaz8,6,oauthlib__oauthlib.1fd52536.lm_rewrite__1oh6objh.5939iaz8,18964,true,23,34,0,0,0,0,0,,0,0,180000000,180000000,0,0,0,ok,,
3239,,,,oauthlib__oauthlib.1fd52536.lm_rewrite__1oh6objh.5939iaz8,7,oauthlib__oauthlib.1fd52536.lm_rewrite__1oh6objh.5939iaz8,19021,true,85,599,0,0,0,0,0,,0,0,210000000,210000000,0,0,0,ok,,
3240,,,,oauthlib__oauthlib.1fd52536.lm_rewrite__1oh6objh.5939iaz8,8,oauthlib__oauthlib.1fd52536.lm_rewrite__1oh6objh.5939iaz8,19705,true,558,32,0,0,0,0,0,,0,0,240000000,240000000,0,0,0,ok,,
3241,,,,oauthlib__oauthlib.1fd52536.lm_rewrite__1oh6objh.5939iaz8,9,oauthlib__oauthlib.1fd52536.lm_rewrite__1oh6objh.5939iaz8,20295,true,130,675,0,0,0,0,0,,0,0,270000000,270000000,0,0,0,ok,,
3242,,,,oauthlib__oauthlib.1fd52536.lm_rewrite__1oh6objh.5939iaz8,10,oauthlib__oauthlib.1fd52536.lm_rewrite__1oh6objh.5939iaz8,21100,true,646,40,0,0,0,0,0,,0,0,300000000,300000000,0,0,0,ok,,
3243,,,,oauthlib__oauthlib.1fd52536.lm_rewrite__1oh6objh.5939iaz8,11,oauthlib__oauthlib.1fd52536.lm_rewrite__1oh6objh.5939iaz8,21786,true,144,842,0,0,0,0,0,,0,0,330000000,330000000,0,0,0,ok,,
3244,,,,oauthlib__oauthlib.1fd52536.lm_rewrite__1oh6objh.5939iaz8,12,oauthlib__oauthlib.1fd52536.lm_rewrite__1oh6objh.5939iaz8,22772,true,21,33,0,0,0,0,0,,0,0,360000000,360000000,0,0,0,ok,,
3245,,,,oauthlib__oauthlib.1fd52536.lm_rewrite__1oh6objh.5939iaz8,13,oauthlib__oauthlib.1fd52536.lm_rewrite__1oh6objh.5939iaz8,22826,true,149,2039,0,0,0,0,0,,0,0,390000000,390000000,0,0,0,ok,,
3246,,,,oauthlib__oauthlib.1fd52536.lm_rewrite__1oh6objh.5939iaz8,14,oauthlib__oauthlib.1fd52536.lm_rewrite__1oh6objh.5939iaz8,25014,true,1902,38,0,0,0,0,0,,0,0,420000000,420000000,0,0,0,ok,,
3247,,,,oauthlib__oauthlib.1fd52536.lm_rewrite__1oh6objh.5939iaz8,15,oauthlib__oauthlib.1fd52536.lm_rewrite__1oh6objh.5939iaz8,26954,true,191,619,0,0,0,0,0,,0,0,450000000,450000000,0,0,0,ok,,
3248,,,,oauthlib__oauthlib.1fd52536.lm_rewrite__1oh6objh.5939iaz8,16,oauthlib__oauthlib.1fd52536.lm_rewrite__1oh6objh.5939iaz8,27764,true,24,34,0,0,0,0,0,,0,0,480000000,480000000,0,0,0,ok,,
3249,,,,oauthlib__oauthlib.1fd52536.lm_rewrite__1oh6objh.5939iaz8,17,oauthlib__oauthlib.1fd52536.lm_rewrite__1oh6objh.5939iaz8,27822,true,84,248,0,0,0,0,0,,0,0,510000000,510000000,0,0,0,ok,,
3250,,,,oauthlib__oauthlib.1fd52536.lm_rewrite__1oh6objh.5939iaz8,18,oauthlib__oauthlib.1fd52536.lm_rewrite__1oh6objh.5939iaz8,28154,true,3394,47,0,0,0,0,0,,0,0,540000000,540000000,0,0,0,ok,,
3251,,,,oauthlib__oauthlib.1fd52536.lm_rewrite__1oh6objh.5939iaz8,19,oauthlib__oauthlib.1fd52536.lm_rewrite__1oh6objh.5939iaz8,31595,true,20,7,0,0,0,0,0,,0,0,570000000,570000000,0,0,0,ok,,
3252,,,,oauthlib__oauthlib.1fd52536.func_pm_ctrl_shuffle__pzqusrn8.6l3e2wj8,0,swe_smith_system_prompt,978,true,998,97,0,0,0,0,0,,0,0,0,0,0,0,0,ok,,
3253,,,,oauthlib__oauthlib.1fd52536.func_pm_ctrl_shuffle__pzqusrn8.6l3e2wj8,1,oauthlib__oauthlib.1fd52536.func_pm_ctrl_shuffle__pzqusrn8.6l3e2wj8,2073,true,278,82,0,0,0,0,0,,0,0,30000000,30000000,0,0,0,ok,,
3254,,,,oauthlib__oauthlib.1fd52536.func_pm_ctrl_shuffle__pzqusrn8.6l3e2wj8,2,oauthlib__oauthlib.1fd52536.func_pm_ctrl_shuffle__pzqusrn8.6l3e2wj8,2433,true,673,128,0,0,0,0,0,,0,0,60000000,60000000,0,0,0,ok,,
3255,,,,oauthlib__oauthlib.1fd52536.func_pm_ctrl_shuffle__pzqusrn8.6l3e2wj8,3,oauthlib__oauthlib.1fd52536.func_pm_ctrl_shuffle__pzqusrn8.6l3e2wj8,3234,true,4640,55,0,0,0,0,0,,0,0,90000000,90000000,0,0,0,ok,,
3256,,,,oauthlib__oauthlib.1fd52536.func_pm_ctrl_shuffle__pzqusrn8.6l3e2wj8,4,oauthlib__oauthlib.1fd52536.func_pm_ctrl_shuffle__pzqusrn8.6l3e2wj8,7929,true,2552,283,0,0,0,0,0,,0,0,120000000,120000000,0,0,0,ok,,
3257,,,,oauthlib__oauthlib.1fd52536.func_pm_ctrl_shuffle__pzqusrn8.6l3e2wj8,5,oauthlib__oauthlib.1fd52536.func_pm_ctrl_shuffle__pzqusrn8.6l3e2wj8,10764,true,24,37,0,0,0,0,0,,0,0,150000000,150000000,0,0,0,ok,,
3258,,,,oauthlib__oauthlib.1fd52536.func_pm_ctrl_shuffle__pzqusrn8.6l3e2wj8,6,oauthlib__oauthlib.1fd52536.func_pm_ctrl_shuffle__pzqusrn8.6l3e2wj8,10825,true,10,217,0,0,0,0,0,,0,0,180000000,180000000,0,0,0,ok,,
3259,,,,oauthlib__oauthlib.1fd52536.func_pm_ctrl_shuffle__pzqusrn8.6l3e2wj8,7,oauthlib__oauthlib.1fd52536.func_pm_ctrl_shuffle__pzqusrn8.6l3e2wj8,11052,true,252,143,0,0,0,0,0,,0,0,210000000,210000000,0,0,0,ok,,
3260,,,,oauthlib__oauthlib.1fd52536.func_pm_ctrl_shuffle__pzqusrn8.6l3e2wj8,8,oauthlib__oauthlib.1fd52536.func_pm_ctrl_shuffle__pzqusrn8.6l3e2wj8,11447,true,10,684,0,0,0,0,0,,0,0,240000000,240000000,0,0,0,ok,,
3261,,,,oauthlib__oauthlib.1fd52536.func_pm_ctrl_shuffle__pzqusrn8.6l3e2wj8,9,oauthlib__oauthlib.1fd52536.func_pm_ctrl_shuffle__pzqusrn8.6l3e2wj8,12141,true,24,34,0,0,0,0,0,,0,0,270000000,270000000,0,0,0,ok,,
3262,,,,oauthlib__oauthlib.1fd52536.func_pm_ctrl_shuffle__pzqusrn8.6l3e2wj8,10,oauthlib__oauthlib.1fd52536.func_pm_ctrl_shuffle__pzqusrn8.6l3e2wj8,12199,true,193,322,0,0,0,0,0,,0,0,300000000,300000000,0,0,0,ok,,
3263,,,,oauthlib__oauthlib.1fd52536.func_pm_ctrl_shuffle__pzqusrn8.6l3e2wj8,11,oauthlib__oauthlib.1fd52536.func_pm_ctrl_shuffle__pzqusrn8.6l3e2wj8,12714,true,1629,42,0,0,0,0,0,,0,0,330000000,330000000,0,0,0,ok,,
3264,,,,oauthlib__oauthlib.1fd52536.func_pm_ctrl_shuffle__pzqusrn8.6l3e2wj8,12,oauthlib__oauthlib.1fd52536.func_pm_ctrl_shuffle__pzqusrn8.6l3e2wj8,14385,true,20,13,0,0,0,0,0,,0,0,360000000,360000000,0,0,0,ok,,
3265,,,,Project-MONAI__MONAI.a09c1f08.pr_5807.gir8u3bn,0,swe_smith_system_prompt,978,true,865,85,0,0,0,0,0,,0,0,0,0,0,0,0,ok,,
3266,,,,Project-MONAI__MONAI.a09c1f08.pr_5807.gir8u3bn,1,Project-MONAI__MONAI.a09c1f08.pr_5807.gir8u3bn,1928,true,50,58,0,0,0,0,0,,0,0,30000000,30000000,0,0,0,ok,,
3267,,,,Project-MONAI__MONAI.a09c1f08.pr_5807.gir8u3bn,2,Project-MONAI__MONAI.a09c1f08.pr_5807.gir8u3bn,2036,true,20,44,0,0,0,0,0,,0,0,60000000,60000000,0,0,0,ok,,
3268,,,,Project-MONAI__MONAI.a09c1f08.pr_5807.gir8u3bn,3,Project-MONAI__MONAI.a09c1f08.pr_5807.gir8u3bn,2100,true,53,56,0,0,0,0,0,,0,0,90000000,90000000,0,0,0,ok,,
3269,,,,Project-MONAI__MONAI.a09c1f08.pr_5807.gir8u3bn,4,Project-MONAI__MONAI.a09c1f08.pr_5807.gir8u3bn,2209,true,4488,92,0,0,0,0,0,,0,0,120000000,120000000,0,0,0,ok,,
3270,,,,Project-MONAI__MONAI.a09c1f08.pr_5807.gir8u3bn,5,Project-MONAI__MONAI.a09c1f08.pr_5807.gir8u3bn,6789,true,99,45,0,0,0,0,0,,0,0,150000000,150000000,0,0,0,ok,,
3271,,,,Project-MONAI__MONAI.a09c1f08.pr_5807.gir8u3bn,6,Project-MONAI__MONAI.a09c1f08.pr_5807.gir8u3bn,6933,true,2692,71,0,0,0,0,0,,0,0,180000000,180000000,0,0,0,ok,,
3272,,,,Project-MONAI__MONAI.a09c1f08.pr_5807.gir8u3bn,7,Project-MONAI__MONAI.a09c1f08.pr_5807.gir8u3bn,9696,true,202,67,0,0,0,0,0,,0,0,210000000,210000000,0,0,0,ok,,
3273,,,,Project-MONAI__MONAI.a09c1f08.pr_5807.gir8u3bn,8,Project-MONAI__MONAI.a09c1f08.pr_5807.gir8u3bn,9965,true,184,111,0,0,0,0,0,,0,0,240000000,240000000,0,0,0,ok,,
3274,,,,Project-MONAI__MONAI.a09c1f08.pr_5807.gir8u3bn,9,Project-MONAI__MONAI.a09c1f08.pr_5807.gir8u3bn,10260,true,3685,170,0,0,0,0,0,,0,0,270000000,270000000,0,0,0,ok,,
3275,,,,Project-MONAI__MONAI.a09c1f08.pr_5807.gir8u3bn,10,Project-MONAI__MONAI.a09c1f08.pr_5807.gir8u3bn,14115,true,23,35,0,0,0,0,0,,0,0,300000000,300000000,0,0,0,ok,,
3276,,,,Project-MONAI__MONAI.a09c1f08.pr_5807.gir8u3bn,11,Project-MONAI__MONAI.a09c1f08.pr_5807.gir8u3bn,14173,true,17,521,0,0,0,0,0,,0,0,330000000,330000000,0,0,0,ok,,
3277,,,,Project-MONAI__MONAI.a09c1f08.pr_5807.gir8u3bn,12,Project-MONAI__MONAI.a09c1f08.pr_5807.gir8u3bn,14711,true,577,32,0,0,0,0,0,,0,0,360000000,360000000,0,0,0,ok,,
3278,,,,Project-MONAI__MONAI.a09c1f08.pr_5807.gir8u3bn,13,Project-MONAI__MONAI.a09c1f08.pr_5807.gir8u3bn,15320,true,82,105,0,0,0,0,0,,0,0,390000000,390000000,0,0,0,ok,,
3279,,,,Project-MONAI__MONAI.a09c1f08.pr_5807.gir8u3bn,14,Project-MONAI__MONAI.a09c1f08.pr_5807.gir8u3bn,15507,true,175,69,0,0,0,0,0,,0,0,420000000,420000000,0,0,0,ok,,
3280,,,,Project-MONAI__MONAI.a09c1f08.pr_5807.gir8u3bn,15,Project-MONAI__MONAI.a09c1f08.pr_5807.gir8u3bn,15751,true,276,69,0,0,0,0,0,,0,0,450000000,450000000,0,0,0,ok,,
3281,,,,Project-MONAI__MONAI.a09c1f08.pr_5807.gir8u3bn,16,Project-MONAI__MONAI.a09c1f08.pr_5807.gir8u3bn,16096,true,1000,400,0,0,0,0,0,,0,0,480000000,480000000,0,0,0,ok,,
3282,,,,Project-MONAI__MONAI.a09c1f08.pr_5807.gir8u3bn,17,Project-MONAI__MONAI.a09c1f08.pr_5807.gir8u3bn,17496,true,350,71,0,0,0,0,0,,0,0,510000000,510000000,0,0,0,ok,,
3283,,,,Project-MONAI__MONAI.a09c1f08.pr_5807.gir8u3bn,18,Project-MONAI__MONAI.a09c1f08.pr_5807.gir8u3bn,17917,true,424,91,0,0,0,0,0,,0,0,540000000,540000000,0,0,0,ok,,
3284,,,,Project-MONAI__MONAI.a09c1f08.pr_5807.gir8u3bn,19,Project-MONAI__MONAI.a09c1f08.pr_5807.gir8u3bn,18432,true,263,92,0,0,0,0,0,,0,0,570000000,570000000,0,0,0,ok,,
3285,,,,Project-MONAI__MONAI.a09c1f08.pr_5807.gir8u3bn,20,Project-MONAI__MONAI.a09c1f08.pr_5807.gir8u3bn,18787,true,212,113,0,0,0,0,0,,0,0,600000000,600000000,0,0,0,ok,,
3286,,,,Project-MONAI__MONAI.a09c1f08.pr_5807.gir8u3bn,21,Project-MONAI__MONAI.a09c1f08.pr_5807.gir8u3bn,19112,true,333,102,0,0,0,0,0,,0,0,630000000,630000000,0,0,0,ok,,
3287,,,,Project-MONAI__MONAI.a09c1f08.pr_5807.gir8u3bn,22,Project-MONAI__MONAI.a09c1f08.pr_5807.gir8u3bn,19547,true,303,289,0,0,0,0,0,,0,0,660000000,660000000,0,0,0,ok,,
3288,,,,Project-MONAI__MONAI.a09c1f08.pr_5807.gir8u3bn,23,Project-MONAI__MONAI.a09c1f08.pr_5807.gir8u3bn,20139,true,291,877,0,0,0,0,0,,0,0,690000000,690000000,0,0,0,ok,,
3289,,,,Project-MONAI__MONAI.a09c1f08.pr_5807.gir8u3bn,24,Project-MONAI__MONAI.a09c1f08.pr_5807.gir8u3bn,21307,true,921,40,0,0,0,0,0,,0,0,720000000,720000000,0,0,0,ok,,
3290,,,,Project-MONAI__MONAI.a09c1f08.pr_5807.gir8u3bn,25,Project-MONAI__MONAI.a09c1f08.pr_5807.gir8u3bn,22268,true,155,150,0,0,0,0,0,,0,0,750000000,750000000,0,0,0,ok,,
3291,,,,Project-MONAI__MONAI.a09c1f08.pr_5807.gir8u3bn,26,Project-MONAI__MONAI.a09c1f08.pr_5807.gir8u3bn,22573,true,2537,36,0,0,0,0,0,,0,0,780000000,780000000,0,0,0,ok,,
3292,,,,Project-MONAI__MONAI.a09c1f08.pr_5807.gir8u3bn,27,Project-MONAI__MONAI.a09c1f08.pr_5807.gir8u3bn,25146,true,20,7,0,0,0,0,0,,0,0,810000000,810000000,0,0,0,ok,,
3293,,,,marshmallow-code__apispec.8b421526.35.jrlclqql,0,swe_smith_system_prompt,978,true,904,75,0,0,0,0,0,,0,0,0,0,0,0,0,ok,,
3294,,,,marshmallow-code__apispec.8b421526.35.jrlclqql,1,marshmallow-code__apispec.8b421526.35.jrlclqql,1957,true,423,52,0,0,0,0,0,,0,0,30000000,30000000,0,0,0,ok,,
3295,,,,marshmallow-code__apispec.8b421526.35.jrlclqql,2,marshmallow-code__apispec.8b421526.35.jrlclqql,2432,true,156,59,0,0,0,0,0,,0,0,60000000,60000000,0,0,0,ok,,
3296,,,,marshmallow-code__apispec.8b421526.35.jrlclqql,3,marshmallow-code__apispec.8b421526.35.jrlclqql,2647,true,143,67,0,0,0,0,0,,0,0,90000000,90000000,0,0,0,ok,,
3297,,,,marshmallow-code__apispec.8b421526.35.jrlclqql,4,marshmallow-code__apispec.8b421526.35.jrlclqql,2857,true,6669,55,0,0,0,0,0,,0,0,120000000,120000000,0,0,0,ok,,
3298,,,,marshmallow-code__apispec.8b421526.35.jrlclqql,5,marshmallow-code__apispec.8b421526.35.jrlclqql,9581,true,84,73,0,0,0,0,0,,0,0,150000000,150000000,0,0,0,ok,,
3299,,,,marshmallow-code__apispec.8b421526.35.jrlclqql,6,marshmallow-code__apispec.8b421526.35.jrlclqql,9738,true,400,61,0,0,0,0,0,,0,0,180000000,180000000,0,0,0,ok,,
3300,,,,marshmallow-code__apispec.8b421526.35.jrlclqql,7,marshmallow-code__apispec.8b421526.35.jrlclqql,10199,true,44,51,0,0,0,0,0,,0,0,210000000,210000000,0,0,0,ok,,
3301,,,,marshmallow-code__apispec.8b421526.35.jrlclqql,8,marshmallow-code__apispec.8b421526.35.jrlclqql,10294,true,93,486,0,0,0,0,0,,0,0,240000000,240000000,0,0,0,ok,,
3302,,,,marshmallow-code__apispec.8b421526.35.jrlclqql,9,marshmallow-code__apispec.8b421526.35.jrlclqql,10873,true,25,24,0,0,0,0,0,,0,0,270000000,270000000,0,0,0,ok,,
3303,,,,marshmallow-code__apispec.8b421526.35.jrlclqql,10,marshmallow-code__apispec.8b421526.35.jrlclqql,10922,true,180,807,0,0,0,0,0,,0,0,300000000,300000000,0,0,0,ok,,
3304,,,,marshmallow-code__apispec.8b421526.35.jrlclqql,11,marshmallow-code__apispec.8b421526.35.jrlclqql,11909,true,508,38,0,0,0,0,0,,0,0,330000000,330000000,0,0,0,ok,,
3305,,,,marshmallow-code__apispec.8b421526.35.jrlclqql,12,marshmallow-code__apispec.8b421526.35.jrlclqql,12455,true,180,298,0,0,0,0,0,,0,0,360000000,360000000,0,0,0,ok,,
3306,,,,marshmallow-code__apispec.8b421526.35.jrlclqql,13,marshmallow-code__apispec.8b421526.35.jrlclqql,12933,true,300,34,0,0,0,0,0,,0,0,390000000,390000000,0,0,0,ok,,
3307,,,,marshmallow-code__apispec.8b421526.35.jrlclqql,14,marshmallow-code__apispec.8b421526.35.jrlclqql,13267,true,180,311,0,0,0,0,0,,0,0,420000000,420000000,0,0,0,ok,,
3308,,,,rustedpy__result.0b855e1e.28.7uo8of9j,0,swe_smith_system_prompt,978,true,810,70,0,0,0,0,0,,0,0,0,0,0,0,0,ok,,
3309,,,,rustedpy__result.0b855e1e.28.7uo8of9j,1,rustedpy__result.0b855e1e.28.7uo8of9j,1858,true,215,48,0,0,0,0,0,,0,0,30000000,30000000,0,0,0,ok,,
3310,,,,rustedpy__result.0b855e1e.28.7uo8of9j,2,rustedpy__result.0b855e1e.28.7uo8of9j,2121,true,76,44,0,0,0,0,0,,0,0,60000000,60000000,0,0,0,ok,,
3311,,,,rustedpy__result.0b855e1e.28.7uo8of9j,3,rustedpy__result.0b855e1e.28.7uo8of9j,2241,true,7039,42,0,0,0,0,0,,0,0,90000000,90000000,0,0,0,ok,,
3312,,,,rustedpy__result.0b855e1e.28.7uo8of9j,4,rustedpy__result.0b855e1e.28.7uo8of9j,9322,true,27,65,0,0,0,0,0,,0,0,120000000,120000000,0,0,0,ok,,
3313,,,,rustedpy__result.0b855e1e.28.7uo8of9j,5,rustedpy__result.0b855e1e.28.7uo8of9j,9414,true,160,218,0,0,0,0,0,,0,0,150000000,150000000,0,0,0,ok,,
3314,,,,rustedpy__result.0b855e1e.28.7uo8of9j,6,rustedpy__result.0b855e1e.28.7uo8of9j,9792,true,21,25,0,0,0,0,0,,0,0,180000000,180000000,0,0,0,ok,,
3315,,,,rustedpy__result.0b855e1e.28.7uo8of9j,7,rustedpy__result.0b855e1e.28.7uo8of9j,9838,true,112,193,0,0,0,0,0,,0,0,210000000,210000000,0,0,0,ok,,
3316,,,,rustedpy__result.0b855e1e.28.7uo8of9j,8,rustedpy__result.0b855e1e.28.7uo8of9j,10143,true,204,96,0,0,0,0,0,,0,0,240000000,240000000,0,0,0,ok,,
3317,,,,rustedpy__result.0b855e1e.28.7uo8of9j,9,rustedpy__result.0b855e1e.28.7uo8of9j,10443,true,108,351,0,0,0,0,0,,0,0,270000000,270000000,0,0,0,ok,,
3318,,,,rustedpy__result.0b855e1e.28.7uo8of9j,10,rustedpy__result.0b855e1e.28.7uo8of9j,10902,true,21,22,0,0,0,0,0,,0,0,300000000,300000000,0,0,0,ok,,
3319,,,,rustedpy__result.0b855e1e.28.7uo8of9j,11,rustedpy__result.0b855e1e.28.7uo8of9j,10945,true,139,232,0,0,0,0,0,,0,0,330000000,330000000,0,0,0,ok,,
3320,,,,pyupio__safety.7654596b.pr_645.jsb37rfi,0,swe_smith_system_prompt,978,true,835,101,0,0,0,0,0,,0,0,0,0,0,0,0,ok,,
3321,,,,pyupio__safety.7654596b.pr_645.jsb37rfi,1,pyupio__safety.7654596b.pr_645.jsb37rfi,1914,true,112,77,0,0,0,0,0,,0,0,30000000,30000000,0,0,0,ok,,
3322,,,,pyupio__safety.7654596b.pr_645.jsb37rfi,2,pyupio__safety.7654596b.pr_645.jsb37rfi,2103,true,6752,58,0,0,0,0,0,,0,0,60000000,60000000,0,0,0,ok,,
3323,,,,pyupio__safety.7654596b.pr_645.jsb37rfi,3,pyupio__safety.7654596b.pr_645.jsb37rfi,8913,true,578,248,0,0,0,0,0,,0,0,90000000,90000000,0,0,0,ok,,
3324,,,,pyupio__safety.7654596b.pr_645.jsb37rfi,4,pyupio__safety.7654596b.pr_645.jsb37rfi,9739,true,23,36,0,0,0,0,0,,0,0,120000000,120000000,0,0,0,ok,,
3325,,,,pyupio__safety.7654596b.pr_645.jsb37rfi,5,pyupio__safety.7654596b.pr_645.jsb37rfi,9798,true,11,341,0,0,0,0,0,,0,0,150000000,150000000,0,0,0,ok,,
3326,,,,pyupio__safety.7654596b.pr_645.jsb37rfi,6,pyupio__safety.7654596b.pr_645.jsb37rfi,10150,true,323,56,0,0,0,0,0,,0,0,180000000,180000000,0,0,0,ok,,
3327,,,,pyupio__safety.7654596b.pr_645.jsb37rfi,7,pyupio__safety.7654596b.pr_645.jsb37rfi,10529,true,11,574,0,0,0,0,0,,0,0,210000000,210000000,0,0,0,ok,,
3328,,,,pyupio__safety.7654596b.pr_645.jsb37rfi,8,pyupio__safety.7654596b.pr_645.jsb37rfi,11114,true,23,32,0,0,0,0,0,,0,0,240000000,240000000,0,0,0,ok,,
3329,,,,pyupio__safety.7654596b.pr_645.jsb37rfi,9,pyupio__safety.7654596b.pr_645.jsb37rfi,11169,true,137,300,0,0,0,0,0,,0,0,270000000,270000000,0,0,0,ok,,
3330,,,,pyupio__safety.7654596b.pr_645.jsb37rfi,10,pyupio__safety.7654596b.pr_645.jsb37rfi,11606,true,356,42,0,0,0,0,0,,0,0,300000000,300000000,0,0,0,ok,,
3331,,,,pyupio__safety.7654596b.pr_645.jsb37rfi,11,pyupio__safety.7654596b.pr_645.jsb37rfi,12004,true,117,136,0,0,0,0,0,,0,0,330000000,330000000,0,0,0,ok,,
3332,,,,pyupio__safety.7654596b.pr_645.jsb37rfi,12,pyupio__safety.7654596b.pr_645.jsb37rfi,12257,true,11,223,0,0,0,0,0,,0,0,360000000,360000000,0,0,0,ok,,
3333,,,,pyupio__safety.7654596b.pr_645.jsb37rfi,13,pyupio__safety.7654596b.pr_645.jsb37rfi,12491,true,1476,40,0,0,0,0,0,,0,0,390000000,390000000,0,0,0,ok,,
3334,,,,pyupio__safety.7654596b.pr_645.jsb37rfi,14,pyupio__safety.7654596b.pr_645.jsb37rfi,14007,true,20,13,0,0,0,0,0,,0,0,420000000,420000000,0,0,0,ok,,
3335,,,,Project-MONAI__MONAI.a09c1f08.pr_3619.7e6hosa8,0,swe_smith_system_prompt,978,true,1424,39,0,0,0,0,0,,0,0,0,0,0,0,0,ok,,
3336,,,,Project-MONAI__MONAI.a09c1f08.pr_3619.7e6hosa8,1,Project-MONAI__MONAI.a09c1f08.pr_3619.7e6hosa8,2441,true,29,28,0,0,0,0,0,,0,0,30000000,30000000,0,0,0,ok,,
3337,,,,Project-MONAI__MONAI.a09c1f08.pr_3619.7e6hosa8,2,Project-MONAI__MONAI.a09c1f08.pr_3619.7e6hosa8,2498,true,853,31,0,0,0,0,0,,0,0,60000000,60000000,0,0,0,ok,,
3338,,,,Project-MONAI__MONAI.a09c1f08.pr_3619.7e6hosa8,3,Project-MONAI__MONAI.a09c1f08.pr_3619.7e6hosa8,3382,true,319,33,0,0,0,0,0,,0,0,90000000,90000000,0,0,0,ok,,
3339,,,,Project-MONAI__MONAI.a09c1f08.pr_3619.7e6hosa8,4,Project-MONAI__MONAI.a09c1f08.pr_3619.7e6hosa8,3734,true,5486,45,0,0,0,0,0,,0,0,120000000,120000000,0,0,0,ok,,
3340,,,,Project-MONAI__MONAI.a09c1f08.pr_3619.7e6hosa8,5,Project-MONAI__MONAI.a09c1f08.pr_3619.7e6hosa8,9265,true,1227,295,0,0,0,0,0,,0,0,150000000,150000000,0,0,0,ok,,
3341,,,,Project-MONAI__MONAI.a09c1f08.pr_3619.7e6hosa8,6,Project-MONAI__MONAI.a09c1f08.pr_3619.7e6hosa8,10787,true,65,101,0,0,0,0,0,,0,0,180000000,180000000,0,0,0,ok,,
3342,,,,Project-MONAI__MONAI.a09c1f08.pr_3619.7e6hosa8,7,Project-MONAI__MONAI.a09c1f08.pr_3619.7e6hosa8,10953,true,96,120,0,0,0,0,0,,0,0,210000000,210000000,0,0,0,ok,,
3343,,,,Project-MONAI__MONAI.a09c1f08.pr_3619.7e6hosa8,8,Project-MONAI__MONAI.a09c1f08.pr_3619.7e6hosa8,11169,true,65,98,0,0,0,0,0,,0,0,240000000,240000000,0,0,0,ok,,
3344,,,,Project-MONAI__MONAI.a09c1f08.pr_3619.7e6hosa8,9,Project-MONAI__MONAI.a09c1f08.pr_3619.7e6hosa8,11332,true,79,140,0,0,0,0,0,,0,0,270000000,270000000,0,0,0,ok,,
3345,,,,Project-MONAI__MONAI.a09c1f08.pr_3619.7e6hosa8,10,Project-MONAI__MONAI.a09c1f08.pr_3619.7e6hosa8,11551,true,293,162,0,0,0,0,0,,0,0,300000000,300000000,0,0,0,ok,,
3346,,,,Project-MONAI__MONAI.a09c1f08.pr_3619.7e6hosa8,11,Project-MONAI__MONAI.a09c1f08.pr_3619.7e6hosa8,12006,true,23,23,0,0,0,0,0,,0,0,330000000,330000000,0,0,0,ok,,
3347,,,,Project-MONAI__MONAI.a09c1f08.pr_3619.7e6hosa8,12,Project-MONAI__MONAI.a09c1f08.pr_3619.7e6hosa8,12052,true,379,261,0,0,0,0,0,,0,0,360000000,360000000,0,0,0,ok,,
3348,,,,Project-MONAI__MONAI.a09c1f08.pr_3619.7e6hosa8,13,Project-MONAI__MONAI.a09c1f08.pr_3619.7e6hosa8,12692,true,303,23,0,0,0,0,0,,0,0,390000000,390000000,0,0,0,ok,,
3349,,,,Project-MONAI__MONAI.a09c1f08.pr_3619.7e6hosa8,14,Project-MONAI__MONAI.a09c1f08.pr_3619.7e6hosa8,13018,true,387,309,0,0,0,0,0,,0,0,420000000,420000000,0,0,0,ok,,
3350,,,,Project-MONAI__MONAI.a09c1f08.pr_3619.7e6hosa8,15,Project-MONAI__MONAI.a09c1f08.pr_3619.7e6hosa8,13714,true,313,23,0,0,0,0,0,,0,0,450000000,450000000,0,0,0,ok,,
3351,,,,Project-MONAI__MONAI.a09c1f08.pr_3619.7e6hosa8,16,Project-MONAI__MONAI.a09c1f08.pr_3619.7e6hosa8,14050,true,357,328,0,0,0,0,0,,0,0,480000000,480000000,0,0,0,ok,,
3352,,,,Project-MONAI__MONAI.a09c1f08.pr_3619.7e6hosa8,17,Project-MONAI__MONAI.a09c1f08.pr_3619.7e6hosa8,14735,true,333,23,0,0,0,0,0,,0,0,510000000,510000000,0,0,0,ok,,
3353,,,,Project-MONAI__MONAI.a09c1f08.pr_3619.7e6hosa8,18,Project-MONAI__MONAI.a09c1f08.pr_3619.7e6hosa8,15091,true,20,7,0,0,0,0,0,,0,0,540000000,540000000,0,0,0,ok,,
3354,,,,sunpy__sunpy.f8edfd5c.func_pm_ctrl_shuffle__tvmt6zah.6x34tk7f,0,swe_smith_system_prompt,978,true,828,103,0,0,0,0,0,,0,0,0,0,0,0,0,ok,,
3355,,,,sunpy__sunpy.f8edfd5c.func_pm_ctrl_shuffle__tvmt6zah.6x34tk7f,1,sunpy__sunpy.f8edfd5c.func_pm_ctrl_shuffle__tvmt6zah.6x34tk7f,1909,true,6992,53,0,0,0,0,0,,0,0,30000000,30000000,0,0,0,ok,,
3356,,,,sunpy__sunpy.f8edfd5c.func_pm_ctrl_shuffle__tvmt6zah.6x34tk7f,2,sunpy__sunpy.f8edfd5c.func_pm_ctrl_shuffle__tvmt6zah.6x34tk7f,8954,true,62,53,0,0,0,0,0,,0,0,60000000,60000000,0,0,0,ok,,
3357,,,,sunpy__sunpy.f8edfd5c.func_pm_ctrl_shuffle__tvmt6zah.6x34tk7f,3,sunpy__sunpy.f8edfd5c.func_pm_ctrl_shuffle__tvmt6zah.6x34tk7f,9069,true,2088,159,0,0,0,0,0,,0,0,90000000,90000000,0,0,0,ok,,
3358,,,,sunpy__sunpy.f8edfd5c.func_pm_ctrl_shuffle__tvmt6zah.6x34tk7f,4,sunpy__sunpy.f8edfd5c.func_pm_ctrl_shuffle__tvmt6zah.6x34tk7f,11316,true,559,329,0,0,0,0,0,,0,0,120000000,120000000,0,0,0,ok,,
3359,,,,sunpy__sunpy.f8edfd5c.func_pm_ctrl_shuffle__tvmt6zah.6x34tk7f,5,sunpy__sunpy.f8edfd5c.func_pm_ctrl_shuffle__tvmt6zah.6x34tk7f,12204,true,23,35,0,0,0,0,0,,0,0,150000000,150000000,0,0,0,ok,,
3360,,,,sunpy__sunpy.f8edfd5c.func_pm_ctrl_shuffle__tvmt6zah.6x34tk7f,6,sunpy__sunpy.f8edfd5c.func_pm_ctrl_shuffle__tvmt6zah.6x34tk7f,12262,true,39,397,0,0,0,0,0,,0,0,180000000,180000000,0,0,0,ok,,
3361,,,,sunpy__sunpy.f8edfd5c.func_pm_ctrl_shuffle__tvmt6zah.6x34tk7f,7,sunpy__sunpy.f8edfd5c.func_pm_ctrl_shuffle__tvmt6zah.6x34tk7f,12698,true,374,100,0,0,0,0,0,,0,0,210000000,210000000,0,0,0,ok,,
3362,,,,sunpy__sunpy.f8edfd5c.func_pm_ctrl_shuffle__tvmt6zah.6x34tk7f,8,sunpy__sunpy.f8edfd5c.func_pm_ctrl_shuffle__tvmt6zah.6x34tk7f,13172,true,52,811,0,0,0,0,0,,0,0,240000000,240000000,0,0,0,ok,,
3363,,,,sunpy__sunpy.f8edfd5c.func_pm_ctrl_shuffle__tvmt6zah.6x34tk7f,9,sunpy__sunpy.f8edfd5c.func_pm_ctrl_shuffle__tvmt6zah.6x34tk7f,14035,true,819,38,0,0,0,0,0,,0,0,270000000,270000000,0,0,0,ok,,
3364,,,,sunpy__sunpy.f8edfd5c.func_pm_ctrl_shuffle__tvmt6zah.6x34tk7f,10,sunpy__sunpy.f8edfd5c.func_pm_ctrl_shuffle__tvmt6zah.6x34tk7f,14892,true,227,508,0,0,0,0,0,,0,0,300000000,300000000,0,0,0,ok,,
3365,,,,sunpy__sunpy.f8edfd5c.func_pm_ctrl_shuffle__tvmt6zah.6x34tk7f,11,sunpy__sunpy.f8edfd5c.func_pm_ctrl_shuffle__tvmt6zah.6x34tk7f,15627,true,381,95,0,0,0,0,0,,0,0,330000000,330000000,0,0,0,ok,,
3366,,,,sunpy__sunpy.f8edfd5c.func_pm_ctrl_shuffle__tvmt6zah.6x34tk7f,12,sunpy__sunpy.f8edfd5c.func_pm_ctrl_shuffle__tvmt6zah.6x34tk7f,16103,true,226,276,0,0,0,0,0,,0,0,360000000,360000000,0,0,0,ok,,
3367,,,,sunpy__sunpy.f8edfd5c.func_pm_ctrl_shuffle__tvmt6zah.6x34tk7f,13,sunpy__sunpy.f8edfd5c.func_pm_ctrl_shuffle__tvmt6zah.6x34tk7f,16605,true,356,415,0,0,0,0,0,,0,0,390000000,390000000,0,0,0,ok,,
3368,,,,sunpy__sunpy.f8edfd5c.func_pm_ctrl_shuffle__tvmt6zah.6x34tk7f,14,sunpy__sunpy.f8edfd5c.func_pm_ctrl_shuffle__tvmt6zah.6x34tk7f,17376,true,24,38,0,0,0,0,0,,0,0,420000000,420000000,0,0,0,ok,,
3369,,,,sunpy__sunpy.f8edfd5c.func_pm_ctrl_shuffle__tvmt6zah.6x34tk7f,15,sunpy__sunpy.f8edfd5c.func_pm_ctrl_shuffle__tvmt6zah.6x34tk7f,17438,true,113,300,0,0,0,0,0,,0,0,450000000,450000000,0,0,0,ok,,
3370,,,,sunpy__sunpy.f8edfd5c.func_pm_ctrl_shuffle__tvmt6zah.6x34tk7f,16,sunpy__sunpy.f8edfd5c.func_pm_ctrl_shuffle__tvmt6zah.6x34tk7f,17851,true,1923,40,0,0,0,0,0,,0,0,480000000,480000000,0,0,0,ok,,
3371,,,,sunpy__sunpy.f8edfd5c.func_pm_ctrl_shuffle__tvmt6zah.6x34tk7f,17,sunpy__sunpy.f8edfd5c.func_pm_ctrl_shuffle__tvmt6zah.6x34tk7f,19814,true,20,13,0,0,0,0,0,,0,0,510000000,510000000,0,0,0,ok,,
3372,,,,getmoto__moto.694ce1f4.pr_5706.1yunigzy,0,swe_smith_system_prompt,978,true,1886,63,0,0,0,0,0,,0,0,0,0,0,0,0,ok,,
3373,,,,getmoto__moto.694ce1f4.pr_5706.1yunigzy,1,getmoto__moto.694ce1f4.pr_5706.1yunigzy,2927,true,472,87,0,0,0,0,0,,0,0,30000000,30000000,0,0,0,ok,,
3374,,,,getmoto__moto.694ce1f4.pr_5706.1yunigzy,2,getmoto__moto.694ce1f4.pr_5706.1yunigzy,3486,true,4583,61,0,0,0,0,0,,0,0,60000000,60000000,0,0,0,ok,,
3375,,,,getmoto__moto.694ce1f4.pr_5706.1yunigzy,3,getmoto__moto.694ce1f4.pr_5706.1yunigzy,8130,true,407,44,0,0,0,0,0,,0,0,90000000,90000000,0,0,0,ok,,
3376,,,,getmoto__moto.694ce1f4.pr_5706.1yunigzy,4,getmoto__moto.694ce1f4.pr_5706.1yunigzy,8581,true,91,44,0,0,0,0,0,,0,0,120000000,120000000,0,0,0,ok,,
3377,,,,getmoto__moto.694ce1f4.pr_5706.1yunigzy,5,getmoto__moto.694ce1f4.pr_5706.1yunigzy,8716,true,1081,383,0,0,0,0,0,,0,0,150000000,150000000,0,0,0,ok,,
3378,,,,getmoto__moto.694ce1f4.pr_5706.1yunigzy,6,getmoto__moto.694ce1f4.pr_5706.1yunigzy,10180,true,21,32,0,0,0,0,0,,0,0,180000000,180000000,0,0,0,ok,,
3379,,,,getmoto__moto.694ce1f4.pr_5706.1yunigzy,7,getmoto__moto.694ce1f4.pr_5706.1yunigzy,10233,true,80,79,0,0,0,0,0,,0,0,210000000,210000000,0,0,0,ok,,
3380,,,,getmoto__moto.694ce1f4.pr_5706.1yunigzy,8,getmoto__moto.694ce1f4.pr_5706.1yunigzy,10392,true,123,55,0,0,0,0,0,,0,0,240000000,240000000,0,0,0,ok,,
3381,,,,getmoto__moto.694ce1f4.pr_5706.1yunigzy,9,getmoto__moto.694ce1f4.pr_5706.1yunigzy,10570,true,148,23,0,0,0,0,0,,0,0,270000000,270000000,0,0,0,ok,,
3382,,,,getmoto__moto.694ce1f4.pr_5706.1yunigzy,10,getmoto__moto.694ce1f4.pr_5706.1yunigzy,10741,true,61,334,0,0,0,0,0,,0,0,300000000,300000000,0,0,0,ok,,
3383,,,,getmoto__moto.694ce1f4.pr_5706.1yunigzy,11,getmoto__moto.694ce1f4.pr_5706.1yunigzy,11136,true,364,294,0,0,0,0,0,,0,0,330000000,330000000,0,0,0,ok,,
3384,,,,jawah__charset_normalizer.1fdd6463.9.idtait2b,0,swe_smith_system_prompt,978,true,936,82,0,0,0,0,0,,0,0,0,0,0,0,0,ok,,
3385,,,,jawah__charset_normalizer.1fdd6463.9.idtait2b,1,jawah__charset_normalizer.1fdd6463.9.idtait2b,1996,true,5296,413,0,0,0,0,0,,0,0,30000000,30000000,0,0,0,ok,,
3386,,,,jawah__charset_normalizer.1fdd6463.9.idtait2b,2,jawah__charset_normalizer.1fdd6463.9.idtait2b,7705,true,23,32,0,0,0,0,0,,0,0,60000000,60000000,0,0,0,ok,,
3387,,,,jawah__charset_normalizer.1fdd6463.9.idtait2b,3,jawah__charset_normalizer.1fdd6463.9.idtait2b,7760,true,269,381,0,0,0,0,0,,0,0,90000000,90000000,0,0,0,ok,,
3388,,,,jawah__charset_normalizer.1fdd6463.9.idtait2b,4,jawah__charset_normalizer.1fdd6463.9.idtait2b,8410,true,359,143,0,0,0,0,0,,0,0,120000000,120000000,0,0,0,ok,,
3389,,,,jawah__charset_normalizer.1fdd6463.9.idtait2b,5,jawah__charset_normalizer.1fdd6463.9.idtait2b,8912,true,143,33,0,0,0,0,0,,0,0,150000000,150000000,0,0,0,ok,,
3390,,,,dask__dask.5f61e423.pr_10521.zgrzhlkb,0,swe_smith_system_prompt,978,true,708,76,0,0,0,0,0,,0,0,0,0,0,0,0,ok,,
3391,,,,dask__dask.5f61e423.pr_10521.zgrzhlkb,1,dask__dask.5f61e423.pr_10521.zgrzhlkb,1762,true,24,53,0,0,0,0,0,,0,0,30000000,30000000,0,0,0,ok,,
3392,,,,dask__dask.5f61e423.pr_10521.zgrzhlkb,2,dask__dask.5f61e423.pr_10521.zgrzhlkb,1839,true,3010,63,0,0,0,0,0,,0,0,60000000,60000000,0,0,0,ok,,
3393,,,,dask__dask.5f61e423.pr_10521.zgrzhlkb,3,dask__dask.5f61e423.pr_10521.zgrzhlkb,4912,true,91,43,0,0,0,0,0,,0,0,90000000,90000000,0,0,0,ok,,
3394,,,,dask__dask.5f61e423.pr_10521.zgrzhlkb,4,dask__dask.5f61e423.pr_10521.zgrzhlkb,5046,true,531,142,0,0,0,0,0,,0,0,120000000,120000000,0,0,0,ok,,
3395,,,,dask__dask.5f61e423.pr_10521.zgrzhlkb,5,dask__dask.5f61e423.pr_10521.zgrzhlkb,5719,true,21,34,0,0,0,0,0,,0,0,150000000,150000000,0,0,0,ok,,
3396,,,,dask__dask.5f61e423.pr_10521.zgrzhlkb,6,dask__dask.5f61e423.pr_10521.zgrzhlkb,5774,true,60,217,0,0,0,0,0,,0,0,180000000,180000000,0,0,0,ok,,
3397,,,,dask__dask.5f61e423.pr_10521.zgrzhlkb,7,dask__dask.5f61e423.pr_10521.zgrzhlkb,6051,true,189,38,0,0,0,0,0,,0,0,210000000,210000000,0,0,0,ok,,
3398,,,,dask__dask.5f61e423.pr_10521.zgrzhlkb,8,dask__dask.5f61e423.pr_10521.zgrzhlkb,6278,true,61,499,0,0,0,0,0,,0,0,240000000,240000000,0,0,0,ok,,
3399,,,,dask__dask.5f61e423.pr_10521.zgrzhlkb,9,dask__dask.5f61e423.pr_10521.zgrzhlkb,6838,true,21,23,0,0,0,0,0,,0,0,270000000,270000000,0,0,0,ok,,
3400,,,,dask__dask.5f61e423.pr_10521.zgrzhlkb,10,dask__dask.5f61e423.pr_10521.zgrzhlkb,6882,true,115,36,0,0,0,0,0,,0,0,300000000,300000000,0,0,0,ok,,
3401,,,,kurtmckee__feedparser.cad965a3.lm_rewrite__o7g3k0fq.w1ud10dn,0,swe_smith_system_prompt,978,true,831,108,0,0,0,0,0,,0,0,0,0,0,0,0,ok,,
3402,,,,kurtmckee__feedparser.cad965a3.lm_rewrite__o7g3k0fq.w1ud10dn,1,kurtmckee__feedparser.cad965a3.lm_rewrite__o7g3k0fq.w1ud10dn,1917,true,674,66,0,0,0,0,0,,0,0,30000000,30000000,0,0,0,ok,,
3403,,,,kurtmckee__feedparser.cad965a3.lm_rewrite__o7g3k0fq.w1ud10dn,2,kurtmckee__feedparser.cad965a3.lm_rewrite__o7g3k0fq.w1ud10dn,2657,true,1168,61,0,0,0,0,0,,0,0,60000000,60000000,0,0,0,ok,,
3404,,,,kurtmckee__feedparser.cad965a3.lm_rewrite__o7g3k0fq.w1ud10dn,3,kurtmckee__feedparser.cad965a3.lm_rewrite__o7g3k0fq.w1ud10dn,3886,true,4652,68,0,0,0,0,0,,0,0,90000000,90000000,0,0,0,ok,,
3405,,,,kurtmckee__feedparser.cad965a3.lm_rewrite__o7g3k0fq.w1ud10dn,4,kurtmckee__feedparser.cad965a3.lm_rewrite__o7g3k0fq.w1ud10dn,8606,true,249,63,0,0,0,0,0,,0,0,120000000,120000000,0,0,0,ok,,
3406,,,,kurtmckee__feedparser.cad965a3.lm_rewrite__o7g3k0fq.w1ud10dn,5,kurtmckee__feedparser.cad965a3.lm_rewrite__o7g3k0fq.w1ud10dn,8918,true,313,274,0,0,0,0,0,,0,0,150000000,150000000,0,0,0,ok,,
3407,,,,kurtmckee__feedparser.cad965a3.lm_rewrite__o7g3k0fq.w1ud10dn,6,kurtmckee__feedparser.cad965a3.lm_rewrite__o7g3k0fq.w1ud10dn,9505,true,24,36,0,0,0,0,0,,0,0,180000000,180000000,0,0,0,ok,,
3408,,,,kurtmckee__feedparser.cad965a3.lm_rewrite__o7g3k0fq.w1ud10dn,7,kurtmckee__feedparser.cad965a3.lm_rewrite__o7g3k0fq.w1ud10dn,9565,true,85,271,0,0,0,0,0,,0,0,210000000,210000000,0,0,0,ok,,
3409,,,,kurtmckee__feedparser.cad965a3.lm_rewrite__o7g3k0fq.w1ud10dn,8,kurtmckee__feedparser.cad965a3.lm_rewrite__o7g3k0fq.w1ud10dn,9921,true,304,87,0,0,0,0,0,,0,0,240000000,240000000,0,0,0,ok,,
3410,,,,kurtmckee__feedparser.cad965a3.lm_rewrite__o7g3k0fq.w1ud10dn,9,kurtmckee__feedparser.cad965a3.lm_rewrite__o7g3k0fq.w1ud10dn,10312,true,100,693,0,0,0,0,0,,0,0,270000000,270000000,0,0,0,ok,,
3411,,,,kurtmckee__feedparser.cad965a3.lm_rewrite__o7g3k0fq.w1ud10dn,10,kurtmckee__feedparser.cad965a3.lm_rewrite__o7g3k0fq.w1ud10dn,11105,true,24,33,0,0,0,0,0,,0,0,300000000,300000000,0,0,0,ok,,
3412,,,,kurtmckee__feedparser.cad965a3.lm_rewrite__o7g3k0fq.w1ud10dn,11,kurtmckee__feedparser.cad965a3.lm_rewrite__o7g3k0fq.w1ud10dn,11162,true,333,158,0,0,0,0,0,,0,0,330000000,330000000,0,0,0,ok,,
3413,,,,kurtmckee__feedparser.cad965a3.lm_rewrite__o7g3k0fq.w1ud10dn,12,kurtmckee__feedparser.cad965a3.lm_rewrite__o7g3k0fq.w1ud10dn,11653,true,1627,43,0,0,0,0,0,,0,0,360000000,360000000,0,0,0,ok,,
3414,,,,kurtmckee__feedparser.cad965a3.lm_rewrite__o7g3k0fq.w1ud10dn,13,kurtmckee__feedparser.cad965a3.lm_rewrite__o7g3k0fq.w1ud10dn,13323,true,20,7,0,0,0,0,0,,0,0,390000000,390000000,0,0,0,ok,,
3415,,,,tornadoweb__tornado.d5ac65c1.pr_3315.7l6jdt2a,0,swe_smith_system_prompt,978,true,1829,75,0,0,0,0,0,,0,0,0,0,0,0,0,ok,,
3416,,,,tornadoweb__tornado.d5ac65c1.pr_3315.7l6jdt2a,1,tornadoweb__tornado.d5ac65c1.pr_3315.7l6jdt2a,2882,true,1054,75,0,0,0,0,0,,0,0,30000000,30000000,0,0,0,ok,,
3417,,,,tornadoweb__tornado.d5ac65c1.pr_3315.7l6jdt2a,2,tornadoweb__tornado.d5ac65c1.pr_3315.7l6jdt2a,4011,true,3567,375,0,0,0,0,0,,0,0,60000000,60000000,0,0,0,ok,,
3418,,,,tornadoweb__tornado.d5ac65c1.pr_3315.7l6jdt2a,3,tornadoweb__tornado.d5ac65c1.pr_3315.7l6jdt2a,7953,true,23,36,0,0,0,0,0,,0,0,90000000,90000000,0,0,0,ok,,
3419,,,,tornadoweb__tornado.d5ac65c1.pr_3315.7l6jdt2a,4,tornadoweb__tornado.d5ac65c1.pr_3315.7l6jdt2a,8012,true,60,476,0,0,0,0,0,,0,0,120000000,120000000,0,0,0,ok,,
3420,,,,tornadoweb__tornado.d5ac65c1.pr_3315.7l6jdt2a,5,tornadoweb__tornado.d5ac65c1.pr_3315.7l6jdt2a,8548,true,286,907,0,0,0,0,0,,0,0,150000000,150000000,0,0,0,ok,,
3421,,,,tornadoweb__tornado.d5ac65c1.pr_3315.7l6jdt2a,6,tornadoweb__tornado.d5ac65c1.pr_3315.7l6jdt2a,9741,true,25,33,0,0,0,0,0,,0,0,180000000,180000000,0,0,0,ok,,
3422,,,,tornadoweb__tornado.d5ac65c1.pr_3315.7l6jdt2a,7,tornadoweb__tornado.d5ac65c1.pr_3315.7l6jdt2a,9799,true,382,49,0,0,0,0,0,,0,0,210000000,210000000,0,0,0,ok,,
3423,,,,pexpect__ptyprocess.1067dbda.func_pm_ctrl_shuffle__xib4ybaf.nnuejnkz,0,swe_smith_system_prompt,978,true,832,103,0,0,0,0,0,,0,0,0,0,0,0,0,ok,,
3424,,,,pexpect__ptyprocess.1067dbda.func_pm_ctrl_shuffle__xib4ybaf.nnuejnkz,1,pexpect__ptyprocess.1067dbda.func_pm_ctrl_shuffle__xib4ybaf.nnuejnkz,1913,true,118,49,0,0,0,0,0,,0,0,30000000,30000000,0,0,0,ok,,
3425,,,,pexpect__ptyprocess.1067dbda.func_pm_ctrl_shuffle__xib4ybaf.nnuejnkz,2,pexpect__ptyprocess.1067dbda.func_pm_ctrl_shuffle__xib4ybaf.nnuejnkz,2080,true,748,57,0,0,0,0,0,,0,0,60000000,60000000,0,0,0,ok,,
3426,,,,pexpect__ptyprocess.1067dbda.func_pm_ctrl_shuffle__xib4ybaf.nnuejnkz,3,pexpect__ptyprocess.1067dbda.func_pm_ctrl_shuffle__xib4ybaf.nnuejnkz,2885,true,2554,75,0,0,0,0,0,,0,0,90000000,90000000,0,0,0,ok,,
3427,,,,pexpect__ptyprocess.1067dbda.func_pm_ctrl_shuffle__xib4ybaf.nnuejnkz,4,pexpect__ptyprocess.1067dbda.func_pm_ctrl_shuffle__xib4ybaf.nnuejnkz,5514,true,373,46,0,0,0,0,0,,0,0,120000000,120000000,0,0,0,ok,,
3428,,,,pexpect__ptyprocess.1067dbda.func_pm_ctrl_shuffle__xib4ybaf.nnuejnkz,5,pexpect__ptyprocess.1067dbda.func_pm_ctrl_shuffle__xib4ybaf.nnuejnkz,5933,true,463,46,0,0,0,0,0,,0,0,150000000,150000000,0,0,0,ok,,
3429,,,,pexpect__ptyprocess.1067dbda.func_pm_ctrl_shuffle__xib4ybaf.nnuejnkz,6,pexpect__ptyprocess.1067dbda.func_pm_ctrl_shuffle__xib4ybaf.nnuejnkz,6442,true,610,57,0,0,0,0,0,,0,0,180000000,180000000,0,0,0,ok,,
3430,,,,pexpect__ptyprocess.1067dbda.func_pm_ctrl_shuffle__xib4ybaf.nnuejnkz,7,pexpect__ptyprocess.1067dbda.func_pm_ctrl_shuffle__xib4ybaf.nnuejnkz,7109,true,308,68,0,0,0,0,0,,0,0,210000000,210000000,0,0,0,ok,,
3431,,,,pexpect__ptyprocess.1067dbda.func_pm_ctrl_shuffle__xib4ybaf.nnuejnkz,8,pexpect__ptyprocess.1067dbda.func_pm_ctrl_shuffle__xib4ybaf.nnuejnkz,7485,true,354,66,0,0,0,0,0,,0,0,240000000,240000000,0,0,0,ok,,
3432,,,,pexpect__ptyprocess.1067dbda.func_pm_ctrl_shuffle__xib4ybaf.nnuejnkz,9,pexpect__ptyprocess.1067dbda.func_pm_ctrl_shuffle__xib4ybaf.nnuejnkz,7905,true,480,68,0,0,0,0,0,,0,0,270000000,270000000,0,0,0,ok,,
3433,,,,pexpect__ptyprocess.1067dbda.func_pm_ctrl_shuffle__xib4ybaf.nnuejnkz,10,pexpect__ptyprocess.1067dbda.func_pm_ctrl_shuffle__xib4ybaf.nnuejnkz,8453,true,861,60,0,0,0,0,0,,0,0,300000000,300000000,0,0,0,ok,,
3434,,,,pexpect__ptyprocess.1067dbda.func_pm_ctrl_shuffle__xib4ybaf.nnuejnkz,11,pexpect__ptyprocess.1067dbda.func_pm_ctrl_shuffle__xib4ybaf.nnuejnkz,9374,true,907,60,0,0,0,0,0,,0,0,330000000,330000000,0,0,0,ok,,
3435,,,,pexpect__ptyprocess.1067dbda.func_pm_ctrl_shuffle__xib4ybaf.nnuejnkz,12,pexpect__ptyprocess.1067dbda.func_pm_ctrl_shuffle__xib4ybaf.nnuejnkz,10341,true,790,45,0,0,0,0,0,,0,0,360000000,360000000,0,0,0,ok,,
3436,,,,pexpect__ptyprocess.1067dbda.func_pm_ctrl_shuffle__xib4ybaf.nnuejnkz,13,pexpect__ptyprocess.1067dbda.func_pm_ctrl_shuffle__xib4ybaf.nnuejnkz,11176,true,72,280,0,0,0,0,0,,0,0,390000000,390000000,0,0,0,ok,,
3437,,,,pexpect__ptyprocess.1067dbda.func_pm_ctrl_shuffle__xib4ybaf.nnuejnkz,14,pexpect__ptyprocess.1067dbda.func_pm_ctrl_shuffle__xib4ybaf.nnuejnkz,11528,true,22,36,0,0,0,0,0,,0,0,420000000,420000000,0,0,0,ok,,
3438,,,,pexpect__ptyprocess.1067dbda.func_pm_ctrl_shuffle__xib4ybaf.nnuejnkz,15,pexpect__ptyprocess.1067dbda.func_pm_ctrl_shuffle__xib4ybaf.nnuejnkz,11586,true,30,259,0,0,0,0,0,,0,0,450000000,450000000,0,0,0,ok,,
3439,,,,pexpect__ptyprocess.1067dbda.func_pm_ctrl_shuffle__xib4ybaf.nnuejnkz,16,pexpect__ptyprocess.1067dbda.func_pm_ctrl_shuffle__xib4ybaf.nnuejnkz,11875,true,251,32,0,0,0,0,0,,0,0,480000000,480000000,0,0,0,ok,,
3440,,,,pexpect__ptyprocess.1067dbda.func_pm_ctrl_shuffle__xib4ybaf.nnuejnkz,17,pexpect__ptyprocess.1067dbda.func_pm_ctrl_shuffle__xib4ybaf.nnuejnkz,12158,true,132,73,0,0,0,0,0,,0,0,510000000,510000000,0,0,0,ok,,
3441,,,,pexpect__ptyprocess.1067dbda.func_pm_ctrl_shuffle__xib4ybaf.nnuejnkz,18,pexpect__ptyprocess.1067dbda.func_pm_ctrl_shuffle__xib4ybaf.nnuejnkz,12363,true,463,436,0,0,0,0,0,,0,0,540000000,540000000,0,0,0,ok,,
3442,,,,pexpect__ptyprocess.1067dbda.func_pm_ctrl_shuffle__xib4ybaf.nnuejnkz,19,pexpect__ptyprocess.1067dbda.func_pm_ctrl_shuffle__xib4ybaf.nnuejnkz,13262,true,487,32,0,0,0,0,0,,0,0,570000000,570000000,0,0,0,ok,,
3443,,,,pexpect__ptyprocess.1067dbda.func_pm_ctrl_shuffle__xib4ybaf.nnuejnkz,20,pexpect__ptyprocess.1067dbda.func_pm_ctrl_shuffle__xib4ybaf.nnuejnkz,13781,true,182,567,0,0,0,0,0,,0,0,600000000,600000000,0,0,0,ok,,
3444,,,,pexpect__ptyprocess.1067dbda.func_pm_ctrl_shuffle__xib4ybaf.nnuejnkz,21,pexpect__ptyprocess.1067dbda.func_pm_ctrl_shuffle__xib4ybaf.nnuejnkz,14530,true,557,163,0,0,0,0,0,,0,0,630000000,630000000,0,0,0,ok,,
3445,,,,pexpect__ptyprocess.1067dbda.func_pm_ctrl_shuffle__xib4ybaf.nnuejnkz,22,pexpect__ptyprocess.1067dbda.func_pm_ctrl_shuffle__xib4ybaf.nnuejnkz,15250,true,28,901,0,0,0,0,0,,0,0,660000000,660000000,0,0,0,ok,,
3446,,,,pexpect__ptyprocess.1067dbda.func_pm_ctrl_shuffle__xib4ybaf.nnuejnkz,23,pexpect__ptyprocess.1067dbda.func_pm_ctrl_shuffle__xib4ybaf.nnuejnkz,16179,true,23,32,0,0,0,0,0,,0,0,690000000,690000000,0,0,0,ok,,
3447,,,,pexpect__ptyprocess.1067dbda.func_pm_ctrl_shuffle__xib4ybaf.nnuejnkz,24,pexpect__ptyprocess.1067dbda.func_pm_ctrl_shuffle__xib4ybaf.nnuejnkz,16234,true,327,349,0,0,0,0,0,,0,0,720000000,720000000,0,0,0,ok,,
3448,,,,pexpect__ptyprocess.1067dbda.func_pm_ctrl_shuffle__xib4ybaf.nnuejnkz,25,pexpect__ptyprocess.1067dbda.func_pm_ctrl_shuffle__xib4ybaf.nnuejnkz,16910,true,2189,39,0,0,0,0,0,,0,0,750000000,750000000,0,0,0,ok,,
3449,,,,pexpect__ptyprocess.1067dbda.func_pm_ctrl_shuffle__xib4ybaf.nnuejnkz,26,pexpect__ptyprocess.1067dbda.func_pm_ctrl_shuffle__xib4ybaf.nnuejnkz,19138,true,20,13,0,0,0,0,0,,0,0,780000000,780000000,0,0,0,ok,,
3450,,,,vi3k6i5__flashtext.b316c7e9.func_pm_ctrl_invert_if__u4vujemy.zvdehg4w,0,swe_smith_system_prompt,978,true,849,106,0,0,0,0,0,,0,0,0,0,0,0,0,ok,,
3451,,,,vi3k6i5__flashtext.b316c7e9.func_pm_ctrl_invert_if__u4vujemy.zvdehg4w,1,vi3k6i5__flashtext.b316c7e9.func_pm_ctrl_invert_if__u4vujemy.zvdehg4w,1933,true,220,52,0,0,0,0,0,,0,0,30000000,30000000,0,0,0,ok,,
3452,,,,vi3k6i5__flashtext.b316c7e9.func_pm_ctrl_invert_if__u4vujemy.zvdehg4w,2,vi3k6i5__flashtext.b316c7e9.func_pm_ctrl_invert_if__u4vujemy.zvdehg4w,2205,true,1604,65,0,0,0,0,0,,0,0,60000000,60000000,0,0,0,ok,,
3453,,,,vi3k6i5__flashtext.b316c7e9.func_pm_ctrl_invert_if__u4vujemy.zvdehg4w,3,vi3k6i5__flashtext.b316c7e9.func_pm_ctrl_invert_if__u4vujemy.zvdehg4w,3874,true,397,63,0,0,0,0,0,,0,0,90000000,90000000,0,0,0,ok,,
3454,,,,vi3k6i5__flashtext.b316c7e9.func_pm_ctrl_invert_if__u4vujemy.zvdehg4w,4,vi3k6i5__flashtext.b316c7e9.func_pm_ctrl_invert_if__u4vujemy.zvdehg4w,4334,true,262,56,0,0,0,0,0,,0,0,120000000,120000000,0,0,0,ok,,
3455,,,,vi3k6i5__flashtext.b316c7e9.func_pm_ctrl_invert_if__u4vujemy.zvdehg4w,5,vi3k6i5__flashtext.b316c7e9.func_pm_ctrl_invert_if__u4vujemy.zvdehg4w,4652,true,424,66,0,0,0,0,0,,0,0,150000000,150000000,0,0,0,ok,,
3456,,,,vi3k6i5__flashtext.b316c7e9.func_pm_ctrl_invert_if__u4vujemy.zvdehg4w,6,vi3k6i5__flashtext.b316c7e9.func_pm_ctrl_invert_if__u4vujemy.zvdehg4w,5142,true,406,55,0,0,0,0,0,,0,0,180000000,180000000,0,0,0,ok,,
3457,,,,vi3k6i5__flashtext.b316c7e9.func_pm_ctrl_invert_if__u4vujemy.zvdehg4w,7,vi3k6i5__flashtext.b316c7e9.func_pm_ctrl_invert_if__u4vujemy.zvdehg4w,5603,true,477,315,0,0,0,0,0,,0,0,210000000,210000000,0,0,0,ok,,
3458,,,,vi3k6i5__flashtext.b316c7e9.func_pm_ctrl_invert_if__u4vujemy.zvdehg4w,8,vi3k6i5__flashtext.b316c7e9.func_pm_ctrl_invert_if__u4vujemy.zvdehg4w,6395,true,23,36,0,0,0,0,0,,0,0,240000000,240000000,0,0,0,ok,,
3459,,,,vi3k6i5__flashtext.b316c7e9.func_pm_ctrl_invert_if__u4vujemy.zvdehg4w,9,vi3k6i5__flashtext.b316c7e9.func_pm_ctrl_invert_if__u4vujemy.zvdehg4w,6454,true,61,112,0,0,0,0,0,,0,0,270000000,270000000,0,0,0,ok,,
3460,,,,vi3k6i5__flashtext.b316c7e9.func_pm_ctrl_invert_if__u4vujemy.zvdehg4w,10,vi3k6i5__flashtext.b316c7e9.func_pm_ctrl_invert_if__u4vujemy.zvdehg4w,6627,true,424,644,0,0,0,0,0,,0,0,300000000,300000000,0,0,0,ok,,
3461,,,,vi3k6i5__flashtext.b316c7e9.func_pm_ctrl_invert_if__u4vujemy.zvdehg4w,11,vi3k6i5__flashtext.b316c7e9.func_pm_ctrl_invert_if__u4vujemy.zvdehg4w,7695,true,533,32,0,0,0,0,0,,0,0,330000000,330000000,0,0,0,ok,,
3462,,,,vi3k6i5__flashtext.b316c7e9.func_pm_ctrl_invert_if__u4vujemy.zvdehg4w,12,vi3k6i5__flashtext.b316c7e9.func_pm_ctrl_invert_if__u4vujemy.zvdehg4w,8260,true,86,113,0,0,0,0,0,,0,0,360000000,360000000,0,0,0,ok,,
3463,,,,vi3k6i5__flashtext.b316c7e9.func_pm_ctrl_invert_if__u4vujemy.zvdehg4w,13,vi3k6i5__flashtext.b316c7e9.func_pm_ctrl_invert_if__u4vujemy.zvdehg4w,8459,true,424,589,0,0,0,0,0,,0,0,390000000,390000000,0,0,0,ok,,
3464,,,,vi3k6i5__flashtext.b316c7e9.func_pm_ctrl_invert_if__u4vujemy.zvdehg4w,14,vi3k6i5__flashtext.b316c7e9.func_pm_ctrl_invert_if__u4vujemy.zvdehg4w,9472,true,599,41,0,0,0,0,0,,0,0,420000000,420000000,0,0,0,ok,,
3465,,,,vi3k6i5__flashtext.b316c7e9.func_pm_ctrl_invert_if__u4vujemy.zvdehg4w,15,vi3k6i5__flashtext.b316c7e9.func_pm_ctrl_invert_if__u4vujemy.zvdehg4w,10112,true,91,299,0,0,0,0,0,,0,0,450000000,450000000,0,0,0,ok,,
3466,,,,vi3k6i5__flashtext.b316c7e9.func_pm_ctrl_invert_if__u4vujemy.zvdehg4w,16,vi3k6i5__flashtext.b316c7e9.func_pm_ctrl_invert_if__u4vujemy.zvdehg4w,10502,true,21,23,0,0,0,0,0,,0,0,480000000,480000000,0,0,0,ok,,
3467,,,,vi3k6i5__flashtext.b316c7e9.func_pm_ctrl_invert_if__u4vujemy.zvdehg4w,17,vi3k6i5__flashtext.b316c7e9.func_pm_ctrl_invert_if__u4vujemy.zvdehg4w,10546,true,9,101,0,0,0,0,0,,0,0,510000000,510000000,0,0,0,ok,,
3468,,,,vi3k6i5__flashtext.b316c7e9.func_pm_ctrl_invert_if__u4vujemy.zvdehg4w,18,vi3k6i5__flashtext.b316c7e9.func_pm_ctrl_invert_if__u4vujemy.zvdehg4w,10656,true,977,92,0,0,0,0,0,,0,0,540000000,540000000,0,0,0,ok,,
3469,,,,vi3k6i5__flashtext.b316c7e9.func_pm_ctrl_invert_if__u4vujemy.zvdehg4w,19,vi3k6i5__flashtext.b316c7e9.func_pm_ctrl_invert_if__u4vujemy.zvdehg4w,11725,true,38,51,0,0,0,0,0,,0,0,570000000,570000000,0,0,0,ok,,
3470,,,,vi3k6i5__flashtext.b316c7e9.func_pm_ctrl_invert_if__u4vujemy.zvdehg4w,20,vi3k6i5__flashtext.b316c7e9.func_pm_ctrl_invert_if__u4vujemy.zvdehg4w,11814,true,58,642,0,0,0,0,0,,0,0,600000000,600000000,0,0,0,ok,,
3471,,,,vi3k6i5__flashtext.b316c7e9.func_pm_ctrl_invert_if__u4vujemy.zvdehg4w,21,vi3k6i5__flashtext.b316c7e9.func_pm_ctrl_invert_if__u4vujemy.zvdehg4w,12514,true,21,23,0,0,0,0,0,,0,0,630000000,630000000,0,0,0,ok,,
3472,,,,vi3k6i5__flashtext.b316c7e9.func_pm_ctrl_invert_if__u4vujemy.zvdehg4w,22,vi3k6i5__flashtext.b316c7e9.func_pm_ctrl_invert_if__u4vujemy.zvdehg4w,12558,true,265,279,0,0,0,0,0,,0,0,660000000,660000000,0,0,0,ok,,
3473,,,,vi3k6i5__flashtext.b316c7e9.func_pm_ctrl_invert_if__u4vujemy.zvdehg4w,23,vi3k6i5__flashtext.b316c7e9.func_pm_ctrl_invert_if__u4vujemy.zvdehg4w,13102,true,2049,49,0,0,0,0,0,,0,0,690000000,690000000,0,0,0,ok,,
3474,,,,vi3k6i5__flashtext.b316c7e9.func_pm_ctrl_invert_if__u4vujemy.zvdehg4w,24,vi3k6i5__flashtext.b316c7e9.func_pm_ctrl_invert_if__u4vujemy.zvdehg4w,15200,true,20,13,0,0,0,0,0,,0,0,720000000,720000000,0,0,0,ok,,
3475,,,,seperman__deepdiff.ed252022.pr_385.vwy0xgql,0,swe_smith_system_prompt,978,true,821,107,0,0,0,0,0,,0,0,0,0,0,0,0,ok,,
3476,,,,seperman__deepdiff.ed252022.pr_385.vwy0xgql,1,seperman__deepdiff.ed252022.pr_385.vwy0xgql,1906,true,425,61,0,0,0,0,0,,0,0,30000000,30000000,0,0,0,ok,,
3477,,,,seperman__deepdiff.ed252022.pr_385.vwy0xgql,2,seperman__deepdiff.ed252022.pr_385.vwy0xgql,2392,true,2824,68,0,0,0,0,0,,0,0,60000000,60000000,0,0,0,ok,,
3478,,,,seperman__deepdiff.ed252022.pr_385.vwy0xgql,3,seperman__deepdiff.ed252022.pr_385.vwy0xgql,5284,true,1555,65,0,0,0,0,0,,0,0,90000000,90000000,0,0,0,ok,,
3479,,,,seperman__deepdiff.ed252022.pr_385.vwy0xgql,4,seperman__deepdiff.ed252022.pr_385.vwy0xgql,6904,true,364,72,0,0,0,0,0,,0,0,120000000,120000000,0,0,0,ok,,
3480,,,,seperman__deepdiff.ed252022.pr_385.vwy0xgql,5,seperman__deepdiff.ed252022.pr_385.vwy0xgql,7340,true,1765,156,0,0,0,0,0,,0,0,150000000,150000000,0,0,0,ok,,
3481,,,,seperman__deepdiff.ed252022.pr_385.vwy0xgql,6,seperman__deepdiff.ed252022.pr_385.vwy0xgql,9261,true,22,35,0,0,0,0,0,,0,0,180000000,180000000,0,0,0,ok,,
3482,,,,seperman__deepdiff.ed252022.pr_385.vwy0xgql,7,seperman__deepdiff.ed252022.pr_385.vwy0xgql,9318,true,138,75,0,0,0,0,0,,0,0,210000000,210000000,0,0,0,ok,,
3483,,,,seperman__deepdiff.ed252022.pr_385.vwy0xgql,8,seperman__deepdiff.ed252022.pr_385.vwy0xgql,9531,true,362,173,0,0,0,0,0,,0,0,240000000,240000000,0,0,0,ok,,
3484,,,,seperman__deepdiff.ed252022.pr_385.vwy0xgql,9,seperman__deepdiff.ed252022.pr_385.vwy0xgql,10066,true,271,32,0,0,0,0,0,,0,0,270000000,270000000,0,0,0,ok,,
3485,,,,seperman__deepdiff.ed252022.pr_385.vwy0xgql,10,seperman__deepdiff.ed252022.pr_385.vwy0xgql,10369,true,65,834,0,0,0,0,0,,0,0,300000000,300000000,0,0,0,ok,,
3486,,,,seperman__deepdiff.ed252022.pr_385.vwy0xgql,11,seperman__deepdiff.ed252022.pr_385.vwy0xgql,11268,true,768,191,0,0,0,0,0,,0,0,330000000,330000000,0,0,0,ok,,
3487,,,,seperman__deepdiff.ed252022.pr_385.vwy0xgql,12,seperman__deepdiff.ed252022.pr_385.vwy0xgql,12227,true,65,644,0,0,0,0,0,,0,0,360000000,360000000,0,0,0,ok,,
3488,,,,seperman__deepdiff.ed252022.pr_385.vwy0xgql,13,seperman__deepdiff.ed252022.pr_385.vwy0xgql,12936,true,23,32,0,0,0,0,0,,0,0,390000000,390000000,0,0,0,ok,,
3489,,,,seperman__deepdiff.ed252022.pr_385.vwy0xgql,14,seperman__deepdiff.ed252022.pr_385.vwy0xgql,12991,true,62,849,0,0,0,0,0,,0,0,420000000,420000000,0,0,0,ok,,
3490,,,,seperman__deepdiff.ed252022.pr_385.vwy0xgql,15,seperman__deepdiff.ed252022.pr_385.vwy0xgql,13902,true,648,35,0,0,0,0,0,,0,0,450000000,450000000,0,0,0,ok,,
3491,,,,seperman__deepdiff.ed252022.pr_385.vwy0xgql,16,seperman__deepdiff.ed252022.pr_385.vwy0xgql,14585,true,247,930,0,0,0,0,0,,0,0,480000000,480000000,0,0,0,ok,,
3492,,,,seperman__deepdiff.ed252022.pr_385.vwy0xgql,17,seperman__deepdiff.ed252022.pr_385.vwy0xgql,15762,true,835,34,0,0,0,0,0,,0,0,510000000,510000000,0,0,0,ok,,
3493,,,,seperman__deepdiff.ed252022.pr_385.vwy0xgql,18,seperman__deepdiff.ed252022.pr_385.vwy0xgql,16631,true,405,367,0,0,0,0,0,,0,0,540000000,540000000,0,0,0,ok,,
3494,,,,seperman__deepdiff.ed252022.pr_385.vwy0xgql,19,seperman__deepdiff.ed252022.pr_385.vwy0xgql,17403,true,1658,39,0,0,0,0,0,,0,0,570000000,570000000,0,0,0,ok,,
3495,,,,seperman__deepdiff.ed252022.pr_385.vwy0xgql,20,seperman__deepdiff.ed252022.pr_385.vwy0xgql,19100,true,20,13,0,0,0,0,0,,0,0,600000000,600000000,0,0,0,ok,,
3496,,,,rsalmei__alive-progress.35853799.lm_rewrite__el8rl392.hjddl64w,0,swe_smith_system_prompt,978,true,864,100,0,0,0,0,0,,0,0,0,0,0,0,0,ok,,
3497,,,,rsalmei__alive-progress.35853799.lm_rewrite__el8rl392.hjddl64w,1,rsalmei__alive-progress.35853799.lm_rewrite__el8rl392.hjddl64w,1942,true,53,72,0,0,0,0,0,,0,0,30000000,30000000,0,0,0,ok,,
3498,,,,rsalmei__alive-progress.35853799.lm_rewrite__el8rl392.hjddl64w,2,rsalmei__alive-progress.35853799.lm_rewrite__el8rl392.hjddl64w,2067,true,4575,57,0,0,0,0,0,,0,0,60000000,60000000,0,0,0,ok,,
3499,,,,rsalmei__alive-progress.35853799.lm_rewrite__el8rl392.hjddl64w,3,rsalmei__alive-progress.35853799.lm_rewrite__el8rl392.hjddl64w,6699,true,3423,52,0,0,0,0,0,,0,0,90000000,90000000,0,0,0,ok,,
3500,,,,rsalmei__alive-progress.35853799.lm_rewrite__el8rl392.hjddl64w,4,rsalmei__alive-progress.35853799.lm_rewrite__el8rl392.hjddl64w,10174,true,5613,53,0,0,0,0,0,,0,0,120000000,120000000,0,0,0,ok,,
3501,,,,rsalmei__alive-progress.35853799.lm_rewrite__el8rl392.hjddl64w,5,rsalmei__alive-progress.35853799.lm_rewrite__el8rl392.hjddl64w,15840,true,1945,424,0,0,0,0,0,,0,0,150000000,150000000,0,0,0,ok,,
3502,,,,rsalmei__alive-progress.35853799.lm_rewrite__el8rl392.hjddl64w,6,rsalmei__alive-progress.35853799.lm_rewrite__el8rl392.hjddl64w,18209,true,23,34,0,0,0,0,0,,0,0,180000000,180000000,0,0,0,ok,,
3503,,,,rsalmei__alive-progress.35853799.lm_rewrite__el8rl392.hjddl64w,7,rsalmei__alive-progress.35853799.lm_rewrite__el8rl392.hjddl64w,18266,true,637,1358,0,0,0,0,0,,0,0,210000000,210000000,0,0,0,ok,,
3504,,,,rsalmei__alive-progress.35853799.lm_rewrite__el8rl392.hjddl64w,8,rsalmei__alive-progress.35853799.lm_rewrite__el8rl392.hjddl64w,20261,true,1160,157,0,0,0,0,0,,0,0,240000000,240000000,0,0,0,ok,,
3505,,,,rsalmei__alive-progress.35853799.lm_rewrite__el8rl392.hjddl64w,9,rsalmei__alive-progress.35853799.lm_rewrite__el8rl392.hjddl64w,21578,true,640,1263,0,0,0,0,0,,0,0,270000000,270000000,0,0,0,ok,,
3506,,,,rsalmei__alive-progress.35853799.lm_rewrite__el8rl392.hjddl64w,10,rsalmei__alive-progress.35853799.lm_rewrite__el8rl392.hjddl64w,23481,true,1247,135,0,0,0,0,0,,0,0,300000000,300000000,0,0,0,ok,,
3507,,,,rsalmei__alive-progress.35853799.lm_rewrite__el8rl392.hjddl64w,11,rsalmei__alive-progress.35853799.lm_rewrite__el8rl392.hjddl64w,24863,true,344,1260,0,0,0,0,0,,0,0,330000000,330000000,0,0,0,ok,,
3508,,,,rsalmei__alive-progress.35853799.lm_rewrite__el8rl392.hjddl64w,12,rsalmei__alive-progress.35853799.lm_rewrite__el8rl392.hjddl64w,26467,true,1134,130,0,0,0,0,0,,0,0,360000000,360000000,0,0,0,ok,,
3509,,,,rsalmei__alive-progress.35853799.lm_rewrite__el8rl392.hjddl64w,13,rsalmei__alive-progress.35853799.lm_rewrite__el8rl392.hjddl64w,27731,true,344,1350,0,0,0,0,0,,0,0,390000000,390000000,0,0,0,ok,,
3510,,,,rsalmei__alive-progress.35853799.lm_rewrite__el8rl392.hjddl64w,14,rsalmei__alive-progress.35853799.lm_rewrite__el8rl392.hjddl64w,29425,true,1368,147,0,0,0,0,0,,0,0,420000000,420000000,0,0,0,ok,,
3511,,,,rsalmei__alive-progress.35853799.lm_rewrite__el8rl392.hjddl64w,15,rsalmei__alive-progress.35853799.lm_rewrite__el8rl392.hjddl64w,30940,true,169,497,0,0,0,0,0,,0,0,450000000,450000000,0,0,0,ok,,
3512,,,,rsalmei__alive-progress.35853799.lm_rewrite__el8rl392.hjddl64w,16,rsalmei__alive-progress.35853799.lm_rewrite__el8rl392.hjddl64w,31606,true,23,32,0,0,0,0,0,,0,0,480000000,480000000,0,0,0,ok,,
3513,,,,rsalmei__alive-progress.35853799.lm_rewrite__el8rl392.hjddl64w,17,rsalmei__alive-progress.35853799.lm_rewrite__el8rl392.hjddl64w,31661,true,233,1556,0,0,0,0,0,,0,0,510000000,510000000,0,0,0,ok,,
3514,,,,rsalmei__alive-progress.35853799.lm_rewrite__el8rl392.hjddl64w,18,rsalmei__alive-progress.35853799.lm_rewrite__el8rl392.hjddl64w,33450,true,1506,107,0,0,0,0,0,,0,0,540000000,540000000,0,0,0,ok,,
3515,,,,rsalmei__alive-progress.35853799.lm_rewrite__el8rl392.hjddl64w,19,rsalmei__alive-progress.35853799.lm_rewrite__el8rl392.hjddl64w,35063,true,583,1690,0,0,0,0,0,,0,0,570000000,570000000,0,0,0,ok,,
3516,,,,rsalmei__alive-progress.35853799.lm_rewrite__el8rl392.hjddl64w,20,rsalmei__alive-progress.35853799.lm_rewrite__el8rl392.hjddl64w,37336,true,1584,135,0,0,0,0,0,,0,0,600000000,600000000,0,0,0,ok,,
3517,,,,rsalmei__alive-progress.35853799.lm_rewrite__el8rl392.hjddl64w,21,rsalmei__alive-progress.35853799.lm_rewrite__el8rl392.hjddl64w,39055,true,336,57,0,0,0,0,0,,0,0,630000000,630000000,0,0,0,ok,,
3518,,,,rsalmei__alive-progress.35853799.lm_rewrite__el8rl392.hjddl64w,22,rsalmei__alive-progress.35853799.lm_rewrite__el8rl392.hjddl64w,39448,true,169,279,0,0,0,0,0,,0,0,660000000,660000000,0,0,0,ok,,
3519,,,,rsalmei__alive-progress.35853799.lm_rewrite__el8rl392.hjddl64w,23,rsalmei__alive-progress.35853799.lm_rewrite__el8rl392.hjddl64w,39896,true,2338,41,0,0,0,0,0,,0,0,690000000,690000000,0,0,0,ok,,
3520,,,,rsalmei__alive-progress.35853799.lm_rewrite__el8rl392.hjddl64w,24,rsalmei__alive-progress.35853799.lm_rewrite__el8rl392.hjddl64w,42275,true,20,7,0,0,0,0,0,,0,0,720000000,720000000,0,0,0,ok,,
3521,,,,oauthlib__oauthlib.1fd52536.lm_rewrite__qs5qapuw.9bmyw9fg,0,swe_smith_system_prompt,978,true,1014,111,0,0,0,0,0,,0,0,0,0,0,0,0,ok,,
3522,,,,oauthlib__oauthlib.1fd52536.lm_rewrite__qs5qapuw.9bmyw9fg,1,oauthlib__oauthlib.1fd52536.lm_rewrite__qs5qapuw.9bmyw9fg,2103,true,1075,74,0,0,0,0,0,,0,0,30000000,30000000,0,0,0,ok,,
3523,,,,oauthlib__oauthlib.1fd52536.lm_rewrite__qs5qapuw.9bmyw9fg,2,oauthlib__oauthlib.1fd52536.lm_rewrite__qs5qapuw.9bmyw9fg,3252,true,6096,57,0,0,0,0,0,,0,0,60000000,60000000,0,0,0,ok,,
3524,,,,oauthlib__oauthlib.1fd52536.lm_rewrite__qs5qapuw.9bmyw9fg,3,oauthlib__oauthlib.1fd52536.lm_rewrite__qs5qapuw.9bmyw9fg,9405,true,2032,57,0,0,0,0,0,,0,0,90000000,90000000,0,0,0,ok,,
3525,,,,oauthlib__oauthlib.1fd52536.lm_rewrite__qs5qapuw.9bmyw9fg,4,oauthlib__oauthlib.1fd52536.lm_rewrite__qs5qapuw.9bmyw9fg,11494,true,5413,65,0,0,0,0,0,,0,0,120000000,120000000,0,0,0,ok,,
3526,,,,oauthlib__oauthlib.1fd52536.lm_rewrite__qs5qapuw.9bmyw9fg,5,oauthlib__oauthlib.1fd52536.lm_rewrite__qs5qapuw.9bmyw9fg,16972,true,36,44,0,0,0,0,0,,0,0,150000000,150000000,0,0,0,ok,,
3527,,,,oauthlib__oauthlib.1fd52536.lm_rewrite__qs5qapuw.9bmyw9fg,6,oauthlib__oauthlib.1fd52536.lm_rewrite__qs5qapuw.9bmyw9fg,17052,true,216,57,0,0,0,0,0,,0,0,180000000,180000000,0,0,0,ok,,
3528,,,,oauthlib__oauthlib.1fd52536.lm_rewrite__qs5qapuw.9bmyw9fg,7,oauthlib__oauthlib.1fd52536.lm_rewrite__qs5qapuw.9bmyw9fg,17325,true,1263,62,0,0,0,0,0,,0,0,210000000,210000000,0,0,0,ok,,
3529,,,,oauthlib__oauthlib.1fd52536.lm_rewrite__qs5qapuw.9bmyw9fg,8,oauthlib__oauthlib.1fd52536.lm_rewrite__qs5qapuw.9bmyw9fg,18650,true,1548,57,0,0,0,0,0,,0,0,240000000,240000000,0,0,0,ok,,
3530,,,,oauthlib__oauthlib.1fd52536.lm_rewrite__qs5qapuw.9bmyw9fg,9,oauthlib__oauthlib.1fd52536.lm_rewrite__qs5qapuw.9bmyw9fg,20255,true,1205,57,0,0,0,0,0,,0,0,270000000,270000000,0,0,0,ok,,
3531,,,,oauthlib__oauthlib.1fd52536.lm_rewrite__qs5qapuw.9bmyw9fg,10,oauthlib__oauthlib.1fd52536.lm_rewrite__qs5qapuw.9bmyw9fg,21517,true,1288,60,0,0,0,0,0,,0,0,300000000,300000000,0,0,0,ok,,
3532,,,,oauthlib__oauthlib.1fd52536.lm_rewrite__qs5qapuw.9bmyw9fg,11,oauthlib__oauthlib.1fd52536.lm_rewrite__qs5qapuw.9bmyw9fg,22865,true,44,53,0,0,0,0,0,,0,0,330000000,330000000,0,0,0,ok,,
3533,,,,oauthlib__oauthlib.1fd52536.lm_rewrite__qs5qapuw.9bmyw9fg,12,oauthlib__oauthlib.1fd52536.lm_rewrite__qs5qapuw.9bmyw9fg,22962,true,514,188,0,0,0,0,0,,0,0,360000000,360000000,0,0,0,ok,,
3534,,,,oauthlib__oauthlib.1fd52536.lm_rewrite__qs5qapuw.9bmyw9fg,13,oauthlib__oauthlib.1fd52536.lm_rewrite__qs5qapuw.9bmyw9fg,23664,true,22,36,0,0,0,0,0,,0,0,390000000,390000000,0,0,0,ok,,
3535,,,,oauthlib__oauthlib.1fd52536.lm_rewrite__qs5qapuw.9bmyw9fg,14,oauthlib__oauthlib.1fd52536.lm_rewrite__qs5qapuw.9bmyw9fg,23722,true,13,650,0,0,0,0,0,,0,0,420000000,420000000,0,0,0,ok,,
3536,,,,oauthlib__oauthlib.1fd52536.lm_rewrite__qs5qapuw.9bmyw9fg,15,oauthlib__oauthlib.1fd52536.lm_rewrite__qs5qapuw.9bmyw9fg,24385,true,644,36,0,0,0,0,0,,0,0,450000000,450000000,0,0,0,ok,,
3537,,,,oauthlib__oauthlib.1fd52536.lm_rewrite__qs5qapuw.9bmyw9fg,16,oauthlib__oauthlib.1fd52536.lm_rewrite__qs5qapuw.9bmyw9fg,25065,true,388,484,0,0,0,0,0,,0,0,480000000,480000000,0,0,0,ok,,
3538,,,,oauthlib__oauthlib.1fd52536.lm_rewrite__qs5qapuw.9bmyw9fg,17,oauthlib__oauthlib.1fd52536.lm_rewrite__qs5qapuw.9bmyw9fg,25937,true,23,32,0,0,0,0,0,,0,0,510000000,510000000,0,0,0,ok,,
3539,,,,oauthlib__oauthlib.1fd52536.lm_rewrite__qs5qapuw.9bmyw9fg,18,oauthlib__oauthlib.1fd52536.lm_rewrite__qs5qapuw.9bmyw9fg,25992,true,228,316,0,0,0,0,0,,0,0,540000000,540000000,0,0,0,ok,,
3540,,,,oauthlib__oauthlib.1fd52536.lm_rewrite__qs5qapuw.9bmyw9fg,19,oauthlib__oauthlib.1fd52536.lm_rewrite__qs5qapuw.9bmyw9fg,26536,true,1473,41,0,0,0,0,0,,0,0,570000000,570000000,0,0,0,ok,,
3541,,,,oauthlib__oauthlib.1fd52536.lm_rewrite__qs5qapuw.9bmyw9fg,20,oauthlib__oauthlib.1fd52536.lm_rewrite__qs5qapuw.9bmyw9fg,28050,true,20,7,0,0,0,0,0,,0,0,600000000,600000000,0,0,0,ok,,
3542,,,,mozilla__bleach.73871d76.lm_rewrite__bd9ti9bc.1sn23pga,0,swe_smith_system_prompt,978,true,903,106,0,0,0,0,0,,0,0,0,0,0,0,0,ok,,
3543,,,,mozilla__bleach.73871d76.lm_rewrite__bd9ti9bc.1sn23pga,1,mozilla__bleach.73871d76.lm_rewrite__bd9ti9bc.1sn23pga,1987,true,829,89,0,0,0,0,0,,0,0,30000000,30000000,0,0,0,ok,,
3544,,,,mozilla__bleach.73871d76.lm_rewrite__bd9ti9bc.1sn23pga,2,mozilla__bleach.73871d76.lm_rewrite__bd9ti9bc.1sn23pga,2905,true,288,33,0,0,0,0,0,,0,0,60000000,60000000,0,0,0,ok,,
3545,,,,mozilla__bleach.73871d76.lm_rewrite__bd9ti9bc.1sn23pga,3,mozilla__bleach.73871d76.lm_rewrite__bd9ti9bc.1sn23pga,3226,true,1608,75,0,0,0,0,0,,0,0,90000000,90000000,0,0,0,ok,,
3546,,,,mozilla__bleach.73871d76.lm_rewrite__bd9ti9bc.1sn23pga,4,mozilla__bleach.73871d76.lm_rewrite__bd9ti9bc.1sn23pga,4909,true,138,57,0,0,0,0,0,,0,0,120000000,120000000,0,0,0,ok,,
3547,,,,mozilla__bleach.73871d76.lm_rewrite__bd9ti9bc.1sn23pga,5,mozilla__bleach.73871d76.lm_rewrite__bd9ti9bc.1sn23pga,5104,true,147,277,0,0,0,0,0,,0,0,150000000,150000000,0,0,0,ok,,
3548,,,,mozilla__bleach.73871d76.lm_rewrite__bd9ti9bc.1sn23pga,6,mozilla__bleach.73871d76.lm_rewrite__bd9ti9bc.1sn23pga,5528,true,23,36,0,0,0,0,0,,0,0,180000000,180000000,0,0,0,ok,,
3549,,,,mozilla__bleach.73871d76.lm_rewrite__bd9ti9bc.1sn23pga,7,mozilla__bleach.73871d76.lm_rewrite__bd9ti9bc.1sn23pga,5587,true,65,362,0,0,0,0,0,,0,0,210000000,210000000,0,0,0,ok,,
3550,,,,mozilla__bleach.73871d76.lm_rewrite__bd9ti9bc.1sn23pga,8,mozilla__bleach.73871d76.lm_rewrite__bd9ti9bc.1sn23pga,6014,true,322,56,0,0,0,0,0,,0,0,240000000,240000000,0,0,0,ok,,
3551,,,,mozilla__bleach.73871d76.lm_rewrite__bd9ti9bc.1sn23pga,9,mozilla__bleach.73871d76.lm_rewrite__bd9ti9bc.1sn23pga,6392,true,60,518,0,0,0,0,0,,0,0,270000000,270000000,0,0,0,ok,,
3552,,,,mozilla__bleach.73871d76.lm_rewrite__bd9ti9bc.1sn23pga,10,mozilla__bleach.73871d76.lm_rewrite__bd9ti9bc.1sn23pga,6970,true,23,33,0,0,0,0,0,,0,0,300000000,300000000,0,0,0,ok,,
3553,,,,mozilla__bleach.73871d76.lm_rewrite__bd9ti9bc.1sn23pga,11,mozilla__bleach.73871d76.lm_rewrite__bd9ti9bc.1sn23pga,7026,true,329,344,0,0,0,0,0,,0,0,330000000,330000000,0,0,0,ok,,
3554,,,,mozilla__bleach.73871d76.lm_rewrite__bd9ti9bc.1sn23pga,12,mozilla__bleach.73871d76.lm_rewrite__bd9ti9bc.1sn23pga,7699,true,333,199,0,0,0,0,0,,0,0,360000000,360000000,0,0,0,ok,,
3555,,,,mozilla__bleach.73871d76.lm_rewrite__bd9ti9bc.1sn23pga,13,mozilla__bleach.73871d76.lm_rewrite__bd9ti9bc.1sn23pga,8231,true,267,46,0,0,0,0,0,,0,0,390000000,390000000,0,0,0,ok,,
3556,,,,mozilla__bleach.73871d76.lm_rewrite__bd9ti9bc.1sn23pga,14,mozilla__bleach.73871d76.lm_rewrite__bd9ti9bc.1sn23pga,8544,true,319,318,0,0,0,0,0,,0,0,420000000,420000000,0,0,0,ok,,
3557,,,,mozilla__bleach.73871d76.lm_rewrite__bd9ti9bc.1sn23pga,15,mozilla__bleach.73871d76.lm_rewrite__bd9ti9bc.1sn23pga,9181,true,1502,41,0,0,0,0,0,,0,0,450000000,450000000,0,0,0,ok,,
3558,,,,mozilla__bleach.73871d76.lm_rewrite__bd9ti9bc.1sn23pga,16,mozilla__bleach.73871d76.lm_rewrite__bd9ti9bc.1sn23pga,10724,true,20,7,0,0,0,0,0,,0,0,480000000,480000000,0,0,0,ok,,
3559,,,,agronholm__typeguard.b6a7e438.pr_350.jtalnnvy,0,swe_smith_system_prompt,978,true,1321,77,0,0,0,0,0,,0,0,0,0,0,0,0,ok,,
3560,,,,agronholm__typeguard.b6a7e438.pr_350.jtalnnvy,1,agronholm__typeguard.b6a7e438.pr_350.jtalnnvy,2376,true,324,47,0,0,0,0,0,,0,0,30000000,30000000,0,0,0,ok,,
3561,,,,agronholm__typeguard.b6a7e438.pr_350.jtalnnvy,2,agronholm__typeguard.b6a7e438.pr_350.jtalnnvy,2747,true,223,58,0,0,0,0,0,,0,0,60000000,60000000,0,0,0,ok,,
3562,,,,agronholm__typeguard.b6a7e438.pr_350.jtalnnvy,3,agronholm__typeguard.b6a7e438.pr_350.jtalnnvy,3028,true,3553,56,0,0,0,0,0,,0,0,90000000,90000000,0,0,0,ok,,
3563,,,,agronholm__typeguard.b6a7e438.pr_350.jtalnnvy,4,agronholm__typeguard.b6a7e438.pr_350.jtalnnvy,6637,true,850,54,0,0,0,0,0,,0,0,120000000,120000000,0,0,0,ok,,
3564,,,,agronholm__typeguard.b6a7e438.pr_350.jtalnnvy,5,agronholm__typeguard.b6a7e438.pr_350.jtalnnvy,7541,true,1268,84,0,0,0,0,0,,0,0,150000000,150000000,0,0,0,ok,,
3565,,,,agronholm__typeguard.b6a7e438.pr_350.jtalnnvy,6,agronholm__typeguard.b6a7e438.pr_350.jtalnnvy,8893,true,20,33,0,0,0,0,0,,0,0,180000000,180000000,0,0,0,ok,,
3566,,,,agronholm__typeguard.b6a7e438.pr_350.jtalnnvy,7,agronholm__typeguard.b6a7e438.pr_350.jtalnnvy,8946,true,186,360,0,0,0,0,0,,0,0,210000000,210000000,0,0,0,ok,,
3567,,,,agronholm__typeguard.b6a7e438.pr_350.jtalnnvy,8,agronholm__typeguard.b6a7e438.pr_350.jtalnnvy,9492,true,300,393,0,0,0,0,0,,0,0,240000000,240000000,0,0,0,ok,,
3568,,,,agronholm__typeguard.b6a7e438.pr_350.jtalnnvy,9,agronholm__typeguard.b6a7e438.pr_350.jtalnnvy,10185,true,452,283,0,0,0,0,0,,0,0,270000000,270000000,0,0,0,ok,,
3569,,,,agronholm__typeguard.b6a7e438.pr_350.jtalnnvy,10,agronholm__typeguard.b6a7e438.pr_350.jtalnnvy,10920,true,399,43,0,0,0,0,0,,0,0,300000000,300000000,0,0,0,ok,,
3570,,,,agronholm__typeguard.b6a7e438.pr_350.jtalnnvy,11,agronholm__typeguard.b6a7e438.pr_350.jtalnnvy,11362,true,20,142,0,0,0,0,0,,0,0,330000000,330000000,0,0,0,ok,,
3571,,,,agronholm__typeguard.b6a7e438.pr_350.jtalnnvy,12,agronholm__typeguard.b6a7e438.pr_350.jtalnnvy,11524,true,22,24,0,0,0,0,0,,0,0,360000000,360000000,0,0,0,ok,,
3572,,,,agronholm__typeguard.b6a7e438.pr_350.jtalnnvy,13,agronholm__typeguard.b6a7e438.pr_350.jtalnnvy,11570,true,20,105,0,0,0,0,0,,0,0,390000000,390000000,0,0,0,ok,,
3573,,,,agronholm__typeguard.b6a7e438.pr_350.jtalnnvy,14,agronholm__typeguard.b6a7e438.pr_350.jtalnnvy,11695,true,22,24,0,0,0,0,0,,0,0,420000000,420000000,0,0,0,ok,,
3574,,,,agronholm__typeguard.b6a7e438.pr_350.jtalnnvy,15,agronholm__typeguard.b6a7e438.pr_350.jtalnnvy,11741,true,20,94,0,0,0,0,0,,0,0,450000000,450000000,0,0,0,ok,,
3575,,,,agronholm__typeguard.b6a7e438.pr_350.jtalnnvy,16,agronholm__typeguard.b6a7e438.pr_350.jtalnnvy,11855,true,23,25,0,0,0,0,0,,0,0,480000000,480000000,0,0,0,ok,,
3576,,,,agronholm__typeguard.b6a7e438.pr_350.jtalnnvy,17,agronholm__typeguard.b6a7e438.pr_350.jtalnnvy,11903,true,20,291,0,0,0,0,0,,0,0,510000000,510000000,0,0,0,ok,,
3577,,,,Project-MONAI__MONAI.a09c1f08.func_pm_remove_assign__4iqnp8k6.4id5qc8s,0,swe_smith_system_prompt,978,true,807,112,0,0,0,0,0,,0,0,0,0,0,0,0,ok,,
3578,,,,Project-MONAI__MONAI.a09c1f08.func_pm_remove_assign__4iqnp8k6.4id5qc8s,1,Project-MONAI__MONAI.a09c1f08.func_pm_remove_assign__4iqnp8k6.4id5qc8s,1897,true,157,62,0,0,0,0,0,,0,0,30000000,30000000,0,0,0,ok,,
3579,,,,Project-MONAI__MONAI.a09c1f08.func_pm_remove_assign__4iqnp8k6.4id5qc8s,2,Project-MONAI__MONAI.a09c1f08.func_pm_remove_assign__4iqnp8k6.4id5qc8s,2116,true,5648,58,0,0,0,0,0,,0,0,60000000,60000000,0,0,0,ok,,
3580,,,,Project-MONAI__MONAI.a09c1f08.func_pm_remove_assign__4iqnp8k6.4id5qc8s,3,Project-MONAI__MONAI.a09c1f08.func_pm_remove_assign__4iqnp8k6.4id5qc8s,7822,true,19,61,0,0,0,0,0,,0,0,90000000,90000000,0,0,0,ok,,
3581,,,,Project-MONAI__MONAI.a09c1f08.func_pm_remove_assign__4iqnp8k6.4id5qc8s,4,Project-MONAI__MONAI.a09c1f08.func_pm_remove_assign__4iqnp8k6.4id5qc8s,7902,true,1936,165,0,0,0,0,0,,0,0,120000000,120000000,0,0,0,ok,,
3582,,,,Project-MONAI__MONAI.a09c1f08.func_pm_remove_assign__4iqnp8k6.4id5qc8s,5,Project-MONAI__MONAI.a09c1f08.func_pm_remove_assign__4iqnp8k6.4id5qc8s,10003,true,20,250,0,0,0,0,0,,0,0,150000000,150000000,0,0,0,ok,,
3583,,,,Project-MONAI__MONAI.a09c1f08.func_pm_remove_assign__4iqnp8k6.4id5qc8s,6,Project-MONAI__MONAI.a09c1f08.func_pm_remove_assign__4iqnp8k6.4id5qc8s,10273,true,23,103,0,0,0,0,0,,0,0,180000000,180000000,0,0,0,ok,,
3584,,,,Project-MONAI__MONAI.a09c1f08.func_pm_remove_assign__4iqnp8k6.4id5qc8s,7,Project-MONAI__MONAI.a09c1f08.func_pm_remove_assign__4iqnp8k6.4id5qc8s,10399,true,343,490,0,0,0,0,0,,0,0,210000000,210000000,0,0,0,ok,,
3585,,,,Project-MONAI__MONAI.a09c1f08.func_pm_remove_assign__4iqnp8k6.4id5qc8s,8,Project-MONAI__MONAI.a09c1f08.func_pm_remove_assign__4iqnp8k6.4id5qc8s,11232,true,439,36,0,0,0,0,0,,0,0,240000000,240000000,0,0,0,ok,,
3586,,,,Project-MONAI__MONAI.a09c1f08.func_pm_remove_assign__4iqnp8k6.4id5qc8s,9,Project-MONAI__MONAI.a09c1f08.func_pm_remove_assign__4iqnp8k6.4id5qc8s,11707,true,34,698,0,0,0,0,0,,0,0,270000000,270000000,0,0,0,ok,,
3587,,,,Project-MONAI__MONAI.a09c1f08.func_pm_remove_assign__4iqnp8k6.4id5qc8s,10,Project-MONAI__MONAI.a09c1f08.func_pm_remove_assign__4iqnp8k6.4id5qc8s,12439,true,661,121,0,0,0,0,0,,0,0,300000000,300000000,0,0,0,ok,,
3588,,,,Project-MONAI__MONAI.a09c1f08.func_pm_remove_assign__4iqnp8k6.4id5qc8s,11,Project-MONAI__MONAI.a09c1f08.func_pm_remove_assign__4iqnp8k6.4id5qc8s,13221,true,41,1019,0,0,0,0,0,,0,0,330000000,330000000,0,0,0,ok,,
3589,,,,Project-MONAI__MONAI.a09c1f08.func_pm_remove_assign__4iqnp8k6.4id5qc8s,12,Project-MONAI__MONAI.a09c1f08.func_pm_remove_assign__4iqnp8k6.4id5qc8s,14281,true,23,44,0,0,0,0,0,,0,0,360000000,360000000,0,0,0,ok,,
3590,,,,Project-MONAI__MONAI.a09c1f08.func_pm_remove_assign__4iqnp8k6.4id5qc8s,13,Project-MONAI__MONAI.a09c1f08.func_pm_remove_assign__4iqnp8k6.4id5qc8s,14348,true,230,80,0,0,0,0,0,,0,0,390000000,390000000,0,0,0,ok,,
3591,,,,Project-MONAI__MONAI.a09c1f08.func_pm_remove_assign__4iqnp8k6.4id5qc8s,14,Project-MONAI__MONAI.a09c1f08.func_pm_remove_assign__4iqnp8k6.4id5qc8s,14658,true,319,473,0,0,0,0,0,,0,0,420000000,420000000,0,0,0,ok,,
3592,,,,Project-MONAI__MONAI.a09c1f08.func_pm_remove_assign__4iqnp8k6.4id5qc8s,15,Project-MONAI__MONAI.a09c1f08.func_pm_remove_assign__4iqnp8k6.4id5qc8s,15450,true,544,33,0,0,0,0,0,,0,0,450000000,450000000,0,0,0,ok,,
3593,,,,Project-MONAI__MONAI.a09c1f08.func_pm_remove_assign__4iqnp8k6.4id5qc8s,16,Project-MONAI__MONAI.a09c1f08.func_pm_remove_assign__4iqnp8k6.4id5qc8s,16027,true,261,876,0,0,0,0,0,,0,0,480000000,480000000,0,0,0,ok,,
3594,,,,Project-MONAI__MONAI.a09c1f08.func_pm_remove_assign__4iqnp8k6.4id5qc8s,17,Project-MONAI__MONAI.a09c1f08.func_pm_remove_assign__4iqnp8k6.4id5qc8s,17164,true,22,31,0,0,0,0,0,,0,0,510000000,510000000,0,0,0,ok,,
3595,,,,Project-MONAI__MONAI.a09c1f08.func_pm_remove_assign__4iqnp8k6.4id5qc8s,18,Project-MONAI__MONAI.a09c1f08.func_pm_remove_assign__4iqnp8k6.4id5qc8s,17217,true,241,318,0,0,0,0,0,,0,0,540000000,540000000,0,0,0,ok,,
3596,,,,Project-MONAI__MONAI.a09c1f08.func_pm_remove_assign__4iqnp8k6.4id5qc8s,19,Project-MONAI__MONAI.a09c1f08.func_pm_remove_assign__4iqnp8k6.4id5qc8s,17776,true,24,31,0,0,0,0,0,,0,0,570000000,570000000,0,0,0,ok,,
3597,,,,Project-MONAI__MONAI.a09c1f08.func_pm_remove_assign__4iqnp8k6.4id5qc8s,20,Project-MONAI__MONAI.a09c1f08.func_pm_remove_assign__4iqnp8k6.4id5qc8s,17831,true,44,79,0,0,0,0,0,,0,0,600000000,600000000,0,0,0,ok,,
3598,,,,Project-MONAI__MONAI.a09c1f08.func_pm_remove_assign__4iqnp8k6.4id5qc8s,21,Project-MONAI__MONAI.a09c1f08.func_pm_remove_assign__4iqnp8k6.4id5qc8s,17954,true,41,210,0,0,0,0,0,,0,0,630000000,630000000,0,0,0,ok,,
3599,,,,Project-MONAI__MONAI.a09c1f08.func_pm_remove_assign__4iqnp8k6.4id5qc8s,22,Project-MONAI__MONAI.a09c1f08.func_pm_remove_assign__4iqnp8k6.4id5qc8s,18205,true,4096,56,0,0,0,0,0,,0,0,660000000,660000000,0,0,0,ok,,
3600,,,,Project-MONAI__MONAI.a09c1f08.func_pm_remove_assign__4iqnp8k6.4id5qc8s,23,Project-MONAI__MONAI.a09c1f08.func_pm_remove_assign__4iqnp8k6.4id5qc8s,22357,true,20,7,0,0,0,0,0,,0,0,690000000,690000000,0,0,0,ok,,
3601,,,,sqlfluff__sqlfluff.50a1c4b6.func_pm_op_swap__15tl8pia.iabiwlnj,0,swe_smith_system_prompt,978,true,848,113,0,0,0,0,0,,0,0,0,0,0,0,0,ok,,
3602,,,,sqlfluff__sqlfluff.50a1c4b6.func_pm_op_swap__15tl8pia.iabiwlnj,1,sqlfluff__sqlfluff.50a1c4b6.func_pm_op_swap__15tl8pia.iabiwlnj,1939,true,6055,90,0,0,0,0,0,,0,0,30000000,30000000,0,0,0,ok,,
3603,,,,sqlfluff__sqlfluff.50a1c4b6.func_pm_op_swap__15tl8pia.iabiwlnj,2,sqlfluff__sqlfluff.50a1c4b6.func_pm_op_swap__15tl8pia.iabiwlnj,8084,true,197,59,0,0,0,0,0,,0,0,60000000,60000000,0,0,0,ok,,
3604,,,,sqlfluff__sqlfluff.50a1c4b6.func_pm_op_swap__15tl8pia.iabiwlnj,3,sqlfluff__sqlfluff.50a1c4b6.func_pm_op_swap__15tl8pia.iabiwlnj,8340,true,3866,63,0,0,0,0,0,,0,0,90000000,90000000,0,0,0,ok,,
3605,,,,sqlfluff__sqlfluff.50a1c4b6.func_pm_op_swap__15tl8pia.iabiwlnj,4,sqlfluff__sqlfluff.50a1c4b6.func_pm_op_swap__15tl8pia.iabiwlnj,12269,true,2874,63,0,0,0,0,0,,0,0,120000000,120000000,0,0,0,ok,,
3606,,,,sqlfluff__sqlfluff.50a1c4b6.func_pm_op_swap__15tl8pia.iabiwlnj,5,sqlfluff__sqlfluff.50a1c4b6.func_pm_op_swap__15tl8pia.iabiwlnj,15206,true,3241,130,0,0,0,0,0,,0,0,150000000,150000000,0,0,0,ok,,
3607,,,,sqlfluff__sqlfluff.50a1c4b6.func_pm_op_swap__15tl8pia.iabiwlnj,6,sqlfluff__sqlfluff.50a1c4b6.func_pm_op_swap__15tl8pia.iabiwlnj,18577,true,3430,64,0,0,0,0,0,,0,0,180000000,180000000,0,0,0,ok,,
3608,,,,sqlfluff__sqlfluff.50a1c4b6.func_pm_op_swap__15tl8pia.iabiwlnj,7,sqlfluff__sqlfluff.50a1c4b6.func_pm_op_swap__15tl8pia.iabiwlnj,22071,true,258,64,0,0,0,0,0,,0,0,210000000,210000000,0,0,0,ok,,
3609,,,,sqlfluff__sqlfluff.50a1c4b6.func_pm_op_swap__15tl8pia.iabiwlnj,8,sqlfluff__sqlfluff.50a1c4b6.func_pm_op_swap__15tl8pia.iabiwlnj,22393,true,616,74,0,0,0,0,0,,0,0,240000000,240000000,0,0,0,ok,,
3610,,,,sqlfluff__sqlfluff.50a1c4b6.func_pm_op_swap__15tl8pia.iabiwlnj,9,sqlfluff__sqlfluff.50a1c4b6.func_pm_op_swap__15tl8pia.iabiwlnj,23083,true,986,65,0,0,0,0,0,,0,0,270000000,270000000,0,0,0,ok,,
3611,,,,sqlfluff__sqlfluff.50a1c4b6.func_pm_op_swap__15tl8pia.iabiwlnj,10,sqlfluff__sqlfluff.50a1c4b6.func_pm_op_swap__15tl8pia.iabiwlnj,24134,true,869,65,0,0,0,0,0,,0,0,300000000,300000000,0,0,0,ok,,
3612,,,,sqlfluff__sqlfluff.50a1c4b6.func_pm_op_swap__15tl8pia.iabiwlnj,11,sqlfluff__sqlfluff.50a1c4b6.func_pm_op_swap__15tl8pia.iabiwlnj,25068,true,915,74,0,0,0,0,0,,0,0,330000000,330000000,0,0,0,ok,,
3613,,,,sqlfluff__sqlfluff.50a1c4b6.func_pm_op_swap__15tl8pia.iabiwlnj,12,sqlfluff__sqlfluff.50a1c4b6.func_pm_op_swap__15tl8pia.iabiwlnj,26057,true,1335,65,0,0,0,0,0,,0,0,360000000,360000000,0,0,0,ok,,
3614,,,,sqlfluff__sqlfluff.50a1c4b6.func_pm_op_swap__15tl8pia.iabiwlnj,13,sqlfluff__sqlfluff.50a1c4b6.func_pm_op_swap__15tl8pia.iabiwlnj,27457,true,50,64,0,0,0,0,0,,0,0,390000000,390000000,0,0,0,ok,,
3615,,,,sqlfluff__sqlfluff.50a1c4b6.func_pm_op_swap__15tl8pia.iabiwlnj,14,sqlfluff__sqlfluff.50a1c4b6.func_pm_op_swap__15tl8pia.iabiwlnj,27571,true,1435,71,0,0,0,0,0,,0,0,420000000,420000000,0,0,0,ok,,
3616,,,,sqlfluff__sqlfluff.50a1c4b6.func_pm_op_swap__15tl8pia.iabiwlnj,15,sqlfluff__sqlfluff.50a1c4b6.func_pm_op_swap__15tl8pia.iabiwlnj,29077,true,1493,63,0,0,0,0,0,,0,0,450000000,450000000,0,0,0,ok,,
3617,,,,sqlfluff__sqlfluff.50a1c4b6.func_pm_op_swap__15tl8pia.iabiwlnj,16,sqlfluff__sqlfluff.50a1c4b6.func_pm_op_swap__15tl8pia.iabiwlnj,30633,true,844,418,0,0,0,0,0,,0,0,480000000,480000000,0,0,0,ok,,
3618,,,,sqlfluff__sqlfluff.50a1c4b6.func_pm_op_swap__15tl8pia.iabiwlnj,17,sqlfluff__sqlfluff.50a1c4b6.func_pm_op_swap__15tl8pia.iabiwlnj,31895,true,23,34,0,0,0,0,0,,0,0,510000000,510000000,0,0,0,ok,,
3619,,,,sqlfluff__sqlfluff.50a1c4b6.func_pm_op_swap__15tl8pia.iabiwlnj,18,sqlfluff__sqlfluff.50a1c4b6.func_pm_op_swap__15tl8pia.iabiwlnj,31952,true,92,46,0,0,0,0,0,,0,0,540000000,540000000,0,0,0,ok,,
3620,,,,sqlfluff__sqlfluff.50a1c4b6.func_pm_op_swap__15tl8pia.iabiwlnj,19,sqlfluff__sqlfluff.50a1c4b6.func_pm_op_swap__15tl8pia.iabiwlnj,32090,true,2969,692,0,0,0,0,0,,0,0,570000000,570000000,0,0,0,ok,,
3621,,,,sqlfluff__sqlfluff.50a1c4b6.func_pm_op_swap__15tl8pia.iabiwlnj,20,sqlfluff__sqlfluff.50a1c4b6.func_pm_op_swap__15tl8pia.iabiwlnj,35751,true,631,31,0,0,0,0,0,,0,0,600000000,600000000,0,0,0,ok,,
3622,,,,sqlfluff__sqlfluff.50a1c4b6.func_pm_op_swap__15tl8pia.iabiwlnj,21,sqlfluff__sqlfluff.50a1c4b6.func_pm_op_swap__15tl8pia.iabiwlnj,36413,true,1465,625,0,0,0,0,0,,0,0,630000000,630000000,0,0,0,ok,,
3623,,,,sqlfluff__sqlfluff.50a1c4b6.func_pm_op_swap__15tl8pia.iabiwlnj,22,sqlfluff__sqlfluff.50a1c4b6.func_pm_op_swap__15tl8pia.iabiwlnj,38503,true,477,38,0,0,0,0,0,,0,0,660000000,660000000,0,0,0,ok,,
3624,,,,sqlfluff__sqlfluff.50a1c4b6.func_pm_op_swap__15tl8pia.iabiwlnj,23,sqlfluff__sqlfluff.50a1c4b6.func_pm_op_swap__15tl8pia.iabiwlnj,39018,true,131,508,0,0,0,0,0,,0,0,690000000,690000000,0,0,0,ok,,
3625,,,,sqlfluff__sqlfluff.50a1c4b6.func_pm_op_swap__15tl8pia.iabiwlnj,24,sqlfluff__sqlfluff.50a1c4b6.func_pm_op_swap__15tl8pia.iabiwlnj,39657,true,22,29,0,0,0,0,0,,0,0,720000000,720000000,0,0,0,ok,,
3626,,,,sqlfluff__sqlfluff.50a1c4b6.func_pm_op_swap__15tl8pia.iabiwlnj,25,sqlfluff__sqlfluff.50a1c4b6.func_pm_op_swap__15tl8pia.iabiwlnj,39708,true,400,567,0,0,0,0,0,,0,0,750000000,750000000,0,0,0,ok,,
3627,,,,sqlfluff__sqlfluff.50a1c4b6.func_pm_op_swap__15tl8pia.iabiwlnj,26,sqlfluff__sqlfluff.50a1c4b6.func_pm_op_swap__15tl8pia.iabiwlnj,40675,true,23,31,0,0,0,0,0,,0,0,780000000,780000000,0,0,0,ok,,
3628,,,,sqlfluff__sqlfluff.50a1c4b6.func_pm_op_swap__15tl8pia.iabiwlnj,27,sqlfluff__sqlfluff.50a1c4b6.func_pm_op_swap__15tl8pia.iabiwlnj,40729,true,342,372,0,0,0,0,0,,0,0,810000000,810000000,0,0,0,ok,,
3629,,,,sqlfluff__sqlfluff.50a1c4b6.func_pm_op_swap__15tl8pia.iabiwlnj,28,sqlfluff__sqlfluff.50a1c4b6.func_pm_op_swap__15tl8pia.iabiwlnj,41443,true,2450,48,0,0,0,0,0,,0,0,840000000,840000000,0,0,0,ok,,
3630,,,,sqlfluff__sqlfluff.50a1c4b6.func_pm_op_swap__15tl8pia.iabiwlnj,29,sqlfluff__sqlfluff.50a1c4b6.func_pm_op_swap__15tl8pia.iabiwlnj,43941,true,20,7,0,0,0,0,0,,0,0,870000000,870000000,0,0,0,ok,,
3631,,,,pallets__click.fde47b4b.func_pm_ctrl_shuffle__kz1eskkl.whgzjogq,0,swe_smith_system_prompt,978,true,714,99,0,0,0,0,0,,0,0,0,0,0,0,0,ok,,
3632,,,,pallets__click.fde47b4b.func_pm_ctrl_shuffle__kz1eskkl.whgzjogq,1,pallets__click.fde47b4b.func_pm_ctrl_shuffle__kz1eskkl.whgzjogq,1791,true,758,45,0,0,0,0,0,,0,0,30000000,30000000,0,0,0,ok,,
3633,,,,pallets__click.fde47b4b.func_pm_ctrl_shuffle__kz1eskkl.whgzjogq,2,pallets__click.fde47b4b.func_pm_ctrl_shuffle__kz1eskkl.whgzjogq,2594,true,126,52,0,0,0,0,0,,0,0,60000000,60000000,0,0,0,ok,,
3634,,,,pallets__click.fde47b4b.func_pm_ctrl_shuffle__kz1eskkl.whgzjogq,3,pallets__click.fde47b4b.func_pm_ctrl_shuffle__kz1eskkl.whgzjogq,2772,true,2964,57,0,0,0,0,0,,0,0,90000000,90000000,0,0,0,ok,,
3635,,,,pallets__click.fde47b4b.func_pm_ctrl_shuffle__kz1eskkl.whgzjogq,4,pallets__click.fde47b4b.func_pm_ctrl_shuffle__kz1eskkl.whgzjogq,5793,true,1026,51,0,0,0,0,0,,0,0,120000000,120000000,0,0,0,ok,,
3636,,,,pallets__click.fde47b4b.func_pm_ctrl_shuffle__kz1eskkl.whgzjogq,5,pallets__click.fde47b4b.func_pm_ctrl_shuffle__kz1eskkl.whgzjogq,6870,true,3364,60,0,0,0,0,0,,0,0,150000000,150000000,0,0,0,ok,,
3637,,,,pallets__click.fde47b4b.func_pm_ctrl_shuffle__kz1eskkl.whgzjogq,6,pallets__click.fde47b4b.func_pm_ctrl_shuffle__kz1eskkl.whgzjogq,10294,true,682,57,0,0,0,0,0,,0,0,180000000,180000000,0,0,0,ok,,
3638,,,,pallets__click.fde47b4b.func_pm_ctrl_shuffle__kz1eskkl.whgzjogq,7,pallets__click.fde47b4b.func_pm_ctrl_shuffle__kz1eskkl.whgzjogq,11033,true,375,71,0,0,0,0,0,,0,0,210000000,210000000,0,0,0,ok,,
3639,,,,pallets__click.fde47b4b.func_pm_ctrl_shuffle__kz1eskkl.whgzjogq,8,pallets__click.fde47b4b.func_pm_ctrl_shuffle__kz1eskkl.whgzjogq,11479,true,362,112,0,0,0,0,0,,0,0,240000000,240000000,0,0,0,ok,,
3640,,,,pallets__click.fde47b4b.func_pm_ctrl_shuffle__kz1eskkl.whgzjogq,9,pallets__click.fde47b4b.func_pm_ctrl_shuffle__kz1eskkl.whgzjogq,11953,true,23,35,0,0,0,0,0,,0,0,270000000,270000000,0,0,0,ok,,
3641,,,,pallets__click.fde47b4b.func_pm_ctrl_shuffle__kz1eskkl.whgzjogq,10,pallets__click.fde47b4b.func_pm_ctrl_shuffle__kz1eskkl.whgzjogq,12011,true,177,242,0,0,0,0,0,,0,0,300000000,300000000,0,0,0,ok,,
3642,,,,pallets__click.fde47b4b.func_pm_ctrl_shuffle__kz1eskkl.whgzjogq,11,pallets__click.fde47b4b.func_pm_ctrl_shuffle__kz1eskkl.whgzjogq,12430,true,243,49,0,0,0,0,0,,0,0,330000000,330000000,0,0,0,ok,,
3643,,,,pallets__click.fde47b4b.func_pm_ctrl_shuffle__kz1eskkl.whgzjogq,12,pallets__click.fde47b4b.func_pm_ctrl_shuffle__kz1eskkl.whgzjogq,12722,true,8,527,0,0,0,0,0,,0,0,360000000,360000000,0,0,0,ok,,
3644,,,,pallets__click.fde47b4b.func_pm_ctrl_shuffle__kz1eskkl.whgzjogq,13,pallets__click.fde47b4b.func_pm_ctrl_shuffle__kz1eskkl.whgzjogq,13257,true,23,31,0,0,0,0,0,,0,0,390000000,390000000,0,0,0,ok,,
3645,,,,pallets__click.fde47b4b.func_pm_ctrl_shuffle__kz1eskkl.whgzjogq,14,pallets__click.fde47b4b.func_pm_ctrl_shuffle__kz1eskkl.whgzjogq,13311,true,49,197,0,0,0,0,0,,0,0,420000000,420000000,0,0,0,ok,,
3646,,,,pallets__click.fde47b4b.func_pm_ctrl_shuffle__kz1eskkl.whgzjogq,15,pallets__click.fde47b4b.func_pm_ctrl_shuffle__kz1eskkl.whgzjogq,13557,true,300,30,0,0,0,0,0,,0,0,450000000,450000000,0,0,0,ok,,
3647,,,,pallets__click.fde47b4b.func_pm_ctrl_shuffle__kz1eskkl.whgzjogq,16,pallets__click.fde47b4b.func_pm_ctrl_shuffle__kz1eskkl.whgzjogq,13887,true,67,242,0,0,0,0,0,,0,0,480000000,480000000,0,0,0,ok,,
3648,,,,pallets__click.fde47b4b.func_pm_ctrl_shuffle__kz1eskkl.whgzjogq,17,pallets__click.fde47b4b.func_pm_ctrl_shuffle__kz1eskkl.whgzjogq,14196,true,339,30,0,0,0,0,0,,0,0,510000000,510000000,0,0,0,ok,,
3649,,,,pallets__click.fde47b4b.func_pm_ctrl_shuffle__kz1eskkl.whgzjogq,18,pallets__click.fde47b4b.func_pm_ctrl_shuffle__kz1eskkl.whgzjogq,14565,true,73,321,0,0,0,0,0,,0,0,540000000,540000000,0,0,0,ok,,
3650,,,,pallets__click.fde47b4b.func_pm_ctrl_shuffle__kz1eskkl.whgzjogq,19,pallets__click.fde47b4b.func_pm_ctrl_shuffle__kz1eskkl.whgzjogq,14959,true,1159,40,0,0,0,0,0,,0,0,570000000,570000000,0,0,0,ok,,
3651,,,,pallets__click.fde47b4b.func_pm_ctrl_shuffle__kz1eskkl.whgzjogq,20,pallets__click.fde47b4b.func_pm_ctrl_shuffle__kz1eskkl.whgzjogq,16158,true,20,13,0,0,0,0,0,,0,0,600000000,600000000,0,0,0,ok,,
3652,,,,pydicom__pydicom.7d361b3d.lm_rewrite__rw65bq4v.o4mbklh9,0,swe_smith_system_prompt,978,true,828,108,0,0,0,0,0,,0,0,0,0,0,0,0,ok,,
3653,,,,pydicom__pydicom.7d361b3d.lm_rewrite__rw65bq4v.o4mbklh9,1,pydicom__pydicom.7d361b3d.lm_rewrite__rw65bq4v.o4mbklh9,1914,true,418,66,0,0,0,0,0,,0,0,30000000,30000000,0,0,0,ok,,
3654,,,,pydicom__pydicom.7d361b3d.lm_rewrite__rw65bq4v.o4mbklh9,2,pydicom__pydicom.7d361b3d.lm_rewrite__rw65bq4v.o4mbklh9,2398,true,1636,71,0,0,0,0,0,,0,0,60000000,60000000,0,0,0,ok,,
3655,,,,pydicom__pydicom.7d361b3d.lm_rewrite__rw65bq4v.o4mbklh9,3,pydicom__pydicom.7d361b3d.lm_rewrite__rw65bq4v.o4mbklh9,4105,true,774,68,0,0,0,0,0,,0,0,90000000,90000000,0,0,0,ok,,
3656,,,,pydicom__pydicom.7d361b3d.lm_rewrite__rw65bq4v.o4mbklh9,4,pydicom__pydicom.7d361b3d.lm_rewrite__rw65bq4v.o4mbklh9,4947,true,268,336,0,0,0,0,0,,0,0,120000000,120000000,0,0,0,ok,,
3657,,,,pydicom__pydicom.7d361b3d.lm_rewrite__rw65bq4v.o4mbklh9,5,pydicom__pydicom.7d361b3d.lm_rewrite__rw65bq4v.o4mbklh9,5551,true,23,40,0,0,0,0,0,,0,0,150000000,150000000,0,0,0,ok,,
3658,,,,pydicom__pydicom.7d361b3d.lm_rewrite__rw65bq4v.o4mbklh9,6,pydicom__pydicom.7d361b3d.lm_rewrite__rw65bq4v.o4mbklh9,5614,true,1760,367,0,0,0,0,0,,0,0,180000000,180000000,0,0,0,ok,,
3659,,,,pydicom__pydicom.7d361b3d.lm_rewrite__rw65bq4v.o4mbklh9,7,pydicom__pydicom.7d361b3d.lm_rewrite__rw65bq4v.o4mbklh9,7741,true,27,27,0,0,0,0,0,,0,0,210000000,210000000,0,0,0,ok,,
3660,,,,pydicom__pydicom.7d361b3d.lm_rewrite__rw65bq4v.o4mbklh9,8,pydicom__pydicom.7d361b3d.lm_rewrite__rw65bq4v.o4mbklh9,7795,true,2057,902,0,0,0,0,0,,0,0,240000000,240000000,0,0,0,ok,,
3661,,,,pydicom__pydicom.7d361b3d.lm_rewrite__rw65bq4v.o4mbklh9,9,pydicom__pydicom.7d361b3d.lm_rewrite__rw65bq4v.o4mbklh9,10754,true,766,556,0,0,0,0,0,,0,0,270000000,270000000,0,0,0,ok,,
3662,,,,pydicom__pydicom.7d361b3d.lm_rewrite__rw65bq4v.o4mbklh9,10,pydicom__pydicom.7d361b3d.lm_rewrite__rw65bq4v.o4mbklh9,12076,true,567,56,0,0,0,0,0,,0,0,300000000,300000000,0,0,0,ok,,
3663,,,,pydicom__pydicom.7d361b3d.lm_rewrite__rw65bq4v.o4mbklh9,11,pydicom__pydicom.7d361b3d.lm_rewrite__rw65bq4v.o4mbklh9,12699,true,2863,66,0,0,0,0,0,,0,0,330000000,330000000,0,0,0,ok,,
3664,,,,pydicom__pydicom.7d361b3d.lm_rewrite__rw65bq4v.o4mbklh9,12,pydicom__pydicom.7d361b3d.lm_rewrite__rw65bq4v.o4mbklh9,15628,true,1760,254,0,0,0,0,0,,0,0,360000000,360000000,0,0,0,ok,,
3665,,,,pydicom__pydicom.7d361b3d.lm_rewrite__rw65bq4v.o4mbklh9,13,pydicom__pydicom.7d361b3d.lm_rewrite__rw65bq4v.o4mbklh9,17642,true,25,26,0,0,0,0,0,,0,0,390000000,390000000,0,0,0,ok,,
3666,,,,pydicom__pydicom.7d361b3d.lm_rewrite__rw65bq4v.o4mbklh9,14,pydicom__pydicom.7d361b3d.lm_rewrite__rw65bq4v.o4mbklh9,17693,true,464,179,0,0,0,0,0,,0,0,420000000,420000000,0,0,0,ok,,
3667,,,,pydicom__pydicom.7d361b3d.lm_rewrite__rw65bq4v.o4mbklh9,15,pydicom__pydicom.7d361b3d.lm_rewrite__rw65bq4v.o4mbklh9,18336,true,26,26,0,0,0,0,0,,0,0,450000000,450000000,0,0,0,ok,,
3668,,,,pydicom__pydicom.7d361b3d.lm_rewrite__rw65bq4v.o4mbklh9,16,pydicom__pydicom.7d361b3d.lm_rewrite__rw65bq4v.o4mbklh9,18388,true,77,298,0,0,0,0,0,,0,0,480000000,480000000,0,0,0,ok,,
3669,,,,pydicom__pydicom.7d361b3d.lm_rewrite__rw65bq4v.o4mbklh9,17,pydicom__pydicom.7d361b3d.lm_rewrite__rw65bq4v.o4mbklh9,18763,true,25,26,0,0,0,0,0,,0,0,510000000,510000000,0,0,0,ok,,
3670,,,,pydicom__pydicom.7d361b3d.lm_rewrite__rw65bq4v.o4mbklh9,18,pydicom__pydicom.7d361b3d.lm_rewrite__rw65bq4v.o4mbklh9,18814,true,79,310,0,0,0,0,0,,0,0,540000000,540000000,0,0,0,ok,,
3671,,,,pydicom__pydicom.7d361b3d.lm_rewrite__rw65bq4v.o4mbklh9,19,pydicom__pydicom.7d361b3d.lm_rewrite__rw65bq4v.o4mbklh9,19203,true,27,28,0,0,0,0,0,,0,0,570000000,570000000,0,0,0,ok,,
3672,,,,pydicom__pydicom.7d361b3d.lm_rewrite__rw65bq4v.o4mbklh9,20,pydicom__pydicom.7d361b3d.lm_rewrite__rw65bq4v.o4mbklh9,19258,true,302,322,0,0,0,0,0,,0,0,600000000,600000000,0,0,0,ok,,
3673,,,,pydicom__pydicom.7d361b3d.lm_rewrite__rw65bq4v.o4mbklh9,21,pydicom__pydicom.7d361b3d.lm_rewrite__rw65bq4v.o4mbklh9,19882,true,3004,79,0,0,0,0,0,,0,0,630000000,630000000,0,0,0,ok,,
3674,,,,pydicom__pydicom.7d361b3d.lm_rewrite__rw65bq4v.o4mbklh9,22,pydicom__pydicom.7d361b3d.lm_rewrite__rw65bq4v.o4mbklh9,22965,true,20,13,0,0,0,0,0,,0,0,660000000,660000000,0,0,0,ok,,
3675,,,,kurtmckee__feedparser.cad965a3.lm_rewrite__ah1phjn6.awcurfrb,0,swe_smith_system_prompt,978,true,807,114,0,0,0,0,0,,0,0,0,0,0,0,0,ok,,
3676,,,,kurtmckee__feedparser.cad965a3.lm_rewrite__ah1phjn6.awcurfrb,1,kurtmckee__feedparser.cad965a3.lm_rewrite__ah1phjn6.awcurfrb,1899,true,674,53,0,0,0,0,0,,0,0,30000000,30000000,0,0,0,ok,,
3677,,,,kurtmckee__feedparser.cad965a3.lm_rewrite__ah1phjn6.awcurfrb,2,kurtmckee__feedparser.cad965a3.lm_rewrite__ah1phjn6.awcurfrb,2626,true,2360,60,0,0,0,0,0,,0,0,60000000,60000000,0,0,0,ok,,
3678,,,,kurtmckee__feedparser.cad965a3.lm_rewrite__ah1phjn6.awcurfrb,3,kurtmckee__feedparser.cad965a3.lm_rewrite__ah1phjn6.awcurfrb,5046,true,34,52,0,0,0,0,0,,0,0,90000000,90000000,0,0,0,ok,,
3679,,,,kurtmckee__feedparser.cad965a3.lm_rewrite__ah1phjn6.awcurfrb,4,kurtmckee__feedparser.cad965a3.lm_rewrite__ah1phjn6.awcurfrb,5132,true,1363,52,0,0,0,0,0,,0,0,120000000,120000000,0,0,0,ok,,
3680,,,,kurtmckee__feedparser.cad965a3.lm_rewrite__ah1phjn6.awcurfrb,5,kurtmckee__feedparser.cad965a3.lm_rewrite__ah1phjn6.awcurfrb,6547,true,1113,50,0,0,0,0,0,,0,0,150000000,150000000,0,0,0,ok,,
3681,,,,kurtmckee__feedparser.cad965a3.lm_rewrite__ah1phjn6.awcurfrb,6,kurtmckee__feedparser.cad965a3.lm_rewrite__ah1phjn6.awcurfrb,7710,true,907,53,0,0,0,0,0,,0,0,180000000,180000000,0,0,0,ok,,
3682,,,,kurtmckee__feedparser.cad965a3.lm_rewrite__ah1phjn6.awcurfrb,7,kurtmckee__feedparser.cad965a3.lm_rewrite__ah1phjn6.awcurfrb,8670,true,4578,71,0,0,0,0,0,,0,0,210000000,210000000,0,0,0,ok,,
3683,,,,kurtmckee__feedparser.cad965a3.lm_rewrite__ah1phjn6.awcurfrb,8,kurtmckee__feedparser.cad965a3.lm_rewrite__ah1phjn6.awcurfrb,13319,true,738,58,0,0,0,0,0,,0,0,240000000,240000000,0,0,0,ok,,
3684,,,,kurtmckee__feedparser.cad965a3.lm_rewrite__ah1phjn6.awcurfrb,9,kurtmckee__feedparser.cad965a3.lm_rewrite__ah1phjn6.awcurfrb,14115,true,470,61,0,0,0,0,0,,0,0,270000000,270000000,0,0,0,ok,,
3685,,,,kurtmckee__feedparser.cad965a3.lm_rewrite__ah1phjn6.awcurfrb,10,kurtmckee__feedparser.cad965a3.lm_rewrite__ah1phjn6.awcurfrb,14646,true,350,266,0,0,0,0,0,,0,0,300000000,300000000,0,0,0,ok,,
3686,,,,kurtmckee__feedparser.cad965a3.lm_rewrite__ah1phjn6.awcurfrb,11,kurtmckee__feedparser.cad965a3.lm_rewrite__ah1phjn6.awcurfrb,15262,true,23,34,0,0,0,0,0,,0,0,330000000,330000000,0,0,0,ok,,
3687,,,,kurtmckee__feedparser.cad965a3.lm_rewrite__ah1phjn6.awcurfrb,12,kurtmckee__feedparser.cad965a3.lm_rewrite__ah1phjn6.awcurfrb,15319,true,127,361,0,0,0,0,0,,0,0,360000000,360000000,0,0,0,ok,,
3688,,,,kurtmckee__feedparser.cad965a3.lm_rewrite__ah1phjn6.awcurfrb,13,kurtmckee__feedparser.cad965a3.lm_rewrite__ah1phjn6.awcurfrb,15807,true,387,54,0,0,0,0,0,,0,0,390000000,390000000,0,0,0,ok,,
3689,,,,kurtmckee__feedparser.cad965a3.lm_rewrite__ah1phjn6.awcurfrb,14,kurtmckee__feedparser.cad965a3.lm_rewrite__ah1phjn6.awcurfrb,16248,true,120,193,0,0,0,0,0,,0,0,420000000,420000000,0,0,0,ok,,
3690,,,,kurtmckee__feedparser.cad965a3.lm_rewrite__ah1phjn6.awcurfrb,15,kurtmckee__feedparser.cad965a3.lm_rewrite__ah1phjn6.awcurfrb,16561,true,315,30,0,0,0,0,0,,0,0,450000000,450000000,0,0,0,ok,,
3691,,,,kurtmckee__feedparser.cad965a3.lm_rewrite__ah1phjn6.awcurfrb,16,kurtmckee__feedparser.cad965a3.lm_rewrite__ah1phjn6.awcurfrb,16906,true,21,699,0,0,0,0,0,,0,0,480000000,480000000,0,0,0,ok,,
3692,,,,kurtmckee__feedparser.cad965a3.lm_rewrite__ah1phjn6.awcurfrb,17,kurtmckee__feedparser.cad965a3.lm_rewrite__ah1phjn6.awcurfrb,17626,true,23,31,0,0,0,0,0,,0,0,510000000,510000000,0,0,0,ok,,
3693,,,,kurtmckee__feedparser.cad965a3.lm_rewrite__ah1phjn6.awcurfrb,18,kurtmckee__feedparser.cad965a3.lm_rewrite__ah1phjn6.awcurfrb,17680,true,73,257,0,0,0,0,0,,0,0,540000000,540000000,0,0,0,ok,,
3694,,,,kurtmckee__feedparser.cad965a3.lm_rewrite__ah1phjn6.awcurfrb,19,kurtmckee__feedparser.cad965a3.lm_rewrite__ah1phjn6.awcurfrb,18010,true,369,32,0,0,0,0,0,,0,0,570000000,570000000,0,0,0,ok,,
3695,,,,kurtmckee__feedparser.cad965a3.lm_rewrite__ah1phjn6.awcurfrb,20,kurtmckee__feedparser.cad965a3.lm_rewrite__ah1phjn6.awcurfrb,18411,true,60,196,0,0,0,0,0,,0,0,600000000,600000000,0,0,0,ok,,
3696,,,,kurtmckee__feedparser.cad965a3.lm_rewrite__ah1phjn6.awcurfrb,21,kurtmckee__feedparser.cad965a3.lm_rewrite__ah1phjn6.awcurfrb,18667,true,1864,40,0,0,0,0,0,,0,0,630000000,630000000,0,0,0,ok,,
3697,,,,kurtmckee__feedparser.cad965a3.lm_rewrite__ah1phjn6.awcurfrb,22,kurtmckee__feedparser.cad965a3.lm_rewrite__ah1phjn6.awcurfrb,20571,true,20,7,0,0,0,0,0,,0,0,660000000,660000000,0,0,0,ok,,
3698,,,,Cog-Creators__Red-DiscordBot.33e0eac7.func_pm_remove_assign__eb0dnb6d.0ddnh5wo,0,swe_smith_system_prompt,978,true,870,107,0,0,0,0,0,,0,0,0,0,0,0,0,ok,,
3699,,,,Cog-Creators__Red-DiscordBot.33e0eac7.func_pm_remove_assign__eb0dnb6d.0ddnh5wo,1,Cog-Creators__Red-DiscordBot.33e0eac7.func_pm_remove_assign__eb0dnb6d.0ddnh5wo,1955,true,3075,50,0,0,0,0,0,,0,0,30000000,30000000,0,0,0,ok,,
3700,,,,Cog-Creators__Red-DiscordBot.33e0eac7.func_pm_remove_assign__eb0dnb6d.0ddnh5wo,2,Cog-Creators__Red-DiscordBot.33e0eac7.func_pm_remove_assign__eb0dnb6d.0ddnh5wo,5080,true,19,53,0,0,0,0,0,,0,0,60000000,60000000,0,0,0,ok,,
3701,,,,Cog-Creators__Red-DiscordBot.33e0eac7.func_pm_remove_assign__eb0dnb6d.0ddnh5wo,3,Cog-Creators__Red-DiscordBot.33e0eac7.func_pm_remove_assign__eb0dnb6d.0ddnh5wo,5152,true,5540,308,0,0,0,0,0,,0,0,90000000,90000000,0,0,0,ok,,
3702,,,,Cog-Creators__Red-DiscordBot.33e0eac7.func_pm_remove_assign__eb0dnb6d.0ddnh5wo,4,Cog-Creators__Red-DiscordBot.33e0eac7.func_pm_remove_assign__eb0dnb6d.0ddnh5wo,11000,true,23,36,0,0,0,0,0,,0,0,120000000,120000000,0,0,0,ok,,
3703,,,,Cog-Creators__Red-DiscordBot.33e0eac7.func_pm_remove_assign__eb0dnb6d.0ddnh5wo,5,Cog-Creators__Red-DiscordBot.33e0eac7.func_pm_remove_assign__eb0dnb6d.0ddnh5wo,11059,true,12,300,0,0,0,0,0,,0,0,150000000,150000000,0,0,0,ok,,
3704,,,,Cog-Creators__Red-DiscordBot.33e0eac7.func_pm_remove_assign__eb0dnb6d.0ddnh5wo,6,Cog-Creators__Red-DiscordBot.33e0eac7.func_pm_remove_assign__eb0dnb6d.0ddnh5wo,11371,true,242,32,0,0,0,0,0,,0,0,180000000,180000000,0,0,0,ok,,
3705,,,,Cog-Creators__Red-DiscordBot.33e0eac7.func_pm_remove_assign__eb0dnb6d.0ddnh5wo,7,Cog-Creators__Red-DiscordBot.33e0eac7.func_pm_remove_assign__eb0dnb6d.0ddnh5wo,11645,true,12,558,0,0,0,0,0,,0,0,210000000,210000000,0,0,0,ok,,
3706,,,,Cog-Creators__Red-DiscordBot.33e0eac7.func_pm_remove_assign__eb0dnb6d.0ddnh5wo,8,Cog-Creators__Red-DiscordBot.33e0eac7.func_pm_remove_assign__eb0dnb6d.0ddnh5wo,12215,true,706,38,0,0,0,0,0,,0,0,240000000,240000000,0,0,0,ok,,
3707,,,,Cog-Creators__Red-DiscordBot.33e0eac7.func_pm_remove_assign__eb0dnb6d.0ddnh5wo,9,Cog-Creators__Red-DiscordBot.33e0eac7.func_pm_remove_assign__eb0dnb6d.0ddnh5wo,12959,true,144,770,0,0,0,0,0,,0,0,270000000,270000000,0,0,0,ok,,
3708,,,,Cog-Creators__Red-DiscordBot.33e0eac7.func_pm_remove_assign__eb0dnb6d.0ddnh5wo,10,Cog-Creators__Red-DiscordBot.33e0eac7.func_pm_remove_assign__eb0dnb6d.0ddnh5wo,13873,true,675,110,0,0,0,0,0,,0,0,300000000,300000000,0,0,0,ok,,
3709,,,,Cog-Creators__Red-DiscordBot.33e0eac7.func_pm_remove_assign__eb0dnb6d.0ddnh5wo,11,Cog-Creators__Red-DiscordBot.33e0eac7.func_pm_remove_assign__eb0dnb6d.0ddnh5wo,14658,true,121,866,0,0,0,0,0,,0,0,330000000,330000000,0,0,0,ok,,
3710,,,,Cog-Creators__Red-DiscordBot.33e0eac7.func_pm_remove_assign__eb0dnb6d.0ddnh5wo,12,Cog-Creators__Red-DiscordBot.33e0eac7.func_pm_remove_assign__eb0dnb6d.0ddnh5wo,15645,true,24,34,0,0,0,0,0,,0,0,360000000,360000000,0,0,0,ok,,
3711,,,,Cog-Creators__Red-DiscordBot.33e0eac7.func_pm_remove_assign__eb0dnb6d.0ddnh5wo,13,Cog-Creators__Red-DiscordBot.33e0eac7.func_pm_remove_assign__eb0dnb6d.0ddnh5wo,15703,true,495,356,0,0,0,0,0,,0,0,390000000,390000000,0,0,0,ok,,
3712,,,,Cog-Creators__Red-DiscordBot.33e0eac7.func_pm_remove_assign__eb0dnb6d.0ddnh5wo,14,Cog-Creators__Red-DiscordBot.33e0eac7.func_pm_remove_assign__eb0dnb6d.0ddnh5wo,16554,true,2251,40,0,0,0,0,0,,0,0,420000000,420000000,0,0,0,ok,,
3713,,,,Cog-Creators__Red-DiscordBot.33e0eac7.func_pm_remove_assign__eb0dnb6d.0ddnh5wo,15,Cog-Creators__Red-DiscordBot.33e0eac7.func_pm_remove_assign__eb0dnb6d.0ddnh5wo,18845,true,20,13,0,0,0,0,0,,0,0,450000000,450000000,0,0,0,ok,,
3714,,,,chardet__chardet.9630f238.92.ewo7n8h1,0,swe_smith_system_prompt,978,true,735,68,0,0,0,0,0,,0,0,0,0,0,0,0,ok,,
3715,,,,chardet__chardet.9630f238.92.ewo7n8h1,1,chardet__chardet.9630f238.92.ewo7n8h1,1781,true,13,45,0,0,0,0,0,,0,0,30000000,30000000,0,0,0,ok,,
3716,,,,chardet__chardet.9630f238.92.ewo7n8h1,2,chardet__chardet.9630f238.92.ewo7n8h1,1839,true,5680,41,0,0,0,0,0,,0,0,60000000,60000000,0,0,0,ok,,
3717,,,,chardet__chardet.9630f238.92.ewo7n8h1,3,chardet__chardet.9630f238.92.ewo7n8h1,7560,true,22,56,0,0,0,0,0,,0,0,90000000,90000000,0,0,0,ok,,
3718,,,,chardet__chardet.9630f238.92.ewo7n8h1,4,chardet__chardet.9630f238.92.ewo7n8h1,7638,true,316,192,0,0,0,0,0,,0,0,120000000,120000000,0,0,0,ok,,
3719,,,,chardet__chardet.9630f238.92.ewo7n8h1,5,chardet__chardet.9630f238.92.ewo7n8h1,8146,true,21,30,0,0,0,0,0,,0,0,150000000,150000000,0,0,0,ok,,
3720,,,,chardet__chardet.9630f238.92.ewo7n8h1,6,chardet__chardet.9630f238.92.ewo7n8h1,8197,true,31,145,0,0,0,0,0,,0,0,180000000,180000000,0,0,0,ok,,
3721,,,,chardet__chardet.9630f238.92.ewo7n8h1,7,chardet__chardet.9630f238.92.ewo7n8h1,8373,true,207,43,0,0,0,0,0,,0,0,210000000,210000000,0,0,0,ok,,
3722,,,,chardet__chardet.9630f238.92.ewo7n8h1,8,chardet__chardet.9630f238.92.ewo7n8h1,8623,true,32,299,0,0,0,0,0,,0,0,240000000,240000000,0,0,0,ok,,
3723,,,,dask__dask.5f61e423.pr_7894.9tvwjuat,0,swe_smith_system_prompt,978,true,840,78,0,0,0,0,0,,0,0,0,0,0,0,0,ok,,
3724,,,,dask__dask.5f61e423.pr_7894.9tvwjuat,1,dask__dask.5f61e423.pr_7894.9tvwjuat,1896,true,2044,73,0,0,0,0,0,,0,0,30000000,30000000,0,0,0,ok,,
3725,,,,dask__dask.5f61e423.pr_7894.9tvwjuat,2,dask__dask.5f61e423.pr_7894.9tvwjuat,4013,true,1538,64,0,0,0,0,0,,0,0,60000000,60000000,0,0,0,ok,,
3726,,,,dask__dask.5f61e423.pr_7894.9tvwjuat,3,dask__dask.5f61e423.pr_7894.9tvwjuat,5615,true,858,56,0,0,0,0,0,,0,0,90000000,90000000,0,0,0,ok,,
3727,,,,dask__dask.5f61e423.pr_7894.9tvwjuat,4,dask__dask.5f61e423.pr_7894.9tvwjuat,6529,true,856,45,0,0,0,0,0,,0,0,120000000,120000000,0,0,0,ok,,
3728,,,,dask__dask.5f61e423.pr_7894.9tvwjuat,5,dask__dask.5f61e423.pr_7894.9tvwjuat,7430,true,879,45,0,0,0,0,0,,0,0,150000000,150000000,0,0,0,ok,,
3729,,,,dask__dask.5f61e423.pr_7894.9tvwjuat,6,dask__dask.5f61e423.pr_7894.9tvwjuat,8354,true,919,45,0,0,0,0,0,,0,0,180000000,180000000,0,0,0,ok,,
3730,,,,dask__dask.5f61e423.pr_7894.9tvwjuat,7,dask__dask.5f61e423.pr_7894.9tvwjuat,9318,true,870,67,0,0,0,0,0,,0,0,210000000,210000000,0,0,0,ok,,
3731,,,,dask__dask.5f61e423.pr_7894.9tvwjuat,8,dask__dask.5f61e423.pr_7894.9tvwjuat,10255,true,561,267,0,0,0,0,0,,0,0,240000000,240000000,0,0,0,ok,,
3732,,,,dask__dask.5f61e423.pr_7894.9tvwjuat,9,dask__dask.5f61e423.pr_7894.9tvwjuat,11083,true,21,30,0,0,0,0,0,,0,0,270000000,270000000,0,0,0,ok,,
3733,,,,dask__dask.5f61e423.pr_7894.9tvwjuat,10,dask__dask.5f61e423.pr_7894.9tvwjuat,11134,true,33,470,0,0,0,0,0,,0,0,300000000,300000000,0,0,0,ok,,
3734,,,,dask__dask.5f61e423.pr_7894.9tvwjuat,11,dask__dask.5f61e423.pr_7894.9tvwjuat,11637,true,503,29,0,0,0,0,0,,0,0,330000000,330000000,0,0,0,ok,,
3735,,,,dask__dask.5f61e423.pr_7894.9tvwjuat,12,dask__dask.5f61e423.pr_7894.9tvwjuat,12169,true,128,633,0,0,0,0,0,,0,0,360000000,360000000,0,0,0,ok,,
3736,,,,dask__dask.5f61e423.pr_7894.9tvwjuat,13,dask__dask.5f61e423.pr_7894.9tvwjuat,12930,true,752,210,0,0,0,0,0,,0,0,390000000,390000000,0,0,0,ok,,
3737,,,,dask__dask.5f61e423.pr_7894.9tvwjuat,14,dask__dask.5f61e423.pr_7894.9tvwjuat,13892,true,126,487,0,0,0,0,0,,0,0,420000000,420000000,0,0,0,ok,,
3738,,,,dask__dask.5f61e423.pr_7894.9tvwjuat,15,dask__dask.5f61e423.pr_7894.9tvwjuat,14505,true,21,28,0,0,0,0,0,,0,0,450000000,450000000,0,0,0,ok,,
3739,,,,dask__dask.5f61e423.pr_7894.9tvwjuat,16,dask__dask.5f61e423.pr_7894.9tvwjuat,14554,true,190,74,0,0,0,0,0,,0,0,480000000,480000000,0,0,0,ok,,
3740,,,,pandas-dev__pandas.95280573.pr_53078.98l2tgxj,0,swe_smith_system_prompt,978,true,1917,87,0,0,0,0,0,,0,0,0,0,0,0,0,ok,,
3741,,,,pandas-dev__pandas.95280573.pr_53078.98l2tgxj,1,pandas-dev__pandas.95280573.pr_53078.98l2tgxj,2982,true,990,67,0,0,0,0,0,,0,0,30000000,30000000,0,0,0,ok,,
3742,,,,pandas-dev__pandas.95280573.pr_53078.98l2tgxj,2,pandas-dev__pandas.95280573.pr_53078.98l2tgxj,4039,true,1302,74,0,0,0,0,0,,0,0,60000000,60000000,0,0,0,ok,,
3743,,,,pandas-dev__pandas.95280573.pr_53078.98l2tgxj,3,pandas-dev__pandas.95280573.pr_53078.98l2tgxj,5415,true,680,111,0,0,0,0,0,,0,0,90000000,90000000,0,0,0,ok,,
3744,,,,pandas-dev__pandas.95280573.pr_53078.98l2tgxj,4,pandas-dev__pandas.95280573.pr_53078.98l2tgxj,6206,true,21,30,0,0,0,0,0,,0,0,120000000,120000000,0,0,0,ok,,
3745,,,,pandas-dev__pandas.95280573.pr_53078.98l2tgxj,5,pandas-dev__pandas.95280573.pr_53078.98l2tgxj,6257,true,425,42,0,0,0,0,0,,0,0,150000000,150000000,0,0,0,ok,,
3746,,,,pandas-dev__pandas.95280573.pr_53078.98l2tgxj,6,pandas-dev__pandas.95280573.pr_53078.98l2tgxj,6724,true,57,447,0,0,0,0,0,,0,0,180000000,180000000,0,0,0,ok,,
3747,,,,pandas-dev__pandas.95280573.pr_53078.98l2tgxj,7,pandas-dev__pandas.95280573.pr_53078.98l2tgxj,7228,true,368,39,0,0,0,0,0,,0,0,210000000,210000000,0,0,0,ok,,
3748,,,,spulec__freezegun.5f171db0.lm_rewrite__b0ixukh7.o5t3kofx,0,swe_smith_system_prompt,978,true,945,108,0,0,0,0,0,,0,0,0,0,0,0,0,ok,,
3749,,,,spulec__freezegun.5f171db0.lm_rewrite__b0ixukh7.o5t3kofx,1,spulec__freezegun.5f171db0.lm_rewrite__b0ixukh7.o5t3kofx,2031,true,239,62,0,0,0,0,0,,0,0,30000000,30000000,0,0,0,ok,,
3750,,,,spulec__freezegun.5f171db0.lm_rewrite__b0ixukh7.o5t3kofx,2,spulec__freezegun.5f171db0.lm_rewrite__b0ixukh7.o5t3kofx,2332,true,5678,39,0,0,0,0,0,,0,0,60000000,60000000,0,0,0,ok,,
3751,,,,spulec__freezegun.5f171db0.lm_rewrite__b0ixukh7.o5t3kofx,3,spulec__freezegun.5f171db0.lm_rewrite__b0ixukh7.o5t3kofx,8049,true,14,59,0,0,0,0,0,,0,0,90000000,90000000,0,0,0,ok,,
3752,,,,spulec__freezegun.5f171db0.lm_rewrite__b0ixukh7.o5t3kofx,4,spulec__freezegun.5f171db0.lm_rewrite__b0ixukh7.o5t3kofx,8122,true,830,59,0,0,0,0,0,,0,0,120000000,120000000,0,0,0,ok,,
3753,,,,spulec__freezegun.5f171db0.lm_rewrite__b0ixukh7.o5t3kofx,5,spulec__freezegun.5f171db0.lm_rewrite__b0ixukh7.o5t3kofx,9011,true,879,46,0,0,0,0,0,,0,0,150000000,150000000,0,0,0,ok,,
3754,,,,spulec__freezegun.5f171db0.lm_rewrite__b0ixukh7.o5t3kofx,6,spulec__freezegun.5f171db0.lm_rewrite__b0ixukh7.o5t3kofx,9936,true,39,44,0,0,0,0,0,,0,0,180000000,180000000,0,0,0,ok,,
3755,,,,spulec__freezegun.5f171db0.lm_rewrite__b0ixukh7.o5t3kofx,7,spulec__freezegun.5f171db0.lm_rewrite__b0ixukh7.o5t3kofx,10019,true,706,56,0,0,0,0,0,,0,0,210000000,210000000,0,0,0,ok,,
3756,,,,spulec__freezegun.5f171db0.lm_rewrite__b0ixukh7.o5t3kofx,8,spulec__freezegun.5f171db0.lm_rewrite__b0ixukh7.o5t3kofx,10781,true,947,44,0,0,0,0,0,,0,0,240000000,240000000,0,0,0,ok,,
3757,,,,spulec__freezegun.5f171db0.lm_rewrite__b0ixukh7.o5t3kofx,9,spulec__freezegun.5f171db0.lm_rewrite__b0ixukh7.o5t3kofx,11772,true,958,260,0,0,0,0,0,,0,0,270000000,270000000,0,0,0,ok,,
3758,,,,spulec__freezegun.5f171db0.lm_rewrite__b0ixukh7.o5t3kofx,10,spulec__freezegun.5f171db0.lm_rewrite__b0ixukh7.o5t3kofx,12990,true,23,35,0,0,0,0,0,,0,0,300000000,300000000,0,0,0,ok,,
3759,,,,spulec__freezegun.5f171db0.lm_rewrite__b0ixukh7.o5t3kofx,11,spulec__freezegun.5f171db0.lm_rewrite__b0ixukh7.o5t3kofx,13048,true,11,551,0,0,0,0,0,,0,0,330000000,330000000,0,0,0,ok,,
3760,,,,spulec__freezegun.5f171db0.lm_rewrite__b0ixukh7.o5t3kofx,12,spulec__freezegun.5f171db0.lm_rewrite__b0ixukh7.o5t3kofx,13610,true,675,32,0,0,0,0,0,,0,0,360000000,360000000,0,0,0,ok,,
3761,,,,spulec__freezegun.5f171db0.lm_rewrite__b0ixukh7.o5t3kofx,13,spulec__freezegun.5f171db0.lm_rewrite__b0ixukh7.o5t3kofx,14317,true,108,66,0,0,0,0,0,,0,0,390000000,390000000,0,0,0,ok,,
3762,,,,spulec__freezegun.5f171db0.lm_rewrite__b0ixukh7.o5t3kofx,14,spulec__freezegun.5f171db0.lm_rewrite__b0ixukh7.o5t3kofx,14491,true,793,52,0,0,0,0,0,,0,0,420000000,420000000,0,0,0,ok,,
3763,,,,spulec__freezegun.5f171db0.lm_rewrite__b0ixukh7.o5t3kofx,15,spulec__freezegun.5f171db0.lm_rewrite__b0ixukh7.o5t3kofx,15336,true,1223,792,0,0,0,0,0,,0,0,450000000,450000000,0,0,0,ok,,
3764,,,,spulec__freezegun.5f171db0.lm_rewrite__b0ixukh7.o5t3kofx,16,spulec__freezegun.5f171db0.lm_rewrite__b0ixukh7.o5t3kofx,17351,true,26,33,0,0,0,0,0,,0,0,480000000,480000000,0,0,0,ok,,
3765,,,,spulec__freezegun.5f171db0.lm_rewrite__b0ixukh7.o5t3kofx,17,spulec__freezegun.5f171db0.lm_rewrite__b0ixukh7.o5t3kofx,17410,true,223,995,0,0,0,0,0,,0,0,510000000,510000000,0,0,0,ok,,
3766,,,,spulec__freezegun.5f171db0.lm_rewrite__b0ixukh7.o5t3kofx,18,spulec__freezegun.5f171db0.lm_rewrite__b0ixukh7.o5t3kofx,18628,true,916,1169,0,0,0,0,0,,0,0,540000000,540000000,0,0,0,ok,,
3767,,,,spulec__freezegun.5f171db0.lm_rewrite__b0ixukh7.o5t3kofx,19,spulec__freezegun.5f171db0.lm_rewrite__b0ixukh7.o5t3kofx,20713,true,1128,67,0,0,0,0,0,,0,0,570000000,570000000,0,0,0,ok,,
3768,,,,spulec__freezegun.5f171db0.lm_rewrite__b0ixukh7.o5t3kofx,20,spulec__freezegun.5f171db0.lm_rewrite__b0ixukh7.o5t3kofx,21908,true,155,1592,0,0,0,0,0,,0,0,600000000,600000000,0,0,0,ok,,
3769,,,,spulec__freezegun.5f171db0.lm_rewrite__b0ixukh7.o5t3kofx,21,spulec__freezegun.5f171db0.lm_rewrite__b0ixukh7.o5t3kofx,23655,true,23,32,0,0,0,0,0,,0,0,630000000,630000000,0,0,0,ok,,
3770,,,,spulec__freezegun.5f171db0.lm_rewrite__b0ixukh7.o5t3kofx,22,spulec__freezegun.5f171db0.lm_rewrite__b0ixukh7.o5t3kofx,23710,true,435,307,0,0,0,0,0,,0,0,660000000,660000000,0,0,0,ok,,
3771,,,,spulec__freezegun.5f171db0.lm_rewrite__b0ixukh7.o5t3kofx,23,spulec__freezegun.5f171db0.lm_rewrite__b0ixukh7.o5t3kofx,24452,true,5475,49,0,0,0,0,0,,0,0,690000000,690000000,0,0,0,ok,,
3772,,,,spulec__freezegun.5f171db0.lm_rewrite__b0ixukh7.o5t3kofx,24,spulec__freezegun.5f171db0.lm_rewrite__b0ixukh7.o5t3kofx,29976,true,20,15,0,0,0,0,0,,0,0,720000000,720000000,0,0,0,ok,,
3773,,,,Project-MONAI__MONAI.a09c1f08.pr_8041.vrouvp7g,0,swe_smith_system_prompt,978,true,915,96,0,0,0,0,0,,0,0,0,0,0,0,0,ok,,
3774,,,,Project-MONAI__MONAI.a09c1f08.pr_8041.vrouvp7g,1,Project-MONAI__MONAI.a09c1f08.pr_8041.vrouvp7g,1989,true,829,53,0,0,0,0,0,,0,0,30000000,30000000,0,0,0,ok,,
3775,,,,Project-MONAI__MONAI.a09c1f08.pr_8041.vrouvp7g,2,Project-MONAI__MONAI.a09c1f08.pr_8041.vrouvp7g,2871,true,936,75,0,0,0,0,0,,0,0,60000000,60000000,0,0,0,ok,,
3776,,,,Project-MONAI__MONAI.a09c1f08.pr_8041.vrouvp7g,3,Project-MONAI__MONAI.a09c1f08.pr_8041.vrouvp7g,3882,true,2622,65,0,0,0,0,0,,0,0,90000000,90000000,0,0,0,ok,,
3777,,,,Project-MONAI__MONAI.a09c1f08.pr_8041.vrouvp7g,4,Project-MONAI__MONAI.a09c1f08.pr_8041.vrouvp7g,6569,true,291,97,0,0,0,0,0,,0,0,120000000,120000000,0,0,0,ok,,
3778,,,,Project-MONAI__MONAI.a09c1f08.pr_8041.vrouvp7g,5,Project-MONAI__MONAI.a09c1f08.pr_8041.vrouvp7g,6957,true,21,27,0,0,0,0,0,,0,0,150000000,150000000,0,0,0,ok,,
3779,,,,Project-MONAI__MONAI.a09c1f08.pr_8041.vrouvp7g,6,Project-MONAI__MONAI.a09c1f08.pr_8041.vrouvp7g,7005,true,84,584,0,0,0,0,0,,0,0,180000000,180000000,0,0,0,ok,,
3780,,,,Project-MONAI__MONAI.a09c1f08.pr_8041.vrouvp7g,7,Project-MONAI__MONAI.a09c1f08.pr_8041.vrouvp7g,7673,true,658,38,0,0,0,0,0,,0,0,210000000,210000000,0,0,0,ok,,
3781,,,,Project-MONAI__MONAI.a09c1f08.pr_8041.vrouvp7g,8,Project-MONAI__MONAI.a09c1f08.pr_8041.vrouvp7g,8369,true,20,352,0,0,0,0,0,,0,0,240000000,240000000,0,0,0,ok,,
3782,,,,Project-MONAI__MONAI.a09c1f08.pr_8041.vrouvp7g,9,Project-MONAI__MONAI.a09c1f08.pr_8041.vrouvp7g,8741,true,21,30,0,0,0,0,0,,0,0,270000000,270000000,0,0,0,ok,,
3783,,,,Project-MONAI__MONAI.a09c1f08.pr_8041.vrouvp7g,10,Project-MONAI__MONAI.a09c1f08.pr_8041.vrouvp7g,8792,true,179,778,0,0,0,0,0,,0,0,300000000,300000000,0,0,0,ok,,
3784,,,,Project-MONAI__MONAI.a09c1f08.pr_8041.vrouvp7g,11,Project-MONAI__MONAI.a09c1f08.pr_8041.vrouvp7g,9749,true,906,31,0,0,0,0,0,,0,0,330000000,330000000,0,0,0,ok,,
3785,,,,Project-MONAI__MONAI.a09c1f08.pr_8041.vrouvp7g,12,Project-MONAI__MONAI.a09c1f08.pr_8041.vrouvp7g,10686,true,161,35,0,0,0,0,0,,0,0,360000000,360000000,0,0,0,ok,,
3786,,,,agronholm__exceptiongroup.0b4f4937.pr_101.ix0zls7y,0,swe_smith_system_prompt,978,true,525,82,0,0,0,0,0,,0,0,0,0,0,0,0,ok,,
3787,,,,agronholm__exceptiongroup.0b4f4937.pr_101.ix0zls7y,1,agronholm__exceptiongroup.0b4f4937.pr_101.ix0zls7y,1585,true,198,48,0,0,0,0,0,,0,0,30000000,30000000,0,0,0,ok,,
3788,,,,agronholm__exceptiongroup.0b4f4937.pr_101.ix0zls7y,2,agronholm__exceptiongroup.0b4f4937.pr_101.ix0zls7y,1831,true,132,121,0,0,0,0,0,,0,0,60000000,60000000,0,0,0,ok,,
3789,,,,agronholm__exceptiongroup.0b4f4937.pr_101.ix0zls7y,3,agronholm__exceptiongroup.0b4f4937.pr_101.ix0zls7y,2084,true,18,47,0,0,0,0,0,,0,0,90000000,90000000,0,0,0,ok,,
3790,,,,agronholm__exceptiongroup.0b4f4937.pr_101.ix0zls7y,4,agronholm__exceptiongroup.0b4f4937.pr_101.ix0zls7y,2149,true,4525,193,0,0,0,0,0,,0,0,120000000,120000000,0,0,0,ok,,
3791,,,,agronholm__exceptiongroup.0b4f4937.pr_101.ix0zls7y,5,agronholm__exceptiongroup.0b4f4937.pr_101.ix0zls7y,6867,true,21,31,0,0,0,0,0,,0,0,150000000,150000000,0,0,0,ok,,
3792,,,,agronholm__exceptiongroup.0b4f4937.pr_101.ix0zls7y,6,agronholm__exceptiongroup.0b4f4937.pr_101.ix0zls7y,6919,true,115,56,0,0,0,0,0,,0,0,180000000,180000000,0,0,0,ok,,
3793,,,,agronholm__exceptiongroup.0b4f4937.pr_101.ix0zls7y,7,agronholm__exceptiongroup.0b4f4937.pr_101.ix0zls7y,7090,true,1201,34,0,0,0,0,0,,0,0,210000000,210000000,0,0,0,ok,,
3794,,,,agronholm__exceptiongroup.0b4f4937.pr_101.ix0zls7y,8,agronholm__exceptiongroup.0b4f4937.pr_101.ix0zls7y,8325,true,566,36,0,0,0,0,0,,0,0,240000000,240000000,0,0,0,ok,,
3795,,,,agronholm__exceptiongroup.0b4f4937.pr_101.ix0zls7y,9,agronholm__exceptiongroup.0b4f4937.pr_101.ix0zls7y,8927,true,32,54,0,0,0,0,0,,0,0,270000000,270000000,0,0,0,ok,,
3796,,,,agronholm__exceptiongroup.0b4f4937.pr_101.ix0zls7y,10,agronholm__exceptiongroup.0b4f4937.pr_101.ix0zls7y,9013,true,3968,155,0,0,0,0,0,,0,0,300000000,300000000,0,0,0,ok,,
3797,,,,agronholm__exceptiongroup.0b4f4937.pr_101.ix0zls7y,11,agronholm__exceptiongroup.0b4f4937.pr_101.ix0zls7y,13136,true,292,44,0,0,0,0,0,,0,0,330000000,330000000,0,0,0,ok,,
3798,,,,agronholm__exceptiongroup.0b4f4937.pr_101.ix0zls7y,12,agronholm__exceptiongroup.0b4f4937.pr_101.ix0zls7y,13472,true,4617,108,0,0,0,0,0,,0,0,360000000,360000000,0,0,0,ok,,
3799,,,,agronholm__exceptiongroup.0b4f4937.pr_101.ix0zls7y,13,agronholm__exceptiongroup.0b4f4937.pr_101.ix0zls7y,18197,true,32,243,0,0,0,0,0,,0,0,390000000,390000000,0,0,0,ok,,
3800,,,,tox-dev__pipdeptree.c31b6418.44.r8vod173,0,swe_smith_system_prompt,978,true,885,76,0,0,0,0,0,,0,0,0,0,0,0,0,ok,,
3801,,,,tox-dev__pipdeptree.c31b6418.44.r8vod173,1,tox-dev__pipdeptree.c31b6418.44.r8vod173,1939,true,15,47,0,0,0,0,0,,0,0,30000000,30000000,0,0,0,ok,,
3802,,,,tox-dev__pipdeptree.c31b6418.44.r8vod173,2,tox-dev__pipdeptree.c31b6418.44.r8vod173,2001,true,1230,123,0,0,0,0,0,,0,0,60000000,60000000,0,0,0,ok,,
3803,,,,tox-dev__pipdeptree.c31b6418.44.r8vod173,3,tox-dev__pipdeptree.c31b6418.44.r8vod173,3354,true,21,38,0,0,0,0,0,,0,0,90000000,90000000,0,0,0,ok,,
3804,,,,tox-dev__pipdeptree.c31b6418.44.r8vod173,4,tox-dev__pipdeptree.c31b6418.44.r8vod173,3413,true,8,186,0,0,0,0,0,,0,0,120000000,120000000,0,0,0,ok,,
3805,,,,tox-dev__pipdeptree.c31b6418.44.r8vod173,5,tox-dev__pipdeptree.c31b6418.44.r8vod173,3607,true,200,45,0,0,0,0,0,,0,0,150000000,150000000,0,0,0,ok,,
3806,,,,tox-dev__pipdeptree.c31b6418.44.r8vod173,6,tox-dev__pipdeptree.c31b6418.44.r8vod173,3852,true,8,366,0,0,0,0,0,,0,0,180000000,180000000,0,0,0,ok,,
3807,,,,tox-dev__pipdeptree.c31b6418.44.r8vod173,7,tox-dev__pipdeptree.c31b6418.44.r8vod173,4226,true,306,37,0,0,0,0,0,,0,0,210000000,210000000,0,0,0,ok,,
3808,,,,tox-dev__pipdeptree.c31b6418.44.r8vod173,8,tox-dev__pipdeptree.c31b6418.44.r8vod173,4569,true,98,45,0,0,0,0,0,,0,0,240000000,240000000,0,0,0,ok,,
3809,,,,pydantic__pydantic.acb0f10f.pr_9134.jskwb3v6,0,swe_smith_system_prompt,978,true,1296,75,0,0,0,0,0,,0,0,0,0,0,0,0,ok,,
3810,,,,pydantic__pydantic.acb0f10f.pr_9134.jskwb3v6,1,pydantic__pydantic.acb0f10f.pr_9134.jskwb3v6,2349,true,1691,116,0,0,0,0,0,,0,0,30000000,30000000,0,0,0,ok,,
3811,,,,pydantic__pydantic.acb0f10f.pr_9134.jskwb3v6,2,pydantic__pydantic.acb0f10f.pr_9134.jskwb3v6,4156,true,5641,38,0,0,0,0,0,,0,0,60000000,60000000,0,0,0,ok,,
3812,,,,pydantic__pydantic.acb0f10f.pr_9134.jskwb3v6,3,pydantic__pydantic.acb0f10f.pr_9134.jskwb3v6,9835,true,1460,27,0,0,0,0,0,,0,0,90000000,90000000,0,0,0,ok,,
3813,,,,pydantic__pydantic.acb0f10f.pr_9134.jskwb3v6,4,pydantic__pydantic.acb0f10f.pr_9134.jskwb3v6,11322,true,63,61,0,0,0,0,0,,0,0,120000000,120000000,0,0,0,ok,,
3814,,,,pydantic__pydantic.acb0f10f.pr_9134.jskwb3v6,5,pydantic__pydantic.acb0f10f.pr_9134.jskwb3v6,11446,true,3831,64,0,0,0,0,0,,0,0,150000000,150000000,0,0,0,ok,,
3815,,,,pydantic__pydantic.acb0f10f.pr_9134.jskwb3v6,6,pydantic__pydantic.acb0f10f.pr_9134.jskwb3v6,15341,true,320,63,0,0,0,0,0,,0,0,180000000,180000000,0,0,0,ok,,
3816,,,,pydantic__pydantic.acb0f10f.pr_9134.jskwb3v6,7,pydantic__pydantic.acb0f10f.pr_9134.jskwb3v6,15724,true,231,284,0,0,0,0,0,,0,0,210000000,210000000,0,0,0,ok,,
3817,,,,pydantic__pydantic.acb0f10f.pr_9134.jskwb3v6,8,pydantic__pydantic.acb0f10f.pr_9134.jskwb3v6,16239,true,21,30,0,0,0,0,0,,0,0,240000000,240000000,0,0,0,ok,,
3818,,,,pydantic__pydantic.acb0f10f.pr_9134.jskwb3v6,9,pydantic__pydantic.acb0f10f.pr_9134.jskwb3v6,16290,true,172,35,0,0,0,0,0,,0,0,270000000,270000000,0,0,0,ok,,
3819,,,,pydantic__pydantic.acb0f10f.pr_9134.jskwb3v6,10,pydantic__pydantic.acb0f10f.pr_9134.jskwb3v6,16497,true,421,32,0,0,0,0,0,,0,0,300000000,300000000,0,0,0,ok,,
3820,,,,pydantic__pydantic.acb0f10f.pr_9134.jskwb3v6,11,pydantic__pydantic.acb0f10f.pr_9134.jskwb3v6,16950,true,187,31,0,0,0,0,0,,0,0,330000000,330000000,0,0,0,ok,,
3821,,,,pydantic__pydantic.acb0f10f.pr_9134.jskwb3v6,12,pydantic__pydantic.acb0f10f.pr_9134.jskwb3v6,17168,true,210,26,0,0,0,0,0,,0,0,360000000,360000000,0,0,0,ok,,
3822,,,,pydantic__pydantic.acb0f10f.pr_9134.jskwb3v6,13,pydantic__pydantic.acb0f10f.pr_9134.jskwb3v6,17404,true,194,205,0,0,0,0,0,,0,0,390000000,390000000,0,0,0,ok,,
3823,,,,pydantic__pydantic.acb0f10f.pr_9134.jskwb3v6,14,pydantic__pydantic.acb0f10f.pr_9134.jskwb3v6,17803,true,429,46,0,0,0,0,0,,0,0,420000000,420000000,0,0,0,ok,,
3824,,,,pydantic__pydantic.acb0f10f.pr_9134.jskwb3v6,15,pydantic__pydantic.acb0f10f.pr_9134.jskwb3v6,18278,true,456,140,0,0,0,0,0,,0,0,450000000,450000000,0,0,0,ok,,
3825,,,,pydantic__pydantic.acb0f10f.pr_9134.jskwb3v6,16,pydantic__pydantic.acb0f10f.pr_9134.jskwb3v6,18874,true,202,102,0,0,0,0,0,,0,0,480000000,480000000,0,0,0,ok,,
3826,,,,pydantic__pydantic.acb0f10f.pr_9134.jskwb3v6,17,pydantic__pydantic.acb0f10f.pr_9134.jskwb3v6,19178,true,133,707,0,0,0,0,0,,0,0,510000000,510000000,0,0,0,ok,,
3827,,,,pydantic__pydantic.acb0f10f.pr_9134.jskwb3v6,18,pydantic__pydantic.acb0f10f.pr_9134.jskwb3v6,20018,true,720,32,0,0,0,0,0,,0,0,540000000,540000000,0,0,0,ok,,
3828,,,,pydantic__pydantic.acb0f10f.pr_9134.jskwb3v6,19,pydantic__pydantic.acb0f10f.pr_9134.jskwb3v6,20770,true,194,77,0,0,0,0,0,,0,0,570000000,570000000,0,0,0,ok,,
3829,,,,pydantic__pydantic.acb0f10f.pr_9134.jskwb3v6,20,pydantic__pydantic.acb0f10f.pr_9134.jskwb3v6,21041,true,375,388,0,0,0,0,0,,0,0,600000000,600000000,0,0,0,ok,,
3830,,,,pydantic__pydantic.acb0f10f.pr_9134.jskwb3v6,21,pydantic__pydantic.acb0f10f.pr_9134.jskwb3v6,21804,true,469,342,0,0,0,0,0,,0,0,630000000,630000000,0,0,0,ok,,
3831,,,,pydantic__pydantic.acb0f10f.pr_9134.jskwb3v6,22,pydantic__pydantic.acb0f10f.pr_9134.jskwb3v6,22615,true,435,32,0,0,0,0,0,,0,0,660000000,660000000,0,0,0,ok,,
3832,,,,pydantic__pydantic.acb0f10f.pr_9134.jskwb3v6,23,pydantic__pydantic.acb0f10f.pr_9134.jskwb3v6,23082,true,194,62,0,0,0,0,0,,0,0,690000000,690000000,0,0,0,ok,,
3833,,,,pydantic__pydantic.acb0f10f.pr_9134.jskwb3v6,24,pydantic__pydantic.acb0f10f.pr_9134.jskwb3v6,23338,true,262,44,0,0,0,0,0,,0,0,720000000,720000000,0,0,0,ok,,
3834,,,,pydantic__pydantic.acb0f10f.pr_9134.jskwb3v6,25,pydantic__pydantic.acb0f10f.pr_9134.jskwb3v6,23644,true,280,315,0,0,0,0,0,,0,0,750000000,750000000,0,0,0,ok,,
3835,,,,pydantic__pydantic.acb0f10f.pr_9134.jskwb3v6,26,pydantic__pydantic.acb0f10f.pr_9134.jskwb3v6,24239,true,439,32,0,0,0,0,0,,0,0,780000000,780000000,0,0,0,ok,,
3836,,,,pydantic__pydantic.acb0f10f.pr_9134.jskwb3v6,27,pydantic__pydantic.acb0f10f.pr_9134.jskwb3v6,24710,true,13,229,0,0,0,0,0,,0,0,810000000,810000000,0,0,0,ok,,
